f_crop,f_prod_system,f_region,yield
Apples,conventional,1011,13240.6402
Apples,conventional,111,4723.912118
Apples,conventional,1111,19828.01892
Apples,conventional,1112,19808.8583
Apples,conventional,112,4587.113078
Apples,conventional,1121,19828.01892
Apples,conventional,1122,19828.01892
Apples,conventional,1123,19828.01892
Apples,conventional,1124,17028.89717
Apples,conventional,1131,13026.29537
Apples,conventional,1211,19828.01892
Apples,conventional,1212,19828.01892
Apples,conventional,1213,18230.27077
Apples,conventional,1214,19828.01892
Apples,conventional,1215,19828.01892
Apples,conventional,1216,19828.01892
Apples,conventional,1221,19828.01892
Apples,conventional,1222,19828.01892
Apples,conventional,1311,4259.327906
Apples,conventional,1321,4401.451974
Apples,conventional,1322,9641.426437
Apples,conventional,1331,4301.952337
Apples,conventional,1411,4280.774271
Apples,conventional,1412,4280.774271
Apples,conventional,1421,4239.038365
Apples,conventional,1511,4332.367243
Apples,conventional,1512,4239.038365
Apples,conventional,1521,4268.511606
Apples,conventional,1522,4239.038365
Apples,conventional,1611,15042.75393
Apples,conventional,1612,4241.149754
Apples,conventional,1613,4280.774271
Apples,conventional,1614,4321.518359
Apples,conventional,1615,4239.038365
Apples,conventional,1616,4239.038365
Apples,conventional,1617,4220.382132
Apples,conventional,1621,4280.774271
Apples,conventional,1622,4239.038365
Apples,conventional,1623,4280.774271
Apples,conventional,1711,3363.183987
Apples,conventional,1712,3390.023682
Apples,conventional,1713,3358.862951
Apples,conventional,1721,4634.186063
Apples,conventional,1722,4126.41849
Apples,conventional,1723,4152.180293
Apples,conventional,1724,3235.485216
Apples,conventional,1811,1626.664608
Apples,conventional,1812,1291.870366
Apples,conventional,1813,1301.241532
Apples,conventional,1821,1333.63703
Apples,conventional,1911,1223.358555
Apples,conventional,1912,1254.986879
Apples,conventional,1921,2805.743924
Apples,conventional,1922,6554.471673
Apples,conventional,2011,1036.923666
Apples,conventional,2012,1035.79172
Apples,conventional,2019,1033.496293
Apples,conventional,2111,5757.712002
Apples,conventional,2121,5790.270558
Apples,conventional,2122,4130.154229
Apples,conventional,2211,5196.589282
Apples,conventional,2212,5206.21025
Apples,conventional,2221,5353.894011
Apples,conventional,2311,1575.603226
Apples,conventional,2312,1570.662015
Apples,conventional,2319,1569.711633
Apples,conventional,2331,2661.863037
Apples,conventional,2411,2703.392257
Apples,conventional,2412,2703.392257
Apples,conventional,2413,2703.392257
Apples,conventional,2414,2708.288321
Apples,conventional,2415,2702.547649
Apples,conventional,2419,2703.392257
Apples,conventional,2511,7818.881045
Apples,conventional,2512,7820.732503
Apples,conventional,2519,7807.931699
Apples,conventional,2521,7263.249522
Apples,conventional,311,6404.046312
Apples,conventional,312,6587.84741
Apples,conventional,321,5985.086014
Apples,conventional,322,6085.359449
Apples,conventional,411,2240.556954
Apples,conventional,421,2527.791177
Apples,conventional,422,2268.443931
Apples,conventional,431,2317.931268
Apples,conventional,511,19520.86113
Apples,conventional,512,19471.92353
Apples,conventional,513,19575.35933
Apples,conventional,514,19575.35933
Apples,conventional,515,19024.16907
Apples,conventional,521,16321.24063
Apples,conventional,611,23800.60131
Apples,conventional,612,23085.51778
Apples,conventional,621,13216.09875
Apples,conventional,622,21126.86835
Apples,conventional,711,5879.909974
Apples,conventional,731,11943.63854
Apples,conventional,811,2174.215112
Apples,conventional,812,2157.259466
Apples,conventional,813,2204.792091
Apples,conventional,814,2171.592288
Apples,conventional,821,7761.302656
Apples,conventional,831,5810.410663
Apples,conventional,911,1762.480285
Apples,conventional,912,1762.480285
Apples,conventional,913,1762.480285
Apples,organic,1011,5497.474029
Apples,organic,111,1961.354118
Apples,organic,1111,8232.533882
Apples,organic,1112,8224.57845
Apples,organic,112,1904.555568
Apples,organic,1121,8232.533882
Apples,organic,1122,8232.533882
Apples,organic,1123,8232.533882
Apples,organic,1124,7070.346942
Apples,organic,1131,5408.478701
Apples,organic,1211,8232.533882
Apples,organic,1212,8232.533882
Apples,organic,1213,7569.15365
Apples,organic,1214,8232.533882
Apples,organic,1215,8232.533882
Apples,organic,1216,8232.533882
Apples,organic,1221,8232.533882
Apples,organic,1222,8232.533882
Apples,organic,1311,1768.460149
Apples,organic,1321,1827.469635
Apples,organic,1322,4003.091289
Apples,organic,1331,1786.157685
Apples,organic,1411,1777.364616
Apples,organic,1412,1777.364616
Apples,organic,1421,1760.035993
Apples,organic,1511,1798.785863
Apples,organic,1512,1760.035993
Apples,organic,1521,1772.273194
Apples,organic,1522,1760.035993
Apples,organic,1611,6245.706234
Apples,organic,1612,1760.912635
Apples,organic,1613,1777.364616
Apples,organic,1614,1794.281439
Apples,organic,1615,1760.035993
Apples,organic,1616,1760.035993
Apples,organic,1617,1752.289981
Apples,organic,1621,1777.364616
Apples,organic,1622,1760.035993
Apples,organic,1623,1777.364616
Apples,organic,1711,1396.383887
Apples,organic,1712,1407.527647
Apples,organic,1713,1394.589805
Apples,organic,1721,1924.10013
Apples,organic,1722,1713.276559
Apples,organic,1723,1723.972782
Apples,organic,1724,1343.36374
Apples,organic,1811,675.3862579
Apples,organic,1812,536.3806944
Apples,organic,1813,540.2715744
Apples,organic,1821,553.7220877
Apples,organic,1911,507.9347962
Apples,organic,1912,521.0667813
Apples,organic,1921,1164.936447
Apples,organic,1922,2721.396945
Apples,organic,2011,430.5275906
Apples,organic,2012,430.05761
Apples,organic,2019,429.1045555
Apples,organic,2111,2390.584724
Apples,organic,2121,2404.102938
Apples,organic,2122,1714.827627
Apples,organic,2211,2157.608257
Apples,organic,2212,2161.602854
Apples,organic,2221,2222.920707
Apples,organic,2311,654.1857255
Apples,organic,2312,652.1341494
Apples,organic,2319,651.7395539
Apples,organic,2331,1105.197535
Apples,organic,2411,1122.440343
Apples,organic,2412,1122.440343
Apples,organic,2413,1122.440343
Apples,organic,2414,1124.473174
Apples,organic,2415,1122.089664
Apples,organic,2419,1122.440343
Apples,organic,2511,3246.375918
Apples,organic,2512,3247.144638
Apples,organic,2519,3241.829782
Apples,organic,2521,3015.679379
Apples,organic,311,2658.940787
Apples,organic,312,2735.254451
Apples,organic,321,2484.989731
Apples,organic,322,2526.622959
Apples,organic,411,930.2725155
Apples,organic,421,1049.531302
Apples,organic,422,941.8511044
Apples,organic,431,962.398098
Apples,organic,511,8105.002888
Apples,organic,512,8084.684145
Apples,organic,513,8127.630377
Apples,organic,514,8127.630377
Apples,organic,515,7898.77784
Apples,organic,521,6776.530072
Apples,organic,611,9881.938155
Apples,organic,612,9585.037623
Apples,organic,621,5487.284494
Apples,organic,622,8771.812263
Apples,organic,711,2441.320955
Apples,organic,731,4958.962836
Apples,organic,811,902.727582
Apples,organic,812,895.6876488
Apples,organic,813,915.4230518
Apples,organic,814,901.6385935
Apples,organic,821,3222.469543
Apples,organic,831,2412.46505
Apples,organic,911,731.7765188
Apples,organic,912,731.7765188
Apples,organic,913,731.7765188
"Barley, spring",conventional,1011,5000.31778
"Barley, spring",conventional,111,3766.705505
"Barley, spring",conventional,1111,5929.437561
"Barley, spring",conventional,1112,5155.435746
"Barley, spring",conventional,112,3496.120247
"Barley, spring",conventional,1121,6965.169241
"Barley, spring",conventional,1122,6004.212336
"Barley, spring",conventional,1123,6214.390081
"Barley, spring",conventional,1124,4211.551817
"Barley, spring",conventional,1131,4149.843366
"Barley, spring",conventional,1211,7718.97981
"Barley, spring",conventional,1212,6504.394952
"Barley, spring",conventional,1213,5546.469456
"Barley, spring",conventional,1214,6894.436346
"Barley, spring",conventional,1215,5770.793781
"Barley, spring",conventional,1216,6559.970798
"Barley, spring",conventional,1221,4755.2715
"Barley, spring",conventional,1222,6463.976155
"Barley, spring",conventional,1311,5302.011882
"Barley, spring",conventional,1321,5423.303566
"Barley, spring",conventional,1322,4409.43253
"Barley, spring",conventional,1331,4713.75159
"Barley, spring",conventional,1411,5228.923543
"Barley, spring",conventional,1412,3756.593006
"Barley, spring",conventional,1421,3998.227224
"Barley, spring",conventional,1511,4047.446548
"Barley, spring",conventional,1512,5765.433419
"Barley, spring",conventional,1521,4608.445445
"Barley, spring",conventional,1522,3878.433989
"Barley, spring",conventional,1611,3928.143628
"Barley, spring",conventional,1612,5364.728808
"Barley, spring",conventional,1613,5337.454167
"Barley, spring",conventional,1614,4835.860072
"Barley, spring",conventional,1615,5589.327124
"Barley, spring",conventional,1616,5143.942017
"Barley, spring",conventional,1617,4219.813865
"Barley, spring",conventional,1621,4783.538436
"Barley, spring",conventional,1622,5879.083412
"Barley, spring",conventional,1623,5840.176207
"Barley, spring",conventional,1711,4371.782595
"Barley, spring",conventional,1712,3579.924723
"Barley, spring",conventional,1713,3983.778895
"Barley, spring",conventional,1721,2844.269238
"Barley, spring",conventional,1722,4571.023222
"Barley, spring",conventional,1723,3041.644378
"Barley, spring",conventional,1724,3020.849236
"Barley, spring",conventional,1811,4706.343958
"Barley, spring",conventional,1812,5388.401024
"Barley, spring",conventional,1813,2949.0612
"Barley, spring",conventional,1821,4237.566876
"Barley, spring",conventional,1911,4751.760025
"Barley, spring",conventional,1912,3269.290041
"Barley, spring",conventional,1921,4568.66053
"Barley, spring",conventional,1922,4146.052315
"Barley, spring",conventional,2011,3831.045424
"Barley, spring",conventional,2012,3724.619242
"Barley, spring",conventional,2019,3734.067782
"Barley, spring",conventional,2111,3498.229415
"Barley, spring",conventional,2121,3658.051012
"Barley, spring",conventional,2122,2144.266018
"Barley, spring",conventional,2211,2210.124858
"Barley, spring",conventional,2212,2413.628499
"Barley, spring",conventional,2221,3372.552289
"Barley, spring",conventional,2311,3585.863333
"Barley, spring",conventional,2312,3126.338554
"Barley, spring",conventional,2319,3153.531332
"Barley, spring",conventional,2331,3515.948545
"Barley, spring",conventional,2411,2761.36237
"Barley, spring",conventional,2412,3070.816502
"Barley, spring",conventional,2413,3301.875587
"Barley, spring",conventional,2414,2906.655736
"Barley, spring",conventional,2415,3092.173465
"Barley, spring",conventional,2419,3055.239446
"Barley, spring",conventional,2511,2378.406258
"Barley, spring",conventional,2512,1944.88236
"Barley, spring",conventional,2519,2287.212346
"Barley, spring",conventional,2521,2369.165023
"Barley, spring",conventional,311,4515.193818
"Barley, spring",conventional,312,3738.231392
"Barley, spring",conventional,321,4953.457367
"Barley, spring",conventional,322,2570.187659
"Barley, spring",conventional,411,4435.689059
"Barley, spring",conventional,421,4238.660531
"Barley, spring",conventional,422,4892.48387
"Barley, spring",conventional,431,3707.248645
"Barley, spring",conventional,511,4346.631998
"Barley, spring",conventional,512,3513.098152
"Barley, spring",conventional,513,6923.250601
"Barley, spring",conventional,514,5472.753503
"Barley, spring",conventional,515,4783.223834
"Barley, spring",conventional,521,3951.485269
"Barley, spring",conventional,611,3836.784142
"Barley, spring",conventional,612,5018.913069
"Barley, spring",conventional,621,4616.872336
"Barley, spring",conventional,622,3768.571017
"Barley, spring",conventional,711,4525.151211
"Barley, spring",conventional,731,4455.256599
"Barley, spring",conventional,811,5049.539845
"Barley, spring",conventional,812,4659.37786
"Barley, spring",conventional,813,4827.899857
"Barley, spring",conventional,814,4272.252472
"Barley, spring",conventional,821,3664.572443
"Barley, spring",conventional,831,4115.487868
"Barley, spring",conventional,911,4332.459631
"Barley, spring",conventional,912,4634.509224
"Barley, spring",conventional,913,4181.434835
"Barley, spring",organic,1011,3367.882268
"Barley, spring",organic,111,2537.002894
"Barley, spring",organic,1111,3993.675702
"Barley, spring",organic,1112,3472.359437
"Barley, spring",organic,112,2354.754618
"Barley, spring",organic,1121,4691.275837
"Barley, spring",organic,1122,4044.039029
"Barley, spring",organic,1123,4185.600812
"Barley, spring",organic,1124,2836.621853
"Barley, spring",organic,1131,2795.059134
"Barley, spring",organic,1211,5198.992619
"Barley, spring",organic,1212,4380.92885
"Barley, spring",organic,1213,3735.733798
"Barley, spring",organic,1214,4643.634852
"Barley, spring",organic,1215,3886.823779
"Barley, spring",organic,1216,4418.361052
"Barley, spring",organic,1221,3202.835353
"Barley, spring",organic,1222,4353.70543
"Barley, spring",organic,1311,3571.083396
"Barley, spring",organic,1321,3652.777427
"Barley, spring",organic,1322,2969.901171
"Barley, spring",organic,1331,3174.870297
"Barley, spring",organic,1411,3521.855941
"Barley, spring",organic,1412,2530.191785
"Barley, spring",organic,1421,2692.940562
"Barley, spring",organic,1511,2726.091432
"Barley, spring",organic,1512,3883.213394
"Barley, spring",organic,1521,3103.943065
"Barley, spring",organic,1522,2612.255787
"Barley, spring",organic,1611,2645.736902
"Barley, spring",organic,1612,3613.325356
"Barley, spring",organic,1613,3594.954968
"Barley, spring",organic,1614,3257.114468
"Barley, spring",organic,1615,3764.599879
"Barley, spring",organic,1616,3464.618024
"Barley, spring",organic,1617,2842.18662
"Barley, spring",organic,1621,3221.874086
"Barley, spring",organic,1622,3959.760488
"Barley, spring",organic,1623,3933.555177
"Barley, spring",organic,1711,2944.542673
"Barley, spring",organic,1712,2411.199753
"Barley, spring",organic,1713,2683.209126
"Barley, spring",organic,1721,1915.711031
"Barley, spring",organic,1722,3078.737939
"Barley, spring",organic,1723,2048.649829
"Barley, spring",organic,1724,2034.643602
"Barley, spring",organic,1811,3169.881008
"Barley, spring",organic,1812,3629.26939
"Barley, spring",organic,1813,1986.291944
"Barley, spring",organic,1821,2854.14387
"Barley, spring",organic,1911,3200.470257
"Barley, spring",organic,1912,2201.976843
"Barley, spring",organic,1921,3077.146586
"Barley, spring",organic,1922,2792.505734
"Barley, spring",organic,2011,2580.337994
"Barley, spring",organic,2012,2508.65638
"Barley, spring",organic,2019,2515.020289
"Barley, spring",organic,2111,2356.175214
"Barley, spring",organic,2121,2463.820437
"Barley, spring",organic,2122,1444.23531
"Barley, spring",organic,2211,1488.593455
"Barley, spring",organic,2212,1625.660004
"Barley, spring",organic,2221,2271.527441
"Barley, spring",organic,2311,2415.199606
"Barley, spring",organic,2312,2105.694206
"Barley, spring",organic,2319,2124.009457
"Barley, spring",organic,2331,2368.109644
"Barley, spring",organic,2411,1859.870466
"Barley, spring",organic,2412,2068.298236
"Barley, spring",organic,2413,2223.924304
"Barley, spring",organic,2414,1957.730437
"Barley, spring",organic,2415,2082.682869
"Barley, spring",organic,2419,2057.806565
"Barley, spring",organic,2511,1601.93664
"Barley, spring",organic,2512,1309.943708
"Barley, spring",organic,2519,1540.514472
"Barley, spring",organic,2521,1595.712357
"Barley, spring",organic,311,3041.134957
"Barley, spring",organic,312,2517.824621
"Barley, spring",organic,321,3336.320203
"Barley, spring",organic,322,1731.107866
"Barley, spring",organic,411,2987.585827
"Barley, spring",organic,421,2854.880484
"Barley, spring",organic,422,3295.252501
"Barley, spring",organic,431,2496.956698
"Barley, spring",organic,511,2927.602899
"Barley, spring",organic,512,2366.189809
"Barley, spring",organic,513,4663.042223
"Barley, spring",organic,514,3686.083623
"Barley, spring",organic,515,3221.662191
"Barley, spring",organic,521,2661.458282
"Barley, spring",organic,611,2584.203214
"Barley, spring",organic,612,3380.406821
"Barley, spring",organic,621,3109.61886
"Barley, spring",organic,622,2538.259379
"Barley, spring",organic,711,3047.841596
"Barley, spring",organic,731,3000.765223
"Barley, spring",organic,811,3401.034985
"Barley, spring",organic,812,3138.247761
"Barley, spring",organic,813,3251.752995
"Barley, spring",organic,814,2877.505786
"Barley, spring",organic,821,2468.21284
"Barley, spring",organic,831,2771.919551
"Barley, spring",organic,911,2918.057334
"Barley, spring",organic,912,3121.497897
"Barley, spring",organic,913,2816.337052
"Barley, winter",conventional,1011,5788.327254
"Barley, winter",conventional,111,4791.724597
"Barley, winter",conventional,1111,6458.927976
"Barley, winter",conventional,1112,5348.477256
"Barley, winter",conventional,112,4429.506049
"Barley, winter",conventional,1121,7339.599279
"Barley, winter",conventional,1122,6873.065167
"Barley, winter",conventional,1123,5716.302404
"Barley, winter",conventional,1124,4403.927115
"Barley, winter",conventional,1131,4551.178539
"Barley, winter",conventional,1211,7215.660411
"Barley, winter",conventional,1212,6483.111169
"Barley, winter",conventional,1213,5752.582202
"Barley, winter",conventional,1214,7150.640985
"Barley, winter",conventional,1215,5985.24266
"Barley, winter",conventional,1216,7514.927433
"Barley, winter",conventional,1221,4931.982482
"Barley, winter",conventional,1222,6704.184432
"Barley, winter",conventional,1311,5916.592979
"Barley, winter",conventional,1321,6046.978663
"Barley, winter",conventional,1322,4907.016311
"Barley, winter",conventional,1331,5356.622154
"Barley, winter",conventional,1411,6519.616255
"Barley, winter",conventional,1412,4718.023761
"Barley, winter",conventional,1421,4985.138335
"Barley, winter",conventional,1511,5079.159618
"Barley, winter",conventional,1512,7240.98986
"Barley, winter",conventional,1521,5786.589028
"Barley, winter",conventional,1522,4835.775675
"Barley, winter",conventional,1611,4734.616131
"Barley, winter",conventional,1612,6737.014933
"Barley, winter",conventional,1613,6703.477205
"Barley, winter",conventional,1614,6062.868719
"Barley, winter",conventional,1615,7019.812404
"Barley, winter",conventional,1616,6460.439186
"Barley, winter",conventional,1617,5302.980618
"Barley, winter",conventional,1621,6007.79695
"Barley, winter",conventional,1622,7718.160058
"Barley, winter",conventional,1623,7000.428103
"Barley, winter",conventional,1711,5729.869905
"Barley, winter",conventional,1712,4555.056969
"Barley, winter",conventional,1713,5223.188057
"Barley, winter",conventional,1721,3667.141687
"Barley, winter",conventional,1722,5928.690335
"Barley, winter",conventional,1723,3885.004794
"Barley, winter",conventional,1724,3797.068328
"Barley, winter",conventional,1811,6013.298004
"Barley, winter",conventional,1812,6901.204214
"Barley, winter",conventional,1813,3779.826119
"Barley, winter",conventional,1821,5435.772565
"Barley, winter",conventional,1911,6094.210863
"Barley, winter",conventional,1912,4194.657222
"Barley, winter",conventional,1921,5888.117499
"Barley, winter",conventional,1922,5406.547618
"Barley, winter",conventional,2011,5153.728908
"Barley, winter",conventional,2012,5011.112011
"Barley, winter",conventional,2019,4721.757641
"Barley, winter",conventional,2111,4700.816509
"Barley, winter",conventional,2121,4354.098991
"Barley, winter",conventional,2122,2590.100901
"Barley, winter",conventional,2211,2476.286116
"Barley, winter",conventional,2212,2706.694717
"Barley, winter",conventional,2221,3851.953488
"Barley, winter",conventional,2311,3775.063017
"Barley, winter",conventional,2312,3288.779602
"Barley, winter",conventional,2319,3735.044681
"Barley, winter",conventional,2331,3813.179065
"Barley, winter",conventional,2411,3246.335913
"Barley, winter",conventional,2412,3610.138966
"Barley, winter",conventional,2413,3881.778579
"Barley, winter",conventional,2414,3414.897994
"Barley, winter",conventional,2415,3618.220028
"Barley, winter",conventional,2419,3618.627704
"Barley, winter",conventional,2511,2773.391943
"Barley, winter",conventional,2512,2267.705699
"Barley, winter",conventional,2519,2708.975878
"Barley, winter",conventional,2521,2806.040685
"Barley, winter",conventional,311,5890.144606
"Barley, winter",conventional,312,4876.399092
"Barley, winter",conventional,321,6418.36007
"Barley, winter",conventional,322,3257.747924
"Barley, winter",conventional,411,5553.848145
"Barley, winter",conventional,421,5332.785989
"Barley, winter",conventional,422,6151.386475
"Barley, winter",conventional,431,4656.768773
"Barley, winter",conventional,511,5551.755904
"Barley, winter",conventional,512,4485.107939
"Barley, winter",conventional,513,8442.990221
"Barley, winter",conventional,514,7377.97318
"Barley, winter",conventional,515,6104.806725
"Barley, winter",conventional,521,5033.436803
"Barley, winter",conventional,611,4568.65389
"Barley, winter",conventional,612,5977.452125
"Barley, winter",conventional,621,5662.149433
"Barley, winter",conventional,622,4529.128577
"Barley, winter",conventional,711,5666.075375
"Barley, winter",conventional,731,5238.340723
"Barley, winter",conventional,811,6631.703601
"Barley, winter",conventional,812,6019.103956
"Barley, winter",conventional,813,6287.869282
"Barley, winter",conventional,814,5562.711385
"Barley, winter",conventional,821,4753.065921
"Barley, winter",conventional,831,5246.777428
"Barley, winter",conventional,911,5542.83402
"Barley, winter",conventional,912,6096.915571
"Barley, winter",conventional,913,4375.124814
"Barley, winter",organic,1011,3669.226576
"Barley, winter",organic,111,3037.479131
"Barley, winter",organic,1111,4094.321061
"Barley, winter",organic,1112,3390.405212
"Barley, winter",organic,112,2807.868423
"Barley, winter",organic,1121,4652.579502
"Barley, winter",organic,1122,4356.843051
"Barley, winter",organic,1123,3623.56995
"Barley, winter",organic,1124,2791.65391
"Barley, winter",organic,1131,2884.996739
"Barley, winter",organic,1211,4574.014527
"Barley, winter",organic,1212,4109.650812
"Barley, winter",organic,1213,3646.567752
"Barley, winter",organic,1214,4532.798646
"Barley, winter",organic,1215,3794.051454
"Barley, winter",organic,1216,4763.720199
"Barley, winter",organic,1221,3126.388748
"Barley, winter",organic,1222,4249.78938
"Barley, winter",organic,1311,3750.534351
"Barley, winter",organic,1321,3833.18597
"Barley, winter",organic,1322,3110.562667
"Barley, winter",organic,1331,3395.568272
"Barley, winter",organic,1411,4132.791423
"Barley, winter",organic,1412,2990.760096
"Barley, winter",organic,1421,3160.084298
"Barley, winter",organic,1511,3219.684486
"Barley, winter",organic,1512,4590.070891
"Barley, winter",organic,1521,3668.124713
"Barley, winter",organic,1522,3065.403155
"Barley, winter",organic,1611,3001.278016
"Barley, winter",organic,1612,4270.600668
"Barley, winter",organic,1613,4249.341068
"Barley, winter",organic,1614,3843.258693
"Barley, winter",organic,1615,4449.866275
"Barley, winter",organic,1616,4095.279019
"Barley, winter",organic,1617,3361.564846
"Barley, winter",organic,1621,3808.348642
"Barley, winter",organic,1622,4892.549568
"Barley, winter",organic,1623,4437.578547
"Barley, winter",organic,1711,3632.170403
"Barley, winter",organic,1712,2887.455279
"Barley, winter",organic,1713,3310.98426
"Barley, winter",organic,1721,2324.604872
"Barley, winter",organic,1722,3758.202877
"Barley, winter",organic,1723,2462.708519
"Barley, winter",organic,1724,2406.965503
"Barley, winter",organic,1811,3811.835765
"Barley, winter",organic,1812,4374.680421
"Barley, winter",organic,1813,2396.035649
"Barley, winter",organic,1821,3445.741798
"Barley, winter",organic,1911,3863.12651
"Barley, winter",organic,1912,2658.99751
"Barley, winter",organic,1921,3732.483715
"Barley, winter",organic,1922,3427.216074
"Barley, winter",organic,2011,3266.954035
"Barley, winter",organic,2012,3176.549037
"Barley, winter",organic,2019,2993.127006
"Barley, winter",organic,2111,2979.852401
"Barley, winter",organic,2121,2760.067811
"Barley, winter",organic,2122,1641.867615
"Barley, winter",organic,2211,1569.720306
"Barley, winter",organic,2212,1715.776554
"Barley, winter",organic,2221,2441.757262
"Barley, winter",organic,2311,2393.016314
"Barley, winter",organic,2312,2084.760759
"Barley, winter",organic,2319,2367.64865
"Barley, winter",organic,2331,2417.178116
"Barley, winter",organic,2411,2057.855661
"Barley, winter",organic,2412,2288.470789
"Barley, winter",organic,2413,2460.663418
"Barley, winter",organic,2414,2164.707337
"Barley, winter",organic,2415,2293.593383
"Barley, winter",organic,2419,2293.851809
"Barley, winter",organic,2511,1758.055994
"Barley, winter",organic,2512,1437.500966
"Barley, winter",organic,2519,1717.222584
"Barley, winter",organic,2521,1778.752065
"Barley, winter",organic,311,3733.7687
"Barley, winter",organic,312,3091.154381
"Barley, winter",organic,321,4068.605024
"Barley, winter",organic,322,2065.089746
"Barley, winter",organic,411,3520.590029
"Barley, winter",organic,421,3380.458502
"Barley, winter",organic,422,3899.370189
"Barley, winter",organic,431,2951.930496
"Barley, winter",organic,511,3519.263755
"Barley, winter",organic,512,2843.114518
"Barley, winter",organic,513,5352.020151
"Barley, winter",organic,514,4676.904758
"Barley, winter",organic,515,3869.843237
"Barley, winter",organic,521,3190.700746
"Barley, winter",organic,611,2896.074382
"Barley, winter",organic,612,3789.113026
"Barley, winter",organic,621,3589.242327
"Barley, winter",organic,622,2871.019245
"Barley, winter",organic,711,3591.730985
"Barley, winter",organic,731,3320.589551
"Barley, winter",organic,811,4203.843707
"Barley, winter",organic,812,3815.516164
"Barley, winter",organic,813,3985.88678
"Barley, winter",organic,814,3526.208446
"Barley, winter",organic,821,3012.973357
"Barley, winter",organic,831,3325.937587
"Barley, winter",organic,911,3513.608164
"Barley, winter",organic,912,3864.841027
"Barley, winter",organic,913,2773.396102
"Beans, dry",conventional,1011,1000
"Beans, dry",conventional,111,1000
"Beans, dry",conventional,1111,1000
"Beans, dry",conventional,1112,1000
"Beans, dry",conventional,112,1000
"Beans, dry",conventional,1121,1000
"Beans, dry",conventional,1122,1000
"Beans, dry",conventional,1123,1000
"Beans, dry",conventional,1124,1000
"Beans, dry",conventional,1131,1000
"Beans, dry",conventional,1211,1000
"Beans, dry",conventional,1212,1000
"Beans, dry",conventional,1213,1000
"Beans, dry",conventional,1214,1000
"Beans, dry",conventional,1215,1000
"Beans, dry",conventional,1216,1000
"Beans, dry",conventional,1221,1000
"Beans, dry",conventional,1222,1000
"Beans, dry",conventional,1311,1000
"Beans, dry",conventional,1321,1000
"Beans, dry",conventional,1322,1000
"Beans, dry",conventional,1331,1000
"Beans, dry",conventional,1411,1000
"Beans, dry",conventional,1412,1000
"Beans, dry",conventional,1421,1000
"Beans, dry",conventional,1511,1000
"Beans, dry",conventional,1512,1000
"Beans, dry",conventional,1521,1000
"Beans, dry",conventional,1522,1000
"Beans, dry",conventional,1611,1000
"Beans, dry",conventional,1612,1000
"Beans, dry",conventional,1613,1000
"Beans, dry",conventional,1614,1000
"Beans, dry",conventional,1615,1000
"Beans, dry",conventional,1616,1000
"Beans, dry",conventional,1617,1000
"Beans, dry",conventional,1621,1000
"Beans, dry",conventional,1622,1000
"Beans, dry",conventional,1623,1000
"Beans, dry",conventional,1711,1000
"Beans, dry",conventional,1712,1000
"Beans, dry",conventional,1713,1000
"Beans, dry",conventional,1721,1000
"Beans, dry",conventional,1722,1000
"Beans, dry",conventional,1723,1000
"Beans, dry",conventional,1724,1000
"Beans, dry",conventional,1811,1000
"Beans, dry",conventional,1812,1000
"Beans, dry",conventional,1813,1000
"Beans, dry",conventional,1821,1000
"Beans, dry",conventional,1911,1000
"Beans, dry",conventional,1912,1000
"Beans, dry",conventional,1921,1000
"Beans, dry",conventional,1922,1000
"Beans, dry",conventional,2011,1000
"Beans, dry",conventional,2012,1000
"Beans, dry",conventional,2019,1000
"Beans, dry",conventional,2111,1000
"Beans, dry",conventional,2121,1000
"Beans, dry",conventional,2122,1000
"Beans, dry",conventional,2211,1000
"Beans, dry",conventional,2212,1000
"Beans, dry",conventional,2221,1000
"Beans, dry",conventional,2311,1000
"Beans, dry",conventional,2312,1000
"Beans, dry",conventional,2319,1000
"Beans, dry",conventional,2331,1000
"Beans, dry",conventional,2411,1000
"Beans, dry",conventional,2412,1000
"Beans, dry",conventional,2413,1000
"Beans, dry",conventional,2414,1000
"Beans, dry",conventional,2415,1000
"Beans, dry",conventional,2419,1000
"Beans, dry",conventional,2511,1000
"Beans, dry",conventional,2512,1000
"Beans, dry",conventional,2519,1000
"Beans, dry",conventional,2521,1000
"Beans, dry",conventional,311,1000
"Beans, dry",conventional,312,1000
"Beans, dry",conventional,321,1000
"Beans, dry",conventional,322,1000
"Beans, dry",conventional,411,1000
"Beans, dry",conventional,421,1000
"Beans, dry",conventional,422,1000
"Beans, dry",conventional,431,1000
"Beans, dry",conventional,511,1000
"Beans, dry",conventional,512,1000
"Beans, dry",conventional,513,1000
"Beans, dry",conventional,514,1000
"Beans, dry",conventional,515,1000
"Beans, dry",conventional,521,1000
"Beans, dry",conventional,611,1000
"Beans, dry",conventional,612,1000
"Beans, dry",conventional,621,1000
"Beans, dry",conventional,622,1000
"Beans, dry",conventional,711,1000
"Beans, dry",conventional,731,1000
"Beans, dry",conventional,811,1000
"Beans, dry",conventional,812,1000
"Beans, dry",conventional,813,1000
"Beans, dry",conventional,814,1000
"Beans, dry",conventional,821,1000
"Beans, dry",conventional,831,1000
"Beans, dry",conventional,911,1000
"Beans, dry",conventional,912,1000
"Beans, dry",conventional,913,1000
"Beans, dry",organic,1011,1000
"Beans, dry",organic,111,1000
"Beans, dry",organic,1111,1000
"Beans, dry",organic,1112,1000
"Beans, dry",organic,112,1000
"Beans, dry",organic,1121,1000
"Beans, dry",organic,1122,1000
"Beans, dry",organic,1123,1000
"Beans, dry",organic,1124,1000
"Beans, dry",organic,1131,1000
"Beans, dry",organic,1211,1000
"Beans, dry",organic,1212,1000
"Beans, dry",organic,1213,1000
"Beans, dry",organic,1214,1000
"Beans, dry",organic,1215,1000
"Beans, dry",organic,1216,1000
"Beans, dry",organic,1221,1000
"Beans, dry",organic,1222,1000
"Beans, dry",organic,1311,1000
"Beans, dry",organic,1321,1000
"Beans, dry",organic,1322,1000
"Beans, dry",organic,1331,1000
"Beans, dry",organic,1411,1000
"Beans, dry",organic,1412,1000
"Beans, dry",organic,1421,1000
"Beans, dry",organic,1511,1000
"Beans, dry",organic,1512,1000
"Beans, dry",organic,1521,1000
"Beans, dry",organic,1522,1000
"Beans, dry",organic,1611,1000
"Beans, dry",organic,1612,1000
"Beans, dry",organic,1613,1000
"Beans, dry",organic,1614,1000
"Beans, dry",organic,1615,1000
"Beans, dry",organic,1616,1000
"Beans, dry",organic,1617,1000
"Beans, dry",organic,1621,1000
"Beans, dry",organic,1622,1000
"Beans, dry",organic,1623,1000
"Beans, dry",organic,1711,1000
"Beans, dry",organic,1712,1000
"Beans, dry",organic,1713,1000
"Beans, dry",organic,1721,1000
"Beans, dry",organic,1722,1000
"Beans, dry",organic,1723,1000
"Beans, dry",organic,1724,1000
"Beans, dry",organic,1811,1000
"Beans, dry",organic,1812,1000
"Beans, dry",organic,1813,1000
"Beans, dry",organic,1821,1000
"Beans, dry",organic,1911,1000
"Beans, dry",organic,1912,1000
"Beans, dry",organic,1921,1000
"Beans, dry",organic,1922,1000
"Beans, dry",organic,2011,1000
"Beans, dry",organic,2012,1000
"Beans, dry",organic,2019,1000
"Beans, dry",organic,2111,1000
"Beans, dry",organic,2121,1000
"Beans, dry",organic,2122,1000
"Beans, dry",organic,2211,1000
"Beans, dry",organic,2212,1000
"Beans, dry",organic,2221,1000
"Beans, dry",organic,2311,1000
"Beans, dry",organic,2312,1000
"Beans, dry",organic,2319,1000
"Beans, dry",organic,2331,1000
"Beans, dry",organic,2411,1000
"Beans, dry",organic,2412,1000
"Beans, dry",organic,2413,1000
"Beans, dry",organic,2414,1000
"Beans, dry",organic,2415,1000
"Beans, dry",organic,2419,1000
"Beans, dry",organic,2511,1000
"Beans, dry",organic,2512,1000
"Beans, dry",organic,2519,1000
"Beans, dry",organic,2521,1000
"Beans, dry",organic,311,1000
"Beans, dry",organic,312,1000
"Beans, dry",organic,321,1000
"Beans, dry",organic,322,1000
"Beans, dry",organic,411,1000
"Beans, dry",organic,421,1000
"Beans, dry",organic,422,1000
"Beans, dry",organic,431,1000
"Beans, dry",organic,511,1000
"Beans, dry",organic,512,1000
"Beans, dry",organic,513,1000
"Beans, dry",organic,514,1000
"Beans, dry",organic,515,1000
"Beans, dry",organic,521,1000
"Beans, dry",organic,611,1000
"Beans, dry",organic,612,1000
"Beans, dry",organic,621,1000
"Beans, dry",organic,622,1000
"Beans, dry",organic,711,1000
"Beans, dry",organic,731,1000
"Beans, dry",organic,811,1000
"Beans, dry",organic,812,1000
"Beans, dry",organic,813,1000
"Beans, dry",organic,814,1000
"Beans, dry",organic,821,1000
"Beans, dry",organic,831,1000
"Beans, dry",organic,911,1000
"Beans, dry",organic,912,1000
"Beans, dry",organic,913,1000
"Broad beans and horse beans, dry",conventional,1011,3615.025369
"Broad beans and horse beans, dry",conventional,111,2534.954584
"Broad beans and horse beans, dry",conventional,1111,3545.237494
"Broad beans and horse beans, dry",conventional,1112,3083.112979
"Broad beans and horse beans, dry",conventional,112,2336.439353
"Broad beans and horse beans, dry",conventional,1121,4164.506142
"Broad beans and horse beans, dry",conventional,1122,3589.945669
"Broad beans and horse beans, dry",conventional,1123,3715.611893
"Broad beans and horse beans, dry",conventional,1124,2529.522494
"Broad beans and horse beans, dry",conventional,1131,2615.45263
"Broad beans and horse beans, dry",conventional,1211,4615.212886
"Broad beans and horse beans, dry",conventional,1212,3889.007114
"Broad beans and horse beans, dry",conventional,1213,3316.259135
"Broad beans and horse beans, dry",conventional,1214,4122.214625
"Broad beans and horse beans, dry",conventional,1215,3450.383661
"Broad beans and horse beans, dry",conventional,1216,3922.236164
"Broad beans and horse beans, dry",conventional,1221,2843.198303
"Broad beans and horse beans, dry",conventional,1222,3864.840533
"Broad beans and horse beans, dry",conventional,1311,3445.155824
"Broad beans and horse beans, dry",conventional,1321,3521.413963
"Broad beans and horse beans, dry",conventional,1322,2629.459662
"Broad beans and horse beans, dry",conventional,1331,3060.527926
"Broad beans and horse beans, dry",conventional,1411,3324.876298
"Broad beans and horse beans, dry",conventional,1412,2388.676549
"Broad beans and horse beans, dry",conventional,1421,2542.322683
"Broad beans and horse beans, dry",conventional,1511,2495.575025
"Broad beans and horse beans, dry",conventional,1512,3077.717715
"Broad beans and horse beans, dry",conventional,1521,2919.494328
"Broad beans and horse beans, dry",conventional,1522,2466.150659
"Broad beans and horse beans, dry",conventional,1611,2120.941232
"Broad beans and horse beans, dry",conventional,1612,3410.187646
"Broad beans and horse beans, dry",conventional,1613,3393.88685
"Broad beans and horse beans, dry",conventional,1614,2620.315434
"Broad beans and horse beans, dry",conventional,1615,4567.698333
"Broad beans and horse beans, dry",conventional,1616,3458.00116
"Broad beans and horse beans, dry",conventional,1617,2675.516714
"Broad beans and horse beans, dry",conventional,1621,3407.51155
"Broad beans and horse beans, dry",conventional,1622,3204.478863
"Broad beans and horse beans, dry",conventional,1623,3855.472558
"Broad beans and horse beans, dry",conventional,1711,2476.453791
"Broad beans and horse beans, dry",conventional,1712,2024.81047
"Broad beans and horse beans, dry",conventional,1713,2257.977071
"Broad beans and horse beans, dry",conventional,1721,1652.59873
"Broad beans and horse beans, dry",conventional,1722,2506.917069
"Broad beans and horse beans, dry",conventional,1723,1702.205836
"Broad beans and horse beans, dry",conventional,1724,1797.488807
"Broad beans and horse beans, dry",conventional,1811,2740.888777
"Broad beans and horse beans, dry",conventional,1812,3017.475023
"Broad beans and horse beans, dry",conventional,1813,1716.947769
"Broad beans and horse beans, dry",conventional,1821,2677.136978
"Broad beans and horse beans, dry",conventional,1911,3026.820992
"Broad beans and horse beans, dry",conventional,1912,2731.136944
"Broad beans and horse beans, dry",conventional,1921,3296.894551
"Broad beans and horse beans, dry",conventional,1922,2594.253206
"Broad beans and horse beans, dry",conventional,2011,2885.66701
"Broad beans and horse beans, dry",conventional,2012,2500.965308
"Broad beans and horse beans, dry",conventional,2019,2547.47224
"Broad beans and horse beans, dry",conventional,2111,2725.029749
"Broad beans and horse beans, dry",conventional,2121,2821.042407
"Broad beans and horse beans, dry",conventional,2122,1491.860821
"Broad beans and horse beans, dry",conventional,2211,1588.030859
"Broad beans and horse beans, dry",conventional,2212,1735.966543
"Broad beans and horse beans, dry",conventional,2221,2421.945052
"Broad beans and horse beans, dry",conventional,2311,2328.23509
"Broad beans and horse beans, dry",conventional,2312,2028.21356
"Broad beans and horse beans, dry",conventional,2319,2303.404189
"Broad beans and horse beans, dry",conventional,2331,2335.912631
"Broad beans and horse beans, dry",conventional,2411,1775.435818
"Broad beans and horse beans, dry",conventional,2412,1974.401356
"Broad beans and horse beans, dry",conventional,2413,2122.962291
"Broad beans and horse beans, dry",conventional,2414,1868.265859
"Broad beans and horse beans, dry",conventional,2415,1980.853961
"Broad beans and horse beans, dry",conventional,2419,1979.043885
"Broad beans and horse beans, dry",conventional,2511,1511.545975
"Broad beans and horse beans, dry",conventional,2512,1240.216005
"Broad beans and horse beans, dry",conventional,2519,1481.548183
"Broad beans and horse beans, dry",conventional,2521,1534.633589
"Broad beans and horse beans, dry",conventional,311,3088.305741
"Broad beans and horse beans, dry",conventional,312,2379.468988
"Broad beans and horse beans, dry",conventional,321,3014.654504
"Broad beans and horse beans, dry",conventional,322,1676.325103
"Broad beans and horse beans, dry",conventional,411,3064.947978
"Broad beans and horse beans, dry",conventional,421,2788.841998
"Broad beans and horse beans, dry",conventional,422,2662.023145
"Broad beans and horse beans, dry",conventional,431,2780.469102
"Broad beans and horse beans, dry",conventional,511,2530.295071
"Broad beans and horse beans, dry",conventional,512,2049.422419
"Broad beans and horse beans, dry",conventional,513,3970.125914
"Broad beans and horse beans, dry",conventional,514,3491.425031
"Broad beans and horse beans, dry",conventional,515,2554.632697
"Broad beans and horse beans, dry",conventional,521,2344.93841
"Broad beans and horse beans, dry",conventional,611,1863.146443
"Broad beans and horse beans, dry",conventional,612,2409.636695
"Broad beans and horse beans, dry",conventional,621,2674.366057
"Broad beans and horse beans, dry",conventional,622,1898.228963
"Broad beans and horse beans, dry",conventional,711,3365.288882
"Broad beans and horse beans, dry",conventional,731,3107.050672
"Broad beans and horse beans, dry",conventional,811,3463.846453
"Broad beans and horse beans, dry",conventional,812,3194.109877
"Broad beans and horse beans, dry",conventional,813,3309.635552
"Broad beans and horse beans, dry",conventional,814,2979.832032
"Broad beans and horse beans, dry",conventional,821,2345.551593
"Broad beans and horse beans, dry",conventional,831,2858.269864
"Broad beans and horse beans, dry",conventional,911,3716.462761
"Broad beans and horse beans, dry",conventional,912,3658.024848
"Broad beans and horse beans, dry",conventional,913,3438.836454
"Broad beans and horse beans, dry",organic,1011,2779.276285
"Broad beans and horse beans, dry",organic,111,1948.904486
"Broad beans and horse beans, dry",organic,1111,2725.622502
"Broad beans and horse beans, dry",organic,1112,2370.33545
"Broad beans and horse beans, dry",organic,112,1796.283517
"Broad beans and horse beans, dry",organic,1121,3201.72391
"Broad beans and horse beans, dry",organic,1122,2759.994701
"Broad beans and horse beans, dry",organic,1123,2856.60845
"Broad beans and horse beans, dry",organic,1124,1944.728228
"Broad beans and horse beans, dry",organic,1131,2010.792381
"Broad beans and horse beans, dry",organic,1211,3548.232838
"Broad beans and horse beans, dry",organic,1212,2989.916845
"Broad beans and horse beans, dry",organic,1213,2549.581103
"Broad beans and horse beans, dry",organic,1214,3169.209668
"Broad beans and horse beans, dry",organic,1215,2652.697701
"Broad beans and horse beans, dry",organic,1216,3015.463749
"Broad beans and horse beans, dry",organic,1221,2185.886076
"Broad beans and horse beans, dry",organic,1222,2971.337277
"Broad beans and horse beans, dry",organic,1311,2648.678475
"Broad beans and horse beans, dry",organic,1321,2707.306677
"Broad beans and horse beans, dry",organic,1322,2021.561161
"Broad beans and horse beans, dry",organic,1331,2352.971782
"Broad beans and horse beans, dry",organic,1411,2556.206085
"Broad beans and horse beans, dry",organic,1412,1836.444121
"Broad beans and horse beans, dry",organic,1421,1954.569172
"Broad beans and horse beans, dry",organic,1511,1918.628993
"Broad beans and horse beans, dry",organic,1512,2366.187504
"Broad beans and horse beans, dry",organic,1521,2244.543405
"Broad beans and horse beans, dry",organic,1522,1896.007176
"Broad beans and horse beans, dry",organic,1611,1630.605892
"Broad beans and horse beans, dry",organic,1612,2621.794506
"Broad beans and horse beans, dry",organic,1613,2609.262252
"Broad beans and horse beans, dry",organic,1614,2014.530965
"Broad beans and horse beans, dry",organic,1615,3511.703061
"Broad beans and horse beans, dry",organic,1616,2658.554128
"Broad beans and horse beans, dry",organic,1617,2056.970392
"Broad beans and horse beans, dry",organic,1621,2619.73709
"Broad beans and horse beans, dry",organic,1622,2463.643046
"Broad beans and horse beans, dry",organic,1623,2964.135062
"Broad beans and horse beans, dry",organic,1711,1903.928352
"Broad beans and horse beans, dry",organic,1712,1556.699371
"Broad beans and horse beans, dry",organic,1713,1735.960743
"Broad beans and horse beans, dry",organic,1721,1270.538375
"Broad beans and horse beans, dry",organic,1722,1927.348897
"Broad beans and horse beans, dry",organic,1723,1308.676933
"Broad beans and horse beans, dry",organic,1724,1381.931662
"Broad beans and horse beans, dry",organic,1811,2107.229244
"Broad beans and horse beans, dry",organic,1812,2319.872177
"Broad beans and horse beans, dry",organic,1813,1320.010714
"Broad beans and horse beans, dry",organic,1821,2058.216072
"Broad beans and horse beans, dry",organic,1911,2327.057473
"Broad beans and horse beans, dry",organic,1912,2099.731915
"Broad beans and horse beans, dry",organic,1921,2534.693371
"Broad beans and horse beans, dry",organic,1922,1994.494001
"Broad beans and horse beans, dry",organic,2011,2218.536544
"Broad beans and horse beans, dry",organic,2012,1922.773109
"Broad beans and horse beans, dry",organic,2019,1958.528215
"Broad beans and horse beans, dry",organic,2111,2095.036627
"Broad beans and horse beans, dry",organic,2121,2168.852348
"Broad beans and horse beans, dry",organic,2122,1146.96108
"Broad beans and horse beans, dry",organic,2211,1220.897796
"Broad beans and horse beans, dry",organic,2212,1334.632582
"Broad beans and horse beans, dry",organic,2221,1862.021358
"Broad beans and horse beans, dry",organic,2311,1789.975978
"Broad beans and horse beans, dry",organic,2312,1559.31571
"Broad beans and horse beans, dry",organic,2319,1770.885674
"Broad beans and horse beans, dry",organic,2331,1795.878567
"Broad beans and horse beans, dry",organic,2411,1364.97705
"Broad beans and horse beans, dry",organic,2412,1517.94422
"Broad beans and horse beans, dry",organic,2413,1632.159707
"Broad beans and horse beans, dry",organic,2414,1436.345935
"Broad beans and horse beans, dry",organic,2415,1522.905063
"Broad beans and horse beans, dry",organic,2419,1521.513454
"Broad beans and horse beans, dry",organic,2511,1162.09527
"Broad beans and horse beans, dry",organic,2512,953.4934278
"Broad beans and horse beans, dry",organic,2519,1139.032596
"Broad beans and horse beans, dry",organic,2521,1179.845314
"Broad beans and horse beans, dry",organic,311,2374.32771
"Broad beans and horse beans, dry",organic,312,1829.365234
"Broad beans and horse beans, dry",organic,321,2317.703726
"Broad beans and horse beans, dry",organic,322,1288.779504
"Broad beans and horse beans, dry",organic,411,2356.369973
"Broad beans and horse beans, dry",organic,421,2144.096275
"Broad beans and horse beans, dry",organic,422,2046.596369
"Broad beans and horse beans, dry",organic,431,2137.659089
"Broad beans and horse beans, dry",organic,511,1945.322194
"Broad beans and horse beans, dry",organic,512,1575.621343
"Broad beans and horse beans, dry",organic,513,3052.281983
"Broad beans and horse beans, dry",organic,514,2684.250814
"Broad beans and horse beans, dry",organic,515,1964.033263
"Broad beans and horse beans, dry",organic,521,1802.817698
"Broad beans and horse beans, dry",organic,611,1432.410065
"Broad beans and horse beans, dry",organic,612,1852.55854
"Broad beans and horse beans, dry",organic,621,2056.085754
"Broad beans and horse beans, dry",organic,622,1459.381941
"Broad beans and horse beans, dry",organic,711,2587.27578
"Broad beans and horse beans, dry",organic,731,2388.739045
"Broad beans and horse beans, dry",organic,811,2663.048061
"Broad beans and horse beans, dry",organic,812,2455.67124
"Broad beans and horse beans, dry",organic,813,2544.488811
"Broad beans and horse beans, dry",organic,814,2290.931779
"Broad beans and horse beans, dry",organic,821,1803.28912
"Broad beans and horse beans, dry",organic,831,2197.473278
"Broad beans and horse beans, dry",organic,911,2857.262608
"Broad beans and horse beans, dry",organic,912,2812.334817
"Broad beans and horse beans, dry",organic,913,2643.820064
"Cabbages, cauliflowers and broccoli",conventional,1011,16888.62587
"Cabbages, cauliflowers and broccoli",conventional,111,3878.771379
"Cabbages, cauliflowers and broccoli",conventional,1111,20012.53003
"Cabbages, cauliflowers and broccoli",conventional,1112,20027.10327
"Cabbages, cauliflowers and broccoli",conventional,112,3954.254325
"Cabbages, cauliflowers and broccoli",conventional,1121,20012.53003
"Cabbages, cauliflowers and broccoli",conventional,1122,20012.53003
"Cabbages, cauliflowers and broccoli",conventional,1123,20012.53003
"Cabbages, cauliflowers and broccoli",conventional,1124,23331.89395
"Cabbages, cauliflowers and broccoli",conventional,1131,20384.44986
"Cabbages, cauliflowers and broccoli",conventional,1211,20012.53003
"Cabbages, cauliflowers and broccoli",conventional,1212,20012.53003
"Cabbages, cauliflowers and broccoli",conventional,1213,20012.53003
"Cabbages, cauliflowers and broccoli",conventional,1214,20012.53003
"Cabbages, cauliflowers and broccoli",conventional,1215,20012.53003
"Cabbages, cauliflowers and broccoli",conventional,1216,20012.53003
"Cabbages, cauliflowers and broccoli",conventional,1221,20012.53003
"Cabbages, cauliflowers and broccoli",conventional,1222,20012.53003
"Cabbages, cauliflowers and broccoli",conventional,1311,21326.10418
"Cabbages, cauliflowers and broccoli",conventional,1321,21325.10395
"Cabbages, cauliflowers and broccoli",conventional,1322,16951.06594
"Cabbages, cauliflowers and broccoli",conventional,1331,27607.25303
"Cabbages, cauliflowers and broccoli",conventional,1411,40775.31043
"Cabbages, cauliflowers and broccoli",conventional,1412,40775.31043
"Cabbages, cauliflowers and broccoli",conventional,1421,40775.31043
"Cabbages, cauliflowers and broccoli",conventional,1511,40187.07656
"Cabbages, cauliflowers and broccoli",conventional,1512,40775.31043
"Cabbages, cauliflowers and broccoli",conventional,1521,39433.96601
"Cabbages, cauliflowers and broccoli",conventional,1522,40775.31043
"Cabbages, cauliflowers and broccoli",conventional,1611,17447.01701
"Cabbages, cauliflowers and broccoli",conventional,1612,40727.0337
"Cabbages, cauliflowers and broccoli",conventional,1613,40775.31043
"Cabbages, cauliflowers and broccoli",conventional,1614,39919.92525
"Cabbages, cauliflowers and broccoli",conventional,1615,40775.31043
"Cabbages, cauliflowers and broccoli",conventional,1616,40775.31043
"Cabbages, cauliflowers and broccoli",conventional,1617,39084.93733
"Cabbages, cauliflowers and broccoli",conventional,1621,40775.31043
"Cabbages, cauliflowers and broccoli",conventional,1622,40775.31043
"Cabbages, cauliflowers and broccoli",conventional,1623,40775.31043
"Cabbages, cauliflowers and broccoli",conventional,1711,13626.16784
"Cabbages, cauliflowers and broccoli",conventional,1712,13876.10901
"Cabbages, cauliflowers and broccoli",conventional,1713,13590.5366
"Cabbages, cauliflowers and broccoli",conventional,1721,11559.09263
"Cabbages, cauliflowers and broccoli",conventional,1722,18919.97924
"Cabbages, cauliflowers and broccoli",conventional,1723,21256.16048
"Cabbages, cauliflowers and broccoli",conventional,1724,15731.93563
"Cabbages, cauliflowers and broccoli",conventional,1811,37853.36542
"Cabbages, cauliflowers and broccoli",conventional,1812,38684.67916
"Cabbages, cauliflowers and broccoli",conventional,1813,38305.54272
"Cabbages, cauliflowers and broccoli",conventional,1821,34480.16464
"Cabbages, cauliflowers and broccoli",conventional,1911,12698.90816
"Cabbages, cauliflowers and broccoli",conventional,1912,12484.48597
"Cabbages, cauliflowers and broccoli",conventional,1921,5494.530561
"Cabbages, cauliflowers and broccoli",conventional,1922,5177.910392
"Cabbages, cauliflowers and broccoli",conventional,2011,17302.68027
"Cabbages, cauliflowers and broccoli",conventional,2012,17410.71283
"Cabbages, cauliflowers and broccoli",conventional,2019,12885.91565
"Cabbages, cauliflowers and broccoli",conventional,2111,6785.760933
"Cabbages, cauliflowers and broccoli",conventional,2121,7089.074316
"Cabbages, cauliflowers and broccoli",conventional,2122,10886.04947
"Cabbages, cauliflowers and broccoli",conventional,2211,5292.28365
"Cabbages, cauliflowers and broccoli",conventional,2212,5009.994246
"Cabbages, cauliflowers and broccoli",conventional,2221,9050.439967
"Cabbages, cauliflowers and broccoli",conventional,2311,4842.525573
"Cabbages, cauliflowers and broccoli",conventional,2312,3177.622676
"Cabbages, cauliflowers and broccoli",conventional,2319,3175.882628
"Cabbages, cauliflowers and broccoli",conventional,2331,4919.328818
"Cabbages, cauliflowers and broccoli",conventional,2411,8579.588605
"Cabbages, cauliflowers and broccoli",conventional,2412,8579.588605
"Cabbages, cauliflowers and broccoli",conventional,2413,8579.588605
"Cabbages, cauliflowers and broccoli",conventional,2414,8645.143084
"Cabbages, cauliflowers and broccoli",conventional,2415,5546.773742
"Cabbages, cauliflowers and broccoli",conventional,2419,5551.527656
"Cabbages, cauliflowers and broccoli",conventional,2511,3913.697796
"Cabbages, cauliflowers and broccoli",conventional,2512,3910.03328
"Cabbages, cauliflowers and broccoli",conventional,2519,7608.183709
"Cabbages, cauliflowers and broccoli",conventional,2521,7913.787623
"Cabbages, cauliflowers and broccoli",conventional,311,5170.830513
"Cabbages, cauliflowers and broccoli",conventional,312,5171.316498
"Cabbages, cauliflowers and broccoli",conventional,321,4827.181321
"Cabbages, cauliflowers and broccoli",conventional,322,4721.965509
"Cabbages, cauliflowers and broccoli",conventional,411,12030.9551
"Cabbages, cauliflowers and broccoli",conventional,421,8099.683542
"Cabbages, cauliflowers and broccoli",conventional,422,12705.17546
"Cabbages, cauliflowers and broccoli",conventional,431,11098.69275
"Cabbages, cauliflowers and broccoli",conventional,511,36131.86397
"Cabbages, cauliflowers and broccoli",conventional,512,36504.34111
"Cabbages, cauliflowers and broccoli",conventional,513,36692.18591
"Cabbages, cauliflowers and broccoli",conventional,514,36692.18591
"Cabbages, cauliflowers and broccoli",conventional,515,36692.18591
"Cabbages, cauliflowers and broccoli",conventional,521,34685.3605
"Cabbages, cauliflowers and broccoli",conventional,611,3259.531153
"Cabbages, cauliflowers and broccoli",conventional,612,3294.183138
"Cabbages, cauliflowers and broccoli",conventional,621,8154.882633
"Cabbages, cauliflowers and broccoli",conventional,622,4289.140306
"Cabbages, cauliflowers and broccoli",conventional,711,9017.46632
"Cabbages, cauliflowers and broccoli",conventional,731,15868.43436
"Cabbages, cauliflowers and broccoli",conventional,811,7696.572675
"Cabbages, cauliflowers and broccoli",conventional,812,7721.535316
"Cabbages, cauliflowers and broccoli",conventional,813,7721.535316
"Cabbages, cauliflowers and broccoli",conventional,814,7950.988119
"Cabbages, cauliflowers and broccoli",conventional,821,16372.75196
"Cabbages, cauliflowers and broccoli",conventional,831,11314.45585
"Cabbages, cauliflowers and broccoli",conventional,911,14823.1596
"Cabbages, cauliflowers and broccoli",conventional,912,14823.1596
"Cabbages, cauliflowers and broccoli",conventional,913,14823.1596
"Cabbages, cauliflowers and broccoli",organic,1011,12185.83614
"Cabbages, cauliflowers and broccoli",organic,111,3097.571246
"Cabbages, cauliflowers and broccoli",organic,1111,24580.85193
"Cabbages, cauliflowers and broccoli",organic,1112,24475.85075
"Cabbages, cauliflowers and broccoli",organic,112,3114.755413
"Cabbages, cauliflowers and broccoli",organic,1121,24580.85193
"Cabbages, cauliflowers and broccoli",organic,1122,24580.85193
"Cabbages, cauliflowers and broccoli",organic,1123,24580.85193
"Cabbages, cauliflowers and broccoli",organic,1124,21560.05286
"Cabbages, cauliflowers and broccoli",organic,1131,17117.5236
"Cabbages, cauliflowers and broccoli",organic,1211,24580.85193
"Cabbages, cauliflowers and broccoli",organic,1212,24580.85193
"Cabbages, cauliflowers and broccoli",organic,1213,24580.85193
"Cabbages, cauliflowers and broccoli",organic,1214,24580.85193
"Cabbages, cauliflowers and broccoli",organic,1215,24580.85193
"Cabbages, cauliflowers and broccoli",organic,1216,24580.85193
"Cabbages, cauliflowers and broccoli",organic,1221,24580.85193
"Cabbages, cauliflowers and broccoli",organic,1222,24580.85193
"Cabbages, cauliflowers and broccoli",organic,1311,15218.15719
"Cabbages, cauliflowers and broccoli",organic,1321,15364.86242
"Cabbages, cauliflowers and broccoli",organic,1322,12057.61994
"Cabbages, cauliflowers and broccoli",organic,1331,17554.39365
"Cabbages, cauliflowers and broccoli",organic,1411,22132.58803
"Cabbages, cauliflowers and broccoli",organic,1412,22132.58803
"Cabbages, cauliflowers and broccoli",organic,1421,22132.58803
"Cabbages, cauliflowers and broccoli",organic,1511,21929.71333
"Cabbages, cauliflowers and broccoli",organic,1512,22132.58803
"Cabbages, cauliflowers and broccoli",organic,1521,21726.28023
"Cabbages, cauliflowers and broccoli",organic,1522,22132.58803
"Cabbages, cauliflowers and broccoli",organic,1611,10560.59683
"Cabbages, cauliflowers and broccoli",organic,1612,22117.17665
"Cabbages, cauliflowers and broccoli",organic,1613,22132.58803
"Cabbages, cauliflowers and broccoli",organic,1614,21842.22219
"Cabbages, cauliflowers and broccoli",organic,1615,22132.58803
"Cabbages, cauliflowers and broccoli",organic,1616,22132.58803
"Cabbages, cauliflowers and broccoli",organic,1617,21599.31624
"Cabbages, cauliflowers and broccoli",organic,1621,22132.58803
"Cabbages, cauliflowers and broccoli",organic,1622,22132.58803
"Cabbages, cauliflowers and broccoli",organic,1623,22132.58803
"Cabbages, cauliflowers and broccoli",organic,1711,8207.040359
"Cabbages, cauliflowers and broccoli",organic,1712,8333.038812
"Cabbages, cauliflowers and broccoli",organic,1713,8189.63081
"Cabbages, cauliflowers and broccoli",organic,1721,7002.542407
"Cabbages, cauliflowers and broccoli",organic,1722,11343.39715
"Cabbages, cauliflowers and broccoli",organic,1723,12767.86496
"Cabbages, cauliflowers and broccoli",organic,1724,10033.09129
"Cabbages, cauliflowers and broccoli",organic,1811,22925.1171
"Cabbages, cauliflowers and broccoli",organic,1812,23025.12984
"Cabbages, cauliflowers and broccoli",organic,1813,22910.37468
"Cabbages, cauliflowers and broccoli",organic,1821,20378.1932
"Cabbages, cauliflowers and broccoli",organic,1911,7577.828388
"Cabbages, cauliflowers and broccoli",organic,1912,7782.871474
"Cabbages, cauliflowers and broccoli",organic,1921,4035.156427
"Cabbages, cauliflowers and broccoli",organic,1922,3669.828182
"Cabbages, cauliflowers and broccoli",organic,2011,10973.26792
"Cabbages, cauliflowers and broccoli",organic,2012,11019.6863
"Cabbages, cauliflowers and broccoli",organic,2019,8101.611983
"Cabbages, cauliflowers and broccoli",organic,2111,3176.310558
"Cabbages, cauliflowers and broccoli",organic,2121,7345.717785
"Cabbages, cauliflowers and broccoli",organic,2122,8772.135238
"Cabbages, cauliflowers and broccoli",organic,2211,5819.541438
"Cabbages, cauliflowers and broccoli",organic,2212,3626.10017
"Cabbages, cauliflowers and broccoli",organic,2221,4370.746982
"Cabbages, cauliflowers and broccoli",organic,2311,2817.03176
"Cabbages, cauliflowers and broccoli",organic,2312,1933.164904
"Cabbages, cauliflowers and broccoli",organic,2319,1932.099742
"Cabbages, cauliflowers and broccoli",organic,2331,3044.151164
"Cabbages, cauliflowers and broccoli",organic,2411,6268.508902
"Cabbages, cauliflowers and broccoli",organic,2412,6268.508902
"Cabbages, cauliflowers and broccoli",organic,2413,6268.508902
"Cabbages, cauliflowers and broccoli",organic,2414,3809.654679
"Cabbages, cauliflowers and broccoli",organic,2415,3309.999285
"Cabbages, cauliflowers and broccoli",organic,2419,3312.314426
"Cabbages, cauliflowers and broccoli",organic,2511,2270.285773
"Cabbages, cauliflowers and broccoli",organic,2512,2123.310825
"Cabbages, cauliflowers and broccoli",organic,2519,5286.305959
"Cabbages, cauliflowers and broccoli",organic,2521,5342.403714
"Cabbages, cauliflowers and broccoli",organic,311,3662.632535
"Cabbages, cauliflowers and broccoli",organic,312,3662.549817
"Cabbages, cauliflowers and broccoli",organic,321,3505.571763
"Cabbages, cauliflowers and broccoli",organic,322,3438.996112
"Cabbages, cauliflowers and broccoli",organic,411,8786.712325
"Cabbages, cauliflowers and broccoli",organic,421,13072.62001
"Cabbages, cauliflowers and broccoli",organic,422,9248.191221
"Cabbages, cauliflowers and broccoli",organic,431,11024.0512
"Cabbages, cauliflowers and broccoli",organic,511,21720.52391
"Cabbages, cauliflowers and broccoli",organic,512,21823.8121
"Cabbages, cauliflowers and broccoli",organic,513,21916.94729
"Cabbages, cauliflowers and broccoli",organic,514,21916.94729
"Cabbages, cauliflowers and broccoli",organic,515,21916.94729
"Cabbages, cauliflowers and broccoli",organic,521,22381.86414
"Cabbages, cauliflowers and broccoli",organic,611,2460.42731
"Cabbages, cauliflowers and broccoli",organic,612,2533.506996
"Cabbages, cauliflowers and broccoli",organic,621,5647.272835
"Cabbages, cauliflowers and broccoli",organic,622,3227.585338
"Cabbages, cauliflowers and broccoli",organic,711,5498.16936
"Cabbages, cauliflowers and broccoli",organic,731,12721.39239
"Cabbages, cauliflowers and broccoli",organic,811,5335.033602
"Cabbages, cauliflowers and broccoli",organic,812,5331.498468
"Cabbages, cauliflowers and broccoli",organic,813,5331.498468
"Cabbages, cauliflowers and broccoli",organic,814,5466.564301
"Cabbages, cauliflowers and broccoli",organic,821,10811.72372
"Cabbages, cauliflowers and broccoli",organic,831,6971.81833
"Cabbages, cauliflowers and broccoli",organic,911,12194.74508
"Cabbages, cauliflowers and broccoli",organic,912,12194.74508
"Cabbages, cauliflowers and broccoli",organic,913,12194.74508
Carrots,conventional,1011,73425.66432
Carrots,conventional,111,20643.51631
Carrots,conventional,1111,73502.20317
Carrots,conventional,1112,73459.90916
Carrots,conventional,112,20619.11648
Carrots,conventional,1121,73502.20317
Carrots,conventional,1122,73502.20317
Carrots,conventional,1123,73502.20317
Carrots,conventional,1124,68972.28753
Carrots,conventional,1131,54633.47413
Carrots,conventional,1211,73502.20317
Carrots,conventional,1212,73502.20317
Carrots,conventional,1213,73502.20317
Carrots,conventional,1214,73502.20317
Carrots,conventional,1215,73502.20317
Carrots,conventional,1216,73502.20317
Carrots,conventional,1221,73502.20317
Carrots,conventional,1222,73502.20317
Carrots,conventional,1311,54659.31595
Carrots,conventional,1321,54939.37143
Carrots,conventional,1322,51921.02314
Carrots,conventional,1331,53099.19908
Carrots,conventional,1411,43261.58727
Carrots,conventional,1412,43261.58727
Carrots,conventional,1421,43261.58727
Carrots,conventional,1511,43254.10649
Carrots,conventional,1512,43261.58727
Carrots,conventional,1521,43234.20767
Carrots,conventional,1522,43261.58727
Carrots,conventional,1611,43989.09711
Carrots,conventional,1612,43256.40169
Carrots,conventional,1613,43261.58727
Carrots,conventional,1614,43187.19986
Carrots,conventional,1615,43261.58727
Carrots,conventional,1616,43261.58727
Carrots,conventional,1617,43084.12157
Carrots,conventional,1621,43261.58727
Carrots,conventional,1622,43261.58727
Carrots,conventional,1623,43261.58727
Carrots,conventional,1711,14867.04002
Carrots,conventional,1712,15060.48325
Carrots,conventional,1713,14836.15442
Carrots,conventional,1721,28140.19791
Carrots,conventional,1722,20905.02573
Carrots,conventional,1723,24073.24456
Carrots,conventional,1724,21934.5448
Carrots,conventional,1811,48813.68779
Carrots,conventional,1812,49098.40714
Carrots,conventional,1813,48992.26434
Carrots,conventional,1821,46106.78277
Carrots,conventional,1911,28108.31651
Carrots,conventional,1912,28086.08489
Carrots,conventional,1921,28114.90228
Carrots,conventional,1922,28199.23494
Carrots,conventional,2011,32380.76648
Carrots,conventional,2012,32427.5511
Carrots,conventional,2019,32386.62804
Carrots,conventional,2111,33084.06351
Carrots,conventional,2121,32926.31838
Carrots,conventional,2122,32921.33138
Carrots,conventional,2211,29932.1329
Carrots,conventional,2212,29987.20301
Carrots,conventional,2221,30806.44772
Carrots,conventional,2311,9082.349934
Carrots,conventional,2312,9079.954741
Carrots,conventional,2319,9074.46061
Carrots,conventional,2331,15390.10776
Carrots,conventional,2411,15523.21725
Carrots,conventional,2412,15523.21725
Carrots,conventional,2413,15523.21725
Carrots,conventional,2414,15552.05338
Carrots,conventional,2415,15623.35506
Carrots,conventional,2419,15628.23772
Carrots,conventional,2511,45239.30634
Carrots,conventional,2512,45253.26549
Carrots,conventional,2519,45137.44254
Carrots,conventional,2521,41988.64957
Carrots,conventional,311,28189.02967
Carrots,conventional,312,28191.87793
Carrots,conventional,321,26679.73869
Carrots,conventional,322,26183.42679
Carrots,conventional,411,11359.48153
Carrots,conventional,421,12870.26639
Carrots,conventional,422,12560.09898
Carrots,conventional,431,12249.15001
Carrots,conventional,511,64592.83819
Carrots,conventional,512,64622.0934
Carrots,conventional,513,64725.75588
Carrots,conventional,514,64725.75588
Carrots,conventional,515,64725.75588
Carrots,conventional,521,56863.62723
Carrots,conventional,611,44577.12701
Carrots,conventional,612,44706.6444
Carrots,conventional,621,31859.75024
Carrots,conventional,622,42361.94097
Carrots,conventional,711,18521.17573
Carrots,conventional,731,44877.02118
Carrots,conventional,811,40103.56676
Carrots,conventional,812,40022.99392
Carrots,conventional,813,40022.99392
Carrots,conventional,814,40048.31261
Carrots,conventional,821,50412.27678
Carrots,conventional,831,37882.8964
Carrots,conventional,911,69619.83444
Carrots,conventional,912,69619.83444
Carrots,conventional,913,69619.83444
Carrots,organic,1011,59333.52231
Carrots,organic,111,16681.53155
Carrots,organic,1111,59395.37152
Carrots,organic,1112,59361.19474
Carrots,organic,112,16661.81463
Carrots,organic,1121,59395.37152
Carrots,organic,1122,59395.37152
Carrots,organic,1123,59395.37152
Carrots,organic,1124,55734.85509
Carrots,organic,1131,44148.00311
Carrots,organic,1211,59395.37152
Carrots,organic,1212,59395.37152
Carrots,organic,1213,59395.37152
Carrots,organic,1214,59395.37152
Carrots,organic,1215,59395.37152
Carrots,organic,1216,59395.37152
Carrots,organic,1221,59395.37152
Carrots,organic,1222,59395.37152
Carrots,organic,1311,44168.88526
Carrots,organic,1321,44395.19139
Carrots,organic,1322,41956.13637
Carrots,organic,1331,42908.19215
Carrots,organic,1411,34958.65345
Carrots,organic,1412,34958.65345
Carrots,organic,1421,34958.65345
Carrots,organic,1511,34952.60841
Carrots,organic,1512,34958.65345
Carrots,organic,1521,34936.52865
Carrots,organic,1522,34958.65345
Carrots,organic,1611,35546.53675
Carrots,organic,1612,34954.46311
Carrots,organic,1613,34958.65345
Carrots,organic,1614,34898.54277
Carrots,organic,1615,34958.65345
Carrots,organic,1616,34958.65345
Carrots,organic,1617,34815.24767
Carrots,organic,1621,34958.65345
Carrots,organic,1622,34958.65345
Carrots,organic,1623,34958.65345
Carrots,organic,1711,12013.69928
Carrots,organic,1712,12170.01613
Carrots,organic,1713,11988.74137
Carrots,organic,1721,22739.42055
Carrots,organic,1722,16892.85105
Carrots,organic,1723,19453.01287
Carrots,organic,1724,17724.78077
Carrots,organic,1811,39445.17302
Carrots,organic,1812,39675.24792
Carrots,organic,1813,39589.47646
Carrots,organic,1821,37257.78785
Carrots,organic,1911,22713.65796
Carrots,organic,1912,22695.69312
Carrots,organic,1921,22718.97976
Carrots,organic,1922,22787.12696
Carrots,organic,2011,26166.12254
Carrots,organic,2012,26203.92807
Carrots,organic,2019,26170.85913
Carrots,organic,2111,26734.44004
Carrots,organic,2121,26606.96998
Carrots,organic,2122,26602.9401
Carrots,organic,2211,24187.44034
Carrots,organic,2212,24231.94118
Carrots,organic,2221,24893.95323
Carrots,organic,2311,7339.229647
Carrots,organic,2312,7337.294149
Carrots,organic,2319,7332.854474
Carrots,organic,2331,12436.3778
Carrots,organic,2411,12543.9404
Carrots,organic,2412,12543.9404
Carrots,organic,2413,12543.9404
Carrots,organic,2414,12567.24218
Carrots,organic,2415,12624.85937
Carrots,organic,2419,12628.80493
Carrots,organic,2511,36556.80091
Carrots,organic,2512,36568.08096
Carrots,organic,2519,36474.48721
Carrots,organic,2521,33930.02296
Carrots,organic,311,22778.88033
Carrots,organic,312,22781.18194
Carrots,organic,321,21559.25841
Carrots,organic,322,21158.20064
Carrots,organic,411,9179.325196
Carrots,organic,421,10400.1543
Carrots,organic,422,10149.51543
Carrots,organic,431,9898.245007
Carrots,organic,511,52195.92688
Carrots,organic,512,52219.56732
Carrots,organic,513,52303.33448
Carrots,organic,514,52303.33448
Carrots,organic,515,52303.33448
Carrots,organic,521,45950.13645
Carrots,organic,611,36021.70964
Carrots,organic,612,36126.36954
Carrots,organic,621,25745.10179
Carrots,organic,622,34231.6708
Carrots,organic,711,14966.51891
Carrots,organic,731,36264.04694
Carrots,organic,811,32406.73265
Carrots,organic,812,32341.62366
Carrots,organic,813,32341.62366
Carrots,organic,814,32362.08309
Carrots,organic,821,40736.95453
Carrots,organic,831,30612.26207
Carrots,organic,911,56258.12226
Carrots,organic,912,56258.12226
Carrots,organic,913,56258.12226
Cereals for fodder,conventional,1011,3712.30046
Cereals for fodder,conventional,111,2019.733322
Cereals for fodder,conventional,1111,3799.398805
Cereals for fodder,conventional,1112,3808.220991
Cereals for fodder,conventional,112,2019.294188
Cereals for fodder,conventional,1121,3785.085925
Cereals for fodder,conventional,1122,3804.562248
Cereals for fodder,conventional,1123,3808.880955
Cereals for fodder,conventional,1124,3842.569181
Cereals for fodder,conventional,1131,3715.743741
Cereals for fodder,conventional,1211,3782.071224
Cereals for fodder,conventional,1212,3788.870672
Cereals for fodder,conventional,1213,3800.77305
Cereals for fodder,conventional,1214,3781.630501
Cereals for fodder,conventional,1215,3805.51523
Cereals for fodder,conventional,1216,3795.298673
Cereals for fodder,conventional,1221,3806.457199
Cereals for fodder,conventional,1222,3803.138446
Cereals for fodder,conventional,1311,4148.707603
Cereals for fodder,conventional,1321,4143.435748
Cereals for fodder,conventional,1322,3956.988733
Cereals for fodder,conventional,1331,4117.912534
Cereals for fodder,conventional,1411,3841.759758
Cereals for fodder,conventional,1412,3836.171778
Cereals for fodder,conventional,1421,3843.827841
Cereals for fodder,conventional,1511,3814.549004
Cereals for fodder,conventional,1512,3844.139384
Cereals for fodder,conventional,1521,3817.745608
Cereals for fodder,conventional,1522,3830.581154
Cereals for fodder,conventional,1611,3527.61658
Cereals for fodder,conventional,1612,3823.224551
Cereals for fodder,conventional,1613,3829.573871
Cereals for fodder,conventional,1614,3816.032473
Cereals for fodder,conventional,1615,3833.054911
Cereals for fodder,conventional,1616,3838.225756
Cereals for fodder,conventional,1617,3828.519692
Cereals for fodder,conventional,1621,3843.118725
Cereals for fodder,conventional,1622,3853.853922
Cereals for fodder,conventional,1623,3842.769708
Cereals for fodder,conventional,1711,2756.716611
Cereals for fodder,conventional,1712,2766.057062
Cereals for fodder,conventional,1713,2756.355059
Cereals for fodder,conventional,1721,3262.437044
Cereals for fodder,conventional,1722,2979.551457
Cereals for fodder,conventional,1723,2951.154722
Cereals for fodder,conventional,1724,2804.467717
Cereals for fodder,conventional,1811,3450.854511
Cereals for fodder,conventional,1812,3427.135063
Cereals for fodder,conventional,1813,3486.134689
Cereals for fodder,conventional,1821,3380.549256
Cereals for fodder,conventional,1911,2960.978389
Cereals for fodder,conventional,1912,2973.435427
Cereals for fodder,conventional,1921,3038.45874
Cereals for fodder,conventional,1922,3234.664427
Cereals for fodder,conventional,2011,2847.877878
Cereals for fodder,conventional,2012,2846.95925
Cereals for fodder,conventional,2019,2803.11555
Cereals for fodder,conventional,2111,2692.269247
Cereals for fodder,conventional,2121,2722.390218
Cereals for fodder,conventional,2122,2756.332135
Cereals for fodder,conventional,2211,2507.878255
Cereals for fodder,conventional,2212,2494.969166
Cereals for fodder,conventional,2221,2541.807791
Cereals for fodder,conventional,2311,3135.021364
Cereals for fodder,conventional,2312,3136.894816
Cereals for fodder,conventional,2319,3137.296895
Cereals for fodder,conventional,2331,3037.53614
Cereals for fodder,conventional,2411,2638.00349
Cereals for fodder,conventional,2412,2648.666053
Cereals for fodder,conventional,2413,2641.159027
Cereals for fodder,conventional,2414,2647.331165
Cereals for fodder,conventional,2415,2656.330322
Cereals for fodder,conventional,2419,2660.627588
Cereals for fodder,conventional,2511,2834.971511
Cereals for fodder,conventional,2512,2810.799679
Cereals for fodder,conventional,2519,2846.157366
Cereals for fodder,conventional,2521,2786.139545
Cereals for fodder,conventional,311,3230.090474
Cereals for fodder,conventional,312,3236.874534
Cereals for fodder,conventional,321,2971.913342
Cereals for fodder,conventional,322,2904.358558
Cereals for fodder,conventional,411,2071.758405
Cereals for fodder,conventional,421,2066.713594
Cereals for fodder,conventional,422,2123.138754
Cereals for fodder,conventional,431,2094.900912
Cereals for fodder,conventional,511,3125.545624
Cereals for fodder,conventional,512,3129.972979
Cereals for fodder,conventional,513,3137.789817
Cereals for fodder,conventional,514,3131.725575
Cereals for fodder,conventional,515,3129.512938
Cereals for fodder,conventional,521,2963.07486
Cereals for fodder,conventional,611,3334.819612
Cereals for fodder,conventional,612,3330.796617
Cereals for fodder,conventional,621,3258.595555
Cereals for fodder,conventional,622,3319.362538
Cereals for fodder,conventional,711,3175.876159
Cereals for fodder,conventional,731,3456.190041
Cereals for fodder,conventional,811,3952.894009
Cereals for fodder,conventional,812,3955.092611
Cereals for fodder,conventional,813,3968.144708
Cereals for fodder,conventional,814,3968.941793
Cereals for fodder,conventional,821,3586.099951
Cereals for fodder,conventional,831,3678.228301
Cereals for fodder,conventional,911,3173.317878
Cereals for fodder,conventional,912,3160.566553
Cereals for fodder,conventional,913,3179.014364
Cereals for fodder,organic,1011,3336.518122
Cereals for fodder,organic,111,1815.283246
Cereals for fodder,organic,1111,3414.799826
Cereals for fodder,organic,1112,3422.728975
Cereals for fodder,organic,112,1814.888564
Cereals for fodder,organic,1121,3401.935786
Cereals for fodder,organic,1122,3419.440593
Cereals for fodder,organic,1123,3423.322133
Cereals for fodder,organic,1124,3453.600225
Cereals for fodder,organic,1131,3339.612853
Cereals for fodder,organic,1211,3399.226252
Cereals for fodder,organic,1212,3405.337416
Cereals for fodder,organic,1213,3416.034961
Cereals for fodder,organic,1214,3398.830141
Cereals for fodder,organic,1215,3420.297108
Cereals for fodder,organic,1216,3411.114735
Cereals for fodder,organic,1221,3421.143725
Cereals for fodder,organic,1222,3418.160917
Cereals for fodder,organic,1311,3728.749396
Cereals for fodder,organic,1321,3724.011192
Cereals for fodder,organic,1322,3556.437513
Cereals for fodder,organic,1331,3701.071597
Cereals for fodder,organic,1411,3452.872737
Cereals for fodder,organic,1412,3447.850408
Cereals for fodder,organic,1421,3454.731477
Cereals for fodder,organic,1511,3428.416427
Cereals for fodder,organic,1512,3455.011483
Cereals for fodder,organic,1521,3431.28945
Cereals for fodder,organic,1522,3442.825702
Cereals for fodder,organic,1611,3170.529103
Cereals for fodder,organic,1612,3436.21378
Cereals for fodder,organic,1613,3441.920382
Cereals for fodder,organic,1614,3429.74973
Cereals for fodder,organic,1615,3445.04905
Cereals for fodder,organic,1616,3449.69647
Cereals for fodder,organic,1617,3440.972914
Cereals for fodder,organic,1621,3454.094141
Cereals for fodder,organic,1622,3463.742654
Cereals for fodder,organic,1623,3453.780454
Cereals for fodder,organic,1711,2477.664464
Cereals for fodder,organic,1712,2486.059416
Cereals for fodder,organic,1713,2477.339511
Cereals for fodder,organic,1721,2932.192702
Cereals for fodder,organic,1722,2677.942569
Cereals for fodder,organic,1723,2652.42033
Cereals for fodder,organic,1724,2520.581903
Cereals for fodder,organic,1811,3101.537372
Cereals for fodder,organic,1812,3080.218955
Cereals for fodder,organic,1813,3133.246269
Cereals for fodder,organic,1821,3038.348856
Cereals for fodder,organic,1911,2661.249584
Cereals for fodder,organic,1912,2672.445642
Cereals for fodder,organic,1921,2730.886887
Cereals for fodder,organic,1922,2907.231404
Cereals for fodder,organic,2011,2559.597815
Cereals for fodder,organic,2012,2558.772177
Cereals for fodder,organic,2019,2519.366611
Cereals for fodder,organic,2111,2419.740866
Cereals for fodder,organic,2121,2446.812803
Cereals for fodder,organic,2122,2477.318907
Cereals for fodder,organic,2211,2254.015087
Cereals for fodder,organic,2212,2242.412737
Cereals for fodder,organic,2221,2284.510063
Cereals for fodder,organic,2311,2817.674837
Cereals for fodder,organic,2312,2819.358646
Cereals for fodder,organic,2319,2819.720025
Cereals for fodder,organic,2331,2730.057679
Cereals for fodder,organic,2411,2370.96823
Cereals for fodder,organic,2412,2380.551461
Cereals for fodder,organic,2413,2373.804343
Cereals for fodder,organic,2414,2379.351699
Cereals for fodder,organic,2415,2387.439905
Cereals for fodder,organic,2419,2391.302175
Cereals for fodder,organic,2511,2547.997912
Cereals for fodder,organic,2512,2526.272904
Cereals for fodder,organic,2519,2558.051464
Cereals for fodder,organic,2521,2504.109024
Cereals for fodder,organic,311,2903.120455
Cereals for fodder,organic,312,2909.217791
Cereals for fodder,organic,321,2671.077632
Cereals for fodder,organic,322,2610.361167
Cereals for fodder,organic,411,1862.042024
Cereals for fodder,organic,421,1857.507881
Cereals for fodder,organic,422,1908.221332
Cereals for fodder,organic,431,1882.841901
Cereals for fodder,organic,511,2809.15829
Cereals for fodder,organic,512,2813.137481
Cereals for fodder,organic,513,2820.163049
Cereals for fodder,organic,514,2814.712668
Cereals for fodder,organic,515,2812.724009
Cereals for fodder,organic,521,2663.133837
Cereals for fodder,organic,611,2997.248253
Cereals for fodder,organic,612,2993.632491
Cereals for fodder,organic,621,2928.740073
Cereals for fodder,organic,622,2983.355841
Cereals for fodder,organic,711,2854.394054
Cereals for fodder,organic,731,3106.332806
Cereals for fodder,organic,811,3552.757283
Cereals for fodder,organic,812,3554.733328
Cereals for fodder,organic,813,3566.46421
Cereals for fodder,organic,814,3567.18061
Cereals for fodder,organic,821,3223.09242
Cereals for fodder,organic,831,3305.89496
Cereals for fodder,organic,911,2852.094738
Cereals for fodder,organic,912,2840.634182
Cereals for fodder,organic,913,2857.21459
Cucumbers,conventional,1011,70629.59936
Cucumbers,conventional,111,12149.18054
Cucumbers,conventional,1111,56068.67316
Cucumbers,conventional,1112,55989.44065
Cucumbers,conventional,112,12134.92249
Cucumbers,conventional,1121,56068.67316
Cucumbers,conventional,1122,56068.67316
Cucumbers,conventional,1123,56068.67316
Cucumbers,conventional,1124,43808.23434
Cucumbers,conventional,1131,30130.63741
Cucumbers,conventional,1211,56068.67316
Cucumbers,conventional,1212,56068.67316
Cucumbers,conventional,1213,56068.67316
Cucumbers,conventional,1214,56068.67316
Cucumbers,conventional,1215,56068.67316
Cucumbers,conventional,1216,56068.67316
Cucumbers,conventional,1221,56068.67316
Cucumbers,conventional,1222,56068.67316
Cucumbers,conventional,1311,1030.885439
Cucumbers,conventional,1321,1450.21452
Cucumbers,conventional,1322,8186.052421
Cucumbers,conventional,1331,8297.111457
Cucumbers,conventional,1411,42387.77713
Cucumbers,conventional,1412,42387.77713
Cucumbers,conventional,1421,42387.77713
Cucumbers,conventional,1511,42134.92271
Cucumbers,conventional,1512,42387.77713
Cucumbers,conventional,1521,41876.24484
Cucumbers,conventional,1522,42387.77713
Cucumbers,conventional,1611,32822.10644
Cucumbers,conventional,1612,42372.95468
Cucumbers,conventional,1613,42387.77713
Cucumbers,conventional,1614,42118.5482
Cucumbers,conventional,1615,42387.77713
Cucumbers,conventional,1616,42387.77713
Cucumbers,conventional,1617,41520.67941
Cucumbers,conventional,1621,42387.77713
Cucumbers,conventional,1622,42387.77713
Cucumbers,conventional,1623,42387.77713
Cucumbers,conventional,1711,7073.849531
Cucumbers,conventional,1712,7194.97679
Cucumbers,conventional,1713,7065.011008
Cucumbers,conventional,1721,19865.73533
Cucumbers,conventional,1722,12198.15285
Cucumbers,conventional,1723,8638.852188
Cucumbers,conventional,1724,11425.09809
Cucumbers,conventional,1811,2870.280566
Cucumbers,conventional,1812,2017.349668
Cucumbers,conventional,1813,2125.682323
Cucumbers,conventional,1821,5419.203106
Cucumbers,conventional,1911,16235.72061
Cucumbers,conventional,1912,16238.52345
Cucumbers,conventional,1921,16267.34035
Cucumbers,conventional,1922,16342.07863
Cucumbers,conventional,2011,18934.21948
Cucumbers,conventional,2012,18943.21309
Cucumbers,conventional,2019,18906.76058
Cucumbers,conventional,2111,19123.85679
Cucumbers,conventional,2121,19038.05645
Cucumbers,conventional,2122,19153.65199
Cucumbers,conventional,2211,17361.57836
Cucumbers,conventional,2212,17393.27875
Cucumbers,conventional,2221,17843.87569
Cucumbers,conventional,2311,5272.90918
Cucumbers,conventional,2312,5300.722576
Cucumbers,conventional,2319,5297.515196
Cucumbers,conventional,2331,8984.482188
Cucumbers,conventional,2411,8964.778718
Cucumbers,conventional,2412,8964.778718
Cucumbers,conventional,2413,8964.778718
Cucumbers,conventional,2414,8982.016623
Cucumbers,conventional,2415,9120.647979
Cucumbers,conventional,2419,9123.498393
Cucumbers,conventional,2511,26387.42064
Cucumbers,conventional,2512,26398.06709
Cucumbers,conventional,2519,26350.46842
Cucumbers,conventional,2521,24512.25684
Cucumbers,conventional,311,16337.79935
Cucumbers,conventional,312,16339.34693
Cucumbers,conventional,321,15508.90486
Cucumbers,conventional,322,15236.92436
Cucumbers,conventional,411,6562.120061
Cucumbers,conventional,421,7463.148286
Cucumbers,conventional,422,7257.09376
Cucumbers,conventional,431,7085.194168
Cucumbers,conventional,511,36442.49231
Cucumbers,conventional,512,36507.66006
Cucumbers,conventional,513,36239.04832
Cucumbers,conventional,514,36239.04832
Cucumbers,conventional,515,36239.04832
Cucumbers,conventional,521,31981.48013
Cucumbers,conventional,611,25759.17921
Cucumbers,conventional,612,25805.96292
Cucumbers,conventional,621,18372.52783
Cucumbers,conventional,622,24617.36461
Cucumbers,conventional,711,10687.73117
Cucumbers,conventional,731,32567.79553
Cucumbers,conventional,811,68256.76341
Cucumbers,conventional,812,68203.68022
Cucumbers,conventional,813,68203.68022
Cucumbers,conventional,814,68180.51054
Cucumbers,conventional,821,61904.88187
Cucumbers,conventional,831,46630.88608
Cucumbers,conventional,911,6951.55689
Cucumbers,conventional,912,6951.55689
Cucumbers,conventional,913,6951.55689
Cucumbers,organic,1011,12820.89484
Cucumbers,organic,111,2205.355368
Cucumbers,organic,1111,10177.75223
Cucumbers,organic,1112,10163.3697
Cucumbers,organic,112,2202.767203
Cucumbers,organic,1121,10177.75223
Cucumbers,organic,1122,10177.75223
Cucumbers,organic,1123,10177.75223
Cucumbers,organic,1124,7952.200925
Cucumbers,organic,1131,5469.402871
Cucumbers,organic,1211,10177.75223
Cucumbers,organic,1212,10177.75223
Cucumbers,organic,1213,10177.75223
Cucumbers,organic,1214,10177.75223
Cucumbers,organic,1215,10177.75223
Cucumbers,organic,1216,10177.75223
Cucumbers,organic,1221,10177.75223
Cucumbers,organic,1222,10177.75223
Cucumbers,organic,1311,187.1293894
Cucumbers,organic,1321,263.2472506
Cucumbers,organic,1322,1485.95657
Cucumbers,organic,1331,1506.116336
Cucumbers,organic,1411,7694.355309
Cucumbers,organic,1412,7694.355309
Cucumbers,organic,1421,7694.355309
Cucumbers,organic,1511,7648.456423
Cucumbers,organic,1512,7694.355309
Cucumbers,organic,1521,7601.500448
Cucumbers,organic,1522,7694.355309
Cucumbers,organic,1611,5957.96633
Cucumbers,organic,1612,7691.664695
Cucumbers,organic,1613,7694.355309
Cucumbers,organic,1614,7645.484074
Cucumbers,organic,1615,7694.355309
Cucumbers,organic,1616,7694.355309
Cucumbers,organic,1617,7536.957154
Cucumbers,organic,1621,7694.355309
Cucumbers,organic,1622,7694.355309
Cucumbers,organic,1623,7694.355309
Cucumbers,organic,1711,1284.066195
Cucumbers,organic,1712,1306.053575
Cucumbers,organic,1713,1282.4618
Cucumbers,organic,1721,3606.087331
Cucumbers,organic,1722,2214.244967
Cucumbers,organic,1723,1568.15013
Cucumbers,organic,1724,2073.917769
Cucumbers,organic,1811,521.0218608
Cucumbers,organic,1812,366.1953087
Cucumbers,organic,1813,385.8601742
Cucumbers,organic,1821,983.7098573
Cucumbers,organic,1911,2947.15627
Cucumbers,organic,1912,2947.665048
Cucumbers,organic,1921,2952.895978
Cucumbers,organic,1922,2966.462693
Cucumbers,organic,2011,3436.995805
Cucumbers,organic,2012,3438.628352
Cucumbers,organic,2019,3432.011385
Cucumbers,organic,2111,3471.419334
Cucumbers,organic,2121,3455.844601
Cucumbers,organic,2122,3476.827846
Cucumbers,organic,2211,3151.525314
Cucumbers,organic,2212,3157.279663
Cucumbers,organic,2221,3239.07336
Cucumbers,organic,2311,957.154149
Cucumbers,organic,2312,962.2029193
Cucumbers,organic,2319,961.6207062
Cucumbers,organic,2331,1630.889915
Cucumbers,organic,2411,1627.313282
Cucumbers,organic,2412,1627.313282
Cucumbers,organic,2413,1627.313282
Cucumbers,organic,2414,1630.442358
Cucumbers,organic,2415,1655.607134
Cucumbers,organic,2419,1656.12455
Cucumbers,organic,2511,4789.923036
Cucumbers,organic,2512,4791.855611
Cucumbers,organic,2519,4783.215359
Cucumbers,organic,2521,4449.537728
Cucumbers,organic,311,2965.685904
Cucumbers,organic,312,2965.966826
Cucumbers,organic,321,2815.222513
Cucumbers,organic,322,2765.851805
Cucumbers,organic,411,1191.17554
Cucumbers,organic,421,1354.732862
Cucumbers,organic,422,1317.329232
Cucumbers,organic,431,1286.125507
Cucumbers,organic,511,6615.149535
Cucumbers,organic,512,6626.97898
Cucumbers,organic,513,6578.219778
Cucumbers,organic,514,6578.219778
Cucumbers,organic,515,6578.219778
Cucumbers,organic,521,5805.373344
Cucumbers,organic,611,4675.882785
Cucumbers,organic,612,4684.375102
Cucumbers,organic,621,3335.035867
Cucumbers,organic,622,4468.617204
Cucumbers,organic,711,1940.068734
Cucumbers,organic,731,5911.803058
Cucumbers,organic,811,12390.1706
Cucumbers,organic,812,12380.53478
Cucumbers,organic,813,12380.53478
Cucumbers,organic,814,12376.32895
Cucumbers,organic,821,11237.15818
Cucumbers,organic,831,8464.577059
Cucumbers,organic,911,1261.867271
Cucumbers,organic,912,1261.867271
Cucumbers,organic,913,1261.867271
"Cucumbers, greenhouse",conventional,1011,46.15052593
"Cucumbers, greenhouse",conventional,111,46.15052593
"Cucumbers, greenhouse",conventional,1111,46.15052593
"Cucumbers, greenhouse",conventional,1112,46.15052593
"Cucumbers, greenhouse",conventional,112,46.15052593
"Cucumbers, greenhouse",conventional,1121,46.15052593
"Cucumbers, greenhouse",conventional,1122,46.15052593
"Cucumbers, greenhouse",conventional,1123,46.15052593
"Cucumbers, greenhouse",conventional,1124,46.15052593
"Cucumbers, greenhouse",conventional,1131,46.15052593
"Cucumbers, greenhouse",conventional,1211,46.15052593
"Cucumbers, greenhouse",conventional,1212,46.15052593
"Cucumbers, greenhouse",conventional,1213,46.15052593
"Cucumbers, greenhouse",conventional,1214,46.15052593
"Cucumbers, greenhouse",conventional,1215,46.15052593
"Cucumbers, greenhouse",conventional,1216,46.15052593
"Cucumbers, greenhouse",conventional,1221,46.15052593
"Cucumbers, greenhouse",conventional,1222,46.15052593
"Cucumbers, greenhouse",conventional,1311,46.15052593
"Cucumbers, greenhouse",conventional,1321,46.15052593
"Cucumbers, greenhouse",conventional,1322,46.15052593
"Cucumbers, greenhouse",conventional,1331,46.15052593
"Cucumbers, greenhouse",conventional,1411,46.15052593
"Cucumbers, greenhouse",conventional,1412,46.15052593
"Cucumbers, greenhouse",conventional,1421,46.15052593
"Cucumbers, greenhouse",conventional,1511,46.15052593
"Cucumbers, greenhouse",conventional,1512,46.15052593
"Cucumbers, greenhouse",conventional,1521,46.15052593
"Cucumbers, greenhouse",conventional,1522,46.15052593
"Cucumbers, greenhouse",conventional,1611,46.15052593
"Cucumbers, greenhouse",conventional,1612,46.15052593
"Cucumbers, greenhouse",conventional,1613,46.15052593
"Cucumbers, greenhouse",conventional,1614,46.15052593
"Cucumbers, greenhouse",conventional,1615,46.15052593
"Cucumbers, greenhouse",conventional,1616,46.15052593
"Cucumbers, greenhouse",conventional,1617,46.15052593
"Cucumbers, greenhouse",conventional,1621,46.15052593
"Cucumbers, greenhouse",conventional,1622,46.15052593
"Cucumbers, greenhouse",conventional,1623,46.15052593
"Cucumbers, greenhouse",conventional,1711,46.15052593
"Cucumbers, greenhouse",conventional,1712,46.15052593
"Cucumbers, greenhouse",conventional,1713,46.15052593
"Cucumbers, greenhouse",conventional,1721,46.15052593
"Cucumbers, greenhouse",conventional,1722,46.15052593
"Cucumbers, greenhouse",conventional,1723,46.15052593
"Cucumbers, greenhouse",conventional,1724,46.15052593
"Cucumbers, greenhouse",conventional,1811,46.15052593
"Cucumbers, greenhouse",conventional,1812,46.15052593
"Cucumbers, greenhouse",conventional,1813,46.15052593
"Cucumbers, greenhouse",conventional,1821,46.15052593
"Cucumbers, greenhouse",conventional,1911,46.15052593
"Cucumbers, greenhouse",conventional,1912,46.15052593
"Cucumbers, greenhouse",conventional,1921,46.15052593
"Cucumbers, greenhouse",conventional,1922,46.15052593
"Cucumbers, greenhouse",conventional,2011,46.15052593
"Cucumbers, greenhouse",conventional,2012,46.15052593
"Cucumbers, greenhouse",conventional,2019,46.15052593
"Cucumbers, greenhouse",conventional,2111,46.15052593
"Cucumbers, greenhouse",conventional,2121,46.15052593
"Cucumbers, greenhouse",conventional,2122,46.15052593
"Cucumbers, greenhouse",conventional,2211,46.15052593
"Cucumbers, greenhouse",conventional,2212,46.15052593
"Cucumbers, greenhouse",conventional,2221,46.15052593
"Cucumbers, greenhouse",conventional,2311,46.15052593
"Cucumbers, greenhouse",conventional,2312,46.15052593
"Cucumbers, greenhouse",conventional,2319,46.15052593
"Cucumbers, greenhouse",conventional,2331,46.15052593
"Cucumbers, greenhouse",conventional,2411,46.15052593
"Cucumbers, greenhouse",conventional,2412,46.15052593
"Cucumbers, greenhouse",conventional,2413,46.15052593
"Cucumbers, greenhouse",conventional,2414,46.15052593
"Cucumbers, greenhouse",conventional,2415,46.15052593
"Cucumbers, greenhouse",conventional,2419,46.15052593
"Cucumbers, greenhouse",conventional,2511,46.15052593
"Cucumbers, greenhouse",conventional,2512,46.15052593
"Cucumbers, greenhouse",conventional,2519,46.15052593
"Cucumbers, greenhouse",conventional,2521,46.15052593
"Cucumbers, greenhouse",conventional,311,46.15052593
"Cucumbers, greenhouse",conventional,312,46.15052593
"Cucumbers, greenhouse",conventional,321,46.15052593
"Cucumbers, greenhouse",conventional,322,46.15052593
"Cucumbers, greenhouse",conventional,411,46.15052593
"Cucumbers, greenhouse",conventional,421,46.15052593
"Cucumbers, greenhouse",conventional,422,46.15052593
"Cucumbers, greenhouse",conventional,431,46.15052593
"Cucumbers, greenhouse",conventional,511,46.15052593
"Cucumbers, greenhouse",conventional,512,46.15052593
"Cucumbers, greenhouse",conventional,513,46.15052593
"Cucumbers, greenhouse",conventional,514,46.15052593
"Cucumbers, greenhouse",conventional,515,46.15052593
"Cucumbers, greenhouse",conventional,521,46.15052593
"Cucumbers, greenhouse",conventional,611,46.15052593
"Cucumbers, greenhouse",conventional,612,46.15052593
"Cucumbers, greenhouse",conventional,621,46.15052593
"Cucumbers, greenhouse",conventional,622,46.15052593
"Cucumbers, greenhouse",conventional,711,46.15052593
"Cucumbers, greenhouse",conventional,731,46.15052593
"Cucumbers, greenhouse",conventional,811,46.15052593
"Cucumbers, greenhouse",conventional,812,46.15052593
"Cucumbers, greenhouse",conventional,813,46.15052593
"Cucumbers, greenhouse",conventional,814,46.15052593
"Cucumbers, greenhouse",conventional,821,46.15052593
"Cucumbers, greenhouse",conventional,831,46.15052593
"Cucumbers, greenhouse",conventional,911,46.15052593
"Cucumbers, greenhouse",conventional,912,46.15052593
"Cucumbers, greenhouse",conventional,913,46.15052593
"Cucumbers, greenhouse",organic,1011,23.36498544
"Cucumbers, greenhouse",organic,111,23.36498544
"Cucumbers, greenhouse",organic,1111,23.36498544
"Cucumbers, greenhouse",organic,1112,23.36498544
"Cucumbers, greenhouse",organic,112,23.36498544
"Cucumbers, greenhouse",organic,1121,23.36498544
"Cucumbers, greenhouse",organic,1122,23.36498544
"Cucumbers, greenhouse",organic,1123,23.36498544
"Cucumbers, greenhouse",organic,1124,23.36498544
"Cucumbers, greenhouse",organic,1131,23.36498544
"Cucumbers, greenhouse",organic,1211,23.36498544
"Cucumbers, greenhouse",organic,1212,23.36498544
"Cucumbers, greenhouse",organic,1213,23.36498544
"Cucumbers, greenhouse",organic,1214,23.36498544
"Cucumbers, greenhouse",organic,1215,23.36498544
"Cucumbers, greenhouse",organic,1216,23.36498544
"Cucumbers, greenhouse",organic,1221,23.36498544
"Cucumbers, greenhouse",organic,1222,23.36498544
"Cucumbers, greenhouse",organic,1311,23.36498544
"Cucumbers, greenhouse",organic,1321,23.36498544
"Cucumbers, greenhouse",organic,1322,23.36498544
"Cucumbers, greenhouse",organic,1331,23.36498544
"Cucumbers, greenhouse",organic,1411,23.36498544
"Cucumbers, greenhouse",organic,1412,23.36498544
"Cucumbers, greenhouse",organic,1421,23.36498544
"Cucumbers, greenhouse",organic,1511,23.36498544
"Cucumbers, greenhouse",organic,1512,23.36498544
"Cucumbers, greenhouse",organic,1521,23.36498544
"Cucumbers, greenhouse",organic,1522,23.36498544
"Cucumbers, greenhouse",organic,1611,23.36498544
"Cucumbers, greenhouse",organic,1612,23.36498544
"Cucumbers, greenhouse",organic,1613,23.36498544
"Cucumbers, greenhouse",organic,1614,23.36498544
"Cucumbers, greenhouse",organic,1615,23.36498544
"Cucumbers, greenhouse",organic,1616,23.36498544
"Cucumbers, greenhouse",organic,1617,23.36498544
"Cucumbers, greenhouse",organic,1621,23.36498544
"Cucumbers, greenhouse",organic,1622,23.36498544
"Cucumbers, greenhouse",organic,1623,23.36498544
"Cucumbers, greenhouse",organic,1711,23.36498544
"Cucumbers, greenhouse",organic,1712,23.36498544
"Cucumbers, greenhouse",organic,1713,23.36498544
"Cucumbers, greenhouse",organic,1721,23.36498544
"Cucumbers, greenhouse",organic,1722,23.36498544
"Cucumbers, greenhouse",organic,1723,23.36498544
"Cucumbers, greenhouse",organic,1724,23.36498544
"Cucumbers, greenhouse",organic,1811,23.36498544
"Cucumbers, greenhouse",organic,1812,23.36498544
"Cucumbers, greenhouse",organic,1813,23.36498544
"Cucumbers, greenhouse",organic,1821,23.36498544
"Cucumbers, greenhouse",organic,1911,23.36498544
"Cucumbers, greenhouse",organic,1912,23.36498544
"Cucumbers, greenhouse",organic,1921,23.36498544
"Cucumbers, greenhouse",organic,1922,23.36498544
"Cucumbers, greenhouse",organic,2011,23.36498544
"Cucumbers, greenhouse",organic,2012,23.36498544
"Cucumbers, greenhouse",organic,2019,23.36498544
"Cucumbers, greenhouse",organic,2111,23.36498544
"Cucumbers, greenhouse",organic,2121,23.36498544
"Cucumbers, greenhouse",organic,2122,23.36498544
"Cucumbers, greenhouse",organic,2211,23.36498544
"Cucumbers, greenhouse",organic,2212,23.36498544
"Cucumbers, greenhouse",organic,2221,23.36498544
"Cucumbers, greenhouse",organic,2311,23.36498544
"Cucumbers, greenhouse",organic,2312,23.36498544
"Cucumbers, greenhouse",organic,2319,23.36498544
"Cucumbers, greenhouse",organic,2331,23.36498544
"Cucumbers, greenhouse",organic,2411,23.36498544
"Cucumbers, greenhouse",organic,2412,23.36498544
"Cucumbers, greenhouse",organic,2413,23.36498544
"Cucumbers, greenhouse",organic,2414,23.36498544
"Cucumbers, greenhouse",organic,2415,23.36498544
"Cucumbers, greenhouse",organic,2419,23.36498544
"Cucumbers, greenhouse",organic,2511,23.36498544
"Cucumbers, greenhouse",organic,2512,23.36498544
"Cucumbers, greenhouse",organic,2519,23.36498544
"Cucumbers, greenhouse",organic,2521,23.36498544
"Cucumbers, greenhouse",organic,311,23.36498544
"Cucumbers, greenhouse",organic,312,23.36498544
"Cucumbers, greenhouse",organic,321,23.36498544
"Cucumbers, greenhouse",organic,322,23.36498544
"Cucumbers, greenhouse",organic,411,23.36498544
"Cucumbers, greenhouse",organic,421,23.36498544
"Cucumbers, greenhouse",organic,422,23.36498544
"Cucumbers, greenhouse",organic,431,23.36498544
"Cucumbers, greenhouse",organic,511,23.36498544
"Cucumbers, greenhouse",organic,512,23.36498544
"Cucumbers, greenhouse",organic,513,23.36498544
"Cucumbers, greenhouse",organic,514,23.36498544
"Cucumbers, greenhouse",organic,515,23.36498544
"Cucumbers, greenhouse",organic,521,23.36498544
"Cucumbers, greenhouse",organic,611,23.36498544
"Cucumbers, greenhouse",organic,612,23.36498544
"Cucumbers, greenhouse",organic,621,23.36498544
"Cucumbers, greenhouse",organic,622,23.36498544
"Cucumbers, greenhouse",organic,711,23.36498544
"Cucumbers, greenhouse",organic,731,23.36498544
"Cucumbers, greenhouse",organic,811,23.36498544
"Cucumbers, greenhouse",organic,812,23.36498544
"Cucumbers, greenhouse",organic,813,23.36498544
"Cucumbers, greenhouse",organic,814,23.36498544
"Cucumbers, greenhouse",organic,821,23.36498544
"Cucumbers, greenhouse",organic,831,23.36498544
"Cucumbers, greenhouse",organic,911,23.36498544
"Cucumbers, greenhouse",organic,912,23.36498544
"Cucumbers, greenhouse",organic,913,23.36498544
Currants,conventional,1011,1769.552651
Currants,conventional,111,364.3816807
Currants,conventional,1111,984.7164389
Currants,conventional,1112,983.5437284
Currants,conventional,112,319.2666428
Currants,conventional,1121,984.7164389
Currants,conventional,1122,984.7164389
Currants,conventional,1123,984.7164389
Currants,conventional,1124,935.9606249
Currants,conventional,1131,978.6010423
Currants,conventional,1211,984.7164389
Currants,conventional,1212,984.7164389
Currants,conventional,1213,984.7164389
Currants,conventional,1214,984.7164389
Currants,conventional,1215,984.7164389
Currants,conventional,1216,984.7164389
Currants,conventional,1221,984.7164389
Currants,conventional,1222,984.7164389
Currants,conventional,1311,1617.145182
Currants,conventional,1321,1311.693139
Currants,conventional,1322,1249.962948
Currants,conventional,1331,1225.346636
Currants,conventional,1411,617.6072402
Currants,conventional,1412,617.6072402
Currants,conventional,1421,617.6072402
Currants,conventional,1511,614.2311878
Currants,conventional,1512,617.6072402
Currants,conventional,1521,601.677565
Currants,conventional,1522,582.0602768
Currants,conventional,1611,996.6126055
Currants,conventional,1612,582.1414079
Currants,conventional,1613,582.0602768
Currants,conventional,1614,609.8980112
Currants,conventional,1615,617.6072402
Currants,conventional,1616,617.6072402
Currants,conventional,1617,589.7668842
Currants,conventional,1621,617.6072402
Currants,conventional,1622,582.0602768
Currants,conventional,1623,582.0602768
Currants,conventional,1711,443.5087026
Currants,conventional,1712,447.7689628
Currants,conventional,1713,442.5854042
Currants,conventional,1721,618.2774499
Currants,conventional,1722,546.2467655
Currants,conventional,1723,718.2490036
Currants,conventional,1724,1100.232122
Currants,conventional,1811,1454.694602
Currants,conventional,1812,1465.143491
Currants,conventional,1813,1461.990322
Currants,conventional,1821,1376.052442
Currants,conventional,1911,839.1878967
Currants,conventional,1912,678.8027976
Currants,conventional,1921,839.1126958
Currants,conventional,1922,840.8644602
Currants,conventional,2011,2584.703272
Currants,conventional,2012,2603.998464
Currants,conventional,2019,2603.529703
Currants,conventional,2111,988.8719164
Currants,conventional,2121,985.5391918
Currants,conventional,2122,1545.644667
Currants,conventional,2211,395.5056258
Currants,conventional,2212,393.3750354
Currants,conventional,2221,577.8787025
Currants,conventional,2311,439.8710983
Currants,conventional,2312,478.9502981
Currants,conventional,2319,478.750877
Currants,conventional,2331,632.9719773
Currants,conventional,2411,159.8513123
Currants,conventional,2412,191.5003508
Currants,conventional,2413,159.8513123
Currants,conventional,2414,191.92047
Currants,conventional,2415,194.8062805
Currants,conventional,2419,191.5003508
Currants,conventional,2511,525.043432
Currants,conventional,2512,526.113931
Currants,conventional,2519,526.5346719
Currants,conventional,2521,470.7435049
Currants,conventional,311,679.4805055
Currants,conventional,312,840.2062703
Currants,conventional,321,600.2410898
Currants,conventional,322,580.4143753
Currants,conventional,411,284.3387535
Currants,conventional,421,306.0711138
Currants,conventional,422,312.032087
Currants,conventional,431,300.9316785
Currants,conventional,511,1926.541313
Currants,conventional,512,1927.785423
Currants,conventional,513,1677.892831
Currants,conventional,514,1931.058271
Currants,conventional,515,1677.892831
Currants,conventional,521,1697.114946
Currants,conventional,611,1079.167037
Currants,conventional,612,1081.46287
Currants,conventional,621,952.6858343
Currants,conventional,622,1266.472746
Currants,conventional,711,553.9335291
Currants,conventional,731,1148.963566
Currants,conventional,811,1189.958138
Currants,conventional,812,1187.463813
Currants,conventional,813,1187.463813
Currants,conventional,814,1188.315717
Currants,conventional,821,1497.076271
Currants,conventional,831,1128.842983
Currants,conventional,911,3938.865756
Currants,conventional,912,3938.865756
Currants,conventional,913,3938.865756
Currants,organic,1011,1347.763108
Currants,organic,111,277.5278747
Currants,organic,1111,750
Currants,organic,1112,749.1068161
Currants,organic,112,243.1664311
Currants,organic,1121,750
Currants,organic,1122,750
Currants,organic,1123,750
Currants,organic,1124,712.8655935
Currants,organic,1131,745.3422657
Currants,organic,1211,750
Currants,organic,1212,750
Currants,organic,1213,750
Currants,organic,1214,750
Currants,organic,1215,750
Currants,organic,1216,750
Currants,organic,1221,750
Currants,organic,1222,750
Currants,organic,1311,1231.683395
Currants,organic,1321,999.0387234
Currants,organic,1322,952.0225051
Currants,organic,1331,933.2737226
Currants,organic,1411,470.3947368
Currants,organic,1412,470.3947368
Currants,organic,1421,470.3947368
Currants,organic,1511,467.8233983
Currants,organic,1512,470.3947368
Currants,organic,1521,458.2620498
Currants,organic,1522,443.320727
Currants,organic,1611,759.0606032
Currants,organic,1612,443.3825197
Currants,organic,1613,443.320727
Currants,organic,1614,464.5230752
Currants,organic,1615,470.3947368
Currants,organic,1616,470.3947368
Currants,organic,1617,449.1903919
Currants,organic,1621,470.3947368
Currants,organic,1622,443.320727
Currants,organic,1623,443.320727
Currants,organic,1711,337.7942256
Currants,organic,1712,341.0390126
Currants,organic,1713,337.0910041
Currants,organic,1721,470.9051958
Currants,organic,1722,416.0437035
Currants,organic,1723,547.0475879
Currants,organic,1724,837.9814321
Currants,organic,1811,1107.954441
Currants,organic,1812,1115.912739
Currants,organic,1813,1113.511157
Currants,organic,1821,1048.05738
Currants,organic,1911,639.1595566
Currants,organic,1912,517.0037567
Currants,organic,1921,639.1022806
Currants,organic,1922,640.4364955
Currants,organic,2011,1968.6149
Currants,organic,2012,1983.310901
Currants,organic,2019,1982.953874
Currants,organic,2111,753.1649803
Currants,organic,2121,750.626642
Currants,organic,2122,1177.225701
Currants,organic,2211,301.2331343
Currants,organic,2212,299.6103902
Currants,organic,2221,440.1358703
Currants,organic,2311,335.0236786
Currants,organic,2312,364.787983
Currants,organic,2319,364.6360958
Currants,organic,2331,482.0971441
Currants,organic,2411,121.7492463
Currants,organic,2412,145.8544383
Currants,organic,2413,121.7492463
Currants,organic,2414,146.1744182
Currants,organic,2415,148.3723685
Currants,organic,2419,145.8544383
Currants,organic,2511,399.8943843
Currants,organic,2512,400.7097198
Currants,organic,2519,401.030173
Currants,organic,2521,358.5373563
Currants,organic,311,517.5199266
Currants,organic,312,639.9351913
Currants,organic,321,457.1679719
Currants,organic,322,442.0671416
Currants,organic,411,216.5639332
Currants,organic,421,233.1161808
Currants,organic,422,237.6562998
Currants,organic,431,229.2017783
Currants,organic,511,1467.332043
Currants,organic,512,1468.279608
Currants,organic,513,1277.95127
Currants,organic,514,1470.772342
Currants,organic,515,1277.95127
Currants,organic,521,1292.591613
Currants,organic,611,821.9374083
Currants,organic,612,823.686008
Currants,organic,621,725.6041917
Currants,organic,622,964.5970376
Currants,organic,711,421.8982546
Currants,organic,731,875.0972775
Currants,organic,811,906.3204071
Currants,organic,812,904.4206278
Currants,organic,813,904.4206278
Currants,organic,814,905.069472
Currants,organic,821,1140.23404
Currants,organic,831,859.7726245
Currants,organic,911,3000
Currants,organic,912,3000
Currants,organic,913,3000
Energy grass,conventional,1011,
Energy grass,conventional,111,
Energy grass,conventional,1111,
Energy grass,conventional,1112,
Energy grass,conventional,112,
Energy grass,conventional,1121,
Energy grass,conventional,1122,
Energy grass,conventional,1123,
Energy grass,conventional,1124,
Energy grass,conventional,1131,
Energy grass,conventional,1211,
Energy grass,conventional,1212,
Energy grass,conventional,1213,
Energy grass,conventional,1214,
Energy grass,conventional,1215,
Energy grass,conventional,1216,
Energy grass,conventional,1221,
Energy grass,conventional,1222,
Energy grass,conventional,1311,
Energy grass,conventional,1321,
Energy grass,conventional,1322,
Energy grass,conventional,1331,
Energy grass,conventional,1411,
Energy grass,conventional,1412,
Energy grass,conventional,1421,
Energy grass,conventional,1511,
Energy grass,conventional,1512,
Energy grass,conventional,1521,
Energy grass,conventional,1522,0
Energy grass,conventional,1611,
Energy grass,conventional,1612,
Energy grass,conventional,1613,
Energy grass,conventional,1614,
Energy grass,conventional,1615,
Energy grass,conventional,1616,
Energy grass,conventional,1617,
Energy grass,conventional,1621,
Energy grass,conventional,1622,
Energy grass,conventional,1623,
Energy grass,conventional,1711,0
Energy grass,conventional,1712,0
Energy grass,conventional,1713,
Energy grass,conventional,1721,
Energy grass,conventional,1722,0
Energy grass,conventional,1723,
Energy grass,conventional,1724,
Energy grass,conventional,1811,
Energy grass,conventional,1812,
Energy grass,conventional,1813,
Energy grass,conventional,1821,
Energy grass,conventional,1911,
Energy grass,conventional,1912,
Energy grass,conventional,1921,
Energy grass,conventional,1922,
Energy grass,conventional,2011,0
Energy grass,conventional,2012,
Energy grass,conventional,2019,
Energy grass,conventional,2111,
Energy grass,conventional,2121,
Energy grass,conventional,2122,
Energy grass,conventional,2211,0
Energy grass,conventional,2212,0
Energy grass,conventional,2221,
Energy grass,conventional,2311,
Energy grass,conventional,2312,
Energy grass,conventional,2319,
Energy grass,conventional,2331,
Energy grass,conventional,2411,0
Energy grass,conventional,2412,
Energy grass,conventional,2413,0
Energy grass,conventional,2414,
Energy grass,conventional,2415,
Energy grass,conventional,2419,
Energy grass,conventional,2511,0
Energy grass,conventional,2512,0
Energy grass,conventional,2519,
Energy grass,conventional,2521,0
Energy grass,conventional,311,
Energy grass,conventional,312,
Energy grass,conventional,321,
Energy grass,conventional,322,
Energy grass,conventional,411,
Energy grass,conventional,421,
Energy grass,conventional,422,
Energy grass,conventional,431,
Energy grass,conventional,511,
Energy grass,conventional,512,
Energy grass,conventional,513,
Energy grass,conventional,514,
Energy grass,conventional,515,
Energy grass,conventional,521,
Energy grass,conventional,611,
Energy grass,conventional,612,
Energy grass,conventional,621,
Energy grass,conventional,622,
Energy grass,conventional,711,
Energy grass,conventional,731,
Energy grass,conventional,811,
Energy grass,conventional,812,0
Energy grass,conventional,813,
Energy grass,conventional,814,
Energy grass,conventional,821,
Energy grass,conventional,831,0
Energy grass,conventional,911,
Energy grass,conventional,912,
Energy grass,conventional,913,
Energy grass,organic,1011,
Energy grass,organic,111,
Energy grass,organic,1111,
Energy grass,organic,1112,
Energy grass,organic,112,
Energy grass,organic,1121,
Energy grass,organic,1122,
Energy grass,organic,1123,
Energy grass,organic,1124,
Energy grass,organic,1131,
Energy grass,organic,1211,
Energy grass,organic,1212,
Energy grass,organic,1213,
Energy grass,organic,1214,
Energy grass,organic,1215,
Energy grass,organic,1216,
Energy grass,organic,1221,
Energy grass,organic,1222,
Energy grass,organic,1311,
Energy grass,organic,1321,
Energy grass,organic,1322,
Energy grass,organic,1331,
Energy grass,organic,1411,
Energy grass,organic,1412,
Energy grass,organic,1421,
Energy grass,organic,1511,
Energy grass,organic,1512,
Energy grass,organic,1521,
Energy grass,organic,1522,0
Energy grass,organic,1611,
Energy grass,organic,1612,
Energy grass,organic,1613,
Energy grass,organic,1614,
Energy grass,organic,1615,
Energy grass,organic,1616,
Energy grass,organic,1617,
Energy grass,organic,1621,
Energy grass,organic,1622,
Energy grass,organic,1623,
Energy grass,organic,1711,0
Energy grass,organic,1712,0
Energy grass,organic,1713,
Energy grass,organic,1721,
Energy grass,organic,1722,0
Energy grass,organic,1723,
Energy grass,organic,1724,
Energy grass,organic,1811,
Energy grass,organic,1812,
Energy grass,organic,1813,
Energy grass,organic,1821,
Energy grass,organic,1911,
Energy grass,organic,1912,
Energy grass,organic,1921,
Energy grass,organic,1922,
Energy grass,organic,2011,0
Energy grass,organic,2012,
Energy grass,organic,2019,
Energy grass,organic,2111,
Energy grass,organic,2121,
Energy grass,organic,2122,
Energy grass,organic,2211,0
Energy grass,organic,2212,0
Energy grass,organic,2221,
Energy grass,organic,2311,
Energy grass,organic,2312,
Energy grass,organic,2319,
Energy grass,organic,2331,
Energy grass,organic,2411,0
Energy grass,organic,2412,
Energy grass,organic,2413,0
Energy grass,organic,2414,
Energy grass,organic,2415,
Energy grass,organic,2419,
Energy grass,organic,2511,0
Energy grass,organic,2512,0
Energy grass,organic,2519,
Energy grass,organic,2521,0
Energy grass,organic,311,
Energy grass,organic,312,
Energy grass,organic,321,
Energy grass,organic,322,
Energy grass,organic,411,
Energy grass,organic,421,
Energy grass,organic,422,
Energy grass,organic,431,
Energy grass,organic,511,
Energy grass,organic,512,
Energy grass,organic,513,
Energy grass,organic,514,
Energy grass,organic,515,
Energy grass,organic,521,
Energy grass,organic,611,
Energy grass,organic,612,
Energy grass,organic,621,
Energy grass,organic,622,
Energy grass,organic,711,
Energy grass,organic,731,
Energy grass,organic,811,
Energy grass,organic,812,0
Energy grass,organic,813,
Energy grass,organic,814,
Energy grass,organic,821,
Energy grass,organic,831,0
Energy grass,organic,911,
Energy grass,organic,912,
Energy grass,organic,913,
Fallow,conventional,1011,0
Fallow,conventional,111,0
Fallow,conventional,1111,0
Fallow,conventional,1112,0
Fallow,conventional,112,0
Fallow,conventional,1121,0
Fallow,conventional,1122,0
Fallow,conventional,1123,0
Fallow,conventional,1124,0
Fallow,conventional,1131,0
Fallow,conventional,1211,0
Fallow,conventional,1212,0
Fallow,conventional,1213,0
Fallow,conventional,1214,0
Fallow,conventional,1215,0
Fallow,conventional,1216,0
Fallow,conventional,1221,0
Fallow,conventional,1222,0
Fallow,conventional,1311,0
Fallow,conventional,1321,0
Fallow,conventional,1322,0
Fallow,conventional,1331,0
Fallow,conventional,1411,0
Fallow,conventional,1412,0
Fallow,conventional,1421,0
Fallow,conventional,1511,0
Fallow,conventional,1512,0
Fallow,conventional,1521,0
Fallow,conventional,1522,0
Fallow,conventional,1611,0
Fallow,conventional,1612,0
Fallow,conventional,1613,0
Fallow,conventional,1614,0
Fallow,conventional,1615,0
Fallow,conventional,1616,0
Fallow,conventional,1617,0
Fallow,conventional,1621,0
Fallow,conventional,1622,0
Fallow,conventional,1623,0
Fallow,conventional,1711,0
Fallow,conventional,1712,0
Fallow,conventional,1713,0
Fallow,conventional,1721,0
Fallow,conventional,1722,0
Fallow,conventional,1723,0
Fallow,conventional,1724,0
Fallow,conventional,1811,0
Fallow,conventional,1812,0
Fallow,conventional,1813,0
Fallow,conventional,1821,0
Fallow,conventional,1911,0
Fallow,conventional,1912,0
Fallow,conventional,1921,0
Fallow,conventional,1922,0
Fallow,conventional,2011,0
Fallow,conventional,2012,0
Fallow,conventional,2019,0
Fallow,conventional,2111,0
Fallow,conventional,2121,0
Fallow,conventional,2122,0
Fallow,conventional,2211,0
Fallow,conventional,2212,0
Fallow,conventional,2221,0
Fallow,conventional,2311,0
Fallow,conventional,2312,0
Fallow,conventional,2319,0
Fallow,conventional,2331,0
Fallow,conventional,2411,0
Fallow,conventional,2412,0
Fallow,conventional,2413,0
Fallow,conventional,2414,0
Fallow,conventional,2415,0
Fallow,conventional,2419,0
Fallow,conventional,2511,0
Fallow,conventional,2512,0
Fallow,conventional,2519,0
Fallow,conventional,2521,0
Fallow,conventional,311,0
Fallow,conventional,312,0
Fallow,conventional,321,0
Fallow,conventional,322,0
Fallow,conventional,411,0
Fallow,conventional,421,0
Fallow,conventional,422,0
Fallow,conventional,431,0
Fallow,conventional,511,0
Fallow,conventional,512,0
Fallow,conventional,513,0
Fallow,conventional,514,0
Fallow,conventional,515,0
Fallow,conventional,521,0
Fallow,conventional,611,0
Fallow,conventional,612,0
Fallow,conventional,621,0
Fallow,conventional,622,0
Fallow,conventional,711,0
Fallow,conventional,731,0
Fallow,conventional,811,0
Fallow,conventional,812,0
Fallow,conventional,813,0
Fallow,conventional,814,0
Fallow,conventional,821,0
Fallow,conventional,831,0
Fallow,conventional,911,0
Fallow,conventional,912,0
Fallow,conventional,913,0
Fallow,organic,1011,0
Fallow,organic,111,0
Fallow,organic,1111,0
Fallow,organic,1112,0
Fallow,organic,112,0
Fallow,organic,1121,0
Fallow,organic,1122,0
Fallow,organic,1123,0
Fallow,organic,1124,0
Fallow,organic,1131,0
Fallow,organic,1211,0
Fallow,organic,1212,0
Fallow,organic,1213,0
Fallow,organic,1214,0
Fallow,organic,1215,0
Fallow,organic,1216,0
Fallow,organic,1221,0
Fallow,organic,1222,0
Fallow,organic,1311,0
Fallow,organic,1321,0
Fallow,organic,1322,0
Fallow,organic,1331,0
Fallow,organic,1411,0
Fallow,organic,1412,0
Fallow,organic,1421,0
Fallow,organic,1511,0
Fallow,organic,1512,0
Fallow,organic,1521,0
Fallow,organic,1522,0
Fallow,organic,1611,0
Fallow,organic,1612,0
Fallow,organic,1613,0
Fallow,organic,1614,0
Fallow,organic,1615,0
Fallow,organic,1616,0
Fallow,organic,1617,0
Fallow,organic,1621,0
Fallow,organic,1622,0
Fallow,organic,1623,0
Fallow,organic,1711,0
Fallow,organic,1712,0
Fallow,organic,1713,0
Fallow,organic,1721,0
Fallow,organic,1722,0
Fallow,organic,1723,0
Fallow,organic,1724,0
Fallow,organic,1811,0
Fallow,organic,1812,0
Fallow,organic,1813,0
Fallow,organic,1821,0
Fallow,organic,1911,0
Fallow,organic,1912,0
Fallow,organic,1921,0
Fallow,organic,1922,0
Fallow,organic,2011,0
Fallow,organic,2012,0
Fallow,organic,2019,0
Fallow,organic,2111,0
Fallow,organic,2121,0
Fallow,organic,2122,0
Fallow,organic,2211,0
Fallow,organic,2212,0
Fallow,organic,2221,0
Fallow,organic,2311,0
Fallow,organic,2312,0
Fallow,organic,2319,0
Fallow,organic,2331,0
Fallow,organic,2411,0
Fallow,organic,2412,0
Fallow,organic,2413,0
Fallow,organic,2414,0
Fallow,organic,2415,0
Fallow,organic,2419,0
Fallow,organic,2511,0
Fallow,organic,2512,0
Fallow,organic,2519,0
Fallow,organic,2521,0
Fallow,organic,311,0
Fallow,organic,312,0
Fallow,organic,321,0
Fallow,organic,322,0
Fallow,organic,411,0
Fallow,organic,421,0
Fallow,organic,422,0
Fallow,organic,431,0
Fallow,organic,511,0
Fallow,organic,512,0
Fallow,organic,513,0
Fallow,organic,514,0
Fallow,organic,515,0
Fallow,organic,521,0
Fallow,organic,611,0
Fallow,organic,612,0
Fallow,organic,621,0
Fallow,organic,622,0
Fallow,organic,711,0
Fallow,organic,731,0
Fallow,organic,811,0
Fallow,organic,812,0
Fallow,organic,813,0
Fallow,organic,814,0
Fallow,organic,821,0
Fallow,organic,831,0
Fallow,organic,911,0
Fallow,organic,912,0
Fallow,organic,913,0
Green manure,conventional,1011,0
Green manure,conventional,111,0
Green manure,conventional,1111,0
Green manure,conventional,1112,0
Green manure,conventional,112,0
Green manure,conventional,1121,0
Green manure,conventional,1122,0
Green manure,conventional,1123,0
Green manure,conventional,1124,0
Green manure,conventional,1131,0
Green manure,conventional,1211,0
Green manure,conventional,1212,0
Green manure,conventional,1213,0
Green manure,conventional,1214,0
Green manure,conventional,1215,0
Green manure,conventional,1216,0
Green manure,conventional,1221,0
Green manure,conventional,1222,0
Green manure,conventional,1311,0
Green manure,conventional,1321,0
Green manure,conventional,1322,0
Green manure,conventional,1331,0
Green manure,conventional,1411,0
Green manure,conventional,1412,0
Green manure,conventional,1421,0
Green manure,conventional,1511,0
Green manure,conventional,1512,0
Green manure,conventional,1521,0
Green manure,conventional,1522,0
Green manure,conventional,1611,0
Green manure,conventional,1612,0
Green manure,conventional,1613,0
Green manure,conventional,1614,0
Green manure,conventional,1615,0
Green manure,conventional,1616,0
Green manure,conventional,1617,0
Green manure,conventional,1621,0
Green manure,conventional,1622,0
Green manure,conventional,1623,0
Green manure,conventional,1711,0
Green manure,conventional,1712,0
Green manure,conventional,1713,0
Green manure,conventional,1721,0
Green manure,conventional,1722,0
Green manure,conventional,1723,0
Green manure,conventional,1724,0
Green manure,conventional,1811,0
Green manure,conventional,1812,0
Green manure,conventional,1813,0
Green manure,conventional,1821,0
Green manure,conventional,1911,0
Green manure,conventional,1912,0
Green manure,conventional,1921,0
Green manure,conventional,1922,0
Green manure,conventional,2011,0
Green manure,conventional,2012,0
Green manure,conventional,2019,0
Green manure,conventional,2111,0
Green manure,conventional,2121,0
Green manure,conventional,2122,0
Green manure,conventional,2211,0
Green manure,conventional,2212,0
Green manure,conventional,2221,0
Green manure,conventional,2311,0
Green manure,conventional,2312,0
Green manure,conventional,2319,0
Green manure,conventional,2331,0
Green manure,conventional,2411,0
Green manure,conventional,2412,0
Green manure,conventional,2413,0
Green manure,conventional,2414,0
Green manure,conventional,2415,0
Green manure,conventional,2419,0
Green manure,conventional,2511,0
Green manure,conventional,2512,0
Green manure,conventional,2519,0
Green manure,conventional,2521,0
Green manure,conventional,311,0
Green manure,conventional,312,0
Green manure,conventional,321,0
Green manure,conventional,322,0
Green manure,conventional,411,0
Green manure,conventional,421,0
Green manure,conventional,422,0
Green manure,conventional,431,0
Green manure,conventional,511,0
Green manure,conventional,512,0
Green manure,conventional,513,0
Green manure,conventional,514,0
Green manure,conventional,515,0
Green manure,conventional,521,0
Green manure,conventional,611,0
Green manure,conventional,612,0
Green manure,conventional,621,0
Green manure,conventional,622,0
Green manure,conventional,711,0
Green manure,conventional,731,0
Green manure,conventional,811,0
Green manure,conventional,812,0
Green manure,conventional,813,0
Green manure,conventional,814,0
Green manure,conventional,821,0
Green manure,conventional,831,0
Green manure,conventional,911,0
Green manure,conventional,912,0
Green manure,conventional,913,0
Green manure,organic,1011,0
Green manure,organic,111,0
Green manure,organic,1111,0
Green manure,organic,1112,0
Green manure,organic,112,0
Green manure,organic,1121,0
Green manure,organic,1122,0
Green manure,organic,1123,0
Green manure,organic,1124,0
Green manure,organic,1131,0
Green manure,organic,1211,0
Green manure,organic,1212,0
Green manure,organic,1213,0
Green manure,organic,1214,0
Green manure,organic,1215,0
Green manure,organic,1216,0
Green manure,organic,1221,0
Green manure,organic,1222,0
Green manure,organic,1311,0
Green manure,organic,1321,0
Green manure,organic,1322,0
Green manure,organic,1331,0
Green manure,organic,1411,0
Green manure,organic,1412,0
Green manure,organic,1421,0
Green manure,organic,1511,0
Green manure,organic,1512,0
Green manure,organic,1521,0
Green manure,organic,1522,0
Green manure,organic,1611,0
Green manure,organic,1612,0
Green manure,organic,1613,0
Green manure,organic,1614,0
Green manure,organic,1615,0
Green manure,organic,1616,0
Green manure,organic,1617,0
Green manure,organic,1621,0
Green manure,organic,1622,0
Green manure,organic,1623,0
Green manure,organic,1711,0
Green manure,organic,1712,0
Green manure,organic,1713,0
Green manure,organic,1721,0
Green manure,organic,1722,0
Green manure,organic,1723,0
Green manure,organic,1724,0
Green manure,organic,1811,0
Green manure,organic,1812,0
Green manure,organic,1813,0
Green manure,organic,1821,0
Green manure,organic,1911,0
Green manure,organic,1912,0
Green manure,organic,1921,0
Green manure,organic,1922,0
Green manure,organic,2011,0
Green manure,organic,2012,0
Green manure,organic,2019,0
Green manure,organic,2111,0
Green manure,organic,2121,0
Green manure,organic,2122,0
Green manure,organic,2211,0
Green manure,organic,2212,0
Green manure,organic,2221,0
Green manure,organic,2311,0
Green manure,organic,2312,0
Green manure,organic,2319,0
Green manure,organic,2331,0
Green manure,organic,2411,0
Green manure,organic,2412,0
Green manure,organic,2413,0
Green manure,organic,2414,0
Green manure,organic,2415,0
Green manure,organic,2419,0
Green manure,organic,2511,0
Green manure,organic,2512,0
Green manure,organic,2519,0
Green manure,organic,2521,0
Green manure,organic,311,0
Green manure,organic,312,0
Green manure,organic,321,0
Green manure,organic,322,0
Green manure,organic,411,0
Green manure,organic,421,0
Green manure,organic,422,0
Green manure,organic,431,0
Green manure,organic,511,0
Green manure,organic,512,0
Green manure,organic,513,0
Green manure,organic,514,0
Green manure,organic,515,0
Green manure,organic,521,0
Green manure,organic,611,0
Green manure,organic,612,0
Green manure,organic,621,0
Green manure,organic,622,0
Green manure,organic,711,0
Green manure,organic,731,0
Green manure,organic,811,0
Green manure,organic,812,0
Green manure,organic,813,0
Green manure,organic,814,0
Green manure,organic,821,0
Green manure,organic,831,0
Green manure,organic,911,0
Green manure,organic,912,0
Green manure,organic,913,0
Herbs,conventional,1011,3714.239081
Herbs,conventional,111,2017.353152
Herbs,conventional,1111,4593.137433
Herbs,conventional,1112,4578.870689
Herbs,conventional,112,2017.473767
Herbs,conventional,1121,4593.137433
Herbs,conventional,1122,4593.137433
Herbs,conventional,1123,4593.137433
Herbs,conventional,1124,3989.747871
Herbs,conventional,1131,3210.025091
Herbs,conventional,1211,4593.137433
Herbs,conventional,1212,4593.137433
Herbs,conventional,1213,4593.137433
Herbs,conventional,1214,4593.137433
Herbs,conventional,1215,4593.137433
Herbs,conventional,1216,4593.137433
Herbs,conventional,1221,4593.137433
Herbs,conventional,1222,4593.137433
Herbs,conventional,1311,3561.240608
Herbs,conventional,1321,3581.643875
Herbs,conventional,1322,3235.374676
Herbs,conventional,1331,3380.637911
Herbs,conventional,1411,2151.82114
Herbs,conventional,1412,2151.82114
Herbs,conventional,1421,2151.82114
Herbs,conventional,1511,2149.104601
Herbs,conventional,1512,2151.82114
Herbs,conventional,1521,2137.260142
Herbs,conventional,1522,2151.82114
Herbs,conventional,1611,2314.372808
Herbs,conventional,1612,2151.20153
Herbs,conventional,1613,2151.82114
Herbs,conventional,1614,2143.319531
Herbs,conventional,1615,2151.82114
Herbs,conventional,1616,2151.82114
Herbs,conventional,1617,2142.531272
Herbs,conventional,1621,2151.82114
Herbs,conventional,1622,2151.82114
Herbs,conventional,1623,2151.82114
Herbs,conventional,1711,1011.319383
Herbs,conventional,1712,1024.26126
Herbs,conventional,1713,1009.287287
Herbs,conventional,1721,1417.846729
Herbs,conventional,1722,1345.85568
Herbs,conventional,1723,1606.059006
Herbs,conventional,1724,1384.431536
Herbs,conventional,1811,3116.798538
Herbs,conventional,1812,3101.675115
Herbs,conventional,1813,3093.60424
Herbs,conventional,1821,2857.201858
Herbs,conventional,1911,1540.913146
Herbs,conventional,1912,1539.348203
Herbs,conventional,1921,1589.65035
Herbs,conventional,1922,1596.953801
Herbs,conventional,2011,1850.258737
Herbs,conventional,2012,1797.636741
Herbs,conventional,2019,1847.575444
Herbs,conventional,2111,1868.790164
Herbs,conventional,2121,1860.405724
Herbs,conventional,2122,1871.701761
Herbs,conventional,2211,1696.579681
Herbs,conventional,2212,1699.677455
Herbs,conventional,2221,1743.70995
Herbs,conventional,2311,515.2705815
Herbs,conventional,2312,517.9885165
Herbs,conventional,2319,517.6750903
Herbs,conventional,2331,877.9668307
Herbs,conventional,2411,876.0414005
Herbs,conventional,2412,876.0414005
Herbs,conventional,2413,876.0414005
Herbs,conventional,2414,877.7258948
Herbs,conventional,2415,891.2730008
Herbs,conventional,2419,891.5515443
Herbs,conventional,2511,2578.588236
Herbs,conventional,2512,2579.62861
Herbs,conventional,2519,2574.977251
Herbs,conventional,2521,2395.346554
Herbs,conventional,311,1582.313773
Herbs,conventional,312,1582.026237
Herbs,conventional,321,1718.877922
Herbs,conventional,322,1758.719991
Herbs,conventional,411,1507.099026
Herbs,conventional,421,1452.742799
Herbs,conventional,422,1596.239615
Herbs,conventional,431,1475.582751
Herbs,conventional,511,2801.978095
Herbs,conventional,512,2800.367023
Herbs,conventional,513,2802.310233
Herbs,conventional,514,2802.310233
Herbs,conventional,515,2802.310233
Herbs,conventional,521,3210.318396
Herbs,conventional,611,2443.865008
Herbs,conventional,612,2442.738222
Herbs,conventional,621,1763.003458
Herbs,conventional,622,2317.81584
Herbs,conventional,711,1044.408934
Herbs,conventional,731,2473.193934
Herbs,conventional,811,2052.036385
Herbs,conventional,812,2048.257774
Herbs,conventional,813,2048.257774
Herbs,conventional,814,2048.942792
Herbs,conventional,821,2419.296299
Herbs,conventional,831,1974.349991
Herbs,conventional,911,2673.675727
Herbs,conventional,912,2673.675727
Herbs,conventional,913,2673.675727
Herbs,organic,1011,674.2197192
Herbs,organic,111,366.1959411
Herbs,organic,1111,833.7599608
Herbs,organic,1112,831.170219
Herbs,organic,112,366.2178355
Herbs,organic,1121,833.7599608
Herbs,organic,1122,833.7599608
Herbs,organic,1123,833.7599608
Herbs,organic,1124,724.2308939
Herbs,organic,1131,582.6932969
Herbs,organic,1211,833.7599608
Herbs,organic,1212,833.7599608
Herbs,organic,1213,833.7599608
Herbs,organic,1214,833.7599608
Herbs,organic,1215,833.7599608
Herbs,organic,1216,833.7599608
Herbs,organic,1221,833.7599608
Herbs,organic,1222,833.7599608
Herbs,organic,1311,646.4469816
Herbs,organic,1321,650.1506432
Herbs,organic,1322,587.294829
Herbs,organic,1331,613.6634431
Herbs,organic,1411,390.60497
Herbs,organic,1412,390.60497
Herbs,organic,1421,390.60497
Herbs,organic,1511,390.1118558
Herbs,organic,1512,390.60497
Herbs,organic,1521,387.9618144
Herbs,organic,1522,390.60497
Herbs,organic,1611,420.1118319
Herbs,organic,1612,390.4924966
Herbs,organic,1613,390.60497
Herbs,organic,1614,389.0617327
Herbs,organic,1615,390.60497
Herbs,organic,1616,390.60497
Herbs,organic,1617,388.9186456
Herbs,organic,1621,390.60497
Herbs,organic,1622,390.60497
Herbs,organic,1623,390.60497
Herbs,organic,1711,183.5777007
Herbs,organic,1712,185.9269487
Herbs,organic,1713,183.2088286
Herbs,organic,1721,257.3717531
Herbs,organic,1722,244.3037239
Herbs,organic,1723,291.536605
Herbs,organic,1724,251.3061278
Herbs,organic,1811,565.7705359
Herbs,organic,1812,563.0252871
Herbs,organic,1813,561.5602379
Herbs,organic,1821,518.6477748
Herbs,organic,1911,279.7111349
Herbs,organic,1912,279.4270617
Herbs,organic,1921,288.558057
Herbs,organic,1922,289.8838013
Herbs,organic,2011,335.8644662
Herbs,organic,2012,326.312365
Herbs,organic,2019,335.3773869
Herbs,organic,2111,339.2283459
Herbs,organic,2121,337.7063773
Herbs,organic,2122,339.7568676
Herbs,organic,2211,307.9681872
Herbs,organic,2212,308.5305042
Herbs,organic,2221,316.5234136
Herbs,organic,2311,93.53344768
Herbs,organic,2312,94.02681533
Herbs,organic,2319,93.96992126
Herbs,organic,2331,159.371149
Herbs,organic,2411,159.0216392
Herbs,organic,2412,159.0216392
Herbs,organic,2413,159.0216392
Herbs,organic,2414,159.3274136
Herbs,organic,2415,161.7865246
Herbs,organic,2419,161.8370866
Herbs,organic,2511,468.0730018
Herbs,organic,2512,468.2618537
Herbs,organic,2519,467.4175252
Herbs,organic,2521,434.8104271
Herbs,organic,311,287.2262998
Herbs,organic,312,287.1741054
Herbs,organic,321,312.0158301
Herbs,organic,322,319.2480809
Herbs,organic,411,273.5730954
Herbs,organic,421,263.7061913
Herbs,organic,422,289.75416
Herbs,organic,431,267.8521673
Herbs,organic,511,508.6233932
Herbs,organic,512,508.3309465
Herbs,organic,513,508.6836839
Herbs,organic,514,508.6836839
Herbs,organic,515,508.6836839
Herbs,organic,521,582.7465385
Herbs,organic,611,443.617641
Herbs,organic,612,443.4131035
Herbs,organic,621,320.0256285
Herbs,organic,622,420.7368214
Herbs,organic,711,189.5842144
Herbs,organic,731,448.9415149
Herbs,organic,811,372.4917446
Herbs,organic,812,371.8058399
Herbs,organic,813,371.8058399
Herbs,organic,814,371.9301865
Herbs,organic,821,439.1578559
Herbs,organic,831,358.3898796
Herbs,organic,911,485.3335659
Herbs,organic,912,485.3335659
Herbs,organic,913,485.3335659
"Herbs, greenhouse",conventional,1011,11.10667262
"Herbs, greenhouse",conventional,111,11.10667262
"Herbs, greenhouse",conventional,1111,11.10667262
"Herbs, greenhouse",conventional,1112,11.10667262
"Herbs, greenhouse",conventional,112,11.10667262
"Herbs, greenhouse",conventional,1121,11.10667262
"Herbs, greenhouse",conventional,1122,11.10667262
"Herbs, greenhouse",conventional,1123,11.10667262
"Herbs, greenhouse",conventional,1124,11.10667262
"Herbs, greenhouse",conventional,1131,11.10667262
"Herbs, greenhouse",conventional,1211,11.10667262
"Herbs, greenhouse",conventional,1212,11.10667262
"Herbs, greenhouse",conventional,1213,11.10667262
"Herbs, greenhouse",conventional,1214,11.10667262
"Herbs, greenhouse",conventional,1215,11.10667262
"Herbs, greenhouse",conventional,1216,11.10667262
"Herbs, greenhouse",conventional,1221,11.10667262
"Herbs, greenhouse",conventional,1222,11.10667262
"Herbs, greenhouse",conventional,1311,11.10667262
"Herbs, greenhouse",conventional,1321,11.10667262
"Herbs, greenhouse",conventional,1322,11.10667262
"Herbs, greenhouse",conventional,1331,11.10667262
"Herbs, greenhouse",conventional,1411,11.10667262
"Herbs, greenhouse",conventional,1412,11.10667262
"Herbs, greenhouse",conventional,1421,11.10667262
"Herbs, greenhouse",conventional,1511,11.10667262
"Herbs, greenhouse",conventional,1512,11.10667262
"Herbs, greenhouse",conventional,1521,11.10667262
"Herbs, greenhouse",conventional,1522,11.10667262
"Herbs, greenhouse",conventional,1611,11.10667262
"Herbs, greenhouse",conventional,1612,11.10667262
"Herbs, greenhouse",conventional,1613,11.10667262
"Herbs, greenhouse",conventional,1614,11.10667262
"Herbs, greenhouse",conventional,1615,11.10667262
"Herbs, greenhouse",conventional,1616,11.10667262
"Herbs, greenhouse",conventional,1617,11.10667262
"Herbs, greenhouse",conventional,1621,11.10667262
"Herbs, greenhouse",conventional,1622,11.10667262
"Herbs, greenhouse",conventional,1623,11.10667262
"Herbs, greenhouse",conventional,1711,11.10667262
"Herbs, greenhouse",conventional,1712,11.10667262
"Herbs, greenhouse",conventional,1713,11.10667262
"Herbs, greenhouse",conventional,1721,11.10667262
"Herbs, greenhouse",conventional,1722,11.10667262
"Herbs, greenhouse",conventional,1723,11.10667262
"Herbs, greenhouse",conventional,1724,11.10667262
"Herbs, greenhouse",conventional,1811,11.10667262
"Herbs, greenhouse",conventional,1812,11.10667262
"Herbs, greenhouse",conventional,1813,11.10667262
"Herbs, greenhouse",conventional,1821,11.10667262
"Herbs, greenhouse",conventional,1911,11.10667262
"Herbs, greenhouse",conventional,1912,11.10667262
"Herbs, greenhouse",conventional,1921,11.10667262
"Herbs, greenhouse",conventional,1922,11.10667262
"Herbs, greenhouse",conventional,2011,11.10667262
"Herbs, greenhouse",conventional,2012,11.10667262
"Herbs, greenhouse",conventional,2019,11.10667262
"Herbs, greenhouse",conventional,2111,11.10667262
"Herbs, greenhouse",conventional,2121,11.10667262
"Herbs, greenhouse",conventional,2122,11.10667262
"Herbs, greenhouse",conventional,2211,11.10667262
"Herbs, greenhouse",conventional,2212,11.10667262
"Herbs, greenhouse",conventional,2221,11.10667262
"Herbs, greenhouse",conventional,2311,11.10667262
"Herbs, greenhouse",conventional,2312,11.10667262
"Herbs, greenhouse",conventional,2319,11.10667262
"Herbs, greenhouse",conventional,2331,11.10667262
"Herbs, greenhouse",conventional,2411,11.10667262
"Herbs, greenhouse",conventional,2412,11.10667262
"Herbs, greenhouse",conventional,2413,11.10667262
"Herbs, greenhouse",conventional,2414,11.10667262
"Herbs, greenhouse",conventional,2415,11.10667262
"Herbs, greenhouse",conventional,2419,11.10667262
"Herbs, greenhouse",conventional,2511,11.10667262
"Herbs, greenhouse",conventional,2512,11.10667262
"Herbs, greenhouse",conventional,2519,11.10667262
"Herbs, greenhouse",conventional,2521,11.10667262
"Herbs, greenhouse",conventional,311,11.10667262
"Herbs, greenhouse",conventional,312,11.10667262
"Herbs, greenhouse",conventional,321,11.10667262
"Herbs, greenhouse",conventional,322,11.10667262
"Herbs, greenhouse",conventional,411,11.10667262
"Herbs, greenhouse",conventional,421,11.10667262
"Herbs, greenhouse",conventional,422,11.10667262
"Herbs, greenhouse",conventional,431,11.10667262
"Herbs, greenhouse",conventional,511,11.10667262
"Herbs, greenhouse",conventional,512,11.10667262
"Herbs, greenhouse",conventional,513,11.10667262
"Herbs, greenhouse",conventional,514,11.10667262
"Herbs, greenhouse",conventional,515,11.10667262
"Herbs, greenhouse",conventional,521,11.10667262
"Herbs, greenhouse",conventional,611,11.10667262
"Herbs, greenhouse",conventional,612,11.10667262
"Herbs, greenhouse",conventional,621,11.10667262
"Herbs, greenhouse",conventional,622,11.10667262
"Herbs, greenhouse",conventional,711,11.10667262
"Herbs, greenhouse",conventional,731,11.10667262
"Herbs, greenhouse",conventional,811,11.10667262
"Herbs, greenhouse",conventional,812,11.10667262
"Herbs, greenhouse",conventional,813,11.10667262
"Herbs, greenhouse",conventional,814,11.10667262
"Herbs, greenhouse",conventional,821,11.10667262
"Herbs, greenhouse",conventional,831,11.10667262
"Herbs, greenhouse",conventional,911,11.10667262
"Herbs, greenhouse",conventional,912,11.10667262
"Herbs, greenhouse",conventional,913,11.10667262
"Herbs, greenhouse",organic,1011,11.10667262
"Herbs, greenhouse",organic,111,11.10667262
"Herbs, greenhouse",organic,1111,11.10667262
"Herbs, greenhouse",organic,1112,11.10667262
"Herbs, greenhouse",organic,112,11.10667262
"Herbs, greenhouse",organic,1121,11.10667262
"Herbs, greenhouse",organic,1122,11.10667262
"Herbs, greenhouse",organic,1123,11.10667262
"Herbs, greenhouse",organic,1124,11.10667262
"Herbs, greenhouse",organic,1131,11.10667262
"Herbs, greenhouse",organic,1211,11.10667262
"Herbs, greenhouse",organic,1212,11.10667262
"Herbs, greenhouse",organic,1213,11.10667262
"Herbs, greenhouse",organic,1214,11.10667262
"Herbs, greenhouse",organic,1215,11.10667262
"Herbs, greenhouse",organic,1216,11.10667262
"Herbs, greenhouse",organic,1221,11.10667262
"Herbs, greenhouse",organic,1222,11.10667262
"Herbs, greenhouse",organic,1311,11.10667262
"Herbs, greenhouse",organic,1321,11.10667262
"Herbs, greenhouse",organic,1322,11.10667262
"Herbs, greenhouse",organic,1331,11.10667262
"Herbs, greenhouse",organic,1411,11.10667262
"Herbs, greenhouse",organic,1412,11.10667262
"Herbs, greenhouse",organic,1421,11.10667262
"Herbs, greenhouse",organic,1511,11.10667262
"Herbs, greenhouse",organic,1512,11.10667262
"Herbs, greenhouse",organic,1521,11.10667262
"Herbs, greenhouse",organic,1522,11.10667262
"Herbs, greenhouse",organic,1611,11.10667262
"Herbs, greenhouse",organic,1612,11.10667262
"Herbs, greenhouse",organic,1613,11.10667262
"Herbs, greenhouse",organic,1614,11.10667262
"Herbs, greenhouse",organic,1615,11.10667262
"Herbs, greenhouse",organic,1616,11.10667262
"Herbs, greenhouse",organic,1617,11.10667262
"Herbs, greenhouse",organic,1621,11.10667262
"Herbs, greenhouse",organic,1622,11.10667262
"Herbs, greenhouse",organic,1623,11.10667262
"Herbs, greenhouse",organic,1711,11.10667262
"Herbs, greenhouse",organic,1712,11.10667262
"Herbs, greenhouse",organic,1713,11.10667262
"Herbs, greenhouse",organic,1721,11.10667262
"Herbs, greenhouse",organic,1722,11.10667262
"Herbs, greenhouse",organic,1723,11.10667262
"Herbs, greenhouse",organic,1724,11.10667262
"Herbs, greenhouse",organic,1811,11.10667262
"Herbs, greenhouse",organic,1812,11.10667262
"Herbs, greenhouse",organic,1813,11.10667262
"Herbs, greenhouse",organic,1821,11.10667262
"Herbs, greenhouse",organic,1911,11.10667262
"Herbs, greenhouse",organic,1912,11.10667262
"Herbs, greenhouse",organic,1921,11.10667262
"Herbs, greenhouse",organic,1922,11.10667262
"Herbs, greenhouse",organic,2011,11.10667262
"Herbs, greenhouse",organic,2012,11.10667262
"Herbs, greenhouse",organic,2019,11.10667262
"Herbs, greenhouse",organic,2111,11.10667262
"Herbs, greenhouse",organic,2121,11.10667262
"Herbs, greenhouse",organic,2122,11.10667262
"Herbs, greenhouse",organic,2211,11.10667262
"Herbs, greenhouse",organic,2212,11.10667262
"Herbs, greenhouse",organic,2221,11.10667262
"Herbs, greenhouse",organic,2311,11.10667262
"Herbs, greenhouse",organic,2312,11.10667262
"Herbs, greenhouse",organic,2319,11.10667262
"Herbs, greenhouse",organic,2331,11.10667262
"Herbs, greenhouse",organic,2411,11.10667262
"Herbs, greenhouse",organic,2412,11.10667262
"Herbs, greenhouse",organic,2413,11.10667262
"Herbs, greenhouse",organic,2414,11.10667262
"Herbs, greenhouse",organic,2415,11.10667262
"Herbs, greenhouse",organic,2419,11.10667262
"Herbs, greenhouse",organic,2511,11.10667262
"Herbs, greenhouse",organic,2512,11.10667262
"Herbs, greenhouse",organic,2519,11.10667262
"Herbs, greenhouse",organic,2521,11.10667262
"Herbs, greenhouse",organic,311,11.10667262
"Herbs, greenhouse",organic,312,11.10667262
"Herbs, greenhouse",organic,321,11.10667262
"Herbs, greenhouse",organic,322,11.10667262
"Herbs, greenhouse",organic,411,11.10667262
"Herbs, greenhouse",organic,421,11.10667262
"Herbs, greenhouse",organic,422,11.10667262
"Herbs, greenhouse",organic,431,11.10667262
"Herbs, greenhouse",organic,511,11.10667262
"Herbs, greenhouse",organic,512,11.10667262
"Herbs, greenhouse",organic,513,11.10667262
"Herbs, greenhouse",organic,514,11.10667262
"Herbs, greenhouse",organic,515,11.10667262
"Herbs, greenhouse",organic,521,11.10667262
"Herbs, greenhouse",organic,611,11.10667262
"Herbs, greenhouse",organic,612,11.10667262
"Herbs, greenhouse",organic,621,11.10667262
"Herbs, greenhouse",organic,622,11.10667262
"Herbs, greenhouse",organic,711,11.10667262
"Herbs, greenhouse",organic,731,11.10667262
"Herbs, greenhouse",organic,811,11.10667262
"Herbs, greenhouse",organic,812,11.10667262
"Herbs, greenhouse",organic,813,11.10667262
"Herbs, greenhouse",organic,814,11.10667262
"Herbs, greenhouse",organic,821,11.10667262
"Herbs, greenhouse",organic,831,11.10667262
"Herbs, greenhouse",organic,911,11.10667262
"Herbs, greenhouse",organic,912,11.10667262
"Herbs, greenhouse",organic,913,11.10667262
Lettuce and spinach,conventional,1011,26139.5229
Lettuce and spinach,conventional,111,3057.288676
Lettuce and spinach,conventional,1111,15648.38352
Lettuce and spinach,conventional,1112,15663.6226
Lettuce and spinach,conventional,112,3058.634088
Lettuce and spinach,conventional,1121,15648.38352
Lettuce and spinach,conventional,1122,15648.38352
Lettuce and spinach,conventional,1123,15648.38352
Lettuce and spinach,conventional,1124,15082.1106
Lettuce and spinach,conventional,1131,12762.4981
Lettuce and spinach,conventional,1211,15648.38352
Lettuce and spinach,conventional,1212,15648.38352
Lettuce and spinach,conventional,1213,15648.38352
Lettuce and spinach,conventional,1214,15648.38352
Lettuce and spinach,conventional,1215,15648.38352
Lettuce and spinach,conventional,1216,15648.38352
Lettuce and spinach,conventional,1221,15648.38352
Lettuce and spinach,conventional,1222,15648.38352
Lettuce and spinach,conventional,1311,11856.7465
Lettuce and spinach,conventional,1321,12964.44973
Lettuce and spinach,conventional,1322,10381.47495
Lettuce and spinach,conventional,1331,12458.22113
Lettuce and spinach,conventional,1411,19297.94398
Lettuce and spinach,conventional,1412,19297.94398
Lettuce and spinach,conventional,1421,19297.94398
Lettuce and spinach,conventional,1511,18956.76794
Lettuce and spinach,conventional,1512,19297.94398
Lettuce and spinach,conventional,1521,17709.95005
Lettuce and spinach,conventional,1522,19297.94398
Lettuce and spinach,conventional,1611,16198.02817
Lettuce and spinach,conventional,1612,19296.68836
Lettuce and spinach,conventional,1613,19297.94398
Lettuce and spinach,conventional,1614,19264.53857
Lettuce and spinach,conventional,1615,19297.94398
Lettuce and spinach,conventional,1616,19297.94398
Lettuce and spinach,conventional,1617,18923.52719
Lettuce and spinach,conventional,1621,19297.94398
Lettuce and spinach,conventional,1622,19297.94398
Lettuce and spinach,conventional,1623,19297.94398
Lettuce and spinach,conventional,1711,4041.895109
Lettuce and spinach,conventional,1712,4186.072009
Lettuce and spinach,conventional,1713,4004.253847
Lettuce and spinach,conventional,1721,7165.959007
Lettuce and spinach,conventional,1722,5409.980453
Lettuce and spinach,conventional,1723,7665.417261
Lettuce and spinach,conventional,1724,5355.357623
Lettuce and spinach,conventional,1811,14534.31344
Lettuce and spinach,conventional,1812,9749.026871
Lettuce and spinach,conventional,1813,14563.28955
Lettuce and spinach,conventional,1821,9155.551624
Lettuce and spinach,conventional,1911,4037.549683
Lettuce and spinach,conventional,1912,5868.320746
Lettuce and spinach,conventional,1921,3321.902767
Lettuce and spinach,conventional,1922,1849.800303
Lettuce and spinach,conventional,2011,5497.4975
Lettuce and spinach,conventional,2012,5548.031165
Lettuce and spinach,conventional,2019,4381.830579
Lettuce and spinach,conventional,2111,1014.45184
Lettuce and spinach,conventional,2121,1103.444701
Lettuce and spinach,conventional,2122,4279.689295
Lettuce and spinach,conventional,2211,4188.565136
Lettuce and spinach,conventional,2212,5949.04172
Lettuce and spinach,conventional,2221,3406.001737
Lettuce and spinach,conventional,2311,2009.336532
Lettuce and spinach,conventional,2312,2043.702967
Lettuce and spinach,conventional,2319,2042.530794
Lettuce and spinach,conventional,2331,3224.172853
Lettuce and spinach,conventional,2411,3086.243064
Lettuce and spinach,conventional,2412,3086.243064
Lettuce and spinach,conventional,2413,3086.243064
Lettuce and spinach,conventional,2414,3091.875542
Lettuce and spinach,conventional,2415,3094.301885
Lettuce and spinach,conventional,2419,3093.061068
Lettuce and spinach,conventional,2511,8945.89991
Lettuce and spinach,conventional,2512,8948.207164
Lettuce and spinach,conventional,2519,8933.372317
Lettuce and spinach,conventional,2521,8310.179279
Lettuce and spinach,conventional,311,1839.428796
Lettuce and spinach,conventional,312,1838.796281
Lettuce and spinach,conventional,321,2209.308429
Lettuce and spinach,conventional,322,2294.086658
Lettuce and spinach,conventional,411,2252.11696
Lettuce and spinach,conventional,421,2353.634504
Lettuce and spinach,conventional,422,2436.942287
Lettuce and spinach,conventional,431,2320.63962
Lettuce and spinach,conventional,511,5037.349641
Lettuce and spinach,conventional,512,5035.38848
Lettuce and spinach,conventional,513,5004.968935
Lettuce and spinach,conventional,514,5004.968935
Lettuce and spinach,conventional,515,5004.968935
Lettuce and spinach,conventional,521,5407.080403
Lettuce and spinach,conventional,611,13681.40045
Lettuce and spinach,conventional,612,6246.149987
Lettuce and spinach,conventional,621,4468.553501
Lettuce and spinach,conventional,622,5947.353096
Lettuce and spinach,conventional,711,3683.057825
Lettuce and spinach,conventional,731,12131.53373
Lettuce and spinach,conventional,811,11055.31053
Lettuce and spinach,conventional,812,8518.177288
Lettuce and spinach,conventional,813,8518.177288
Lettuce and spinach,conventional,814,8517.677603
Lettuce and spinach,conventional,821,7883.624175
Lettuce and spinach,conventional,831,13084.23422
Lettuce and spinach,conventional,911,5036.883477
Lettuce and spinach,conventional,912,5036.883477
Lettuce and spinach,conventional,913,5036.883477
Lettuce and spinach,organic,1011,11566.88694
Lettuce and spinach,organic,111,1069.690964
Lettuce and spinach,organic,1111,6095.30638
Lettuce and spinach,organic,1112,6103.18151
Lettuce and spinach,organic,112,1049.301372
Lettuce and spinach,organic,1121,6095.30638
Lettuce and spinach,organic,1122,6095.30638
Lettuce and spinach,organic,1123,6095.30638
Lettuce and spinach,organic,1124,5932.893991
Lettuce and spinach,organic,1131,5009.225799
Lettuce and spinach,organic,1211,6095.30638
Lettuce and spinach,organic,1212,6095.30638
Lettuce and spinach,organic,1213,6095.30638
Lettuce and spinach,organic,1214,6095.30638
Lettuce and spinach,organic,1215,6095.30638
Lettuce and spinach,organic,1216,6095.30638
Lettuce and spinach,organic,1221,6095.30638
Lettuce and spinach,organic,1222,6095.30638
Lettuce and spinach,organic,1311,5261.70089
Lettuce and spinach,organic,1321,5538.083394
Lettuce and spinach,organic,1322,4607.015591
Lettuce and spinach,organic,1331,5528.618936
Lettuce and spinach,organic,1411,8563.901491
Lettuce and spinach,organic,1412,8563.901491
Lettuce and spinach,organic,1421,8563.901491
Lettuce and spinach,organic,1511,8412.496865
Lettuce and spinach,organic,1512,8563.901491
Lettuce and spinach,organic,1521,7859.193072
Lettuce and spinach,organic,1522,8563.901491
Lettuce and spinach,organic,1611,7188.243358
Lettuce and spinach,organic,1612,8563.344284
Lettuce and spinach,organic,1613,8563.901491
Lettuce and spinach,organic,1614,8549.077083
Lettuce and spinach,organic,1615,8563.901491
Lettuce and spinach,organic,1616,8563.901491
Lettuce and spinach,organic,1617,8397.745527
Lettuce and spinach,organic,1621,8563.901491
Lettuce and spinach,organic,1622,8563.901491
Lettuce and spinach,organic,1623,8563.901491
Lettuce and spinach,organic,1711,1793.682871
Lettuce and spinach,organic,1712,1857.664649
Lettuce and spinach,organic,1713,1776.978705
Lettuce and spinach,organic,1721,2994.994045
Lettuce and spinach,organic,1722,2400.801854
Lettuce and spinach,organic,1723,3401.703228
Lettuce and spinach,organic,1724,2376.561731
Lettuce and spinach,organic,1811,6449.932111
Lettuce and spinach,organic,1812,4005.952968
Lettuce and spinach,organic,1813,6462.79092
Lettuce and spinach,organic,1821,3762.241955
Lettuce and spinach,organic,1911,1791.754489
Lettuce and spinach,organic,1912,2604.200782
Lettuce and spinach,organic,1921,1474.169896
Lettuce and spinach,organic,1922,820.8909503
Lettuce and spinach,organic,2011,2439.639533
Lettuce and spinach,organic,2012,2462.064996
Lettuce and spinach,organic,2019,1731.547213
Lettuce and spinach,organic,2111,450.1860736
Lettuce and spinach,organic,2121,489.6786794
Lettuce and spinach,organic,2122,1899.209449
Lettuce and spinach,organic,2211,1858.77103
Lettuce and spinach,organic,2212,2444.082577
Lettuce and spinach,organic,2221,1511.490726
Lettuce and spinach,organic,2311,891.6887803
Lettuce and spinach,organic,2312,847.2255989
Lettuce and spinach,organic,2319,846.7415523
Lettuce and spinach,organic,2331,1329.587411
Lettuce and spinach,organic,2411,1268.599895
Lettuce and spinach,organic,2412,1268.599895
Lettuce and spinach,organic,2413,1268.599895
Lettuce and spinach,organic,2414,1270.905246
Lettuce and spinach,organic,2415,1270.420271
Lettuce and spinach,organic,2419,1269.83752
Lettuce and spinach,organic,2511,3672.685118
Lettuce and spinach,organic,2512,3673.589079
Lettuce and spinach,organic,2519,3667.541991
Lettuce and spinach,organic,2521,3411.693857
Lettuce and spinach,organic,311,810.7142222
Lettuce and spinach,organic,312,809.8438933
Lettuce and spinach,organic,321,887.6378289
Lettuce and spinach,organic,322,881.0533935
Lettuce and spinach,organic,411,999.4281162
Lettuce and spinach,organic,421,805.6279356
Lettuce and spinach,organic,422,1081.448558
Lettuce and spinach,organic,431,857.1788173
Lettuce and spinach,organic,511,2235.438457
Lettuce and spinach,organic,512,2234.568147
Lettuce and spinach,organic,513,2221.068782
Lettuce and spinach,organic,514,2221.068782
Lettuce and spinach,organic,515,2221.068782
Lettuce and spinach,organic,521,2399.51489
Lettuce and spinach,organic,611,6071.432577
Lettuce and spinach,organic,612,2771.8711
Lettuce and spinach,organic,621,1983.022235
Lettuce and spinach,organic,622,2639.273184
Lettuce and spinach,organic,711,1514.040494
Lettuce and spinach,organic,731,4870.641412
Lettuce and spinach,organic,811,4906.045456
Lettuce and spinach,organic,812,3780.134882
Lettuce and spinach,organic,813,3780.134882
Lettuce and spinach,organic,814,3779.913135
Lettuce and spinach,organic,821,3498.537508
Lettuce and spinach,organic,831,5806.426483
Lettuce and spinach,organic,911,2235.231586
Lettuce and spinach,organic,912,2235.231586
Lettuce and spinach,organic,913,2235.231586
"Lettuce, greenhouse",conventional,1011,13.50933051
"Lettuce, greenhouse",conventional,111,28.49968825
"Lettuce, greenhouse",conventional,1111,13.50933051
"Lettuce, greenhouse",conventional,1112,13.50933051
"Lettuce, greenhouse",conventional,112,28.49968825
"Lettuce, greenhouse",conventional,1121,13.50933051
"Lettuce, greenhouse",conventional,1122,13.50933051
"Lettuce, greenhouse",conventional,1123,13.50933051
"Lettuce, greenhouse",conventional,1124,13.50933051
"Lettuce, greenhouse",conventional,1131,13.50933051
"Lettuce, greenhouse",conventional,1211,13.50933051
"Lettuce, greenhouse",conventional,1212,13.50933051
"Lettuce, greenhouse",conventional,1213,13.50933051
"Lettuce, greenhouse",conventional,1214,13.50933051
"Lettuce, greenhouse",conventional,1215,13.50933051
"Lettuce, greenhouse",conventional,1216,13.50933051
"Lettuce, greenhouse",conventional,1221,13.50933051
"Lettuce, greenhouse",conventional,1222,13.50933051
"Lettuce, greenhouse",conventional,1311,21.16976201
"Lettuce, greenhouse",conventional,1321,13.50933051
"Lettuce, greenhouse",conventional,1322,13.08879707
"Lettuce, greenhouse",conventional,1331,13.08879707
"Lettuce, greenhouse",conventional,1411,13.08879707
"Lettuce, greenhouse",conventional,1412,13.08879707
"Lettuce, greenhouse",conventional,1421,13.08879707
"Lettuce, greenhouse",conventional,1511,13.08879707
"Lettuce, greenhouse",conventional,1512,13.08879707
"Lettuce, greenhouse",conventional,1521,13.08879707
"Lettuce, greenhouse",conventional,1522,13.08879707
"Lettuce, greenhouse",conventional,1611,13.08879707
"Lettuce, greenhouse",conventional,1612,13.08879707
"Lettuce, greenhouse",conventional,1613,13.08879707
"Lettuce, greenhouse",conventional,1614,13.08879707
"Lettuce, greenhouse",conventional,1615,13.08879707
"Lettuce, greenhouse",conventional,1616,13.08879707
"Lettuce, greenhouse",conventional,1617,13.08879707
"Lettuce, greenhouse",conventional,1621,13.08879707
"Lettuce, greenhouse",conventional,1622,13.08879707
"Lettuce, greenhouse",conventional,1623,13.08879707
"Lettuce, greenhouse",conventional,1711,21.16976201
"Lettuce, greenhouse",conventional,1712,13.08879707
"Lettuce, greenhouse",conventional,1713,21.16976201
"Lettuce, greenhouse",conventional,1721,21.16976201
"Lettuce, greenhouse",conventional,1722,13.08879707
"Lettuce, greenhouse",conventional,1723,21.16976201
"Lettuce, greenhouse",conventional,1724,21.16976201
"Lettuce, greenhouse",conventional,1811,13.08879707
"Lettuce, greenhouse",conventional,1812,21.16976201
"Lettuce, greenhouse",conventional,1813,21.16976201
"Lettuce, greenhouse",conventional,1821,21.16976201
"Lettuce, greenhouse",conventional,1911,21.16976201
"Lettuce, greenhouse",conventional,1912,21.16976201
"Lettuce, greenhouse",conventional,1921,21.16976201
"Lettuce, greenhouse",conventional,1922,21.16976201
"Lettuce, greenhouse",conventional,2011,21.16976201
"Lettuce, greenhouse",conventional,2012,21.16976201
"Lettuce, greenhouse",conventional,2019,21.16976201
"Lettuce, greenhouse",conventional,2111,21.16976201
"Lettuce, greenhouse",conventional,2121,21.16976201
"Lettuce, greenhouse",conventional,2122,21.16976201
"Lettuce, greenhouse",conventional,2211,21.16976201
"Lettuce, greenhouse",conventional,2212,21.16976201
"Lettuce, greenhouse",conventional,2221,21.16976201
"Lettuce, greenhouse",conventional,2311,21.16976201
"Lettuce, greenhouse",conventional,2312,21.16976201
"Lettuce, greenhouse",conventional,2319,21.16976201
"Lettuce, greenhouse",conventional,2331,21.16976201
"Lettuce, greenhouse",conventional,2411,21.16976201
"Lettuce, greenhouse",conventional,2412,21.16976201
"Lettuce, greenhouse",conventional,2413,21.16976201
"Lettuce, greenhouse",conventional,2414,21.16976201
"Lettuce, greenhouse",conventional,2415,21.16976201
"Lettuce, greenhouse",conventional,2419,21.16976201
"Lettuce, greenhouse",conventional,2511,21.16976201
"Lettuce, greenhouse",conventional,2512,21.16976201
"Lettuce, greenhouse",conventional,2519,21.16976201
"Lettuce, greenhouse",conventional,2521,21.16976201
"Lettuce, greenhouse",conventional,311,28.49968825
"Lettuce, greenhouse",conventional,312,28.49968825
"Lettuce, greenhouse",conventional,321,28.49968825
"Lettuce, greenhouse",conventional,322,28.49968825
"Lettuce, greenhouse",conventional,411,21.16976201
"Lettuce, greenhouse",conventional,421,28.49968825
"Lettuce, greenhouse",conventional,422,21.16976201
"Lettuce, greenhouse",conventional,431,28.49968825
"Lettuce, greenhouse",conventional,511,21.16976201
"Lettuce, greenhouse",conventional,512,21.16976201
"Lettuce, greenhouse",conventional,513,21.16976201
"Lettuce, greenhouse",conventional,514,21.16976201
"Lettuce, greenhouse",conventional,515,21.16976201
"Lettuce, greenhouse",conventional,521,21.16976201
"Lettuce, greenhouse",conventional,611,13.08879707
"Lettuce, greenhouse",conventional,612,21.16976201
"Lettuce, greenhouse",conventional,621,21.16976201
"Lettuce, greenhouse",conventional,622,21.16976201
"Lettuce, greenhouse",conventional,711,21.16976201
"Lettuce, greenhouse",conventional,731,13.50933051
"Lettuce, greenhouse",conventional,811,21.16976201
"Lettuce, greenhouse",conventional,812,21.16976201
"Lettuce, greenhouse",conventional,813,21.16976201
"Lettuce, greenhouse",conventional,814,21.16976201
"Lettuce, greenhouse",conventional,821,21.16976201
"Lettuce, greenhouse",conventional,831,21.16976201
"Lettuce, greenhouse",conventional,911,21.16976201
"Lettuce, greenhouse",conventional,912,21.16976201
"Lettuce, greenhouse",conventional,913,21.16976201
"Lettuce, greenhouse",organic,1011,13.07482323
"Lettuce, greenhouse",organic,111,27.58303869
"Lettuce, greenhouse",organic,1111,13.07482323
"Lettuce, greenhouse",organic,1112,13.07482323
"Lettuce, greenhouse",organic,112,27.58303869
"Lettuce, greenhouse",organic,1121,13.07482323
"Lettuce, greenhouse",organic,1122,13.07482323
"Lettuce, greenhouse",organic,1123,13.07482323
"Lettuce, greenhouse",organic,1124,13.07482323
"Lettuce, greenhouse",organic,1131,13.07482323
"Lettuce, greenhouse",organic,1211,13.07482323
"Lettuce, greenhouse",organic,1212,13.07482323
"Lettuce, greenhouse",organic,1213,13.07482323
"Lettuce, greenhouse",organic,1214,13.07482323
"Lettuce, greenhouse",organic,1215,13.07482323
"Lettuce, greenhouse",organic,1216,13.07482323
"Lettuce, greenhouse",organic,1221,13.07482323
"Lettuce, greenhouse",organic,1222,13.07482323
"Lettuce, greenhouse",organic,1311,20.48886849
"Lettuce, greenhouse",organic,1321,13.07482323
"Lettuce, greenhouse",organic,1322,12.66781561
"Lettuce, greenhouse",organic,1331,12.66781561
"Lettuce, greenhouse",organic,1411,12.66781561
"Lettuce, greenhouse",organic,1412,12.66781561
"Lettuce, greenhouse",organic,1421,12.66781561
"Lettuce, greenhouse",organic,1511,12.66781561
"Lettuce, greenhouse",organic,1512,12.66781561
"Lettuce, greenhouse",organic,1521,12.66781561
"Lettuce, greenhouse",organic,1522,12.66781561
"Lettuce, greenhouse",organic,1611,12.66781561
"Lettuce, greenhouse",organic,1612,12.66781561
"Lettuce, greenhouse",organic,1613,12.66781561
"Lettuce, greenhouse",organic,1614,12.66781561
"Lettuce, greenhouse",organic,1615,12.66781561
"Lettuce, greenhouse",organic,1616,12.66781561
"Lettuce, greenhouse",organic,1617,12.66781561
"Lettuce, greenhouse",organic,1621,12.66781561
"Lettuce, greenhouse",organic,1622,12.66781561
"Lettuce, greenhouse",organic,1623,12.66781561
"Lettuce, greenhouse",organic,1711,20.48886849
"Lettuce, greenhouse",organic,1712,12.66781561
"Lettuce, greenhouse",organic,1713,20.48886849
"Lettuce, greenhouse",organic,1721,20.48886849
"Lettuce, greenhouse",organic,1722,12.66781561
"Lettuce, greenhouse",organic,1723,20.48886849
"Lettuce, greenhouse",organic,1724,20.48886849
"Lettuce, greenhouse",organic,1811,12.66781561
"Lettuce, greenhouse",organic,1812,20.48886849
"Lettuce, greenhouse",organic,1813,20.48886849
"Lettuce, greenhouse",organic,1821,20.48886849
"Lettuce, greenhouse",organic,1911,20.48886849
"Lettuce, greenhouse",organic,1912,20.48886849
"Lettuce, greenhouse",organic,1921,20.48886849
"Lettuce, greenhouse",organic,1922,20.48886849
"Lettuce, greenhouse",organic,2011,20.48886849
"Lettuce, greenhouse",organic,2012,20.48886849
"Lettuce, greenhouse",organic,2019,20.48886849
"Lettuce, greenhouse",organic,2111,20.48886849
"Lettuce, greenhouse",organic,2121,20.48886849
"Lettuce, greenhouse",organic,2122,20.48886849
"Lettuce, greenhouse",organic,2211,20.48886849
"Lettuce, greenhouse",organic,2212,20.48886849
"Lettuce, greenhouse",organic,2221,20.48886849
"Lettuce, greenhouse",organic,2311,20.48886849
"Lettuce, greenhouse",organic,2312,20.48886849
"Lettuce, greenhouse",organic,2319,20.48886849
"Lettuce, greenhouse",organic,2331,20.48886849
"Lettuce, greenhouse",organic,2411,20.48886849
"Lettuce, greenhouse",organic,2412,20.48886849
"Lettuce, greenhouse",organic,2413,20.48886849
"Lettuce, greenhouse",organic,2414,20.48886849
"Lettuce, greenhouse",organic,2415,20.48886849
"Lettuce, greenhouse",organic,2419,20.48886849
"Lettuce, greenhouse",organic,2511,20.48886849
"Lettuce, greenhouse",organic,2512,20.48886849
"Lettuce, greenhouse",organic,2519,20.48886849
"Lettuce, greenhouse",organic,2521,20.48886849
"Lettuce, greenhouse",organic,311,27.58303869
"Lettuce, greenhouse",organic,312,27.58303869
"Lettuce, greenhouse",organic,321,27.58303869
"Lettuce, greenhouse",organic,322,27.58303869
"Lettuce, greenhouse",organic,411,20.48886849
"Lettuce, greenhouse",organic,421,27.58303869
"Lettuce, greenhouse",organic,422,20.48886849
"Lettuce, greenhouse",organic,431,27.58303869
"Lettuce, greenhouse",organic,511,20.48886849
"Lettuce, greenhouse",organic,512,20.48886849
"Lettuce, greenhouse",organic,513,20.48886849
"Lettuce, greenhouse",organic,514,20.48886849
"Lettuce, greenhouse",organic,515,20.48886849
"Lettuce, greenhouse",organic,521,20.48886849
"Lettuce, greenhouse",organic,611,12.66781561
"Lettuce, greenhouse",organic,612,20.48886849
"Lettuce, greenhouse",organic,621,20.48886849
"Lettuce, greenhouse",organic,622,20.48886849
"Lettuce, greenhouse",organic,711,20.48886849
"Lettuce, greenhouse",organic,731,13.07482323
"Lettuce, greenhouse",organic,811,20.48886849
"Lettuce, greenhouse",organic,812,20.48886849
"Lettuce, greenhouse",organic,813,20.48886849
"Lettuce, greenhouse",organic,814,20.48886849
"Lettuce, greenhouse",organic,821,20.48886849
"Lettuce, greenhouse",organic,831,20.48886849
"Lettuce, greenhouse",organic,911,20.48886849
"Lettuce, greenhouse",organic,912,20.48886849
"Lettuce, greenhouse",organic,913,20.48886849
Ley for fodder,conventional,1011,6056.44117
Ley for fodder,conventional,111,4014.040261
Ley for fodder,conventional,1111,7113.644084
Ley for fodder,conventional,1112,7107.07989
Ley for fodder,conventional,112,4008.563567
Ley for fodder,conventional,1121,7113.644084
Ley for fodder,conventional,1122,7113.644084
Ley for fodder,conventional,1123,7113.644084
Ley for fodder,conventional,1124,7105.318813
Ley for fodder,conventional,1131,6988.069671
Ley for fodder,conventional,1211,7113.644084
Ley for fodder,conventional,1212,7113.644084
Ley for fodder,conventional,1213,7113.644084
Ley for fodder,conventional,1214,7113.644084
Ley for fodder,conventional,1215,7113.644084
Ley for fodder,conventional,1216,7113.644084
Ley for fodder,conventional,1221,7113.644084
Ley for fodder,conventional,1222,7113.644084
Ley for fodder,conventional,1311,7707.140796
Ley for fodder,conventional,1321,7704.573774
Ley for fodder,conventional,1322,7490.942933
Ley for fodder,conventional,1331,7443.824787
Ley for fodder,conventional,1411,6063.591365
Ley for fodder,conventional,1412,6063.591365
Ley for fodder,conventional,1421,6063.591365
Ley for fodder,conventional,1511,6074.873728
Ley for fodder,conventional,1512,6063.591365
Ley for fodder,conventional,1521,6083.087764
Ley for fodder,conventional,1522,6063.591365
Ley for fodder,conventional,1611,6141.420581
Ley for fodder,conventional,1612,6064.711154
Ley for fodder,conventional,1613,6063.591365
Ley for fodder,conventional,1614,6080.940202
Ley for fodder,conventional,1615,6063.591365
Ley for fodder,conventional,1616,6063.591365
Ley for fodder,conventional,1617,6008.46856
Ley for fodder,conventional,1621,6063.591365
Ley for fodder,conventional,1622,6063.591365
Ley for fodder,conventional,1623,6063.591365
Ley for fodder,conventional,1711,4269.831914
Ley for fodder,conventional,1712,4283.319784
Ley for fodder,conventional,1713,4268.915959
Ley for fodder,conventional,1721,5046.201052
Ley for fodder,conventional,1722,4641.3872
Ley for fodder,conventional,1723,4442.349106
Ley for fodder,conventional,1724,4426.040999
Ley for fodder,conventional,1811,4913.247562
Ley for fodder,conventional,1812,4896.775357
Ley for fodder,conventional,1813,4894.540501
Ley for fodder,conventional,1821,4900.752386
Ley for fodder,conventional,1911,4962.768686
Ley for fodder,conventional,1912,4960.955591
Ley for fodder,conventional,1921,4945.398683
Ley for fodder,conventional,1922,4903.30225
Ley for fodder,conventional,2011,4674.89025
Ley for fodder,conventional,2012,4673.892754
Ley for fodder,conventional,2019,4670.612856
Ley for fodder,conventional,2111,4716.819145
Ley for fodder,conventional,2121,4722.30218
Ley for fodder,conventional,2122,4699.251032
Ley for fodder,conventional,2211,4083.349889
Ley for fodder,conventional,2212,4083.077445
Ley for fodder,conventional,2221,4256.138067
Ley for fodder,conventional,2311,4020.658414
Ley for fodder,conventional,2312,4020.833622
Ley for fodder,conventional,2319,4020.949939
Ley for fodder,conventional,2331,4182.246755
Ley for fodder,conventional,2411,3876.288227
Ley for fodder,conventional,2412,3876.288227
Ley for fodder,conventional,2413,3876.288227
Ley for fodder,conventional,2414,3877.953905
Ley for fodder,conventional,2415,3882.66334
Ley for fodder,conventional,2419,3876.288227
Ley for fodder,conventional,2511,3839.385384
Ley for fodder,conventional,2512,3839.722598
Ley for fodder,conventional,2519,3839.148311
Ley for fodder,conventional,2521,3839.500166
Ley for fodder,conventional,311,4900.929438
Ley for fodder,conventional,312,4901.256377
Ley for fodder,conventional,321,4720.008777
Ley for fodder,conventional,322,4657.555707
Ley for fodder,conventional,411,4481.227042
Ley for fodder,conventional,421,4377.965242
Ley for fodder,conventional,422,4507.702056
Ley for fodder,conventional,431,4456.185665
Ley for fodder,conventional,511,5504.119989
Ley for fodder,conventional,512,5500.232363
Ley for fodder,conventional,513,5499.303577
Ley for fodder,conventional,514,5499.303577
Ley for fodder,conventional,515,5499.303577
Ley for fodder,conventional,521,5338.735972
Ley for fodder,conventional,611,6199.361807
Ley for fodder,conventional,612,6192.938174
Ley for fodder,conventional,621,6198.045974
Ley for fodder,conventional,622,6194.460741
Ley for fodder,conventional,711,6184.901293
Ley for fodder,conventional,731,6294.759827
Ley for fodder,conventional,811,5909.132885
Ley for fodder,conventional,812,5913.9198
Ley for fodder,conventional,813,5913.9198
Ley for fodder,conventional,814,5913.813722
Ley for fodder,conventional,821,5732.916058
Ley for fodder,conventional,831,5991.046317
Ley for fodder,conventional,911,5637.088352
Ley for fodder,conventional,912,5637.088352
Ley for fodder,conventional,913,5637.088352
Ley for fodder,organic,1011,5313.277208
Ley for fodder,organic,111,3512.034227
Ley for fodder,organic,1111,6251.643399
Ley for fodder,organic,1112,6245.833268
Ley for fodder,organic,112,3507.225504
Ley for fodder,organic,1121,6251.643399
Ley for fodder,organic,1122,6251.643399
Ley for fodder,organic,1123,6251.643399
Ley for fodder,organic,1124,6244.506395
Ley for fodder,organic,1131,6142.342965
Ley for fodder,organic,1211,6251.643399
Ley for fodder,organic,1212,6251.643399
Ley for fodder,organic,1213,6251.643399
Ley for fodder,organic,1214,6251.643399
Ley for fodder,organic,1215,6251.643399
Ley for fodder,organic,1216,6251.643399
Ley for fodder,organic,1221,6251.643399
Ley for fodder,organic,1222,6251.643399
Ley for fodder,organic,1311,6779.513421
Ley for fodder,organic,1321,6777.205268
Ley for fodder,organic,1322,6588.240776
Ley for fodder,organic,1331,6546.53596
Ley for fodder,organic,1411,5326.760963
Ley for fodder,organic,1412,5326.760963
Ley for fodder,organic,1421,5326.760963
Ley for fodder,organic,1511,5336.764913
Ley for fodder,organic,1512,5326.760963
Ley for fodder,organic,1521,5344.094314
Ley for fodder,organic,1522,5326.760963
Ley for fodder,organic,1611,5395.782789
Ley for fodder,organic,1612,5327.753782
Ley for fodder,organic,1613,5326.760963
Ley for fodder,organic,1614,5342.142552
Ley for fodder,organic,1615,5326.760963
Ley for fodder,organic,1616,5326.760963
Ley for fodder,organic,1617,5277.985264
Ley for fodder,organic,1621,5326.760963
Ley for fodder,organic,1622,5326.760963
Ley for fodder,organic,1623,5326.760963
Ley for fodder,organic,1711,3742.695454
Ley for fodder,organic,1712,3754.601596
Ley for fodder,organic,1713,3741.88754
Ley for fodder,organic,1721,4427.580172
Ley for fodder,organic,1722,4070.410761
Ley for fodder,organic,1723,3894.79782
Ley for fodder,organic,1724,3879.731417
Ley for fodder,organic,1811,4310.316642
Ley for fodder,organic,1812,4295.712236
Ley for fodder,organic,1813,4293.735225
Ley for fodder,organic,1821,4298.97146
Ley for fodder,organic,1911,4352.091151
Ley for fodder,organic,1912,4350.492397
Ley for fodder,organic,1921,4337.663711
Ley for fodder,organic,1922,4302.625658
Ley for fodder,organic,2011,4098.052884
Ley for fodder,organic,2012,4097.17367
Ley for fodder,organic,2019,4094.28192
Ley for fodder,organic,2111,4135.514016
Ley for fodder,organic,2121,4140.437045
Ley for fodder,organic,2122,4119.871654
Ley for fodder,organic,2211,3576.790108
Ley for fodder,organic,2212,3576.549767
Ley for fodder,organic,2221,3729.061134
Ley for fodder,organic,2311,3522.824577
Ley for fodder,organic,2312,3522.978677
Ley for fodder,organic,2319,3523.080487
Ley for fodder,organic,2331,3664.926082
Ley for fodder,organic,2411,3399.098298
Ley for fodder,organic,2412,3399.098298
Ley for fodder,organic,2413,3399.098298
Ley for fodder,organic,2414,3400.556939
Ley for fodder,organic,2415,3404.68175
Ley for fodder,organic,2419,3399.098298
Ley for fodder,organic,2511,3365.43802
Ley for fodder,organic,2512,3365.736591
Ley for fodder,organic,2519,3365.229859
Ley for fodder,organic,2521,3365.640441
Ley for fodder,organic,311,4300.541222
Ley for fodder,organic,312,4300.832915
Ley for fodder,organic,321,4139.478287
Ley for fodder,organic,322,4083.995632
Ley for fodder,organic,411,3930.443848
Ley for fodder,organic,421,3838.26992
Ley for fodder,organic,422,3953.564315
Ley for fodder,organic,431,3907.923898
Ley for fodder,organic,511,4833.067147
Ley for fodder,organic,512,4829.559571
Ley for fodder,organic,513,4828.732707
Ley for fodder,organic,514,4828.732707
Ley for fodder,organic,515,4828.732707
Ley for fodder,organic,521,4686.956889
Ley for fodder,organic,611,5447.162104
Ley for fodder,organic,612,5441.484628
Ley for fodder,organic,621,5446.683159
Ley for fodder,organic,622,5442.966922
Ley for fodder,organic,711,5435.735405
Ley for fodder,organic,731,5529.364698
Ley for fodder,organic,811,5188.344513
Ley for fodder,organic,812,5192.594638
Ley for fodder,organic,813,5192.594638
Ley for fodder,organic,814,5192.49206
Ley for fodder,organic,821,5034.008455
Ley for fodder,organic,831,5261.15419
Ley for fodder,organic,911,4946.761591
Ley for fodder,organic,912,4946.761591
Ley for fodder,organic,913,4946.761591
Ley for grazing,conventional,1011,4845.152936
Ley for grazing,conventional,111,3211.232209
Ley for grazing,conventional,1111,5690.915268
Ley for grazing,conventional,1112,5685.663912
Ley for grazing,conventional,112,3206.850854
Ley for grazing,conventional,1121,5690.915268
Ley for grazing,conventional,1122,5690.915268
Ley for grazing,conventional,1123,5690.915268
Ley for grazing,conventional,1124,5684.255051
Ley for grazing,conventional,1131,5590.455737
Ley for grazing,conventional,1211,5690.915268
Ley for grazing,conventional,1212,5690.915268
Ley for grazing,conventional,1213,5690.915268
Ley for grazing,conventional,1214,5690.915268
Ley for grazing,conventional,1215,5690.915268
Ley for grazing,conventional,1216,5690.915268
Ley for grazing,conventional,1221,5690.915268
Ley for grazing,conventional,1222,5690.915268
Ley for grazing,conventional,1311,6165.712637
Ley for grazing,conventional,1321,6163.659019
Ley for grazing,conventional,1322,5992.754347
Ley for grazing,conventional,1331,5955.05983
Ley for grazing,conventional,1411,4850.873092
Ley for grazing,conventional,1412,4850.873092
Ley for grazing,conventional,1421,4850.873092
Ley for grazing,conventional,1511,4859.898983
Ley for grazing,conventional,1512,4850.873092
Ley for grazing,conventional,1521,4866.470212
Ley for grazing,conventional,1522,4850.873092
Ley for grazing,conventional,1611,4913.136465
Ley for grazing,conventional,1612,4851.768923
Ley for grazing,conventional,1613,4850.873092
Ley for grazing,conventional,1614,4864.752162
Ley for grazing,conventional,1615,4850.873092
Ley for grazing,conventional,1616,4850.873092
Ley for grazing,conventional,1617,4806.774848
Ley for grazing,conventional,1621,4850.873092
Ley for grazing,conventional,1622,4850.873092
Ley for grazing,conventional,1623,4850.873092
Ley for grazing,conventional,1711,3415.865531
Ley for grazing,conventional,1712,3426.655827
Ley for grazing,conventional,1713,3415.132767
Ley for grazing,conventional,1721,4036.960841
Ley for grazing,conventional,1722,3713.10976
Ley for grazing,conventional,1723,3553.879285
Ley for grazing,conventional,1724,3540.832799
Ley for grazing,conventional,1811,3930.59805
Ley for grazing,conventional,1812,3917.420286
Ley for grazing,conventional,1813,3915.632401
Ley for grazing,conventional,1821,3920.601909
Ley for grazing,conventional,1911,3970.214949
Ley for grazing,conventional,1912,3968.764472
Ley for grazing,conventional,1921,3956.318947
Ley for grazing,conventional,1922,3922.6418
Ley for grazing,conventional,2011,3739.9122
Ley for grazing,conventional,2012,3739.114203
Ley for grazing,conventional,2019,3736.490285
Ley for grazing,conventional,2111,3773.455316
Ley for grazing,conventional,2121,3777.841744
Ley for grazing,conventional,2122,3759.400825
Ley for grazing,conventional,2211,3266.679911
Ley for grazing,conventional,2212,3266.461956
Ley for grazing,conventional,2221,3404.910454
Ley for grazing,conventional,2311,3216.526731
Ley for grazing,conventional,2312,3216.666897
Ley for grazing,conventional,2319,3216.759952
Ley for grazing,conventional,2331,3345.797404
Ley for grazing,conventional,2411,3101.030581
Ley for grazing,conventional,2412,3101.030581
Ley for grazing,conventional,2413,3101.030581
Ley for grazing,conventional,2414,3102.363124
Ley for grazing,conventional,2415,3106.130672
Ley for grazing,conventional,2419,3101.030581
Ley for grazing,conventional,2511,3071.508307
Ley for grazing,conventional,2512,3071.778078
Ley for grazing,conventional,2519,3071.318649
Ley for grazing,conventional,2521,3071.600133
Ley for grazing,conventional,311,3920.74355
Ley for grazing,conventional,312,3921.005102
Ley for grazing,conventional,321,3776.007022
Ley for grazing,conventional,322,3726.044566
Ley for grazing,conventional,411,3584.981633
Ley for grazing,conventional,421,3502.372194
Ley for grazing,conventional,422,3606.161645
Ley for grazing,conventional,431,3564.948532
Ley for grazing,conventional,511,4403.295991
Ley for grazing,conventional,512,4400.185891
Ley for grazing,conventional,513,4399.442862
Ley for grazing,conventional,514,4399.442862
Ley for grazing,conventional,515,4399.442862
Ley for grazing,conventional,521,4270.988778
Ley for grazing,conventional,611,4959.489446
Ley for grazing,conventional,612,4954.35054
Ley for grazing,conventional,621,4958.436779
Ley for grazing,conventional,622,4955.568593
Ley for grazing,conventional,711,4947.921035
Ley for grazing,conventional,731,5035.807861
Ley for grazing,conventional,811,4727.306308
Ley for grazing,conventional,812,4731.13584
Ley for grazing,conventional,813,4731.13584
Ley for grazing,conventional,814,4731.050978
Ley for grazing,conventional,821,4586.332846
Ley for grazing,conventional,831,4792.837054
Ley for grazing,conventional,911,4509.670682
Ley for grazing,conventional,912,4509.670682
Ley for grazing,conventional,913,4509.670682
Ley for grazing,organic,1011,4250.621766
Ley for grazing,organic,111,2809.627382
Ley for grazing,organic,1111,5001.314719
Ley for grazing,organic,1112,4996.666614
Ley for grazing,organic,112,2805.780403
Ley for grazing,organic,1121,5001.314719
Ley for grazing,organic,1122,5001.314719
Ley for grazing,organic,1123,5001.314719
Ley for grazing,organic,1124,4995.605116
Ley for grazing,organic,1131,4913.874372
Ley for grazing,organic,1211,5001.314719
Ley for grazing,organic,1212,5001.314719
Ley for grazing,organic,1213,5001.314719
Ley for grazing,organic,1214,5001.314719
Ley for grazing,organic,1215,5001.314719
Ley for grazing,organic,1216,5001.314719
Ley for grazing,organic,1221,5001.314719
Ley for grazing,organic,1222,5001.314719
Ley for grazing,organic,1311,5423.610736
Ley for grazing,organic,1321,5421.764214
Ley for grazing,organic,1322,5270.592621
Ley for grazing,organic,1331,5237.228768
Ley for grazing,organic,1411,4261.408771
Ley for grazing,organic,1412,4261.408771
Ley for grazing,organic,1421,4261.408771
Ley for grazing,organic,1511,4269.411931
Ley for grazing,organic,1512,4261.408771
Ley for grazing,organic,1521,4275.275452
Ley for grazing,organic,1522,4261.408771
Ley for grazing,organic,1611,4316.626231
Ley for grazing,organic,1612,4262.203025
Ley for grazing,organic,1613,4261.408771
Ley for grazing,organic,1614,4273.714041
Ley for grazing,organic,1615,4261.408771
Ley for grazing,organic,1616,4261.408771
Ley for grazing,organic,1617,4222.388211
Ley for grazing,organic,1621,4261.408771
Ley for grazing,organic,1622,4261.408771
Ley for grazing,organic,1623,4261.408771
Ley for grazing,organic,1711,2994.156363
Ley for grazing,organic,1712,3003.681277
Ley for grazing,organic,1713,2993.510032
Ley for grazing,organic,1721,3542.064138
Ley for grazing,organic,1722,3256.328609
Ley for grazing,organic,1723,3115.838256
Ley for grazing,organic,1724,3103.785134
Ley for grazing,organic,1811,3448.253313
Ley for grazing,organic,1812,3436.569788
Ley for grazing,organic,1813,3434.98818
Ley for grazing,organic,1821,3439.177168
Ley for grazing,organic,1911,3481.672921
Ley for grazing,organic,1912,3480.393917
Ley for grazing,organic,1921,3470.130968
Ley for grazing,organic,1922,3442.100526
Ley for grazing,organic,2011,3278.442307
Ley for grazing,organic,2012,3277.738936
Ley for grazing,organic,2019,3275.425536
Ley for grazing,organic,2111,3308.411213
Ley for grazing,organic,2121,3312.349636
Ley for grazing,organic,2122,3295.897323
Ley for grazing,organic,2211,2861.432087
Ley for grazing,organic,2212,2861.239814
Ley for grazing,organic,2221,2983.248907
Ley for grazing,organic,2311,2818.259662
Ley for grazing,organic,2312,2818.382942
Ley for grazing,organic,2319,2818.464389
Ley for grazing,organic,2331,2931.940865
Ley for grazing,organic,2411,2719.278639
Ley for grazing,organic,2412,2719.278639
Ley for grazing,organic,2413,2719.278639
Ley for grazing,organic,2414,2720.445552
Ley for grazing,organic,2415,2723.7454
Ley for grazing,organic,2419,2719.278639
Ley for grazing,organic,2511,2692.350416
Ley for grazing,organic,2512,2692.589273
Ley for grazing,organic,2519,2692.183887
Ley for grazing,organic,2521,2692.512353
Ley for grazing,organic,311,3440.432977
Ley for grazing,organic,312,3440.666332
Ley for grazing,organic,321,3311.582629
Ley for grazing,organic,322,3267.196506
Ley for grazing,organic,411,3144.355078
Ley for grazing,organic,421,3070.615936
Ley for grazing,organic,422,3162.851452
Ley for grazing,organic,431,3126.339118
Ley for grazing,organic,511,3866.453718
Ley for grazing,organic,512,3863.647657
Ley for grazing,organic,513,3862.986166
Ley for grazing,organic,514,3862.986166
Ley for grazing,organic,515,3862.986166
Ley for grazing,organic,521,3749.565512
Ley for grazing,organic,611,4357.729683
Ley for grazing,organic,612,4353.187702
Ley for grazing,organic,621,4357.346527
Ley for grazing,organic,622,4354.373537
Ley for grazing,organic,711,4348.588324
Ley for grazing,organic,731,4423.491758
Ley for grazing,organic,811,4150.675611
Ley for grazing,organic,812,4154.07571
Ley for grazing,organic,813,4154.07571
Ley for grazing,organic,814,4153.993648
Ley for grazing,organic,821,4027.206764
Ley for grazing,organic,831,4208.923352
Ley for grazing,organic,911,3957.409273
Ley for grazing,organic,912,3957.409273
Ley for grazing,organic,913,3957.409273
Ley for seed,conventional,1011,650
Ley for seed,conventional,111,650
Ley for seed,conventional,1111,650
Ley for seed,conventional,1112,650
Ley for seed,conventional,112,650
Ley for seed,conventional,1121,650
Ley for seed,conventional,1122,650
Ley for seed,conventional,1123,650
Ley for seed,conventional,1124,650
Ley for seed,conventional,1131,650
Ley for seed,conventional,1211,650
Ley for seed,conventional,1212,650
Ley for seed,conventional,1213,650
Ley for seed,conventional,1214,650
Ley for seed,conventional,1215,650
Ley for seed,conventional,1216,650
Ley for seed,conventional,1221,650
Ley for seed,conventional,1222,650
Ley for seed,conventional,1311,650
Ley for seed,conventional,1321,650
Ley for seed,conventional,1322,650
Ley for seed,conventional,1331,650
Ley for seed,conventional,1411,650
Ley for seed,conventional,1412,650
Ley for seed,conventional,1421,650
Ley for seed,conventional,1511,650
Ley for seed,conventional,1512,650
Ley for seed,conventional,1521,650
Ley for seed,conventional,1522,650
Ley for seed,conventional,1611,650
Ley for seed,conventional,1612,650
Ley for seed,conventional,1613,650
Ley for seed,conventional,1614,650
Ley for seed,conventional,1615,650
Ley for seed,conventional,1616,650
Ley for seed,conventional,1617,650
Ley for seed,conventional,1621,650
Ley for seed,conventional,1622,650
Ley for seed,conventional,1623,650
Ley for seed,conventional,1711,650
Ley for seed,conventional,1712,650
Ley for seed,conventional,1713,650
Ley for seed,conventional,1721,650
Ley for seed,conventional,1722,650
Ley for seed,conventional,1723,650
Ley for seed,conventional,1724,650
Ley for seed,conventional,1811,650
Ley for seed,conventional,1812,650
Ley for seed,conventional,1813,650
Ley for seed,conventional,1821,650
Ley for seed,conventional,1911,650
Ley for seed,conventional,1912,650
Ley for seed,conventional,1921,650
Ley for seed,conventional,1922,650
Ley for seed,conventional,2011,650
Ley for seed,conventional,2012,650
Ley for seed,conventional,2019,650
Ley for seed,conventional,2111,650
Ley for seed,conventional,2121,650
Ley for seed,conventional,2122,650
Ley for seed,conventional,2211,650
Ley for seed,conventional,2212,650
Ley for seed,conventional,2221,650
Ley for seed,conventional,2311,650
Ley for seed,conventional,2312,650
Ley for seed,conventional,2319,650
Ley for seed,conventional,2331,650
Ley for seed,conventional,2411,650
Ley for seed,conventional,2412,650
Ley for seed,conventional,2413,650
Ley for seed,conventional,2414,650
Ley for seed,conventional,2415,650
Ley for seed,conventional,2419,650
Ley for seed,conventional,2511,650
Ley for seed,conventional,2512,650
Ley for seed,conventional,2519,650
Ley for seed,conventional,2521,650
Ley for seed,conventional,311,650
Ley for seed,conventional,312,650
Ley for seed,conventional,321,650
Ley for seed,conventional,322,650
Ley for seed,conventional,411,650
Ley for seed,conventional,421,650
Ley for seed,conventional,422,650
Ley for seed,conventional,431,650
Ley for seed,conventional,511,650
Ley for seed,conventional,512,650
Ley for seed,conventional,513,650
Ley for seed,conventional,514,650
Ley for seed,conventional,515,650
Ley for seed,conventional,521,650
Ley for seed,conventional,611,650
Ley for seed,conventional,612,650
Ley for seed,conventional,621,650
Ley for seed,conventional,622,650
Ley for seed,conventional,711,650
Ley for seed,conventional,731,650
Ley for seed,conventional,811,650
Ley for seed,conventional,812,650
Ley for seed,conventional,813,650
Ley for seed,conventional,814,650
Ley for seed,conventional,821,650
Ley for seed,conventional,831,650
Ley for seed,conventional,911,650
Ley for seed,conventional,912,650
Ley for seed,conventional,913,650
Ley for seed,organic,1011,400
Ley for seed,organic,111,400
Ley for seed,organic,1111,400
Ley for seed,organic,1112,400
Ley for seed,organic,112,400
Ley for seed,organic,1121,400
Ley for seed,organic,1122,400
Ley for seed,organic,1123,400
Ley for seed,organic,1124,400
Ley for seed,organic,1131,400
Ley for seed,organic,1211,400
Ley for seed,organic,1212,400
Ley for seed,organic,1213,400
Ley for seed,organic,1214,400
Ley for seed,organic,1215,400
Ley for seed,organic,1216,400
Ley for seed,organic,1221,400
Ley for seed,organic,1222,400
Ley for seed,organic,1311,400
Ley for seed,organic,1321,400
Ley for seed,organic,1322,400
Ley for seed,organic,1331,400
Ley for seed,organic,1411,400
Ley for seed,organic,1412,400
Ley for seed,organic,1421,400
Ley for seed,organic,1511,400
Ley for seed,organic,1512,400
Ley for seed,organic,1521,400
Ley for seed,organic,1522,400
Ley for seed,organic,1611,400
Ley for seed,organic,1612,400
Ley for seed,organic,1613,400
Ley for seed,organic,1614,400
Ley for seed,organic,1615,400
Ley for seed,organic,1616,400
Ley for seed,organic,1617,400
Ley for seed,organic,1621,400
Ley for seed,organic,1622,400
Ley for seed,organic,1623,400
Ley for seed,organic,1711,400
Ley for seed,organic,1712,400
Ley for seed,organic,1713,400
Ley for seed,organic,1721,400
Ley for seed,organic,1722,400
Ley for seed,organic,1723,400
Ley for seed,organic,1724,400
Ley for seed,organic,1811,400
Ley for seed,organic,1812,400
Ley for seed,organic,1813,400
Ley for seed,organic,1821,400
Ley for seed,organic,1911,400
Ley for seed,organic,1912,400
Ley for seed,organic,1921,400
Ley for seed,organic,1922,400
Ley for seed,organic,2011,400
Ley for seed,organic,2012,400
Ley for seed,organic,2019,400
Ley for seed,organic,2111,400
Ley for seed,organic,2121,400
Ley for seed,organic,2122,400
Ley for seed,organic,2211,400
Ley for seed,organic,2212,400
Ley for seed,organic,2221,400
Ley for seed,organic,2311,400
Ley for seed,organic,2312,400
Ley for seed,organic,2319,400
Ley for seed,organic,2331,400
Ley for seed,organic,2411,400
Ley for seed,organic,2412,400
Ley for seed,organic,2413,400
Ley for seed,organic,2414,400
Ley for seed,organic,2415,400
Ley for seed,organic,2419,400
Ley for seed,organic,2511,400
Ley for seed,organic,2512,400
Ley for seed,organic,2519,400
Ley for seed,organic,2521,400
Ley for seed,organic,311,400
Ley for seed,organic,312,400
Ley for seed,organic,321,400
Ley for seed,organic,322,400
Ley for seed,organic,411,400
Ley for seed,organic,421,400
Ley for seed,organic,422,400
Ley for seed,organic,431,400
Ley for seed,organic,511,400
Ley for seed,organic,512,400
Ley for seed,organic,513,400
Ley for seed,organic,514,400
Ley for seed,organic,515,400
Ley for seed,organic,521,400
Ley for seed,organic,611,400
Ley for seed,organic,612,400
Ley for seed,organic,621,400
Ley for seed,organic,622,400
Ley for seed,organic,711,400
Ley for seed,organic,731,400
Ley for seed,organic,811,400
Ley for seed,organic,812,400
Ley for seed,organic,813,400
Ley for seed,organic,814,400
Ley for seed,organic,821,400
Ley for seed,organic,831,400
Ley for seed,organic,911,400
Ley for seed,organic,912,400
Ley for seed,organic,913,400
Ley not harvested,conventional,1011,0
Ley not harvested,conventional,111,0
Ley not harvested,conventional,1111,0
Ley not harvested,conventional,1112,0
Ley not harvested,conventional,112,0
Ley not harvested,conventional,1121,0
Ley not harvested,conventional,1122,0
Ley not harvested,conventional,1123,0
Ley not harvested,conventional,1124,0
Ley not harvested,conventional,1131,0
Ley not harvested,conventional,1211,0
Ley not harvested,conventional,1212,0
Ley not harvested,conventional,1213,0
Ley not harvested,conventional,1214,0
Ley not harvested,conventional,1215,0
Ley not harvested,conventional,1216,0
Ley not harvested,conventional,1221,0
Ley not harvested,conventional,1222,0
Ley not harvested,conventional,1311,0
Ley not harvested,conventional,1321,0
Ley not harvested,conventional,1322,0
Ley not harvested,conventional,1331,0
Ley not harvested,conventional,1411,0
Ley not harvested,conventional,1412,0
Ley not harvested,conventional,1421,0
Ley not harvested,conventional,1511,0
Ley not harvested,conventional,1512,0
Ley not harvested,conventional,1521,0
Ley not harvested,conventional,1522,0
Ley not harvested,conventional,1611,0
Ley not harvested,conventional,1612,0
Ley not harvested,conventional,1613,0
Ley not harvested,conventional,1614,0
Ley not harvested,conventional,1615,0
Ley not harvested,conventional,1616,0
Ley not harvested,conventional,1617,0
Ley not harvested,conventional,1621,0
Ley not harvested,conventional,1622,0
Ley not harvested,conventional,1623,0
Ley not harvested,conventional,1711,0
Ley not harvested,conventional,1712,0
Ley not harvested,conventional,1713,0
Ley not harvested,conventional,1721,0
Ley not harvested,conventional,1722,0
Ley not harvested,conventional,1723,0
Ley not harvested,conventional,1724,0
Ley not harvested,conventional,1811,0
Ley not harvested,conventional,1812,0
Ley not harvested,conventional,1813,0
Ley not harvested,conventional,1821,0
Ley not harvested,conventional,1911,0
Ley not harvested,conventional,1912,0
Ley not harvested,conventional,1921,0
Ley not harvested,conventional,1922,0
Ley not harvested,conventional,2011,0
Ley not harvested,conventional,2012,0
Ley not harvested,conventional,2019,0
Ley not harvested,conventional,2111,0
Ley not harvested,conventional,2121,0
Ley not harvested,conventional,2122,0
Ley not harvested,conventional,2211,0
Ley not harvested,conventional,2212,0
Ley not harvested,conventional,2221,0
Ley not harvested,conventional,2311,0
Ley not harvested,conventional,2312,0
Ley not harvested,conventional,2319,0
Ley not harvested,conventional,2331,0
Ley not harvested,conventional,2411,0
Ley not harvested,conventional,2412,0
Ley not harvested,conventional,2413,0
Ley not harvested,conventional,2414,0
Ley not harvested,conventional,2415,0
Ley not harvested,conventional,2419,0
Ley not harvested,conventional,2511,0
Ley not harvested,conventional,2512,0
Ley not harvested,conventional,2519,0
Ley not harvested,conventional,2521,0
Ley not harvested,conventional,311,0
Ley not harvested,conventional,312,0
Ley not harvested,conventional,321,0
Ley not harvested,conventional,322,0
Ley not harvested,conventional,411,0
Ley not harvested,conventional,421,0
Ley not harvested,conventional,422,0
Ley not harvested,conventional,431,0
Ley not harvested,conventional,511,0
Ley not harvested,conventional,512,0
Ley not harvested,conventional,513,0
Ley not harvested,conventional,514,0
Ley not harvested,conventional,515,0
Ley not harvested,conventional,521,0
Ley not harvested,conventional,611,0
Ley not harvested,conventional,612,0
Ley not harvested,conventional,621,0
Ley not harvested,conventional,622,0
Ley not harvested,conventional,711,0
Ley not harvested,conventional,731,0
Ley not harvested,conventional,811,0
Ley not harvested,conventional,812,0
Ley not harvested,conventional,813,0
Ley not harvested,conventional,814,0
Ley not harvested,conventional,821,0
Ley not harvested,conventional,831,0
Ley not harvested,conventional,911,0
Ley not harvested,conventional,912,0
Ley not harvested,conventional,913,0
Ley not harvested,organic,1011,0
Ley not harvested,organic,111,0
Ley not harvested,organic,1111,0
Ley not harvested,organic,1112,0
Ley not harvested,organic,112,0
Ley not harvested,organic,1121,0
Ley not harvested,organic,1122,0
Ley not harvested,organic,1123,0
Ley not harvested,organic,1124,0
Ley not harvested,organic,1131,0
Ley not harvested,organic,1211,0
Ley not harvested,organic,1212,0
Ley not harvested,organic,1213,0
Ley not harvested,organic,1214,0
Ley not harvested,organic,1215,0
Ley not harvested,organic,1216,0
Ley not harvested,organic,1221,0
Ley not harvested,organic,1222,0
Ley not harvested,organic,1311,0
Ley not harvested,organic,1321,0
Ley not harvested,organic,1322,0
Ley not harvested,organic,1331,0
Ley not harvested,organic,1411,0
Ley not harvested,organic,1412,0
Ley not harvested,organic,1421,0
Ley not harvested,organic,1511,0
Ley not harvested,organic,1512,0
Ley not harvested,organic,1521,0
Ley not harvested,organic,1522,0
Ley not harvested,organic,1611,0
Ley not harvested,organic,1612,0
Ley not harvested,organic,1613,0
Ley not harvested,organic,1614,0
Ley not harvested,organic,1615,0
Ley not harvested,organic,1616,0
Ley not harvested,organic,1617,0
Ley not harvested,organic,1621,0
Ley not harvested,organic,1622,0
Ley not harvested,organic,1623,0
Ley not harvested,organic,1711,0
Ley not harvested,organic,1712,0
Ley not harvested,organic,1713,0
Ley not harvested,organic,1721,0
Ley not harvested,organic,1722,0
Ley not harvested,organic,1723,0
Ley not harvested,organic,1724,0
Ley not harvested,organic,1811,0
Ley not harvested,organic,1812,0
Ley not harvested,organic,1813,0
Ley not harvested,organic,1821,0
Ley not harvested,organic,1911,0
Ley not harvested,organic,1912,0
Ley not harvested,organic,1921,0
Ley not harvested,organic,1922,0
Ley not harvested,organic,2011,0
Ley not harvested,organic,2012,0
Ley not harvested,organic,2019,0
Ley not harvested,organic,2111,0
Ley not harvested,organic,2121,0
Ley not harvested,organic,2122,0
Ley not harvested,organic,2211,0
Ley not harvested,organic,2212,0
Ley not harvested,organic,2221,0
Ley not harvested,organic,2311,0
Ley not harvested,organic,2312,0
Ley not harvested,organic,2319,0
Ley not harvested,organic,2331,0
Ley not harvested,organic,2411,0
Ley not harvested,organic,2412,0
Ley not harvested,organic,2413,0
Ley not harvested,organic,2414,0
Ley not harvested,organic,2415,0
Ley not harvested,organic,2419,0
Ley not harvested,organic,2511,0
Ley not harvested,organic,2512,0
Ley not harvested,organic,2519,0
Ley not harvested,organic,2521,0
Ley not harvested,organic,311,0
Ley not harvested,organic,312,0
Ley not harvested,organic,321,0
Ley not harvested,organic,322,0
Ley not harvested,organic,411,0
Ley not harvested,organic,421,0
Ley not harvested,organic,422,0
Ley not harvested,organic,431,0
Ley not harvested,organic,511,0
Ley not harvested,organic,512,0
Ley not harvested,organic,513,0
Ley not harvested,organic,514,0
Ley not harvested,organic,515,0
Ley not harvested,organic,521,0
Ley not harvested,organic,611,0
Ley not harvested,organic,612,0
Ley not harvested,organic,621,0
Ley not harvested,organic,622,0
Ley not harvested,organic,711,0
Ley not harvested,organic,731,0
Ley not harvested,organic,811,0
Ley not harvested,organic,812,0
Ley not harvested,organic,813,0
Ley not harvested,organic,814,0
Ley not harvested,organic,821,0
Ley not harvested,organic,831,0
Ley not harvested,organic,911,0
Ley not harvested,organic,912,0
Ley not harvested,organic,913,0
Maize (corn),conventional,1011,5299.162037
Maize (corn),conventional,111,4424.232347
Maize (corn),conventional,1111,6286.068009
Maize (corn),conventional,1112,5465.496313
Maize (corn),conventional,112,4100.570932
Maize (corn),conventional,1121,7384.094544
Maize (corn),conventional,1122,6365.340169
Maize (corn),conventional,1123,6588.159212
Maize (corn),conventional,1124,4468.918213
Maize (corn),conventional,1131,4393.751479
Maize (corn),conventional,1211,8183.243613
Maize (corn),conventional,1212,6895.606642
Maize (corn),conventional,1213,5880.066002
Maize (corn),conventional,1214,7309.107366
Maize (corn),conventional,1215,6117.882481
Maize (corn),conventional,1216,6954.525139
Maize (corn),conventional,1221,5041.280854
Maize (corn),conventional,1222,6852.756826
Maize (corn),conventional,1311,5643.558489
Maize (corn),conventional,1321,5770.168501
Maize (corn),conventional,1322,4545.902097
Maize (corn),conventional,1331,5047.887967
Maize (corn),conventional,1411,5855.638278
Maize (corn),conventional,1412,4215.530131
Maize (corn),conventional,1421,4486.684426
Maize (corn),conventional,1511,4529.984241
Maize (corn),conventional,1512,6469.787453
Maize (corn),conventional,1521,5169.227508
Maize (corn),conventional,1522,4352.256237
Maize (corn),conventional,1611,4158.864357
Maize (corn),conventional,1612,6006.985808
Maize (corn),conventional,1613,5977.176884
Maize (corn),conventional,1614,5404.018569
Maize (corn),conventional,1615,6272.166526
Maize (corn),conventional,1616,5772.369413
Maize (corn),conventional,1617,4749.285537
Maize (corn),conventional,1621,5356.87136
Maize (corn),conventional,1622,6583.72332
Maize (corn),conventional,1623,6553.661451
Maize (corn),conventional,1711,5060.739947
Maize (corn),conventional,1712,4145.234374
Maize (corn),conventional,1713,4611.004189
Maize (corn),conventional,1721,3240.429171
Maize (corn),conventional,1722,5256.899786
Maize (corn),conventional,1723,3535.579063
Maize (corn),conventional,1724,3468.959808
Maize (corn),conventional,1811,5486.535248
Maize (corn),conventional,1812,6554.437176
Maize (corn),conventional,1813,3446.356846
Maize (corn),conventional,1821,4955.996762
Maize (corn),conventional,1911,5567.466358
Maize (corn),conventional,1912,3830.607195
Maize (corn),conventional,1921,5341.925101
Maize (corn),conventional,1922,4850.119731
Maize (corn),conventional,2011,4381.405683
Maize (corn),conventional,2012,4258.873838
Maize (corn),conventional,2019,4338.579019
Maize (corn),conventional,2111,3938.863485
Maize (corn),conventional,2121,4132.773104
Maize (corn),conventional,2122,2432.792458
Maize (corn),conventional,2211,2429.223569
Maize (corn),conventional,2212,2655.253186
Maize (corn),conventional,2221,3746.143496
Maize (corn),conventional,2311,3703.316832
Maize (corn),conventional,2312,3226.275377
Maize (corn),conventional,2319,3664.059056
Maize (corn),conventional,2331,3713.010707
Maize (corn),conventional,2411,3184.638342
Maize (corn),conventional,2412,3541.527211
Maize (corn),conventional,2413,3808.004233
Maize (corn),conventional,2414,3349.996851
Maize (corn),conventional,2415,3549.45469
Maize (corn),conventional,2419,3549.854618
Maize (corn),conventional,2511,2720.682812
Maize (corn),conventional,2512,2224.607284
Maize (corn),conventional,2519,2657.490993
Maize (corn),conventional,2521,2752.711055
Maize (corn),conventional,311,5281.955263
Maize (corn),conventional,312,4369.873671
Maize (corn),conventional,321,5794.532699
Maize (corn),conventional,322,3012.142055
Maize (corn),conventional,411,5141.672259
Maize (corn),conventional,421,4937.471092
Maize (corn),conventional,422,5680.644188
Maize (corn),conventional,431,4307.079857
Maize (corn),conventional,511,4885.201025
Maize (corn),conventional,512,3947.868601
Maize (corn),conventional,513,7780.412994
Maize (corn),conventional,514,6150.330953
Maize (corn),conventional,515,5375.43114
Maize (corn),conventional,521,4459.181726
Maize (corn),conventional,611,3887.738309
Maize (corn),conventional,612,5088.1279
Maize (corn),conventional,621,4807.67614
Maize (corn),conventional,622,3852.058766
Maize (corn),conventional,711,4800.805486
Maize (corn),conventional,731,4694.197344
Maize (corn),conventional,811,5348.400417
Maize (corn),conventional,812,4936.163737
Maize (corn),conventional,813,5114.696621
Maize (corn),conventional,814,4524.189022
Maize (corn),conventional,821,3999.577033
Maize (corn),conventional,831,4356.875816
Maize (corn),conventional,911,4636.586829
Maize (corn),conventional,912,4959.839503
Maize (corn),conventional,913,4474.960492
Maize (corn),organic,1011,3624.736345
Maize (corn),organic,111,3026.266356
Maize (corn),organic,1111,4299.800425
Maize (corn),organic,1112,3738.512427
Maize (corn),organic,112,2804.875259
Maize (corn),organic,1121,5050.873267
Maize (corn),organic,1122,4354.024221
Maize (corn),organic,1123,4506.437051
Maize (corn),organic,1124,3056.832412
Maize (corn),organic,1131,3005.416813
Maize (corn),organic,1211,5597.507745
Maize (corn),organic,1212,4716.737447
Maize (corn),organic,1213,4022.086662
Maize (corn),organic,1214,4999.580488
Maize (corn),organic,1215,4184.758049
Maize (corn),organic,1216,4757.038916
Maize (corn),organic,1221,3448.340287
Maize (corn),organic,1222,4687.427287
Maize (corn),organic,1311,3860.310636
Maize (corn),organic,1321,3946.914501
Maize (corn),organic,1322,3109.490979
Maize (corn),organic,1331,3452.859689
Maize (corn),organic,1411,4005.377594
Maize (corn),organic,1412,2883.509727
Maize (corn),organic,1421,3068.984869
Maize (corn),organic,1511,3098.602837
Maize (corn),organic,1512,4425.468322
Maize (corn),organic,1521,3535.858442
Maize (corn),organic,1522,2977.03321
Maize (corn),organic,1611,2844.749167
Maize (corn),organic,1612,4108.902432
Maize (corn),organic,1613,4088.512512
Maize (corn),organic,1614,3696.46038
Maize (corn),organic,1615,4290.291523
Maize (corn),organic,1616,3948.41997
Maize (corn),organic,1617,3248.609456
Maize (corn),organic,1621,3664.210715
Maize (corn),organic,1622,4503.402809
Maize (corn),organic,1623,4482.83987
Maize (corn),organic,1711,3461.650709
Maize (corn),organic,1712,2835.425977
Maize (corn),organic,1713,3154.022156
Maize (corn),organic,1721,2216.520519
Maize (corn),organic,1722,3595.828092
Maize (corn),organic,1723,2418.409145
Maize (corn),organic,1724,2372.840198
Maize (corn),organic,1811,3752.903494
Maize (corn),organic,1812,4483.370482
Maize (corn),organic,1813,2357.379305
Maize (corn),organic,1821,3390.004206
Maize (corn),organic,1911,3808.262046
Maize (corn),organic,1912,2620.214484
Maize (corn),organic,1921,3653.987165
Maize (corn),organic,1922,3317.582128
Maize (corn),organic,2011,2996.972033
Maize (corn),organic,2012,2913.157719
Maize (corn),organic,2019,2967.677709
Maize (corn),organic,2111,2694.264024
Maize (corn),organic,2121,2826.902211
Maize (corn),organic,2122,1664.080317
Maize (corn),organic,2211,1661.639123
Maize (corn),organic,2212,1816.248053
Maize (corn),organic,2221,2562.439569
Maize (corn),organic,2311,2533.145245
Maize (corn),organic,2312,2206.839032
Maize (corn),organic,2319,2506.292115
Maize (corn),organic,2331,2539.776056
Maize (corn),organic,2411,2178.358439
Maize (corn),organic,2412,2422.477801
Maize (corn),organic,2413,2604.753591
Maize (corn),organic,2414,2291.467077
Maize (corn),organic,2415,2427.900361
Maize (corn),organic,2419,2428.17392
Maize (corn),organic,2511,1861.003269
Maize (corn),organic,2512,1521.677356
Maize (corn),organic,2519,1817.778759
Maize (corn),organic,2521,1882.911249
Maize (corn),organic,311,3612.966556
Maize (corn),organic,312,2989.083898
Maize (corn),organic,321,3963.580115
Maize (corn),organic,322,2060.367414
Maize (corn),organic,411,3517.010082
Maize (corn),organic,421,3377.332264
Maize (corn),organic,422,3885.67802
Maize (corn),organic,431,2946.131631
Maize (corn),organic,511,3341.578458
Maize (corn),organic,512,2700.423709
Maize (corn),organic,513,5321.963277
Maize (corn),organic,514,4206.953474
Maize (corn),organic,515,3676.905988
Maize (corn),organic,521,3050.172454
Maize (corn),organic,611,2659.293347
Maize (corn),organic,612,3480.384634
Maize (corn),organic,621,3288.549834
Maize (corn),organic,622,2634.887802
Maize (corn),organic,711,3283.850165
Maize (corn),organic,731,3210.927993
Maize (corn),organic,811,3658.416415
Maize (corn),organic,812,3376.438006
Maize (corn),organic,813,3498.558188
Maize (corn),organic,814,3094.638787
Maize (corn),organic,821,2735.793345
Maize (corn),organic,831,2980.193097
Maize (corn),organic,911,3171.52121
Maize (corn),organic,912,3392.63272
Maize (corn),organic,913,3060.965455
Maize for forage and silage,conventional,1011,10963.33454
Maize for forage and silage,conventional,111,9220.193595
Maize for forage and silage,conventional,1111,11437.04858
Maize for forage and silage,conventional,1112,11436.26326
Maize for forage and silage,conventional,112,9155.375074
Maize for forage and silage,conventional,1121,11437.04858
Maize for forage and silage,conventional,1122,11437.04858
Maize for forage and silage,conventional,1123,11437.04858
Maize for forage and silage,conventional,1124,11416.27377
Maize for forage and silage,conventional,1131,10932.5954
Maize for forage and silage,conventional,1211,11437.04858
Maize for forage and silage,conventional,1212,11437.04858
Maize for forage and silage,conventional,1213,11437.04858
Maize for forage and silage,conventional,1214,11437.04858
Maize for forage and silage,conventional,1215,11437.04858
Maize for forage and silage,conventional,1216,11437.04858
Maize for forage and silage,conventional,1221,11437.04858
Maize for forage and silage,conventional,1222,11437.04858
Maize for forage and silage,conventional,1311,11378.2362
Maize for forage and silage,conventional,1321,11380.53826
Maize for forage and silage,conventional,1322,10923.99555
Maize for forage and silage,conventional,1331,11218.15686
Maize for forage and silage,conventional,1411,10122.61124
Maize for forage and silage,conventional,1412,10190.05393
Maize for forage and silage,conventional,1421,10190.05393
Maize for forage and silage,conventional,1511,10126.54131
Maize for forage and silage,conventional,1512,10190.05393
Maize for forage and silage,conventional,1521,10139.59825
Maize for forage and silage,conventional,1522,10190.05393
Maize for forage and silage,conventional,1611,9800.12344
Maize for forage and silage,conventional,1612,10122.65825
Maize for forage and silage,conventional,1613,10122.61124
Maize for forage and silage,conventional,1614,10121.52063
Maize for forage and silage,conventional,1615,10190.05393
Maize for forage and silage,conventional,1616,10190.05393
Maize for forage and silage,conventional,1617,10194.71725
Maize for forage and silage,conventional,1621,10122.61124
Maize for forage and silage,conventional,1622,10122.61124
Maize for forage and silage,conventional,1623,10190.05393
Maize for forage and silage,conventional,1711,8673.623741
Maize for forage and silage,conventional,1712,8711.276697
Maize for forage and silage,conventional,1713,8699.601711
Maize for forage and silage,conventional,1721,9515.115976
Maize for forage and silage,conventional,1722,9084.560152
Maize for forage and silage,conventional,1723,9063.837424
Maize for forage and silage,conventional,1724,8677.09831
Maize for forage and silage,conventional,1811,10057.15109
Maize for forage and silage,conventional,1812,10747.82945
Maize for forage and silage,conventional,1813,10068.30492
Maize for forage and silage,conventional,1821,10166.32778
Maize for forage and silage,conventional,1911,10773.78512
Maize for forage and silage,conventional,1912,10774.08342
Maize for forage and silage,conventional,1921,10651.67205
Maize for forage and silage,conventional,1922,10568.70581
Maize for forage and silage,conventional,2011,8619.233634
Maize for forage and silage,conventional,2012,8607.64663
Maize for forage and silage,conventional,2019,8593.027237
Maize for forage and silage,conventional,2111,8654.666303
Maize for forage and silage,conventional,2121,8717.224654
Maize for forage and silage,conventional,2122,8633.803223
Maize for forage and silage,conventional,2211,7554.888803
Maize for forage and silage,conventional,2212,7555.384966
Maize for forage and silage,conventional,2221,7849.329856
Maize for forage and silage,conventional,2311,7368.150859
Maize for forage and silage,conventional,2312,7367.896036
Maize for forage and silage,conventional,2319,7367.847024
Maize for forage and silage,conventional,2331,7669.424241
Maize for forage and silage,conventional,2411,7365.851939
Maize for forage and silage,conventional,2412,7365.851939
Maize for forage and silage,conventional,2413,7365.851939
Maize for forage and silage,conventional,2414,7366.222708
Maize for forage and silage,conventional,2415,7366.244734
Maize for forage and silage,conventional,2419,7365.851939
Maize for forage and silage,conventional,2511,7258.156355
Maize for forage and silage,conventional,2512,7258.117377
Maize for forage and silage,conventional,2519,7258.38687
Maize for forage and silage,conventional,2521,7269.853979
Maize for forage and silage,conventional,311,10565.16489
Maize for forage and silage,conventional,312,10519.39627
Maize for forage and silage,conventional,321,10248.40541
Maize for forage and silage,conventional,322,10208.23311
Maize for forage and silage,conventional,411,9712.012257
Maize for forage and silage,conventional,421,9619.240969
Maize for forage and silage,conventional,422,9784.793717
Maize for forage and silage,conventional,431,9707.595283
Maize for forage and silage,conventional,511,9502.241616
Maize for forage and silage,conventional,512,9502.065939
Maize for forage and silage,conventional,513,9498.527141
Maize for forage and silage,conventional,514,9498.527141
Maize for forage and silage,conventional,515,9498.527141
Maize for forage and silage,conventional,521,9585.518813
Maize for forage and silage,conventional,611,9506.403442
Maize for forage and silage,conventional,612,9475.899729
Maize for forage and silage,conventional,621,9460.696922
Maize for forage and silage,conventional,622,9487.356065
Maize for forage and silage,conventional,711,9416.615051
Maize for forage and silage,conventional,731,10173.11265
Maize for forage and silage,conventional,811,10203.28131
Maize for forage and silage,conventional,812,10202.23237
Maize for forage and silage,conventional,813,10202.23237
Maize for forage and silage,conventional,814,10200.98641
Maize for forage and silage,conventional,821,9921.629571
Maize for forage and silage,conventional,831,10060.57609
Maize for forage and silage,conventional,911,10633.00502
Maize for forage and silage,conventional,912,10633.00502
Maize for forage and silage,conventional,913,10633.00502
Maize for forage and silage,organic,1011,7276.638629
Maize for forage and silage,organic,111,6119.672502
Maize for forage and silage,organic,1111,7591.054459
Maize for forage and silage,organic,1112,7590.533222
Maize for forage and silage,organic,112,6076.650832
Maize for forage and silage,organic,1121,7591.054459
Maize for forage and silage,organic,1122,7591.054459
Maize for forage and silage,organic,1123,7591.054459
Maize for forage and silage,organic,1124,7577.2657
Maize for forage and silage,organic,1131,7256.236299
Maize for forage and silage,organic,1211,7591.054459
Maize for forage and silage,organic,1212,7591.054459
Maize for forage and silage,organic,1213,7591.054459
Maize for forage and silage,organic,1214,7591.054459
Maize for forage and silage,organic,1215,7591.054459
Maize for forage and silage,organic,1216,7591.054459
Maize for forage and silage,organic,1221,7591.054459
Maize for forage and silage,organic,1222,7591.054459
Maize for forage and silage,organic,1311,7552.019216
Maize for forage and silage,organic,1321,7553.547146
Maize for forage and silage,organic,1322,7250.528363
Maize for forage and silage,organic,1331,7445.770564
Maize for forage and silage,organic,1411,6718.629604
Maize for forage and silage,organic,1412,6763.393002
Maize for forage and silage,organic,1421,6763.393002
Maize for forage and silage,organic,1511,6721.238087
Maize for forage and silage,organic,1512,6763.393002
Maize for forage and silage,organic,1521,6729.904305
Maize for forage and silage,organic,1522,6763.393002
Maize for forage and silage,organic,1611,6504.586407
Maize for forage and silage,organic,1612,6718.660804
Maize for forage and silage,organic,1613,6718.629604
Maize for forage and silage,organic,1614,6717.905739
Maize for forage and silage,organic,1615,6763.393002
Maize for forage and silage,organic,1616,6763.393002
Maize for forage and silage,organic,1617,6766.488165
Maize for forage and silage,organic,1621,6718.629604
Maize for forage and silage,organic,1622,6718.629604
Maize for forage and silage,organic,1623,6763.393002
Maize for forage and silage,organic,1711,5756.900454
Maize for forage and silage,organic,1712,5781.891661
Maize for forage and silage,organic,1713,5774.142681
Maize for forage and silage,organic,1721,6315.419843
Maize for forage and silage,organic,1722,6029.649202
Maize for forage and silage,organic,1723,6015.895011
Maize for forage and silage,organic,1724,5759.206613
Maize for forage and silage,organic,1811,6675.182069
Maize for forage and silage,organic,1812,7133.60253
Maize for forage and silage,organic,1813,6682.585143
Maize for forage and silage,organic,1821,6747.645364
Maize for forage and silage,organic,1911,7150.829954
Maize for forage and silage,organic,1912,7151.027941
Maize for forage and silage,organic,1921,7069.780465
Maize for forage and silage,organic,1922,7014.713702
Maize for forage and silage,organic,2011,5720.800384
Maize for forage and silage,organic,2012,5713.1098
Maize for forage and silage,organic,2019,5703.406544
Maize for forage and silage,organic,2111,5744.31793
Maize for forage and silage,organic,2121,5785.839468
Maize for forage and silage,organic,2122,5730.470583
Maize for forage and silage,organic,2211,5014.368167
Maize for forage and silage,organic,2212,5014.697483
Maize for forage and silage,organic,2221,5209.79604
Maize for forage and silage,organic,2311,4890.425536
Maize for forage and silage,organic,2312,4890.256403
Maize for forage and silage,organic,2319,4890.223873
Maize for forage and silage,organic,2331,5090.388195
Maize for forage and silage,organic,2411,4888.899685
Maize for forage and silage,organic,2412,4888.899685
Maize for forage and silage,organic,2413,4888.899685
Maize for forage and silage,organic,2414,4889.145773
Maize for forage and silage,organic,2415,4889.160393
Maize for forage and silage,organic,2419,4888.899685
Maize for forage and silage,organic,2511,4817.419439
Maize for forage and silage,organic,2512,4817.393568
Maize for forage and silage,organic,2519,4817.572438
Maize for forage and silage,organic,2521,4825.183444
Maize for forage and silage,organic,311,7012.363502
Maize for forage and silage,organic,312,6981.985729
Maize for forage and silage,organic,321,6802.122333
Maize for forage and silage,organic,322,6775.458974
Maize for forage and silage,organic,411,6446.104817
Maize for forage and silage,organic,421,6384.530199
Maize for forage and silage,organic,422,6494.411687
Maize for forage and silage,organic,431,6443.173161
Maize for forage and silage,organic,511,6306.87481
Maize for forage and silage,organic,512,6306.758208
Maize for forage and silage,organic,513,6304.40942
Maize for forage and silage,organic,514,6304.40942
Maize for forage and silage,organic,515,6304.40942
Maize for forage and silage,organic,521,6362.147962
Maize for forage and silage,organic,611,6309.637117
Maize for forage and silage,organic,612,6289.391042
Maize for forage and silage,organic,621,6279.30056
Maize for forage and silage,organic,622,6296.994898
Maize for forage and silage,organic,711,6250.042322
Maize for forage and silage,organic,731,6752.148653
Maize for forage and silage,organic,811,6772.172344
Maize for forage and silage,organic,812,6771.476135
Maize for forage and silage,organic,813,6771.476135
Maize for forage and silage,organic,814,6770.649163
Maize for forage and silage,organic,821,6585.233057
Maize for forage and silage,organic,831,6677.455329
Maize for forage and silage,organic,911,7057.390693
Maize for forage and silage,organic,912,7057.390693
Maize for forage and silage,organic,913,7057.390693
Mixed cereals,conventional,1011,3726.439394
Mixed cereals,conventional,111,4834.287039
Mixed cereals,conventional,1111,3907.255397
Mixed cereals,conventional,1112,3396.078815
Mixed cereals,conventional,112,4522.308055
Mixed cereals,conventional,1121,4589.41922
Mixed cereals,conventional,1122,3956.294691
Mixed cereals,conventional,1123,4094.116003
Mixed cereals,conventional,1124,2838.876677
Mixed cereals,conventional,1131,2925.683913
Mixed cereals,conventional,1211,5089.014556
Mixed cereals,conventional,1212,4285.363047
Mixed cereals,conventional,1213,3653.375354
Mixed cereals,conventional,1214,4545.404676
Mixed cereals,conventional,1215,3802.162544
Mixed cereals,conventional,1216,4324.896256
Mixed cereals,conventional,1221,3131.512775
Mixed cereals,conventional,1222,4254.445207
Mixed cereals,conventional,1311,4272.04444
Mixed cereals,conventional,1321,4357.252941
Mixed cereals,conventional,1322,3418.480841
Mixed cereals,conventional,1331,3737.835152
Mixed cereals,conventional,1411,3769.202973
Mixed cereals,conventional,1412,2706.892908
Mixed cereals,conventional,1421,2880.030847
Mixed cereals,conventional,1511,2914.725667
Mixed cereals,conventional,1512,4048.724168
Mixed cereals,conventional,1521,3326.850668
Mixed cereals,conventional,1522,2792.345727
Mixed cereals,conventional,1611,3004.975393
Mixed cereals,conventional,1612,4557.717174
Mixed cereals,conventional,1613,3848.727086
Mixed cereals,conventional,1614,3168.971755
Mixed cereals,conventional,1615,2897.674086
Mixed cereals,conventional,1616,4066.270544
Mixed cereals,conventional,1617,3047.510417
Mixed cereals,conventional,1621,3445.459391
Mixed cereals,conventional,1622,4238.990824
Mixed cereals,conventional,1623,4689.144484
Mixed cereals,conventional,1711,3025.608191
Mixed cereals,conventional,1712,2474.096071
Mixed cereals,conventional,1713,2763.512861
Mixed cereals,conventional,1721,2009.103171
Mixed cereals,conventional,1722,3171.037052
Mixed cereals,conventional,1723,2085.781067
Mixed cereals,conventional,1724,2098.802209
Mixed cereals,conventional,1811,3222.136095
Mixed cereals,conventional,1812,3701.498655
Mixed cereals,conventional,1813,2023.116882
Mixed cereals,conventional,1821,2840.934522
Mixed cereals,conventional,1911,2729.263939
Mixed cereals,conventional,1912,1875.065219
Mixed cereals,conventional,1921,3512.921781
Mixed cereals,conventional,1922,5181.543278
Mixed cereals,conventional,2011,2760.315142
Mixed cereals,conventional,2012,2688.573356
Mixed cereals,conventional,2019,2738.464309
Mixed cereals,conventional,2111,2526.536484
Mixed cereals,conventional,2121,2715.293413
Mixed cereals,conventional,2122,1542.687209
Mixed cereals,conventional,2211,1699.338256
Mixed cereals,conventional,2212,1849.343624
Mixed cereals,conventional,2221,2576.560875
Mixed cereals,conventional,2311,2713.144397
Mixed cereals,conventional,2312,2360.926164
Mixed cereals,conventional,2319,2679.539623
Mixed cereals,conventional,2331,2695.00795
Mixed cereals,conventional,2411,2655.042252
Mixed cereals,conventional,2412,2962.927951
Mixed cereals,conventional,2413,3185.8983
Mixed cereals,conventional,2414,2800.5462
Mixed cereals,conventional,2415,2970.290226
Mixed cereals,conventional,2419,2971.980844
Mixed cereals,conventional,2511,2637.000741
Mixed cereals,conventional,2512,2155.133032
Mixed cereals,conventional,2519,2312.022061
Mixed cereals,conventional,2521,2490.515356
Mixed cereals,conventional,311,5683.246681
Mixed cereals,conventional,312,4692.614126
Mixed cereals,conventional,321,6245.702391
Mixed cereals,conventional,322,3270.660992
Mixed cereals,conventional,411,3080.4154
Mixed cereals,conventional,421,3380.753577
Mixed cereals,conventional,422,3367.891428
Mixed cereals,conventional,431,2684.995853
Mixed cereals,conventional,511,2773.539302
Mixed cereals,conventional,512,2248.314833
Mixed cereals,conventional,513,4420.454146
Mixed cereals,conventional,514,3495.212857
Mixed cereals,conventional,515,2787.689528
Mixed cereals,conventional,521,2565.162612
Mixed cereals,conventional,611,3066.432558
Mixed cereals,conventional,612,4158.595192
Mixed cereals,conventional,621,3451.905076
Mixed cereals,conventional,622,3002.129233
Mixed cereals,conventional,711,3409.258387
Mixed cereals,conventional,731,3264.210094
Mixed cereals,conventional,811,3951.121878
Mixed cereals,conventional,812,3644.093952
Mixed cereals,conventional,813,3776.862074
Mixed cereals,conventional,814,3342.996962
Mixed cereals,conventional,821,2877.86628
Mixed cereals,conventional,831,3170.127751
Mixed cereals,conventional,911,2981.576584
Mixed cereals,conventional,912,3188.789603
Mixed cereals,conventional,913,2876.698855
Mixed cereals,organic,1011,3006.760682
Mixed cereals,organic,111,3900.652247
Mixed cereals,organic,1111,3152.656105
Mixed cereals,organic,1112,2740.201885
Mixed cereals,organic,112,3648.92505
Mixed cereals,organic,1121,3703.07519
Mixed cereals,organic,1122,3192.224551
Mixed cereals,organic,1123,3303.428749
Mixed cereals,organic,1124,2290.610921
Mixed cereals,organic,1131,2360.653274
Mixed cereals,organic,1211,4106.184822
Mixed cereals,organic,1212,3457.740689
Mixed cereals,organic,1213,2947.807333
Mixed cereals,organic,1214,3667.561073
Mixed cereals,organic,1215,3067.859594
Mixed cereals,organic,1216,3489.63894
Mixed cereals,organic,1221,2526.730879
Mixed cereals,organic,1222,3432.793941
Mixed cereals,organic,1311,3446.994274
Mixed cereals,organic,1321,3515.746653
Mixed cereals,organic,1322,2758.27746
Mixed cereals,organic,1331,3015.955603
Mixed cereals,organic,1411,3041.265429
Mixed cereals,organic,1412,2184.116876
Mixed cereals,organic,1421,2323.817081
Mixed cereals,organic,1511,2351.811369
Mixed cereals,organic,1512,3266.803335
Mixed cereals,organic,1521,2684.343612
Mixed cereals,organic,1522,2253.066387
Mixed cereals,organic,1611,2424.631373
Mixed cereals,organic,1612,3677.495687
Mixed cereals,organic,1613,3105.431232
Mixed cereals,organic,1614,2556.955492
Mixed cereals,organic,1615,2338.052921
Mixed cereals,organic,1616,3280.96102
Mixed cereals,organic,1617,2458.951705
Mixed cereals,organic,1621,2780.045704
Mixed cereals,organic,1622,3420.324227
Mixed cereals,organic,1623,3783.540741
Mixed cereals,organic,1711,2441.279406
Mixed cereals,organic,1712,1996.279559
Mixed cereals,organic,1713,2229.801947
Mixed cereals,organic,1721,1621.089673
Mixed cereals,organic,1722,2558.621923
Mixed cereals,organic,1723,1682.958943
Mixed cereals,organic,1724,1693.465342
Mixed cereals,organic,1811,2599.852325
Mixed cereals,organic,1812,2986.636691
Mixed cereals,organic,1813,1632.396948
Mixed cereals,organic,1821,2292.27134
Mixed cereals,organic,1911,2202.167441
Mixed cereals,organic,1912,1512.938164
Mixed cereals,organic,1921,2834.479237
Mixed cereals,organic,1922,4180.843683
Mixed cereals,organic,2011,2227.221796
Mixed cereals,organic,2012,2169.335337
Mixed cereals,organic,2019,2209.590964
Mixed cereals,organic,2111,2038.592275
Mixed cereals,organic,2121,2190.895011
Mixed cereals,organic,2122,1244.751559
Mixed cereals,organic,2211,1371.148948
Mixed cereals,organic,2212,1492.184122
Mixed cereals,organic,2221,2078.95557
Mixed cereals,organic,2311,2189.161028
Mixed cereals,organic,2312,1904.965897
Mixed cereals,organic,2319,2162.046268
Mixed cereals,organic,2331,2174.527233
Mixed cereals,organic,2411,2142.280018
Mixed cereals,organic,2412,2390.704456
Mixed cereals,organic,2413,2570.613052
Mixed cereals,organic,2414,2259.683121
Mixed cereals,organic,2415,2396.644872
Mixed cereals,organic,2419,2398.008985
Mixed cereals,organic,2511,2127.722823
Mixed cereals,organic,2512,1738.917122
Mixed cereals,organic,2519,1865.506531
Mixed cereals,organic,2521,2009.527825
Mixed cereals,organic,311,4585.654256
Mixed cereals,organic,312,3786.3403
Mixed cereals,organic,321,5039.484182
Mixed cereals,organic,322,2639.00572
Mixed cereals,organic,411,2485.501824
Mixed cereals,organic,421,2727.836376
Mixed cereals,organic,422,2717.458265
Mixed cereals,organic,431,2166.448749
Mixed cereals,organic,511,2237.892004
Mixed cereals,organic,512,1814.102935
Mixed cereals,organic,513,3566.741953
Mixed cereals,organic,514,2820.190397
Mixed cereals,organic,515,2249.309429
Mixed cereals,organic,521,2069.758627
Mixed cereals,organic,611,2474.219456
Mixed cereals,organic,612,3355.45522
Mixed cereals,organic,621,2785.246549
Mixed cereals,organic,622,2422.334885
Mixed cereals,organic,711,2750.836117
Mixed cereals,organic,731,2633.800669
Mixed cereals,organic,811,3188.050753
Mixed cereals,organic,812,2940.318427
Mixed cereals,organic,813,3047.445345
Mixed cereals,organic,814,2697.371609
Mixed cereals,organic,821,2322.070552
Mixed cereals,organic,831,2557.888234
Mixed cereals,organic,911,2405.751522
Mixed cereals,organic,912,2572.945965
Mixed cereals,organic,913,2321.128588
Oats,conventional,1011,5040.309136
Oats,conventional,111,3374.835106
Oats,conventional,1111,4921.444812
Oats,conventional,1112,4776.596977
Oats,conventional,112,3654.240517
Oats,conventional,1121,6273.150597
Oats,conventional,1122,1514.606072
Oats,conventional,1123,5927.493609
Oats,conventional,1124,4739.891147
Oats,conventional,1131,3665.701874
Oats,conventional,1211,5871.979002
Oats,conventional,1212,5304.263587
Oats,conventional,1213,4314.427669
Oats,conventional,1214,5484.424198
Oats,conventional,1215,5119.913194
Oats,conventional,1216,6384.179811
Oats,conventional,1221,3946.884677
Oats,conventional,1222,5785.041033
Oats,conventional,1311,5071.052485
Oats,conventional,1321,5664.513779
Oats,conventional,1322,3481.93581
Oats,conventional,1331,4117.653626
Oats,conventional,1411,3124.264003
Oats,conventional,1412,4005.439216
Oats,conventional,1421,4238.848933
Oats,conventional,1511,3799.166376
Oats,conventional,1512,5306.323645
Oats,conventional,1521,3699.123602
Oats,conventional,1522,3731.343403
Oats,conventional,1611,3827.557797
Oats,conventional,1612,4434.362889
Oats,conventional,1613,4049.337374
Oats,conventional,1614,4293.399753
Oats,conventional,1615,5253.859993
Oats,conventional,1616,4530.075735
Oats,conventional,1617,4016.88193
Oats,conventional,1621,4845.928333
Oats,conventional,1622,6019.401036
Oats,conventional,1623,5700.336378
Oats,conventional,1711,4842.941051
Oats,conventional,1712,4174.025599
Oats,conventional,1713,3175.129989
Oats,conventional,1721,2401.259727
Oats,conventional,1722,4318.217614
Oats,conventional,1723,2960.595626
Oats,conventional,1724,3650.132963
Oats,conventional,1811,4260.439622
Oats,conventional,1812,5097.856722
Oats,conventional,1813,4204.237401
Oats,conventional,1821,4828.578966
Oats,conventional,1911,4580.155547
Oats,conventional,1912,3683.496849
Oats,conventional,1921,5226.518584
Oats,conventional,1922,4364.177113
Oats,conventional,2011,4360.184835
Oats,conventional,2012,4593.350234
Oats,conventional,2019,4555.151661
Oats,conventional,2111,3355.858815
Oats,conventional,2121,3934.116054
Oats,conventional,2122,3650.746777
Oats,conventional,2211,1902.69886
Oats,conventional,2212,2079.626089
Oats,conventional,2221,2902.661904
Oats,conventional,2311,3281.086626
Oats,conventional,2312,2858.185606
Oats,conventional,2319,3159.729938
Oats,conventional,2331,3359.388401
Oats,conventional,2411,2555.468709
Oats,conventional,2412,2841.849214
Oats,conventional,2413,3055.313943
Oats,conventional,2414,2690.724737
Oats,conventional,2415,2856.015357
Oats,conventional,2419,2883.011182
Oats,conventional,2511,3124.678968
Oats,conventional,2512,2554.498984
Oats,conventional,2519,3155.978723
Oats,conventional,2521,3158.785447
Oats,conventional,311,4420.065889
Oats,conventional,312,3717.381699
Oats,conventional,321,4164.294019
Oats,conventional,322,2149.789688
Oats,conventional,411,4435.28855
Oats,conventional,421,4067.797522
Oats,conventional,422,4248.000944
Oats,conventional,431,4211.545113
Oats,conventional,511,3929.507232
Oats,conventional,512,3454.804184
Oats,conventional,513,7207.257259
Oats,conventional,514,4918.841436
Oats,conventional,515,4418.897189
Oats,conventional,521,4041.036666
Oats,conventional,611,3600.262914
Oats,conventional,612,4370.227786
Oats,conventional,621,4322.060005
Oats,conventional,622,3852.306703
Oats,conventional,711,4465.070876
Oats,conventional,731,4255.368479
Oats,conventional,811,4504.027487
Oats,conventional,812,3956.164089
Oats,conventional,813,4538.95817
Oats,conventional,814,2624.504839
Oats,conventional,821,3718.297568
Oats,conventional,831,3752.28995
Oats,conventional,911,4058.465093
Oats,conventional,912,3866.824802
Oats,conventional,913,3816.930289
Oats,organic,1011,3367.936804
Oats,organic,111,2255.066317
Oats,organic,1111,3288.51161
Oats,organic,1112,3191.724223
Oats,organic,112,2441.765137
Oats,organic,1121,4191.722016
Oats,organic,1122,1012.06045
Oats,organic,1123,3960.753864
Oats,organic,1124,3167.197371
Oats,organic,1131,2449.423621
Oats,organic,1211,3923.658979
Oats,organic,1212,3544.311286
Oats,organic,1213,2882.902485
Oats,organic,1214,3664.694686
Oats,organic,1215,3421.128271
Oats,organic,1216,4265.911786
Oats,organic,1221,2637.310095
Oats,organic,1222,3865.566989
Oats,organic,1311,3388.479524
Oats,organic,1321,3785.030624
Oats,organic,1322,2326.631055
Oats,organic,1331,2751.417982
Oats,organic,1411,2087.634595
Oats,organic,1412,2676.436264
Oats,organic,1421,2832.400741
Oats,organic,1511,2538.60466
Oats,organic,1512,3545.687818
Oats,organic,1521,2471.756034
Oats,organic,1522,2493.28532
Oats,organic,1611,2557.575821
Oats,organic,1612,2963.043253
Oats,organic,1613,2705.769033
Oats,organic,1614,2868.851623
Oats,organic,1615,3510.631582
Oats,organic,1616,3026.998619
Oats,organic,1617,2684.082291
Oats,organic,1621,3238.051465
Oats,organic,1622,4022.166447
Oats,organic,1623,3808.9673
Oats,organic,1711,3236.055362
Oats,organic,1712,2789.08576
Oats,organic,1713,2121.62327
Oats,organic,1721,1604.522816
Oats,organic,1722,2885.434928
Oats,organic,1723,1978.271313
Oats,organic,1724,2439.020468
Oats,organic,1811,2846.827648
Oats,organic,1812,3406.390127
Oats,organic,1813,2809.273299
Oats,organic,1821,3226.45861
Oats,organic,1911,3060.461972
Oats,organic,1912,2461.314231
Oats,organic,1921,3492.36204
Oats,organic,1922,2916.145086
Oats,organic,2011,2913.477444
Oats,organic,2012,3069.278667
Oats,organic,2019,3043.754364
Oats,organic,2111,2242.386352
Oats,organic,2121,2628.778095
Oats,organic,2122,2439.430619
Oats,organic,2211,1271.384223
Oats,organic,2212,1389.607077
Oats,organic,2221,1939.559974
Oats,organic,2311,2192.423542
Oats,organic,2312,1909.840892
Oats,organic,2319,2111.332948
Oats,organic,2331,2244.744823
Oats,organic,2411,1707.565327
Oats,organic,2412,1898.924907
Oats,organic,2413,2041.562134
Oats,organic,2414,1797.943465
Oats,organic,2415,1908.390731
Oats,organic,2419,1926.429353
Oats,organic,2511,2087.911875
Oats,organic,2512,1706.917356
Oats,organic,2519,2108.826385
Oats,organic,2521,2110.701839
Oats,organic,311,2953.489991
Oats,organic,312,2483.956103
Oats,organic,321,2782.583114
Oats,organic,322,1436.490425
Oats,organic,411,2963.66178
Oats,organic,421,2718.104111
Oats,organic,422,2838.516119
Oats,organic,431,2814.156316
Oats,organic,511,2625.698479
Oats,organic,512,2308.501691
Oats,organic,513,4815.892503
Oats,organic,514,3286.772033
Oats,organic,515,2952.709065
Oats,organic,521,2700.222496
Oats,organic,611,2405.697279
Oats,organic,612,2920.188148
Oats,organic,621,2888.002416
Oats,organic,622,2574.113051
Oats,organic,711,2983.562344
Oats,organic,731,2843.439108
Oats,organic,811,3009.593168
Oats,organic,812,2643.510602
Oats,organic,813,3032.933866
Oats,organic,814,1753.6953
Oats,organic,821,2484.568087
Oats,organic,831,2507.281812
Oats,organic,911,2711.868179
Oats,organic,912,2583.814051
Oats,organic,913,2550.474515
Onions,conventional,1011,34374.73085
Onions,conventional,111,5517.74907
Onions,conventional,1111,55726.4504
Onions,conventional,1112,55686.31359
Onions,conventional,112,5517.158775
Onions,conventional,1121,55726.4504
Onions,conventional,1122,55726.4504
Onions,conventional,1123,55726.4504
Onions,conventional,1124,50589.24508
Onions,conventional,1131,31725.46848
Onions,conventional,1211,55726.4504
Onions,conventional,1212,55726.4504
Onions,conventional,1213,55726.4504
Onions,conventional,1214,55726.4504
Onions,conventional,1215,55726.4504
Onions,conventional,1216,55726.4504
Onions,conventional,1221,55726.4504
Onions,conventional,1222,55726.4504
Onions,conventional,1311,25747.55971
Onions,conventional,1321,26056.67246
Onions,conventional,1322,21899.31186
Onions,conventional,1331,22350.92433
Onions,conventional,1411,5725.497511
Onions,conventional,1412,5725.497511
Onions,conventional,1421,5725.497511
Onions,conventional,1511,5787.155439
Onions,conventional,1512,5725.497511
Onions,conventional,1521,5838.695137
Onions,conventional,1522,5725.497511
Onions,conventional,1611,9230.173915
Onions,conventional,1612,5725.696206
Onions,conventional,1613,5725.497511
Onions,conventional,1614,5745.147124
Onions,conventional,1615,5725.497511
Onions,conventional,1616,5725.497511
Onions,conventional,1617,5744.617182
Onions,conventional,1621,5725.497511
Onions,conventional,1622,5725.497511
Onions,conventional,1623,5725.497511
Onions,conventional,1711,5025.914464
Onions,conventional,1712,5072.01252
Onions,conventional,1713,5017.567931
Onions,conventional,1721,6708.163385
Onions,conventional,1722,6123.650967
Onions,conventional,1723,7138.79262
Onions,conventional,1724,5726.352658
Onions,conventional,1811,9251.864404
Onions,conventional,1812,9025.195909
Onions,conventional,1813,9048.803933
Onions,conventional,1821,9843.198182
Onions,conventional,1911,11021.30682
Onions,conventional,1912,11021.62061
Onions,conventional,1921,9277.353211
Onions,conventional,1922,5055.103544
Onions,conventional,2011,4874.626509
Onions,conventional,2012,4832.95216
Onions,conventional,2019,4783.004462
Onions,conventional,2111,1502.842934
Onions,conventional,2121,1643.692383
Onions,conventional,2122,2632.951599
Onions,conventional,2211,11485.73823
Onions,conventional,2212,11507.00294
Onions,conventional,2221,13209.13037
Onions,conventional,2311,3482.469988
Onions,conventional,2312,3471.548698
Onions,conventional,2319,3469.448121
Onions,conventional,2331,4696.660372
Onions,conventional,2411,5975.160653
Onions,conventional,2412,5975.160653
Onions,conventional,2413,5975.160653
Onions,conventional,2414,5985.982156
Onions,conventional,2415,5973.29386
Onions,conventional,2419,5975.160653
Onions,conventional,2511,2025.976912
Onions,conventional,2512,2010.94997
Onions,conventional,2519,2048.739637
Onions,conventional,2521,3415.460875
Onions,conventional,311,5016.911239
Onions,conventional,312,5016.463626
Onions,conventional,321,5283.486767
Onions,conventional,322,5280.788488
Onions,conventional,411,3841.258261
Onions,conventional,421,4203.639272
Onions,conventional,422,4296.121176
Onions,conventional,431,4113.573373
Onions,conventional,511,26517.86223
Onions,conventional,512,26592.15694
Onions,conventional,513,26474.63751
Onions,conventional,514,26474.63751
Onions,conventional,515,26474.63751
Onions,conventional,521,22667.42949
Onions,conventional,611,12010.2366
Onions,conventional,612,12094.76913
Onions,conventional,621,8185.249239
Onions,conventional,622,11424.12179
Onions,conventional,711,4505.035655
Onions,conventional,731,18697.51027
Onions,conventional,811,38935.04349
Onions,conventional,812,38906.2499
Onions,conventional,813,38906.2499
Onions,conventional,814,38902.99723
Onions,conventional,821,37183.32986
Onions,conventional,831,25258.13193
Onions,conventional,911,34944.29926
Onions,conventional,912,34944.29926
Onions,conventional,913,34944.29926
Onions,organic,1011,16110.08511
Onions,organic,111,2585.952092
Onions,organic,1111,26116.79675
Onions,organic,1112,26097.9862
Onions,organic,112,2585.675443
Onions,organic,1121,26116.79675
Onions,organic,1122,26116.79675
Onions,organic,1123,26116.79675
Onions,organic,1124,23709.19055
Onions,organic,1131,14868.47998
Onions,organic,1211,26116.79675
Onions,organic,1212,26116.79675
Onions,organic,1213,26116.79675
Onions,organic,1214,26116.79675
Onions,organic,1215,26116.79675
Onions,organic,1216,26116.79675
Onions,organic,1221,26116.79675
Onions,organic,1222,26116.79675
Onions,organic,1311,12066.86912
Onions,organic,1321,12211.73812
Onions,organic,1322,10263.34663
Onions,organic,1331,10474.99964
Onions,organic,1411,2683.31562
Onions,organic,1412,2683.31562
Onions,organic,1421,2683.31562
Onions,organic,1511,2712.212266
Onions,organic,1512,2683.31562
Onions,organic,1521,2736.366897
Onions,organic,1522,2683.31562
Onions,organic,1611,4325.819685
Onions,organic,1612,2683.40874
Onions,organic,1613,2683.31562
Onions,organic,1614,2692.524621
Onions,organic,1615,2683.31562
Onions,organic,1616,2683.31562
Onions,organic,1617,2692.276258
Onions,organic,1621,2683.31562
Onions,organic,1622,2683.31562
Onions,organic,1623,2683.31562
Onions,organic,1711,2355.448545
Onions,organic,1712,2377.052892
Onions,organic,1713,2351.536853
Onions,organic,1721,3143.852487
Onions,organic,1722,2869.914493
Onions,organic,1723,3345.671482
Onions,organic,1724,2683.716393
Onions,organic,1811,4335.985164
Onions,organic,1812,4229.754551
Onions,organic,1813,4240.818703
Onions,organic,1821,4613.120061
Onions,organic,1911,5165.253268
Onions,organic,1912,5165.40033
Onions,organic,1921,4347.930766
Onions,organic,1922,2369.12832
Onions,organic,2011,2284.545828
Onions,organic,2012,2265.014699
Onions,organic,2019,2241.606176
Onions,organic,2111,704.3234076
Onions,organic,2121,770.334008
Onions,organic,2122,1233.960916
Onions,organic,2211,5382.914016
Onions,organic,2212,5392.879946
Onions,organic,2221,6190.600166
Onions,organic,2311,1632.096791
Onions,organic,2312,1626.978411
Onions,organic,2319,1625.993954
Onions,organic,2331,2201.140095
Onions,organic,2411,2800.32292
Onions,organic,2412,2800.32292
Onions,organic,2413,2800.32292
Onions,organic,2414,2805.394533
Onions,organic,2415,2799.448028
Onions,organic,2419,2800.32292
Onions,organic,2511,949.4957395
Onions,organic,2512,942.4532025
Onions,organic,2519,960.1637339
Onions,organic,2521,1600.692253
Onions,organic,311,2351.229088
Onions,organic,312,2351.019309
Onions,organic,321,2476.162559
Onions,organic,322,2474.897981
Onions,organic,411,1800.246751
Onions,organic,421,1970.080486
Onions,organic,422,2013.423119
Onions,organic,431,1927.870139
Onions,organic,511,12427.87964
Onions,organic,512,12462.69864
Onions,organic,513,12407.62191
Onions,organic,514,12407.62191
Onions,organic,515,12407.62191
Onions,organic,521,10623.33317
Onions,organic,611,5628.725785
Onions,organic,612,5668.342855
Onions,organic,621,3836.104564
Onions,organic,622,5354.036813
Onions,organic,711,2111.333123
Onions,organic,731,8762.788082
Onions,organic,811,18247.32438
Onions,organic,812,18233.82996
Onions,organic,813,18233.82996
Onions,organic,814,18232.30556
Onions,organic,821,17426.36507
Onions,organic,831,11837.49356
Onions,organic,911,16377.01944
Onions,organic,912,16377.01944
Onions,organic,913,16377.01944
Other berries,conventional,1011,3214.845869
Other berries,conventional,111,659.4584629
Other berries,conventional,1111,3165.156078
Other berries,conventional,1112,3165.479543
Other berries,conventional,112,635.1508741
Other berries,conventional,1121,3165.156078
Other berries,conventional,1122,3165.156078
Other berries,conventional,1123,3165.156078
Other berries,conventional,1124,2386.307011
Other berries,conventional,1131,2035.548556
Other berries,conventional,1211,3165.156078
Other berries,conventional,1212,3165.156078
Other berries,conventional,1213,3165.156078
Other berries,conventional,1214,3165.156078
Other berries,conventional,1215,3165.156078
Other berries,conventional,1216,3165.156078
Other berries,conventional,1221,3165.156078
Other berries,conventional,1222,3165.156078
Other berries,conventional,1311,1162.821908
Other berries,conventional,1321,1196.159243
Other berries,conventional,1322,1329.771256
Other berries,conventional,1331,1274.922886
Other berries,conventional,1411,882.0995206
Other berries,conventional,1412,882.0995206
Other berries,conventional,1421,882.0995206
Other berries,conventional,1511,883.8995054
Other berries,conventional,1512,882.0995206
Other berries,conventional,1521,886.2122577
Other berries,conventional,1522,1040.83786
Other berries,conventional,1611,1586.419377
Other berries,conventional,1612,1040.944709
Other berries,conventional,1613,1040.83786
Other berries,conventional,1614,878.872335
Other berries,conventional,1615,882.0995206
Other berries,conventional,1616,882.0995206
Other berries,conventional,1617,1047.769372
Other berries,conventional,1621,882.0995206
Other berries,conventional,1622,1040.83786
Other berries,conventional,1623,1040.83786
Other berries,conventional,1711,1851.119449
Other berries,conventional,1712,1864.090635
Other berries,conventional,1713,1848.615382
Other berries,conventional,1721,2129.964213
Other berries,conventional,1722,2132.289145
Other berries,conventional,1723,2346.108099
Other berries,conventional,1724,2046.958456
Other berries,conventional,1811,1218.829215
Other berries,conventional,1812,1171.637366
Other berries,conventional,1813,1175.637571
Other berries,conventional,1821,1176.230513
Other berries,conventional,1911,996.0500567
Other berries,conventional,1912,860.7439179
Other berries,conventional,1921,1004.572677
Other berries,conventional,1922,759.4325161
Other berries,conventional,2011,2055.348291
Other berries,conventional,2012,2038.439684
Other berries,conventional,2019,1543.607055
Other berries,conventional,2111,1132.394742
Other berries,conventional,2121,1129.647969
Other berries,conventional,2122,1274.339749
Other berries,conventional,2211,655.7655538
Other berries,conventional,2212,1040.837478
Other berries,conventional,2221,1065.656335
Other berries,conventional,2311,764.7288316
Other berries,conventional,2312,506.4694818
Other berries,conventional,2319,506.2133065
Other berries,conventional,2331,1031.310718
Other berries,conventional,2411,340.0846058
Other berries,conventional,2412,540.4683721
Other berries,conventional,2413,340.0846058
Other berries,conventional,2414,541.4472044
Other berries,conventional,2415,542.0217906
Other berries,conventional,2419,540.4683721
Other berries,conventional,2511,509.974611
Other berries,conventional,2512,515.1769139
Other berries,conventional,2519,799.1098794
Other berries,conventional,2521,476.4653385
Other berries,conventional,311,765.3623832
Other berries,conventional,312,1026.256036
Other berries,conventional,321,762.3005879
Other berries,conventional,322,789.8530399
Other berries,conventional,411,1631.456345
Other berries,conventional,421,1364.218315
Other berries,conventional,422,1345.93119
Other berries,conventional,431,1423.500435
Other berries,conventional,511,1535.556908
Other berries,conventional,512,1532.410639
Other berries,conventional,513,1466.303176
Other berries,conventional,514,1533.408212
Other berries,conventional,515,1466.303176
Other berries,conventional,521,1999.685927
Other berries,conventional,611,1452.262177
Other berries,conventional,612,1453.360144
Other berries,conventional,621,1573.972815
Other berries,conventional,622,1953.69773
Other berries,conventional,711,991.3008789
Other berries,conventional,731,1967.188951
Other berries,conventional,811,1417.360206
Other berries,conventional,812,1403.429071
Other berries,conventional,813,1167.041384
Other berries,conventional,814,1167.702634
Other berries,conventional,821,1353.688828
Other berries,conventional,831,1425.210996
Other berries,conventional,911,1147.670035
Other berries,conventional,912,1147.670035
Other berries,conventional,913,1147.670035
Other berries,organic,1011,872.7840813
Other berries,organic,111,179.0334194
Other berries,organic,1111,859.2940229
Other berries,organic,1112,859.381839
Other berries,organic,112,172.4342611
Other berries,organic,1121,859.2940229
Other berries,organic,1122,859.2940229
Other berries,organic,1123,859.2940229
Other berries,organic,1124,647.847784
Other berries,organic,1131,552.6219447
Other berries,organic,1211,859.2940229
Other berries,organic,1212,859.2940229
Other berries,organic,1213,859.2940229
Other berries,organic,1214,859.2940229
Other berries,organic,1215,859.2940229
Other berries,organic,1216,859.2940229
Other berries,organic,1221,859.2940229
Other berries,organic,1222,859.2940229
Other berries,organic,1311,315.6893028
Other berries,organic,1321,324.7399062
Other berries,organic,1322,361.0136322
Other berries,organic,1331,346.1230943
Other berries,organic,1411,239.4772412
Other berries,organic,1412,239.4772412
Other berries,organic,1421,239.4772412
Other berries,organic,1511,239.965911
Other berries,organic,1512,239.4772412
Other berries,organic,1521,240.5937898
Other berries,organic,1522,282.5724007
Other berries,organic,1611,430.689879
Other berries,organic,1612,282.6014088
Other berries,organic,1613,282.5724007
Other berries,organic,1614,238.6011071
Other berries,organic,1615,239.4772412
Other berries,organic,1616,239.4772412
Other berries,organic,1617,284.4542058
Other berries,organic,1621,239.4772412
Other berries,organic,1622,282.5724007
Other berries,organic,1623,282.5724007
Other berries,organic,1711,502.5521139
Other berries,organic,1712,506.0736031
Other berries,organic,1713,501.872296
Other berries,organic,1721,578.2544279
Other berries,organic,1722,578.8856133
Other berries,organic,1723,636.9343617
Other berries,organic,1724,555.7195673
Other berries,organic,1811,330.8944752
Other berries,organic,1812,318.082572
Other berries,organic,1813,319.1685694
Other berries,organic,1821,319.3295446
Other berries,organic,1911,270.413161
Other berries,organic,1912,233.6795045
Other berries,organic,1921,272.726929
Other berries,organic,1922,206.1749265
Other berries,organic,2011,557.9972861
Other berries,organic,2012,553.4068442
Other berries,organic,2019,419.0669538
Other berries,organic,2111,307.4287679
Other berries,organic,2121,306.6830588
Other berries,organic,2122,345.9647811
Other berries,organic,2211,178.030848
Other berries,organic,2212,282.572297
Other berries,organic,2221,289.3102571
Other berries,organic,2311,207.6127995
Other berries,organic,2312,137.4991273
Other berries,organic,2319,137.4295794
Other berries,organic,2331,279.9859197
Other berries,organic,2411,92.32804381
Other berries,organic,2412,146.7293335
Other berries,organic,2413,92.32804381
Other berries,organic,2414,146.9950723
Other berries,organic,2415,147.1510641
Other berries,organic,2419,146.7293335
Other berries,organic,2511,138.4507191
Other berries,organic,2512,139.863069
Other berries,organic,2519,216.9467559
Other berries,organic,2521,129.353437
Other berries,organic,311,207.7847995
Other berries,organic,312,278.6136469
Other berries,organic,321,206.9535665
Other berries,organic,322,214.433658
Other berries,organic,411,442.9167634
Other berries,organic,421,370.3655095
Other berries,organic,422,365.4008202
Other berries,organic,431,386.4597465
Other berries,organic,511,416.8814556
Other berries,organic,512,416.027289
Other berries,organic,513,398.0800706
Other berries,organic,514,416.2981156
Other berries,organic,515,398.0800706
Other berries,organic,521,542.8857606
Other berries,organic,611,394.2681427
Other berries,organic,612,394.5662248
Other berries,organic,621,427.3108178
Other berries,organic,622,530.4006312
Other berries,organic,711,269.1238281
Other berries,organic,731,534.0633023
Other berries,organic,811,384.7927633
Other berries,organic,812,381.0106619
Other berries,organic,813,316.8348294
Other berries,organic,814,317.0143492
Other berries,organic,821,367.5069066
Other berries,organic,831,386.9241389
Other berries,organic,911,311.5757886
Other berries,organic,912,311.5757886
Other berries,organic,913,311.5757886
"Other berries, greenhouse",conventional,1011,1.238880688
"Other berries, greenhouse",conventional,111,1.238880688
"Other berries, greenhouse",conventional,1111,1.238880688
"Other berries, greenhouse",conventional,1112,1.238880688
"Other berries, greenhouse",conventional,112,1.238880688
"Other berries, greenhouse",conventional,1121,1.238880688
"Other berries, greenhouse",conventional,1122,1.238880688
"Other berries, greenhouse",conventional,1123,1.238880688
"Other berries, greenhouse",conventional,1124,1.238880688
"Other berries, greenhouse",conventional,1131,1.238880688
"Other berries, greenhouse",conventional,1211,1.238880688
"Other berries, greenhouse",conventional,1212,1.238880688
"Other berries, greenhouse",conventional,1213,1.238880688
"Other berries, greenhouse",conventional,1214,1.238880688
"Other berries, greenhouse",conventional,1215,1.238880688
"Other berries, greenhouse",conventional,1216,1.238880688
"Other berries, greenhouse",conventional,1221,1.238880688
"Other berries, greenhouse",conventional,1222,1.238880688
"Other berries, greenhouse",conventional,1311,1.238880688
"Other berries, greenhouse",conventional,1321,1.238880688
"Other berries, greenhouse",conventional,1322,1.238880688
"Other berries, greenhouse",conventional,1331,1.238880688
"Other berries, greenhouse",conventional,1411,1.238880688
"Other berries, greenhouse",conventional,1412,1.238880688
"Other berries, greenhouse",conventional,1421,1.238880688
"Other berries, greenhouse",conventional,1511,1.238880688
"Other berries, greenhouse",conventional,1512,1.238880688
"Other berries, greenhouse",conventional,1521,1.238880688
"Other berries, greenhouse",conventional,1522,1.238880688
"Other berries, greenhouse",conventional,1611,1.238880688
"Other berries, greenhouse",conventional,1612,1.238880688
"Other berries, greenhouse",conventional,1613,1.238880688
"Other berries, greenhouse",conventional,1614,1.238880688
"Other berries, greenhouse",conventional,1615,1.238880688
"Other berries, greenhouse",conventional,1616,1.238880688
"Other berries, greenhouse",conventional,1617,1.238880688
"Other berries, greenhouse",conventional,1621,1.238880688
"Other berries, greenhouse",conventional,1622,1.238880688
"Other berries, greenhouse",conventional,1623,1.238880688
"Other berries, greenhouse",conventional,1711,1.238880688
"Other berries, greenhouse",conventional,1712,1.238880688
"Other berries, greenhouse",conventional,1713,1.238880688
"Other berries, greenhouse",conventional,1721,1.088277111
"Other berries, greenhouse",conventional,1722,1.238880688
"Other berries, greenhouse",conventional,1723,1.238880688
"Other berries, greenhouse",conventional,1724,1.238880688
"Other berries, greenhouse",conventional,1811,1.238880688
"Other berries, greenhouse",conventional,1812,1.238880688
"Other berries, greenhouse",conventional,1813,1.238880688
"Other berries, greenhouse",conventional,1821,1.238880688
"Other berries, greenhouse",conventional,1911,1.238880688
"Other berries, greenhouse",conventional,1912,1.238880688
"Other berries, greenhouse",conventional,1921,1.238880688
"Other berries, greenhouse",conventional,1922,1.238880688
"Other berries, greenhouse",conventional,2011,1.238880688
"Other berries, greenhouse",conventional,2012,1.238880688
"Other berries, greenhouse",conventional,2019,1.088277111
"Other berries, greenhouse",conventional,2111,1.238880688
"Other berries, greenhouse",conventional,2121,1.238880688
"Other berries, greenhouse",conventional,2122,1.238880688
"Other berries, greenhouse",conventional,2211,1.238880688
"Other berries, greenhouse",conventional,2212,1.238880688
"Other berries, greenhouse",conventional,2221,1.238880688
"Other berries, greenhouse",conventional,2311,1.238880688
"Other berries, greenhouse",conventional,2312,1.088277111
"Other berries, greenhouse",conventional,2319,1.088277111
"Other berries, greenhouse",conventional,2331,1.088277111
"Other berries, greenhouse",conventional,2411,1.238880688
"Other berries, greenhouse",conventional,2412,1.238880688
"Other berries, greenhouse",conventional,2413,1.238880688
"Other berries, greenhouse",conventional,2414,1.238880688
"Other berries, greenhouse",conventional,2415,1.088277111
"Other berries, greenhouse",conventional,2419,1.088277111
"Other berries, greenhouse",conventional,2511,1.238880688
"Other berries, greenhouse",conventional,2512,1.238880688
"Other berries, greenhouse",conventional,2519,1.088277111
"Other berries, greenhouse",conventional,2521,1.088277111
"Other berries, greenhouse",conventional,311,1.238880688
"Other berries, greenhouse",conventional,312,1.238880688
"Other berries, greenhouse",conventional,321,1.238880688
"Other berries, greenhouse",conventional,322,1.238880688
"Other berries, greenhouse",conventional,411,1.238880688
"Other berries, greenhouse",conventional,421,1.238880688
"Other berries, greenhouse",conventional,422,1.238880688
"Other berries, greenhouse",conventional,431,1.238880688
"Other berries, greenhouse",conventional,511,1.238880688
"Other berries, greenhouse",conventional,512,1.238880688
"Other berries, greenhouse",conventional,513,1.238880688
"Other berries, greenhouse",conventional,514,1.238880688
"Other berries, greenhouse",conventional,515,1.238880688
"Other berries, greenhouse",conventional,521,1.238880688
"Other berries, greenhouse",conventional,611,1.238880688
"Other berries, greenhouse",conventional,612,1.238880688
"Other berries, greenhouse",conventional,621,1.238880688
"Other berries, greenhouse",conventional,622,1.238880688
"Other berries, greenhouse",conventional,711,1.238880688
"Other berries, greenhouse",conventional,731,1.238880688
"Other berries, greenhouse",conventional,811,1.238880688
"Other berries, greenhouse",conventional,812,1.238880688
"Other berries, greenhouse",conventional,813,1.238880688
"Other berries, greenhouse",conventional,814,1.238880688
"Other berries, greenhouse",conventional,821,1.238880688
"Other berries, greenhouse",conventional,831,1.238880688
"Other berries, greenhouse",conventional,911,1.238880688
"Other berries, greenhouse",conventional,912,1.238880688
"Other berries, greenhouse",conventional,913,1.238880688
"Other berries, greenhouse",organic,1011,0.85289906
"Other berries, greenhouse",organic,111,0.85289906
"Other berries, greenhouse",organic,1111,0.85289906
"Other berries, greenhouse",organic,1112,0.85289906
"Other berries, greenhouse",organic,112,0.85289906
"Other berries, greenhouse",organic,1121,0.85289906
"Other berries, greenhouse",organic,1122,0.85289906
"Other berries, greenhouse",organic,1123,0.85289906
"Other berries, greenhouse",organic,1124,0.85289906
"Other berries, greenhouse",organic,1131,0.85289906
"Other berries, greenhouse",organic,1211,0.85289906
"Other berries, greenhouse",organic,1212,0.85289906
"Other berries, greenhouse",organic,1213,0.85289906
"Other berries, greenhouse",organic,1214,0.85289906
"Other berries, greenhouse",organic,1215,0.85289906
"Other berries, greenhouse",organic,1216,0.85289906
"Other berries, greenhouse",organic,1221,0.85289906
"Other berries, greenhouse",organic,1222,0.85289906
"Other berries, greenhouse",organic,1311,0.85289906
"Other berries, greenhouse",organic,1321,0.85289906
"Other berries, greenhouse",organic,1322,0.85289906
"Other berries, greenhouse",organic,1331,0.85289906
"Other berries, greenhouse",organic,1411,0.85289906
"Other berries, greenhouse",organic,1412,0.85289906
"Other berries, greenhouse",organic,1421,0.85289906
"Other berries, greenhouse",organic,1511,0.85289906
"Other berries, greenhouse",organic,1512,0.85289906
"Other berries, greenhouse",organic,1521,0.85289906
"Other berries, greenhouse",organic,1522,0.85289906
"Other berries, greenhouse",organic,1611,0.85289906
"Other berries, greenhouse",organic,1612,0.85289906
"Other berries, greenhouse",organic,1613,0.85289906
"Other berries, greenhouse",organic,1614,0.85289906
"Other berries, greenhouse",organic,1615,0.85289906
"Other berries, greenhouse",organic,1616,0.85289906
"Other berries, greenhouse",organic,1617,0.85289906
"Other berries, greenhouse",organic,1621,0.85289906
"Other berries, greenhouse",organic,1622,0.85289906
"Other berries, greenhouse",organic,1623,0.85289906
"Other berries, greenhouse",organic,1711,0.85289906
"Other berries, greenhouse",organic,1712,0.85289906
"Other berries, greenhouse",organic,1713,0.85289906
"Other berries, greenhouse",organic,1721,0.749217043
"Other berries, greenhouse",organic,1722,0.85289906
"Other berries, greenhouse",organic,1723,0.85289906
"Other berries, greenhouse",organic,1724,0.85289906
"Other berries, greenhouse",organic,1811,0.85289906
"Other berries, greenhouse",organic,1812,0.85289906
"Other berries, greenhouse",organic,1813,0.85289906
"Other berries, greenhouse",organic,1821,0.85289906
"Other berries, greenhouse",organic,1911,0.85289906
"Other berries, greenhouse",organic,1912,0.85289906
"Other berries, greenhouse",organic,1921,0.85289906
"Other berries, greenhouse",organic,1922,0.85289906
"Other berries, greenhouse",organic,2011,0.85289906
"Other berries, greenhouse",organic,2012,0.85289906
"Other berries, greenhouse",organic,2019,0.749217043
"Other berries, greenhouse",organic,2111,0.85289906
"Other berries, greenhouse",organic,2121,0.85289906
"Other berries, greenhouse",organic,2122,0.85289906
"Other berries, greenhouse",organic,2211,0.85289906
"Other berries, greenhouse",organic,2212,0.85289906
"Other berries, greenhouse",organic,2221,0.85289906
"Other berries, greenhouse",organic,2311,0.85289906
"Other berries, greenhouse",organic,2312,0.749217043
"Other berries, greenhouse",organic,2319,0.749217043
"Other berries, greenhouse",organic,2331,0.749217043
"Other berries, greenhouse",organic,2411,0.85289906
"Other berries, greenhouse",organic,2412,0.85289906
"Other berries, greenhouse",organic,2413,0.85289906
"Other berries, greenhouse",organic,2414,0.85289906
"Other berries, greenhouse",organic,2415,0.749217043
"Other berries, greenhouse",organic,2419,0.749217043
"Other berries, greenhouse",organic,2511,0.85289906
"Other berries, greenhouse",organic,2512,0.85289906
"Other berries, greenhouse",organic,2519,0.749217043
"Other berries, greenhouse",organic,2521,0.749217043
"Other berries, greenhouse",organic,311,0.85289906
"Other berries, greenhouse",organic,312,0.85289906
"Other berries, greenhouse",organic,321,0.85289906
"Other berries, greenhouse",organic,322,0.85289906
"Other berries, greenhouse",organic,411,0.85289906
"Other berries, greenhouse",organic,421,0.85289906
"Other berries, greenhouse",organic,422,0.85289906
"Other berries, greenhouse",organic,431,0.85289906
"Other berries, greenhouse",organic,511,0.85289906
"Other berries, greenhouse",organic,512,0.85289906
"Other berries, greenhouse",organic,513,0.85289906
"Other berries, greenhouse",organic,514,0.85289906
"Other berries, greenhouse",organic,515,0.85289906
"Other berries, greenhouse",organic,521,0.85289906
"Other berries, greenhouse",organic,611,0.85289906
"Other berries, greenhouse",organic,612,0.85289906
"Other berries, greenhouse",organic,621,0.85289906
"Other berries, greenhouse",organic,622,0.85289906
"Other berries, greenhouse",organic,711,0.85289906
"Other berries, greenhouse",organic,731,0.85289906
"Other berries, greenhouse",organic,811,0.85289906
"Other berries, greenhouse",organic,812,0.85289906
"Other berries, greenhouse",organic,813,0.85289906
"Other berries, greenhouse",organic,814,0.85289906
"Other berries, greenhouse",organic,821,0.85289906
"Other berries, greenhouse",organic,831,0.85289906
"Other berries, greenhouse",organic,911,0.85289906
"Other berries, greenhouse",organic,912,0.85289906
"Other berries, greenhouse",organic,913,0.85289906
Other crops for fodder,conventional,1011,5179.133453
Other crops for fodder,conventional,111,2483.267723
Other crops for fodder,conventional,1111,5241.589528
Other crops for fodder,conventional,1112,5242.676938
Other crops for fodder,conventional,112,2493.974092
Other crops for fodder,conventional,1121,5235.714772
Other crops for fodder,conventional,1122,5242.237477
Other crops for fodder,conventional,1123,5194.256012
Other crops for fodder,conventional,1124,5320.201376
Other crops for fodder,conventional,1131,5340.901444
Other crops for fodder,conventional,1211,5225.53994
Other crops for fodder,conventional,1212,5229.592294
Other crops for fodder,conventional,1213,5240.685428
Other crops for fodder,conventional,1214,5217.529978
Other crops for fodder,conventional,1215,5234.815239
Other crops for fodder,conventional,1216,5180.656789
Other crops for fodder,conventional,1221,5245.020362
Other crops for fodder,conventional,1222,5226.372115
Other crops for fodder,conventional,1311,5904.710126
Other crops for fodder,conventional,1321,5893.476775
Other crops for fodder,conventional,1322,5789.055074
Other crops for fodder,conventional,1331,5817.821403
Other crops for fodder,conventional,1411,5141.974956
Other crops for fodder,conventional,1412,5139.162962
Other crops for fodder,conventional,1421,5150.368694
Other crops for fodder,conventional,1511,5140.724961
Other crops for fodder,conventional,1512,5148.438692
Other crops for fodder,conventional,1521,5142.328728
Other crops for fodder,conventional,1522,5139.938296
Other crops for fodder,conventional,1611,5200.563959
Other crops for fodder,conventional,1612,5138.409686
Other crops for fodder,conventional,1613,5139.788387
Other crops for fodder,conventional,1614,5138.245579
Other crops for fodder,conventional,1615,5149.141392
Other crops for fodder,conventional,1616,5167.693573
Other crops for fodder,conventional,1617,5129.293699
Other crops for fodder,conventional,1621,5143.887116
Other crops for fodder,conventional,1622,5181.836107
Other crops for fodder,conventional,1623,5171.564744
Other crops for fodder,conventional,1711,3012.544932
Other crops for fodder,conventional,1712,3026.877831
Other crops for fodder,conventional,1713,3025.082405
Other crops for fodder,conventional,1721,4002.597281
Other crops for fodder,conventional,1722,3393.430972
Other crops for fodder,conventional,1723,3106.771562
Other crops for fodder,conventional,1724,3421.789026
Other crops for fodder,conventional,1811,3260.945947
Other crops for fodder,conventional,1812,3310.178197
Other crops for fodder,conventional,1813,3300.388391
Other crops for fodder,conventional,1821,3343.360995
Other crops for fodder,conventional,1911,3074.746927
Other crops for fodder,conventional,1912,3099.197769
Other crops for fodder,conventional,1921,3028.323333
Other crops for fodder,conventional,1922,2851.622796
Other crops for fodder,conventional,2011,4041.59499
Other crops for fodder,conventional,2012,4047.480394
Other crops for fodder,conventional,2019,4018.957897
Other crops for fodder,conventional,2111,4992.315181
Other crops for fodder,conventional,2121,4924.514591
Other crops for fodder,conventional,2122,4677.55944
Other crops for fodder,conventional,2211,4076.239556
Other crops for fodder,conventional,2212,4077.943096
Other crops for fodder,conventional,2221,4318.72243
Other crops for fodder,conventional,2311,3435.239099
Other crops for fodder,conventional,2312,3434.529862
Other crops for fodder,conventional,2319,3434.443476
Other crops for fodder,conventional,2331,3788.420465
Other crops for fodder,conventional,2411,2710.588633
Other crops for fodder,conventional,2412,2710.592826
Other crops for fodder,conventional,2413,2710.594238
Other crops for fodder,conventional,2414,2713.631627
Other crops for fodder,conventional,2415,2719.039622
Other crops for fodder,conventional,2419,2759.474879
Other crops for fodder,conventional,2511,2813.931288
Other crops for fodder,conventional,2512,2813.897882
Other crops for fodder,conventional,2519,2859.544548
Other crops for fodder,conventional,2521,2802.278843
Other crops for fodder,conventional,311,2863.831839
Other crops for fodder,conventional,312,2846.119217
Other crops for fodder,conventional,321,2791.610329
Other crops for fodder,conventional,322,2761.27988
Other crops for fodder,conventional,411,2657.792456
Other crops for fodder,conventional,421,2627.970876
Other crops for fodder,conventional,422,2727.411037
Other crops for fodder,conventional,431,2655.148982
Other crops for fodder,conventional,511,1518.75533
Other crops for fodder,conventional,512,1514.465662
Other crops for fodder,conventional,513,1509.406293
Other crops for fodder,conventional,514,1494.666666
Other crops for fodder,conventional,515,1492.209877
Other crops for fodder,conventional,521,1692.551707
Other crops for fodder,conventional,611,5245.98509
Other crops for fodder,conventional,612,5217.941033
Other crops for fodder,conventional,621,5143.696535
Other crops for fodder,conventional,622,5229.292186
Other crops for fodder,conventional,711,5044.996634
Other crops for fodder,conventional,731,5148.903956
Other crops for fodder,conventional,811,7558.480547
Other crops for fodder,conventional,812,7562.244453
Other crops for fodder,conventional,813,7562.343051
Other crops for fodder,conventional,814,7557.288325
Other crops for fodder,conventional,821,4908.53988
Other crops for fodder,conventional,831,6416.781797
Other crops for fodder,conventional,911,2616.02613
Other crops for fodder,conventional,912,2613.30885
Other crops for fodder,conventional,913,2616.520696
Other crops for fodder,organic,1011,4603.197825
Other crops for fodder,organic,111,2207.120686
Other crops for fodder,organic,1111,4658.708592
Other crops for fodder,organic,1112,4659.675079
Other crops for fodder,organic,112,2216.636474
Other crops for fodder,organic,1121,4653.487127
Other crops for fodder,organic,1122,4659.284488
Other crops for fodder,organic,1123,4616.638709
Other crops for fodder,organic,1124,4728.57856
Other crops for fodder,organic,1131,4746.976717
Other crops for fodder,organic,1211,4644.443768
Other crops for fodder,organic,1212,4648.045487
Other crops for fodder,organic,1213,4657.905031
Other crops for fodder,organic,1214,4637.324538
Other crops for fodder,organic,1215,4652.687625
Other crops for fodder,organic,1216,4604.551762
Other crops for fodder,organic,1221,4661.757907
Other crops for fodder,organic,1222,4645.183402
Other crops for fodder,organic,1311,5248.088132
Other crops for fodder,organic,1321,5238.103965
Other crops for fodder,organic,1322,5145.294279
Other crops for fodder,organic,1331,5170.861704
Other crops for fodder,organic,1411,4570.171468
Other crops for fodder,organic,1412,4567.672177
Other crops for fodder,organic,1421,4577.631797
Other crops for fodder,organic,1511,4569.060476
Other crops for fodder,organic,1512,4575.916417
Other crops for fodder,organic,1521,4570.4859
Other crops for fodder,organic,1522,4568.361291
Other crops for fodder,organic,1611,4622.245193
Other crops for fodder,organic,1612,4567.002667
Other crops for fodder,organic,1613,4568.228052
Other crops for fodder,organic,1614,4566.856809
Other crops for fodder,organic,1615,4576.540974
Other crops for fodder,organic,1616,4593.030095
Other crops for fodder,organic,1617,4558.900406
Other crops for fodder,organic,1621,4571.87099
Other crops for fodder,organic,1622,4605.599936
Other crops for fodder,organic,1623,4596.47078
Other crops for fodder,organic,1711,2677.540636
Other crops for fodder,organic,1712,2690.279672
Other crops for fodder,organic,1713,2688.683903
Other crops for fodder,organic,1721,3557.496107
Other crops for fodder,organic,1722,3016.070973
Other crops for fodder,organic,1723,2761.288974
Other crops for fodder,organic,1724,3041.275524
Other crops for fodder,organic,1811,2898.318691
Other crops for fodder,organic,1812,2942.076164
Other crops for fodder,organic,1813,2933.375014
Other crops for fodder,organic,1821,2971.568932
Other crops for fodder,organic,1911,2732.825577
Other crops for fodder,organic,1912,2754.55741
Other crops for fodder,organic,1921,2691.56443
Other crops for fodder,organic,1922,2534.513539
Other crops for fodder,organic,2011,3592.157151
Other crops for fodder,organic,2012,3597.38808
Other crops for fodder,organic,2019,3572.037372
Other crops for fodder,organic,2111,4437.154322
Other crops for fodder,organic,2121,4376.893367
Other crops for fodder,organic,2122,4157.400391
Other crops for fodder,organic,2211,3622.949134
Other crops for fodder,organic,2212,3624.463235
Other crops for fodder,organic,2221,3838.467165
Other crops for fodder,organic,2311,3053.229907
Other crops for fodder,organic,2312,3052.599539
Other crops for fodder,organic,2319,3052.52276
Other crops for fodder,organic,2331,3367.136415
Other crops for fodder,organic,2411,2409.162809
Other crops for fodder,organic,2412,2409.166537
Other crops for fodder,organic,2413,2409.167792
Other crops for fodder,organic,2414,2411.867413
Other crops for fodder,organic,2415,2416.674022
Other crops for fodder,organic,2419,2452.612754
Other crops for fodder,organic,2511,2501.013442
Other crops for fodder,organic,2512,2500.983751
Other crops for fodder,organic,2519,2541.554367
Other crops for fodder,organic,2521,2490.656785
Other crops for fodder,organic,311,2545.364898
Other crops for fodder,organic,312,2529.621974
Other crops for fodder,organic,321,2481.174643
Other crops for fodder,organic,322,2454.217033
Other crops for fodder,organic,411,2362.237731
Other crops for fodder,organic,421,2335.732402
Other crops for fodder,organic,422,2424.11451
Other crops for fodder,organic,431,2359.888219
Other crops for fodder,organic,511,1349.865049
Other crops for fodder,organic,512,1346.052405
Other crops for fodder,organic,513,1341.555654
Other crops for fodder,organic,514,1328.455119
Other crops for fodder,organic,515,1326.271532
Other crops for fodder,organic,521,1504.334732
Other crops for fodder,organic,611,4662.615354
Other crops for fodder,organic,612,4637.689883
Other crops for fodder,organic,621,4571.701602
Other crops for fodder,organic,622,4647.778753
Other crops for fodder,organic,711,4483.977435
Other crops for fodder,organic,731,4576.329942
Other crops for fodder,organic,811,6717.954178
Other crops for fodder,organic,812,6721.299526
Other crops for fodder,organic,813,6721.387159
Other crops for fodder,organic,814,6716.894535
Other crops for fodder,organic,821,4362.695093
Other crops for fodder,organic,831,5703.215853
Other crops for fodder,organic,911,2325.115949
Other crops for fodder,organic,912,2322.700839
Other crops for fodder,organic,913,2325.555518
Other fruit,conventional,1011,847.0208442
Other fruit,conventional,111,947.422688
Other fruit,conventional,1111,5739.144556
Other fruit,conventional,1112,5669.47579
Other fruit,conventional,112,1009.791648
Other fruit,conventional,1121,5739.144556
Other fruit,conventional,1122,5739.144556
Other fruit,conventional,1123,5739.144556
Other fruit,conventional,1124,5384.056272
Other fruit,conventional,1131,4860.854896
Other fruit,conventional,1211,5739.144556
Other fruit,conventional,1212,5739.144556
Other fruit,conventional,1213,4678.623072
Other fruit,conventional,1214,5739.144556
Other fruit,conventional,1215,5739.144556
Other fruit,conventional,1216,5739.144556
Other fruit,conventional,1221,5739.144556
Other fruit,conventional,1222,5739.144556
Other fruit,conventional,1311,3246.316413
Other fruit,conventional,1321,3862.002193
Other fruit,conventional,1322,3876.766973
Other fruit,conventional,1331,2592.92206
Other fruit,conventional,1411,3492.231386
Other fruit,conventional,1412,3492.231386
Other fruit,conventional,1421,3312.150978
Other fruit,conventional,1511,3481.694674
Other fruit,conventional,1512,3312.150978
Other fruit,conventional,1521,3477.017407
Other fruit,conventional,1522,3312.150978
Other fruit,conventional,1611,3065.944711
Other fruit,conventional,1612,3312.103791
Other fruit,conventional,1613,3492.231386
Other fruit,conventional,1614,3310.307363
Other fruit,conventional,1615,3312.150978
Other fruit,conventional,1616,3312.150978
Other fruit,conventional,1617,3305.884438
Other fruit,conventional,1621,3492.231386
Other fruit,conventional,1622,3312.150978
Other fruit,conventional,1623,3492.231386
Other fruit,conventional,1711,911.3065279
Other fruit,conventional,1712,923.4089507
Other fruit,conventional,1713,909.4093659
Other fruit,conventional,1721,1959.123686
Other fruit,conventional,1722,1349.656438
Other fruit,conventional,1723,1475.833511
Other fruit,conventional,1724,1339.341283
Other fruit,conventional,1811,2993.553786
Other fruit,conventional,1812,3010.526783
Other fruit,conventional,1813,3004.047759
Other fruit,conventional,1821,2827.465539
Other fruit,conventional,1911,1724.334616
Other fruit,conventional,1912,1722.988687
Other fruit,conventional,1921,1724.180096
Other fruit,conventional,1922,1727.779562
Other fruit,conventional,2011,1973.037815
Other fruit,conventional,2012,1975.790728
Other fruit,conventional,2019,1976.221789
Other fruit,conventional,2111,2031.325557
Other fruit,conventional,2121,2021.194367
Other fruit,conventional,2122,2012.674205
Other fruit,conventional,2211,1833.113206
Other fruit,conventional,2212,1836.507032
Other fruit,conventional,2221,1888.602943
Other fruit,conventional,2311,555.7989912
Other fruit,conventional,2312,554.0559634
Other fruit,conventional,2319,553.7207133
Other fruit,conventional,2331,939.0995025
Other fruit,conventional,2411,953.6301173
Other fruit,conventional,2412,953.6301173
Other fruit,conventional,2413,953.6301173
Other fruit,conventional,2414,955.3572192
Other fruit,conventional,2415,953.3321789
Other fruit,conventional,2419,953.6301173
Other fruit,conventional,2511,2758.134869
Other fruit,conventional,2512,2758.787976
Other fruit,conventional,2519,2754.272452
Other fruit,conventional,2521,2562.134102
Other fruit,conventional,311,2215.447511
Other fruit,conventional,312,1726.749201
Other fruit,conventional,321,1940.252276
Other fruit,conventional,322,1497.091661
Other fruit,conventional,411,697.6453798
Other fruit,conventional,421,951.624557
Other fruit,conventional,422,771.2144073
Other fruit,conventional,431,946.4865942
Other fruit,conventional,511,3959.152053
Other fruit,conventional,512,3961.147617
Other fruit,conventional,513,3967.872553
Other fruit,conventional,514,3967.872553
Other fruit,conventional,515,3967.872553
Other fruit,conventional,521,3487.173803
Other fruit,conventional,611,2860.19031
Other fruit,conventional,612,3763.724378
Other fruit,conventional,621,5785.997511
Other fruit,conventional,622,4277.714951
Other fruit,conventional,711,3096.762479
Other fruit,conventional,731,7425.704478
Other fruit,conventional,811,1589.467493
Other fruit,conventional,812,2439.960069
Other fruit,conventional,813,2439.960069
Other fruit,conventional,814,3133.889463
Other fruit,conventional,821,3076.141167
Other fruit,conventional,831,4900.885172
Other fruit,conventional,911,2178.623059
Other fruit,conventional,912,1549.995194
Other fruit,conventional,913,2178.623059
Other fruit,organic,1011,274.4582881
Other fruit,organic,111,306.9912751
Other fruit,organic,1111,1859.642299
Other fruit,organic,1112,1837.067683
Other fruit,organic,112,327.2005509
Other fruit,organic,1121,1859.642299
Other fruit,organic,1122,1859.642299
Other fruit,organic,1123,1859.642299
Other fruit,organic,1124,1744.583829
Other fruit,organic,1131,1575.052046
Other fruit,organic,1211,1859.642299
Other fruit,organic,1212,1859.642299
Other fruit,organic,1213,1516.003871
Other fruit,organic,1214,1859.642299
Other fruit,organic,1215,1859.642299
Other fruit,organic,1216,1859.642299
Other fruit,organic,1221,1859.642299
Other fruit,organic,1222,1859.642299
Other fruit,organic,1311,1051.896717
Other fruit,organic,1321,1251.396016
Other fruit,organic,1322,1256.180215
Other fruit,organic,1331,840.1787919
Other fruit,organic,1411,1131.580001
Other fruit,organic,1412,1131.580001
Other fruit,organic,1421,1073.228945
Other fruit,organic,1511,1128.165814
Other fruit,organic,1512,1073.228945
Other fruit,organic,1521,1126.650249
Other fruit,organic,1522,1073.228945
Other fruit,organic,1611,993.4512738
Other fruit,organic,1612,1073.213655
Other fruit,organic,1613,1131.580001
Other fruit,organic,1614,1072.631563
Other fruit,organic,1615,1073.228945
Other fruit,organic,1616,1073.228945
Other fruit,organic,1617,1071.198412
Other fruit,organic,1621,1131.580001
Other fruit,organic,1622,1073.228945
Other fruit,organic,1623,1131.580001
Other fruit,organic,1711,295.2886357
Other fruit,organic,1712,299.210157
Other fruit,organic,1713,294.6739026
Other fruit,organic,1721,634.8105085
Other fruit,organic,1722,437.3261861
Other fruit,organic,1723,478.2110637
Other fruit,organic,1724,433.9837895
Other fruit,organic,1811,969.9946029
Other fruit,organic,1812,975.4943253
Other fruit,organic,1813,973.3949416
Other fruit,organic,1821,916.1773961
Other fruit,organic,1911,558.7323263
Other fruit,organic,1912,558.2962078
Other fruit,organic,1921,558.6822575
Other fruit,organic,1922,559.8485844
Other fruit,organic,2011,639.3190731
Other fruit,organic,2012,640.2110932
Other fruit,organic,2019,640.350769
Other fruit,organic,2111,658.2059209
Other fruit,organic,2121,654.9231338
Other fruit,organic,2122,652.1623646
Other fruit,organic,2211,593.9796118
Other fruit,organic,2212,595.079306
Other fruit,organic,2221,611.9598285
Other fruit,organic,2311,180.0943161
Other fruit,organic,2312,179.5295266
Other fruit,organic,2319,179.4208963
Other fruit,organic,2331,304.2943318
Other fruit,organic,2411,309.0026547
Other fruit,organic,2412,309.0026547
Other fruit,organic,2413,309.0026547
Other fruit,organic,2414,309.5622837
Other fruit,organic,2415,308.9061144
Other fruit,organic,2419,309.0026547
Other fruit,organic,2511,893.7123324
Other fruit,organic,2512,893.9239574
Other fruit,organic,2519,892.4608021
Other fruit,organic,2521,830.2026382
Other fruit,organic,311,717.86655
Other fruit,organic,312,559.5147188
Other fruit,organic,321,628.6956475
Other fruit,organic,322,485.0992951
Other fruit,organic,411,226.0564872
Other fruit,organic,421,308.3527974
Other fruit,organic,422,249.8948962
Other fruit,organic,431,306.6879547
Other fruit,organic,511,1282.87527
Other fruit,organic,512,1283.521889
Other fruit,organic,513,1285.700955
Other fruit,organic,514,1285.700955
Other fruit,organic,515,1285.700955
Other fruit,organic,521,1129.941204
Other fruit,organic,611,926.7811311
Other fruit,organic,612,1219.551274
Other fruit,organic,621,1874.823958
Other fruit,organic,622,1386.098501
Other fruit,organic,711,1003.437087
Other fruit,organic,731,2406.134575
Other fruit,organic,811,515.0316311
Other fruit,organic,812,790.6148568
Other fruit,organic,813,790.6148568
Other fruit,organic,814,1015.467261
Other fruit,organic,821,996.755209
Other fruit,organic,831,1588.022967
Other fruit,organic,911,705.9344043
Other fruit,organic,912,502.2415095
Other fruit,organic,913,705.9344043
Other root vegetables,conventional,1011,22469.39101
Other root vegetables,conventional,111,3389.890055
Other root vegetables,conventional,1111,41279.92103
Other root vegetables,conventional,1112,41201.47381
Other root vegetables,conventional,112,3267.837014
Other root vegetables,conventional,1121,41279.92103
Other root vegetables,conventional,1122,41279.92103
Other root vegetables,conventional,1123,41279.92103
Other root vegetables,conventional,1124,35101.73117
Other root vegetables,conventional,1131,25434.85057
Other root vegetables,conventional,1211,41279.92103
Other root vegetables,conventional,1212,41279.92103
Other root vegetables,conventional,1213,41279.92103
Other root vegetables,conventional,1214,41279.92103
Other root vegetables,conventional,1215,41279.92103
Other root vegetables,conventional,1216,41279.92103
Other root vegetables,conventional,1221,41279.92103
Other root vegetables,conventional,1222,41279.92103
Other root vegetables,conventional,1311,19805.2639
Other root vegetables,conventional,1321,20073.11558
Other root vegetables,conventional,1322,19065.69724
Other root vegetables,conventional,1331,21001.78593
Other root vegetables,conventional,1411,25112.4589
Other root vegetables,conventional,1412,25112.4589
Other root vegetables,conventional,1421,25112.4589
Other root vegetables,conventional,1511,24986.28162
Other root vegetables,conventional,1512,25112.4589
Other root vegetables,conventional,1521,24784.20641
Other root vegetables,conventional,1522,25112.4589
Other root vegetables,conventional,1611,20888.96681
Other root vegetables,conventional,1612,25103.97332
Other root vegetables,conventional,1613,25112.4589
Other root vegetables,conventional,1614,24964.46135
Other root vegetables,conventional,1615,25112.4589
Other root vegetables,conventional,1616,25112.4589
Other root vegetables,conventional,1617,30525.61601
Other root vegetables,conventional,1621,25112.4589
Other root vegetables,conventional,1622,25112.4589
Other root vegetables,conventional,1623,25112.4589
Other root vegetables,conventional,1711,22714.79152
Other root vegetables,conventional,1712,22835.99563
Other root vegetables,conventional,1713,22702.78464
Other root vegetables,conventional,1721,16532.68442
Other root vegetables,conventional,1722,29300.40273
Other root vegetables,conventional,1723,27984.84128
Other root vegetables,conventional,1724,18512.66103
Other root vegetables,conventional,1811,10828.53387
Other root vegetables,conventional,1812,7396.948783
Other root vegetables,conventional,1813,9845.371188
Other root vegetables,conventional,1821,8470.407982
Other root vegetables,conventional,1911,4764.210227
Other root vegetables,conventional,1912,4735.778417
Other root vegetables,conventional,1921,5109.492821
Other root vegetables,conventional,1922,4307.618875
Other root vegetables,conventional,2011,10381.41561
Other root vegetables,conventional,2012,10389.17757
Other root vegetables,conventional,2019,10545.24056
Other root vegetables,conventional,2111,8858.746549
Other root vegetables,conventional,2121,8837.987855
Other root vegetables,conventional,2122,9952.452612
Other root vegetables,conventional,2211,1041.577968
Other root vegetables,conventional,2212,1011.189201
Other root vegetables,conventional,2221,6842.791194
Other root vegetables,conventional,2311,4000.619947
Other root vegetables,conventional,2312,3274.928136
Other root vegetables,conventional,2319,3273.108449
Other root vegetables,conventional,2331,5295.323686
Other root vegetables,conventional,2411,6022.18964
Other root vegetables,conventional,2412,6022.18964
Other root vegetables,conventional,2413,6022.18964
Other root vegetables,conventional,2414,6018.497358
Other root vegetables,conventional,2415,5341.892505
Other root vegetables,conventional,2419,5343.597195
Other root vegetables,conventional,2511,20271.07721
Other root vegetables,conventional,2512,16310.23852
Other root vegetables,conventional,2519,16278.70944
Other root vegetables,conventional,2521,15059.19467
Other root vegetables,conventional,311,4277.093705
Other root vegetables,conventional,312,4283.544012
Other root vegetables,conventional,321,5044.960555
Other root vegetables,conventional,322,5169.930674
Other root vegetables,conventional,411,14073.14659
Other root vegetables,conventional,421,10187.35971
Other root vegetables,conventional,422,13731.56154
Other root vegetables,conventional,431,12566.47641
Other root vegetables,conventional,511,32362.5593
Other root vegetables,conventional,512,32383.91072
Other root vegetables,conventional,513,32432.23376
Other root vegetables,conventional,514,32432.23376
Other root vegetables,conventional,515,32432.23376
Other root vegetables,conventional,521,28385.21975
Other root vegetables,conventional,611,17791.59424
Other root vegetables,conventional,612,18544.10006
Other root vegetables,conventional,621,12431.02904
Other root vegetables,conventional,622,17540.2219
Other root vegetables,conventional,711,6603.492751
Other root vegetables,conventional,731,18350.46941
Other root vegetables,conventional,811,29396.83579
Other root vegetables,conventional,812,29217.51162
Other root vegetables,conventional,813,29217.51162
Other root vegetables,conventional,814,27835.11504
Other root vegetables,conventional,821,27175.54825
Other root vegetables,conventional,831,22161.8658
Other root vegetables,conventional,911,33037.09169
Other root vegetables,conventional,912,33037.09169
Other root vegetables,conventional,913,33037.09169
Other root vegetables,organic,1011,4078.710651
Other root vegetables,organic,111,615.3429199
Other root vegetables,organic,1111,7493.253978
Other root vegetables,organic,1112,7479.014005
Other root vegetables,organic,112,593.187489
Other root vegetables,organic,1121,7493.253978
Other root vegetables,organic,1122,7493.253978
Other root vegetables,organic,1123,7493.253978
Other root vegetables,organic,1124,6371.770589
Other root vegetables,organic,1131,4617.009686
Other root vegetables,organic,1211,7493.253978
Other root vegetables,organic,1212,7493.253978
Other root vegetables,organic,1213,7493.253978
Other root vegetables,organic,1214,7493.253978
Other root vegetables,organic,1215,7493.253978
Other root vegetables,organic,1216,7493.253978
Other root vegetables,organic,1221,7493.253978
Other root vegetables,organic,1222,7493.253978
Other root vegetables,organic,1311,3595.110377
Other root vegetables,organic,1321,3643.731612
Other root vegetables,organic,1322,3460.862039
Other root vegetables,organic,1331,3812.306613
Other root vegetables,organic,1411,4558.488192
Other root vegetables,organic,1412,4558.488192
Other root vegetables,organic,1421,4558.488192
Other root vegetables,organic,1511,4535.584116
Other root vegetables,organic,1512,4558.488192
Other root vegetables,organic,1521,4498.902823
Other root vegetables,organic,1522,4558.488192
Other root vegetables,organic,1611,3791.827351
Other root vegetables,organic,1612,4556.947863
Other root vegetables,organic,1613,4558.488192
Other root vegetables,organic,1614,4531.623235
Other root vegetables,organic,1615,4558.488192
Other root vegetables,organic,1616,4558.488192
Other root vegetables,organic,1617,5541.100561
Other root vegetables,organic,1621,4558.488192
Other root vegetables,organic,1622,4558.488192
Other root vegetables,organic,1623,4558.488192
Other root vegetables,organic,1711,4123.25648
Other root vegetables,organic,1712,4145.257812
Other root vegetables,organic,1713,4121.076957
Other root vegetables,organic,1721,3001.062021
Other root vegetables,organic,1722,5318.696205
Other root vegetables,organic,1723,5079.89158
Other root vegetables,organic,1724,3360.473263
Other root vegetables,organic,1811,1965.627658
Other root vegetables,organic,1812,1342.716132
Other root vegetables,organic,1813,1787.161045
Other root vegetables,organic,1821,1537.573637
Other root vegetables,organic,1911,864.8136028
Other root vegetables,organic,1912,859.6525762
Other root vegetables,organic,1921,927.4903258
Other root vegetables,organic,1922,781.9317833
Other root vegetables,organic,2011,1884.465422
Other root vegetables,organic,2012,1885.874397
Other root vegetables,organic,2019,1914.203415
Other root vegetables,organic,2111,1608.066008
Other root vegetables,organic,2121,1604.297828
Other root vegetables,organic,2122,1806.598784
Other root vegetables,organic,2211,189.0703291
Other root vegetables,organic,2212,183.5540696
Other root vegetables,organic,2221,1242.123799
Other root vegetables,organic,2311,726.2044253
Other root vegetables,organic,2312,594.4746905
Other root vegetables,organic,2319,594.1443755
Other root vegetables,organic,2331,961.2228968
Other root vegetables,organic,2411,1093.165766
Other root vegetables,organic,2412,1093.165766
Other root vegetables,organic,2413,1093.165766
Other root vegetables,organic,2414,1092.495531
Other root vegetables,organic,2415,969.6762073
Other root vegetables,organic,2419,969.9856477
Other root vegetables,organic,2511,3679.666195
Other root vegetables,organic,2512,2960.682981
Other root vegetables,organic,2519,2954.95973
Other root vegetables,organic,2521,2733.589783
Other root vegetables,organic,311,776.3907637
Other root vegetables,organic,312,777.5616427
Other root vegetables,organic,321,915.776237
Other root vegetables,organic,322,938.4611846
Other root vegetables,organic,411,2554.599404
Other root vegetables,organic,421,1849.239819
Other root vegetables,organic,422,2492.59387
Other root vegetables,organic,431,2281.104153
Other root vegetables,organic,511,5874.547967
Other root vegetables,organic,512,5878.42374
Other root vegetables,organic,513,5887.195483
Other root vegetables,organic,514,5887.195483
Other root vegetables,organic,515,5887.195483
Other root vegetables,organic,521,5152.56947
Other root vegetables,organic,611,3229.583075
Other root vegetables,organic,612,3366.180169
Other root vegetables,organic,621,2256.517346
Other root vegetables,organic,622,3183.953221
Other root vegetables,organic,711,1198.685634
Other root vegetables,organic,731,3331.031757
Other root vegetables,organic,811,5336.20102
Other root vegetables,organic,812,5303.649563
Other root vegetables,organic,813,5303.649563
Other root vegetables,organic,814,5052.712827
Other root vegetables,organic,821,4932.986302
Other root vegetables,organic,831,4022.887761
Other root vegetables,organic,911,5996.991092
Other root vegetables,organic,912,5996.991092
Other root vegetables,organic,913,5996.991092
Other vegetables,conventional,1011,31171.89308
Other vegetables,conventional,111,2153.399398
Other vegetables,conventional,1111,15302.16249
Other vegetables,conventional,1112,15337.62645
Other vegetables,conventional,112,2128.040944
Other vegetables,conventional,1121,15302.16249
Other vegetables,conventional,1122,15302.16249
Other vegetables,conventional,1123,15302.16249
Other vegetables,conventional,1124,15355.36857
Other vegetables,conventional,1131,10217.89936
Other vegetables,conventional,1211,15302.16249
Other vegetables,conventional,1212,15302.16249
Other vegetables,conventional,1213,15302.16249
Other vegetables,conventional,1214,15302.16249
Other vegetables,conventional,1215,15302.16249
Other vegetables,conventional,1216,15302.16249
Other vegetables,conventional,1221,15302.16249
Other vegetables,conventional,1222,15302.16249
Other vegetables,conventional,1311,12242.77789
Other vegetables,conventional,1321,12289.64936
Other vegetables,conventional,1322,8661.130318
Other vegetables,conventional,1331,11349.31709
Other vegetables,conventional,1411,6422.069583
Other vegetables,conventional,1412,6422.069583
Other vegetables,conventional,1421,6422.069583
Other vegetables,conventional,1511,6597.51913
Other vegetables,conventional,1512,6422.069583
Other vegetables,conventional,1521,7517.257464
Other vegetables,conventional,1522,6422.069583
Other vegetables,conventional,1611,5595.141085
Other vegetables,conventional,1612,6414.630044
Other vegetables,conventional,1613,6422.069583
Other vegetables,conventional,1614,6300.450256
Other vegetables,conventional,1615,6422.069583
Other vegetables,conventional,1616,6422.069583
Other vegetables,conventional,1617,6340.200013
Other vegetables,conventional,1621,6422.069583
Other vegetables,conventional,1622,6422.069583
Other vegetables,conventional,1623,6422.069583
Other vegetables,conventional,1711,6866.556112
Other vegetables,conventional,1712,6863.841833
Other vegetables,conventional,1713,6863.15355
Other vegetables,conventional,1721,6487.690575
Other vegetables,conventional,1722,7562.561822
Other vegetables,conventional,1723,8313.945875
Other vegetables,conventional,1724,6140.111088
Other vegetables,conventional,1811,3172.618655
Other vegetables,conventional,1812,2521.687085
Other vegetables,conventional,1813,2680.424308
Other vegetables,conventional,1821,2747.612696
Other vegetables,conventional,1911,2102.966641
Other vegetables,conventional,1912,2026.884296
Other vegetables,conventional,1921,3047.695837
Other vegetables,conventional,1922,4515.97312
Other vegetables,conventional,2011,3047.678245
Other vegetables,conventional,2012,3072.107477
Other vegetables,conventional,2019,4543.310237
Other vegetables,conventional,2111,2512.457841
Other vegetables,conventional,2121,2636.061672
Other vegetables,conventional,2122,2489.336691
Other vegetables,conventional,2211,4053.273819
Other vegetables,conventional,2212,4044.756802
Other vegetables,conventional,2221,3429.392025
Other vegetables,conventional,2311,3047.216984
Other vegetables,conventional,2312,1624.630787
Other vegetables,conventional,2319,1623.716165
Other vegetables,conventional,2331,2607.087192
Other vegetables,conventional,2411,3763.868525
Other vegetables,conventional,2412,3763.868525
Other vegetables,conventional,2413,3763.868525
Other vegetables,conventional,2414,3767.814797
Other vegetables,conventional,2415,2589.447319
Other vegetables,conventional,2419,2589.674283
Other vegetables,conventional,2511,3066.580083
Other vegetables,conventional,2512,3064.916307
Other vegetables,conventional,2519,6338.941537
Other vegetables,conventional,2521,6009.949184
Other vegetables,conventional,311,4440.757419
Other vegetables,conventional,312,4436.754566
Other vegetables,conventional,321,3726.643436
Other vegetables,conventional,322,3458.733812
Other vegetables,conventional,411,3785.416763
Other vegetables,conventional,421,3573.003855
Other vegetables,conventional,422,3823.649802
Other vegetables,conventional,431,3725.356807
Other vegetables,conventional,511,10489.76946
Other vegetables,conventional,512,10910.16153
Other vegetables,conventional,513,11055.44691
Other vegetables,conventional,514,11055.44691
Other vegetables,conventional,515,11055.44691
Other vegetables,conventional,521,8721.002658
Other vegetables,conventional,611,6988.535256
Other vegetables,conventional,612,7004.812474
Other vegetables,conventional,621,6734.960242
Other vegetables,conventional,622,6776.4934
Other vegetables,conventional,711,5235.575692
Other vegetables,conventional,731,12328.57002
Other vegetables,conventional,811,4809.044401
Other vegetables,conventional,812,4674.137162
Other vegetables,conventional,813,4674.137162
Other vegetables,conventional,814,4690.692804
Other vegetables,conventional,821,5349.108147
Other vegetables,conventional,831,8229.7391
Other vegetables,conventional,911,6336.179617
Other vegetables,conventional,912,6336.179617
Other vegetables,conventional,913,6336.179617
Other vegetables,organic,1011,5658.414695
Other vegetables,organic,111,390.8914601
Other vegetables,organic,1111,2777.694024
Other vegetables,organic,1112,2784.131547
Other vegetables,organic,112,386.2883181
Other vegetables,organic,1121,2777.694024
Other vegetables,organic,1122,2777.694024
Other vegetables,organic,1123,2777.694024
Other vegetables,organic,1124,2787.35215
Other vegetables,organic,1131,1854.783467
Other vegetables,organic,1211,2777.694024
Other vegetables,organic,1212,2777.694024
Other vegetables,organic,1213,2777.694024
Other vegetables,organic,1214,2777.694024
Other vegetables,organic,1215,2777.694024
Other vegetables,organic,1216,2777.694024
Other vegetables,organic,1221,2777.694024
Other vegetables,organic,1222,2777.694024
Other vegetables,organic,1311,2222.345436
Other vegetables,organic,1321,2230.853685
Other vegetables,organic,1322,1572.194122
Other vegetables,organic,1331,2060.161776
Other vegetables,organic,1411,1165.753162
Other vegetables,organic,1412,1165.753162
Other vegetables,organic,1421,1165.753162
Other vegetables,organic,1511,1197.601285
Other vegetables,organic,1512,1165.753162
Other vegetables,organic,1521,1364.554921
Other vegetables,organic,1522,1165.753162
Other vegetables,organic,1611,1015.646642
Other vegetables,organic,1612,1164.402714
Other vegetables,organic,1613,1165.753162
Other vegetables,organic,1614,1143.67646
Other vegetables,organic,1615,1165.753162
Other vegetables,organic,1616,1165.753162
Other vegetables,organic,1617,1150.891954
Other vegetables,organic,1621,1165.753162
Other vegetables,organic,1622,1165.753162
Other vegetables,organic,1623,1165.753162
Other vegetables,organic,1711,1246.437678
Other vegetables,organic,1712,1245.944974
Other vegetables,organic,1713,1245.820034
Other vegetables,organic,1721,1177.664879
Other vegetables,organic,1722,1372.778703
Other vegetables,organic,1723,1509.17217
Other vegetables,organic,1724,1114.571217
Other vegetables,organic,1811,575.9031695
Other vegetables,organic,1812,457.7441359
Other vegetables,organic,1813,486.5585884
Other vegetables,organic,1821,498.7548243
Other vegetables,organic,1911,381.7367561
Other vegetables,organic,1912,367.9260627
Other vegetables,organic,1921,553.2268081
Other vegetables,organic,1922,819.7528654
Other vegetables,organic,2011,553.2236148
Other vegetables,organic,2012,557.6580817
Other vegetables,organic,2019,824.71518
Other vegetables,organic,2111,456.068816
Other vegetables,organic,2121,478.5057508
Other vegetables,organic,2122,451.8717962
Other vegetables,organic,2211,735.7623128
Other vegetables,organic,2212,734.2162785
Other vegetables,organic,2221,622.5134348
Other vegetables,organic,2311,553.1398854
Other vegetables,organic,2312,294.9078099
Other vegetables,organic,2319,294.7417851
Other vegetables,organic,2331,473.2462171
Other vegetables,organic,2411,683.2286035
Other vegetables,organic,2412,683.2286035
Other vegetables,organic,2413,683.2286035
Other vegetables,organic,2414,683.9449425
Other vegetables,organic,2415,470.0441749
Other vegetables,organic,2419,470.0853741
Other vegetables,organic,2511,556.6547325
Other vegetables,organic,2512,556.352719
Other vegetables,organic,2519,1150.663511
Other vegetables,organic,2521,1090.943842
Other vegetables,organic,311,806.0994877
Other vegetables,organic,312,805.3728778
Other vegetables,organic,321,676.4713946
Other vegetables,organic,322,627.8396433
Other vegetables,organic,411,687.1401036
Other vegetables,organic,421,648.5822812
Other vegetables,organic,422,694.0802785
Other vegetables,organic,431,676.2378419
Other vegetables,organic,511,1904.134135
Other vegetables,organic,512,1980.444953
Other vegetables,organic,513,2006.817587
Other vegetables,organic,514,2006.817587
Other vegetables,organic,515,2006.817587
Other vegetables,organic,521,1583.062327
Other vegetables,organic,611,1268.579694
Other vegetables,organic,612,1271.534383
Other vegetables,organic,621,1222.550004
Other vegetables,organic,622,1230.089226
Other vegetables,organic,711,950.3772634
Other vegetables,organic,731,2237.918679
Other vegetables,organic,811,872.9520355
Other vegetables,organic,812,848.4632723
Other vegetables,organic,813,848.4632723
Other vegetables,organic,814,851.4685017
Other vegetables,organic,821,970.9860121
Other vegetables,organic,831,1493.886706
Other vegetables,organic,911,1150.16216
Other vegetables,organic,912,1150.16216
Other vegetables,organic,913,1150.16216
"Other vegetables, greenhouse",conventional,1011,73.21969599
"Other vegetables, greenhouse",conventional,111,41.00536369
"Other vegetables, greenhouse",conventional,1111,75.46861643
"Other vegetables, greenhouse",conventional,1112,75.46861643
"Other vegetables, greenhouse",conventional,112,42.13546414
"Other vegetables, greenhouse",conventional,1121,75.46861643
"Other vegetables, greenhouse",conventional,1122,75.46861643
"Other vegetables, greenhouse",conventional,1123,75.46861643
"Other vegetables, greenhouse",conventional,1124,73.8264317
"Other vegetables, greenhouse",conventional,1131,74.01447588
"Other vegetables, greenhouse",conventional,1211,75.46861643
"Other vegetables, greenhouse",conventional,1212,75.46861643
"Other vegetables, greenhouse",conventional,1213,75.46861643
"Other vegetables, greenhouse",conventional,1214,75.46861643
"Other vegetables, greenhouse",conventional,1215,75.46861643
"Other vegetables, greenhouse",conventional,1216,75.46861643
"Other vegetables, greenhouse",conventional,1221,75.46861643
"Other vegetables, greenhouse",conventional,1222,75.46861643
"Other vegetables, greenhouse",conventional,1311,73.04571477
"Other vegetables, greenhouse",conventional,1321,73.08110369
"Other vegetables, greenhouse",conventional,1322,73.00662319
"Other vegetables, greenhouse",conventional,1331,72.32384525
"Other vegetables, greenhouse",conventional,1411,70.86807329
"Other vegetables, greenhouse",conventional,1412,70.86807329
"Other vegetables, greenhouse",conventional,1421,70.86807329
"Other vegetables, greenhouse",conventional,1511,70.89694489
"Other vegetables, greenhouse",conventional,1512,70.86807329
"Other vegetables, greenhouse",conventional,1521,71.0165093
"Other vegetables, greenhouse",conventional,1522,70.86807329
"Other vegetables, greenhouse",conventional,1611,70.86807329
"Other vegetables, greenhouse",conventional,1612,70.86807329
"Other vegetables, greenhouse",conventional,1613,70.86807329
"Other vegetables, greenhouse",conventional,1614,70.86807329
"Other vegetables, greenhouse",conventional,1615,70.86807329
"Other vegetables, greenhouse",conventional,1616,70.86807329
"Other vegetables, greenhouse",conventional,1617,66.30900444
"Other vegetables, greenhouse",conventional,1621,70.86807329
"Other vegetables, greenhouse",conventional,1622,70.86807329
"Other vegetables, greenhouse",conventional,1623,70.86807329
"Other vegetables, greenhouse",conventional,1711,7.722306873
"Other vegetables, greenhouse",conventional,1712,38.58635738
"Other vegetables, greenhouse",conventional,1713,26.71616011
"Other vegetables, greenhouse",conventional,1721,26.71616011
"Other vegetables, greenhouse",conventional,1722,70.86807329
"Other vegetables, greenhouse",conventional,1723,7.722306873
"Other vegetables, greenhouse",conventional,1724,115.1726472
"Other vegetables, greenhouse",conventional,1811,32.35164243
"Other vegetables, greenhouse",conventional,1812,7.722306873
"Other vegetables, greenhouse",conventional,1813,7.722306873
"Other vegetables, greenhouse",conventional,1821,7.722306873
"Other vegetables, greenhouse",conventional,1911,16.65317831
"Other vegetables, greenhouse",conventional,1912,86.91599159
"Other vegetables, greenhouse",conventional,1921,29.04020219
"Other vegetables, greenhouse",conventional,1922,29.04020219
"Other vegetables, greenhouse",conventional,2011,115.1726472
"Other vegetables, greenhouse",conventional,2012,114.6645332
"Other vegetables, greenhouse",conventional,2019,26.71616011
"Other vegetables, greenhouse",conventional,2111,115.1726472
"Other vegetables, greenhouse",conventional,2121,37.48499942
"Other vegetables, greenhouse",conventional,2122,115.1726472
"Other vegetables, greenhouse",conventional,2211,26.71616011
"Other vegetables, greenhouse",conventional,2212,26.71616011
"Other vegetables, greenhouse",conventional,2221,26.71616011
"Other vegetables, greenhouse",conventional,2311,26.71616011
"Other vegetables, greenhouse",conventional,2312,26.71616011
"Other vegetables, greenhouse",conventional,2319,26.71616011
"Other vegetables, greenhouse",conventional,2331,26.71616011
"Other vegetables, greenhouse",conventional,2411,26.71616011
"Other vegetables, greenhouse",conventional,2412,26.71616011
"Other vegetables, greenhouse",conventional,2413,26.71616011
"Other vegetables, greenhouse",conventional,2414,26.71616011
"Other vegetables, greenhouse",conventional,2415,26.71616011
"Other vegetables, greenhouse",conventional,2419,26.71616011
"Other vegetables, greenhouse",conventional,2511,26.71616011
"Other vegetables, greenhouse",conventional,2512,26.71616011
"Other vegetables, greenhouse",conventional,2519,26.71616011
"Other vegetables, greenhouse",conventional,2521,26.71616011
"Other vegetables, greenhouse",conventional,311,29.29828502
"Other vegetables, greenhouse",conventional,312,29.32617656
"Other vegetables, greenhouse",conventional,321,33.21697416
"Other vegetables, greenhouse",conventional,322,35.80043656
"Other vegetables, greenhouse",conventional,411,40.96650416
"Other vegetables, greenhouse",conventional,421,41.63140565
"Other vegetables, greenhouse",conventional,422,40.87344518
"Other vegetables, greenhouse",conventional,431,41.19636984
"Other vegetables, greenhouse",conventional,511,96.8157529
"Other vegetables, greenhouse",conventional,512,96.95120216
"Other vegetables, greenhouse",conventional,513,97.00147075
"Other vegetables, greenhouse",conventional,514,97.00147075
"Other vegetables, greenhouse",conventional,515,97.00147075
"Other vegetables, greenhouse",conventional,521,89.16516132
"Other vegetables, greenhouse",conventional,611,70.86807329
"Other vegetables, greenhouse",conventional,612,97.00147075
"Other vegetables, greenhouse",conventional,621,73.04571477
"Other vegetables, greenhouse",conventional,622,77.7408644
"Other vegetables, greenhouse",conventional,711,26.71616011
"Other vegetables, greenhouse",conventional,731,75.46861643
"Other vegetables, greenhouse",conventional,811,51.45144881
"Other vegetables, greenhouse",conventional,812,51.45144881
"Other vegetables, greenhouse",conventional,813,51.45144881
"Other vegetables, greenhouse",conventional,814,59.35337053
"Other vegetables, greenhouse",conventional,821,85.78927105
"Other vegetables, greenhouse",conventional,831,51.45144881
"Other vegetables, greenhouse",conventional,911,3.098058901
"Other vegetables, greenhouse",conventional,912,3.098058901
"Other vegetables, greenhouse",conventional,913,3.098058901
"Other vegetables, greenhouse",organic,1011,50.40760626
"Other vegetables, greenhouse",organic,111,28.22986629
"Other vegetables, greenhouse",organic,1111,51.95586038
"Other vegetables, greenhouse",organic,1112,51.95586038
"Other vegetables, greenhouse",organic,112,29.00787632
"Other vegetables, greenhouse",organic,1121,51.95586038
"Other vegetables, greenhouse",organic,1122,51.95586038
"Other vegetables, greenhouse",organic,1123,51.95586038
"Other vegetables, greenhouse",organic,1124,50.82530937
"Other vegetables, greenhouse",organic,1131,50.95476712
"Other vegetables, greenhouse",organic,1211,51.95586038
"Other vegetables, greenhouse",organic,1212,51.95586038
"Other vegetables, greenhouse",organic,1213,51.95586038
"Other vegetables, greenhouse",organic,1214,51.95586038
"Other vegetables, greenhouse",organic,1215,51.95586038
"Other vegetables, greenhouse",organic,1216,51.95586038
"Other vegetables, greenhouse",organic,1221,51.95586038
"Other vegetables, greenhouse",organic,1222,51.95586038
"Other vegetables, greenhouse",organic,1311,50.28783006
"Other vegetables, greenhouse",organic,1321,50.31219332
"Other vegetables, greenhouse",organic,1322,50.26091773
"Other vegetables, greenhouse",organic,1331,49.79086386
"Other vegetables, greenhouse",organic,1411,48.78864746
"Other vegetables, greenhouse",organic,1412,48.78864746
"Other vegetables, greenhouse",organic,1421,48.78864746
"Other vegetables, greenhouse",organic,1511,48.80852391
"Other vegetables, greenhouse",organic,1512,48.78864746
"Other vegetables, greenhouse",organic,1521,48.89083723
"Other vegetables, greenhouse",organic,1522,48.78864746
"Other vegetables, greenhouse",organic,1611,48.78864746
"Other vegetables, greenhouse",organic,1612,48.78864746
"Other vegetables, greenhouse",organic,1613,48.78864746
"Other vegetables, greenhouse",organic,1614,48.78864746
"Other vegetables, greenhouse",organic,1615,48.78864746
"Other vegetables, greenhouse",organic,1616,48.78864746
"Other vegetables, greenhouse",organic,1617,45.64998723
"Other vegetables, greenhouse",organic,1621,48.78864746
"Other vegetables, greenhouse",organic,1622,48.78864746
"Other vegetables, greenhouse",organic,1623,48.78864746
"Other vegetables, greenhouse",organic,1711,5.316370124
"Other vegetables, greenhouse",organic,1712,26.56451769
"Other vegetables, greenhouse",organic,1713,18.39256038
"Other vegetables, greenhouse",organic,1721,18.39256038
"Other vegetables, greenhouse",organic,1722,48.78864746
"Other vegetables, greenhouse",organic,1723,5.316370124
"Other vegetables, greenhouse",organic,1724,79.28983279
"Other vegetables, greenhouse",organic,1811,22.27227021
"Other vegetables, greenhouse",organic,1812,5.316370124
"Other vegetables, greenhouse",organic,1813,5.316370124
"Other vegetables, greenhouse",organic,1821,5.316370124
"Other vegetables, greenhouse",organic,1911,11.46476838
"Other vegetables, greenhouse",organic,1912,59.83672866
"Other vegetables, greenhouse",organic,1921,19.99253149
"Other vegetables, greenhouse",organic,1922,19.99253149
"Other vegetables, greenhouse",organic,2011,79.28983279
"Other vegetables, greenhouse",organic,2012,78.94002515
"Other vegetables, greenhouse",organic,2019,18.39256038
"Other vegetables, greenhouse",organic,2111,79.28983279
"Other vegetables, greenhouse",organic,2121,25.80629523
"Other vegetables, greenhouse",organic,2122,79.28983279
"Other vegetables, greenhouse",organic,2211,18.39256038
"Other vegetables, greenhouse",organic,2212,18.39256038
"Other vegetables, greenhouse",organic,2221,18.39256038
"Other vegetables, greenhouse",organic,2311,18.39256038
"Other vegetables, greenhouse",organic,2312,18.39256038
"Other vegetables, greenhouse",organic,2319,18.39256038
"Other vegetables, greenhouse",organic,2331,18.39256038
"Other vegetables, greenhouse",organic,2411,18.39256038
"Other vegetables, greenhouse",organic,2412,18.39256038
"Other vegetables, greenhouse",organic,2413,18.39256038
"Other vegetables, greenhouse",organic,2414,18.39256038
"Other vegetables, greenhouse",organic,2415,18.39256038
"Other vegetables, greenhouse",organic,2419,18.39256038
"Other vegetables, greenhouse",organic,2511,18.39256038
"Other vegetables, greenhouse",organic,2512,18.39256038
"Other vegetables, greenhouse",organic,2519,18.39256038
"Other vegetables, greenhouse",organic,2521,18.39256038
"Other vegetables, greenhouse",organic,311,20.17020687
"Other vegetables, greenhouse",organic,312,20.18940862
"Other vegetables, greenhouse",organic,321,22.868002
"Other vegetables, greenhouse",organic,322,24.64656928
"Other vegetables, greenhouse",organic,411,28.20311371
"Other vegetables, greenhouse",organic,421,28.66086065
"Other vegetables, greenhouse",organic,422,28.13904788
"Other vegetables, greenhouse",organic,431,28.36136318
"Other vegetables, greenhouse",organic,511,66.65215262
"Other vegetables, greenhouse",organic,512,66.74540174
"Other vegetables, greenhouse",organic,513,66.78000882
"Other vegetables, greenhouse",organic,514,66.78000882
"Other vegetables, greenhouse",organic,515,66.78000882
"Other vegetables, greenhouse",organic,521,61.3851544
"Other vegetables, greenhouse",organic,611,48.78864746
"Other vegetables, greenhouse",organic,612,66.78000882
"Other vegetables, greenhouse",organic,621,50.28783006
"Other vegetables, greenhouse",organic,622,53.52017418
"Other vegetables, greenhouse",organic,711,18.39256038
"Other vegetables, greenhouse",organic,731,51.95586038
"Other vegetables, greenhouse",organic,811,35.42140319
"Other vegetables, greenhouse",organic,812,35.42140319
"Other vegetables, greenhouse",organic,813,35.42140319
"Other vegetables, greenhouse",organic,814,40.86142794
"Other vegetables, greenhouse",organic,821,59.06104549
"Other vegetables, greenhouse",organic,831,35.42140319
"Other vegetables, greenhouse",organic,911,2.132837771
"Other vegetables, greenhouse",organic,912,2.132837771
"Other vegetables, greenhouse",organic,913,2.132837771
Pears,conventional,1011,3027.999967
Pears,conventional,111,3104.362324
Pears,conventional,1111,17077.36529
Pears,conventional,1112,17060.14549
Pears,conventional,112,3013.46469
Pears,conventional,1121,17077.36529
Pears,conventional,1122,17077.36529
Pears,conventional,1123,17077.36529
Pears,conventional,1124,14701.57116
Pears,conventional,1131,9058.225832
Pears,conventional,1211,17077.36529
Pears,conventional,1212,17077.36529
Pears,conventional,1213,16483.04155
Pears,conventional,1214,17077.36529
Pears,conventional,1215,17077.36529
Pears,conventional,1216,17077.36529
Pears,conventional,1221,17077.36529
Pears,conventional,1222,17077.36529
Pears,conventional,1311,1514.940276
Pears,conventional,1321,1654.584134
Pears,conventional,1322,3370.594375
Pears,conventional,1331,1465.692383
Pears,conventional,1411,1164.965737
Pears,conventional,1412,1164.965737
Pears,conventional,1421,1162.993465
Pears,conventional,1511,1185.103792
Pears,conventional,1512,1162.993465
Pears,conventional,1521,1164.30779
Pears,conventional,1522,1162.993465
Pears,conventional,1611,5085.077373
Pears,conventional,1612,1163.759862
Pears,conventional,1613,1164.965737
Pears,conventional,1614,1192.932289
Pears,conventional,1615,1162.993465
Pears,conventional,1616,1162.993465
Pears,conventional,1617,1202.413915
Pears,conventional,1621,1164.965737
Pears,conventional,1622,1162.993465
Pears,conventional,1623,1164.965737
Pears,conventional,1711,1658.983232
Pears,conventional,1712,1673.314161
Pears,conventional,1713,1655.529553
Pears,conventional,1721,1982.629116
Pears,conventional,1722,1934.366327
Pears,conventional,1723,2686.673444
Pears,conventional,1724,2438.196878
Pears,conventional,1811,5439.257466
Pears,conventional,1812,5480.497834
Pears,conventional,1813,5468.703129
Pears,conventional,1821,5147.244945
Pears,conventional,1911,3139.055989
Pears,conventional,1912,3136.605799
Pears,conventional,1921,3138.774694
Pears,conventional,1922,3145.327322
Pears,conventional,2011,3591.806436
Pears,conventional,2012,3596.817961
Pears,conventional,2019,3597.602684
Pears,conventional,2111,3697.916052
Pears,conventional,2121,3679.472779
Pears,conventional,2122,3663.962295
Pears,conventional,2211,3337.081407
Pears,conventional,2212,3343.259682
Pears,conventional,2221,3438.097411
Pears,conventional,2311,1011.801385
Pears,conventional,2312,1008.628299
Pears,conventional,2319,1008.017994
Pears,conventional,2331,1709.578808
Pears,conventional,2411,1736.03099
Pears,conventional,2412,1736.03099
Pears,conventional,2413,1736.03099
Pears,conventional,2414,1739.175084
Pears,conventional,2415,1735.48861
Pears,conventional,2419,1736.03099
Pears,conventional,2511,5021.032286
Pears,conventional,2512,5022.221232
Pears,conventional,2519,5014.00097
Pears,conventional,2521,4664.223709
Pears,conventional,311,3043.149846
Pears,conventional,312,3145.687758
Pears,conventional,321,3082.398964
Pears,conventional,322,3191.648723
Pears,conventional,411,1270.024906
Pears,conventional,421,1473.29531
Pears,conventional,422,1403.953259
Pears,conventional,431,1349.197109
Pears,conventional,511,7221.499581
Pears,conventional,512,7211.050591
Pears,conventional,513,7223.292966
Pears,conventional,514,7223.292966
Pears,conventional,515,7223.292966
Pears,conventional,521,6348.207426
Pears,conventional,611,8265.128243
Pears,conventional,612,8010.183964
Pears,conventional,621,4610.304925
Pears,conventional,622,7346.248574
Pears,conventional,711,2072.036989
Pears,conventional,731,5307.471416
Pears,conventional,811,4299.290965
Pears,conventional,812,4441.812626
Pears,conventional,813,4441.812626
Pears,conventional,814,4300.127777
Pears,conventional,821,5599.9452
Pears,conventional,831,3723.956205
Pears,conventional,911,7589.645754
Pears,conventional,912,7586.401902
Pears,conventional,913,7589.645754
Pears,organic,1011,981.1561224
Pears,organic,111,1005.899648
Pears,organic,1111,5533.540849
Pears,organic,1112,5527.961156
Pears,organic,112,976.4462888
Pears,organic,1121,5533.540849
Pears,organic,1122,5533.540849
Pears,organic,1123,5533.540849
Pears,organic,1124,4763.717539
Pears,organic,1131,2935.116853
Pears,organic,1211,5533.540849
Pears,organic,1212,5533.540849
Pears,organic,1213,5340.963443
Pears,organic,1214,5533.540849
Pears,organic,1215,5533.540849
Pears,organic,1216,5533.540849
Pears,organic,1221,5533.540849
Pears,organic,1222,5533.540849
Pears,organic,1311,490.8827423
Pears,organic,1321,536.1312323
Pears,organic,1322,1092.16623
Pears,organic,1331,474.9250565
Pears,organic,1411,377.4812675
Pears,organic,1412,377.4812675
Pears,organic,1421,376.8421964
Pears,organic,1511,384.0065567
Pears,organic,1512,376.8421964
Pears,organic,1521,377.2680744
Pears,organic,1522,376.8421964
Pears,organic,1611,1647.706358
Pears,organic,1612,377.0905303
Pears,organic,1613,377.4812675
Pears,organic,1614,386.5432072
Pears,organic,1615,376.8421964
Pears,organic,1616,376.8421964
Pears,organic,1617,389.6155176
Pears,organic,1621,377.4812675
Pears,organic,1622,376.8421964
Pears,organic,1623,377.4812675
Pears,organic,1711,537.5566621
Pears,organic,1712,542.2002813
Pears,organic,1713,536.4375743
Pears,organic,1721,642.426921
Pears,organic,1722,626.7884364
Pears,organic,1723,870.5568453
Pears,organic,1724,790.043534
Pears,organic,1811,1762.470549
Pears,organic,1812,1775.833574
Pears,organic,1813,1772.011762
Pears,organic,1821,1667.850379
Pears,organic,1911,1017.141359
Pears,organic,1912,1016.34743
Pears,organic,1921,1017.050212
Pears,organic,1922,1019.173446
Pears,organic,2011,1163.845084
Pears,organic,2012,1165.468957
Pears,organic,2019,1165.723229
Pears,organic,2111,1198.227548
Pears,organic,2121,1192.251415
Pears,organic,2122,1187.225587
Pears,organic,2211,1081.307097
Pears,organic,2212,1083.30903
Pears,organic,2221,1114.039089
Pears,organic,2311,327.8517616
Pears,organic,2312,326.8235936
Pears,organic,2319,326.6258381
Pears,organic,2331,553.9510346
Pears,organic,2411,562.5222766
Pears,organic,2412,562.5222766
Pears,organic,2413,562.5222766
Pears,organic,2414,563.5410504
Pears,organic,2415,562.3465303
Pears,organic,2419,562.5222766
Pears,organic,2511,1626.95397
Pears,organic,2512,1627.339222
Pears,organic,2519,1624.675629
Pears,organic,2521,1511.338078
Pears,organic,311,986.0651042
Pears,organic,312,1019.290237
Pears,organic,321,998.7829089
Pears,organic,322,1034.182866
Pears,organic,411,411.5233571
Pears,organic,421,477.3886162
Pears,organic,422,454.9198649
Pears,organic,431,437.1773508
Pears,organic,511,2339.966514
Pears,organic,512,2336.580751
Pears,organic,513,2340.547621
Pears,organic,514,2340.547621
Pears,organic,515,2340.547621
Pears,organic,521,2056.995591
Pears,organic,611,2678.131198
Pears,organic,612,2595.522168
Pears,organic,621,1493.866893
Pears,organic,622,2380.388654
Pears,organic,711,671.397556
Pears,organic,731,1719.768207
Pears,organic,811,1393.089729
Pears,organic,812,1439.270707
Pears,organic,813,1439.270707
Pears,organic,814,1393.360879
Pears,organic,821,1814.53784
Pears,organic,831,1206.665281
Pears,organic,911,2459.256103
Pears,organic,912,2458.205005
Pears,organic,913,2459.256103
"Peas, dry",conventional,1011,3888.457469
"Peas, dry",conventional,111,2586.747783
"Peas, dry",conventional,1111,3794.39673
"Peas, dry",conventional,1112,3299.799638
"Peas, dry",conventional,112,2383.838579
"Peas, dry",conventional,1121,4457.18757
"Peas, dry",conventional,1122,3842.246996
"Peas, dry",conventional,1123,3976.74504
"Peas, dry",conventional,1124,2731.446427
"Peas, dry",conventional,1131,2761.642467
"Peas, dry",conventional,1211,4939.569977
"Peas, dry",conventional,1212,4162.326475
"Peas, dry",conventional,1213,3549.325776
"Peas, dry",conventional,1214,4411.923806
"Peas, dry",conventional,1215,3692.876573
"Peas, dry",conventional,1216,4197.890861
"Peas, dry",conventional,1221,3043.018237
"Peas, dry",conventional,1222,4136.461466
"Peas, dry",conventional,1311,3434.871666
"Peas, dry",conventional,1321,3513.574942
"Peas, dry",conventional,1322,2702.76466
"Peas, dry",conventional,1331,3050.85456
"Peas, dry",conventional,1411,3322.339823
"Peas, dry",conventional,1412,2386.854281
"Peas, dry",conventional,1421,2540.383201
"Peas, dry",conventional,1511,2564.882862
"Peas, dry",conventional,1512,3075.369792
"Peas, dry",conventional,1521,2858.163798
"Peas, dry",conventional,1522,2464.269287
"Peas, dry",conventional,1611,2190.474038
"Peas, dry",conventional,1612,3407.591727
"Peas, dry",conventional,1613,3391.297728
"Peas, dry",conventional,1614,2618.757213
"Peas, dry",conventional,1615,4564.213736
"Peas, dry",conventional,1616,3455.363127
"Peas, dry",conventional,1617,2674.889231
"Peas, dry",conventional,1621,3404.912035
"Peas, dry",conventional,1622,3202.034237
"Peas, dry",conventional,1623,3852.531303
"Peas, dry",conventional,1711,2153.441595
"Peas, dry",conventional,1712,1763.324868
"Peas, dry",conventional,1713,1962.83905
"Peas, dry",conventional,1721,1544.76481
"Peas, dry",conventional,1722,2244.462334
"Peas, dry",conventional,1723,1617.737421
"Peas, dry",conventional,1724,1638.734053
"Peas, dry",conventional,1811,3065.723289
"Peas, dry",conventional,1812,3381.184935
"Peas, dry",conventional,1813,1921.836061
"Peas, dry",conventional,1821,2917.197087
"Peas, dry",conventional,1911,2830.101403
"Peas, dry",conventional,1912,2552.703965
"Peas, dry",conventional,1921,3228.183121
"Peas, dry",conventional,1922,2869.457601
"Peas, dry",conventional,2011,2763.378931
"Peas, dry",conventional,2012,2687.653528
"Peas, dry",conventional,2019,2461.971092
"Peas, dry",conventional,2111,2453.83195
"Peas, dry",conventional,2121,2558.316309
"Peas, dry",conventional,2122,1532.976013
"Peas, dry",conventional,2211,1394.793565
"Peas, dry",conventional,2212,1524.55551
"Peas, dry",conventional,2221,2483.723698
"Peas, dry",conventional,2311,2135.825367
"Peas, dry",conventional,2312,1860.711046
"Peas, dry",conventional,2319,2113.199373
"Peas, dry",conventional,2331,2137.148285
"Peas, dry",conventional,2411,1859.450229
"Peas, dry",conventional,2412,2067.830905
"Peas, dry",conventional,2413,2223.421809
"Peas, dry",conventional,2414,1955.936274
"Peas, dry",conventional,2415,2072.258189
"Peas, dry",conventional,2419,2072.69312
"Peas, dry",conventional,2511,1588.555655
"Peas, dry",conventional,2512,1298.906461
"Peas, dry",conventional,2519,1551.659137
"Peas, dry",conventional,2521,1607.256312
"Peas, dry",conventional,311,3419.780567
"Peas, dry",conventional,312,2634.951045
"Peas, dry",conventional,321,3276.13853
"Peas, dry",conventional,322,1795.684335
"Peas, dry",conventional,411,3118.226829
"Peas, dry",conventional,421,2839.259884
"Peas, dry",conventional,422,2691.080237
"Peas, dry",conventional,431,2823.191034
"Peas, dry",conventional,511,2843.090116
"Peas, dry",conventional,512,2302.95557
"Peas, dry",conventional,513,4461.570516
"Peas, dry",conventional,514,3923.613335
"Peas, dry",conventional,515,2870.859556
"Peas, dry",conventional,521,2595.48595
"Peas, dry",conventional,611,1968.889251
"Peas, dry",conventional,612,2539.944196
"Peas, dry",conventional,621,2826.08598
"Peas, dry",conventional,622,2006.331879
"Peas, dry",conventional,711,3229.920411
"Peas, dry",conventional,731,3189.765996
"Peas, dry",conventional,811,3815.062552
"Peas, dry",conventional,812,3518.295824
"Peas, dry",conventional,813,3721.753439
"Peas, dry",conventional,814,3291.998768
"Peas, dry",conventional,821,2606.446305
"Peas, dry",conventional,831,3102.559136
"Peas, dry",conventional,911,4055.380155
"Peas, dry",conventional,912,3991.613082
"Peas, dry",conventional,913,3752.436122
"Peas, dry",organic,1011,3072.403747
"Peas, dry",organic,111,2043.878234
"Peas, dry",organic,1111,2998.083129
"Peas, dry",organic,1112,2607.284985
"Peas, dry",organic,112,1883.552705
"Peas, dry",organic,1121,3521.776927
"Peas, dry",organic,1122,3035.891266
"Peas, dry",organic,1123,3142.162788
"Peas, dry",organic,1124,2158.2096
"Peas, dry",organic,1131,2182.068528
"Peas, dry",organic,1211,3902.923827
"Peas, dry",organic,1212,3288.797052
"Peas, dry",organic,1213,2804.444154
"Peas, dry",organic,1214,3486.012472
"Peas, dry",organic,1215,2917.868566
"Peas, dry",organic,1216,3316.897694
"Peas, dry",organic,1221,2404.393184
"Peas, dry",organic,1222,3268.360221
"Peas, dry",organic,1311,2714.010031
"Peas, dry",organic,1321,2776.196192
"Peas, dry",organic,1322,2135.547151
"Peas, dry",organic,1331,2410.584932
"Peas, dry",organic,1411,2625.094759
"Peas, dry",organic,1412,1885.935514
"Peas, dry",organic,1421,2007.243986
"Peas, dry",organic,1511,2026.602009
"Peas, dry",organic,1512,2429.955258
"Peas, dry",organic,1521,2258.333345
"Peas, dry",organic,1522,1947.103769
"Peas, dry",organic,1611,1730.768743
"Peas, dry",organic,1612,2692.455215
"Peas, dry",organic,1613,2679.580767
"Peas, dry",organic,1614,2069.169983
"Peas, dry",organic,1615,3606.341975
"Peas, dry",organic,1616,2730.201039
"Peas, dry",organic,1617,2113.521818
"Peas, dry",organic,1621,2690.337898
"Peas, dry",organic,1622,2530.037185
"Peas, dry",organic,1623,3044.01725
"Peas, dry",organic,1711,1701.508137
"Peas, dry",organic,1712,1393.263518
"Peas, dry",organic,1713,1550.906523
"Peas, dry",organic,1721,1220.571713
"Peas, dry",organic,1722,1773.426749
"Peas, dry",organic,1723,1278.229877
"Peas, dry",organic,1724,1294.820038
"Peas, dry",organic,1811,2422.333225
"Peas, dry",organic,1812,2671.590302
"Peas, dry",organic,1813,1518.508654
"Peas, dry",organic,1821,2304.977574
"Peas, dry",organic,1911,2236.160283
"Peas, dry",organic,1912,2016.979044
"Peas, dry",organic,1921,2550.698316
"Peas, dry",organic,1922,2267.256967
"Peas, dry",organic,2011,2183.440567
"Peas, dry",organic,2012,2123.607327
"Peas, dry",organic,2019,1945.287886
"Peas, dry",organic,2111,1938.856871
"Peas, dry",organic,2121,2021.41355
"Peas, dry",organic,2122,1211.256979
"Peas, dry",organic,2211,1102.074283
"Peas, dry",organic,2212,1204.60365
"Peas, dry",organic,2221,1962.475367
"Peas, dry",organic,2311,1687.588951
"Peas, dry",organic,2312,1470.211681
"Peas, dry",organic,2319,1669.711377
"Peas, dry",organic,2331,1688.634234
"Peas, dry",organic,2411,1469.215466
"Peas, dry",organic,2412,1633.864192
"Peas, dry",organic,2413,1756.801907
"Peas, dry",organic,2414,1545.452403
"Peas, dry",organic,2415,1637.362341
"Peas, dry",organic,2419,1637.705996
"Peas, dry",organic,2511,1255.172363
"Peas, dry",organic,2512,1026.31059
"Peas, dry",organic,2519,1226.019157
"Peas, dry",organic,2521,1269.948393
"Peas, dry",organic,311,2702.086036
"Peas, dry",organic,312,2081.965286
"Peas, dry",organic,321,2588.589531
"Peas, dry",organic,322,1418.831844
"Peas, dry",organic,411,2463.818075
"Peas, dry",organic,421,2243.396714
"Peas, dry",organic,422,2126.314887
"Peas, dry",organic,431,2230.700164
"Peas, dry",organic,511,2246.423112
"Peas, dry",organic,512,1819.644263
"Peas, dry",organic,513,3525.240043
"Peas, dry",organic,514,3100.181604
"Peas, dry",organic,515,2268.364699
"Peas, dry",organic,521,2050.782559
"Peas, dry",organic,611,1555.686994
"Peas, dry",organic,612,2006.897112
"Peas, dry",organic,621,2232.98756
"Peas, dry",organic,622,1585.271701
"Peas, dry",organic,711,2552.071008
"Peas, dry",organic,731,2520.343627
"Peas, dry",organic,811,3014.411904
"Peas, dry",organic,812,2779.926323
"Peas, dry",organic,813,2940.68517
"Peas, dry",organic,814,2601.12125
"Peas, dry",organic,821,2059.442712
"Peas, dry",organic,831,2451.438493
"Peas, dry",organic,911,3204.295093
"Peas, dry",organic,912,3153.910539
"Peas, dry",organic,913,2964.928612
"Peas, green",conventional,1011,4621.004294
"Peas, green",conventional,111,3074.065413
"Peas, green",conventional,1111,4509.223446
"Peas, green",conventional,1112,3921.449166
"Peas, green",conventional,112,2832.930127
"Peas, green",conventional,1121,5296.877507
"Peas, green",conventional,1122,4566.088227
"Peas, green",conventional,1123,4725.924368
"Peas, green",conventional,1124,3246.023846
"Peas, green",conventional,1131,3281.908521
"Peas, green",conventional,1211,5870.135975
"Peas, green",conventional,1212,4946.467505
"Peas, green",conventional,1213,4217.983554
"Peas, green",conventional,1214,5243.086498
"Peas, green",conventional,1215,4388.577897
"Peas, green",conventional,1216,4988.731869
"Peas, green",conventional,1221,3616.292695
"Peas, green",conventional,1222,4915.729786
"Peas, green",conventional,1311,4081.967424
"Peas, green",conventional,1321,4175.497617
"Peas, green",conventional,1322,3211.938718
"Peas, green",conventional,1331,3625.605303
"Peas, green",conventional,1411,3948.235698
"Peas, green",conventional,1412,2836.513957
"Peas, green",conventional,1421,3018.966204
"Peas, green",conventional,1511,3048.081357
"Peas, green",conventional,1512,3654.738962
"Peas, green",conventional,1521,3396.613513
"Peas, green",conventional,1522,2928.513183
"Peas, green",conventional,1611,2603.137624
"Peas, green",conventional,1612,4049.548215
"Peas, green",conventional,1613,4030.184589
"Peas, green",conventional,1614,3112.105102
"Peas, green",conventional,1615,5424.066341
"Peas, green",conventional,1616,4106.319274
"Peas, green",conventional,1617,3178.811836
"Peas, green",conventional,1621,4046.363696
"Peas, green",conventional,1622,3805.265733
"Peas, green",conventional,1623,4578.309995
"Peas, green",conventional,1711,2559.128635
"Peas, green",conventional,1712,2095.517786
"Peas, green",conventional,1713,2332.618461
"Peas, green",conventional,1721,1835.783181
"Peas, green",conventional,1722,2667.29678
"Peas, green",conventional,1723,1922.503108
"Peas, green",conventional,1724,1947.455298
"Peas, green",conventional,1811,3643.275154
"Peas, green",conventional,1812,4018.166646
"Peas, green",conventional,1813,2283.890917
"Peas, green",conventional,1821,3466.768088
"Peas, green",conventional,1911,3363.264441
"Peas, green",conventional,1912,3033.608077
"Peas, green",conventional,1921,3836.340807
"Peas, green",conventional,1922,3410.034957
"Peas, green",conventional,2011,3283.972117
"Peas, green",conventional,2012,3193.980799
"Peas, green",conventional,2019,2925.782031
"Peas, green",conventional,2111,2916.109555
"Peas, green",conventional,2121,3040.277731
"Peas, green",conventional,2122,1821.773491
"Peas, green",conventional,2211,1657.558841
"Peas, green",conventional,2212,1811.766649
"Peas, green",conventional,2221,2951.632612
"Peas, green",conventional,2311,2538.193685
"Peas, green",conventional,2312,2211.250555
"Peas, green",conventional,2319,2511.305179
"Peas, green",conventional,2331,2539.765828
"Peas, green",conventional,2411,2209.752212
"Peas, green",conventional,2412,2457.38974
"Peas, green",conventional,2413,2642.292428
"Peas, green",conventional,2414,2324.415271
"Peas, green",conventional,2415,2462.651081
"Peas, green",conventional,2419,2463.167949
"Peas, green",conventional,2511,1887.823787
"Peas, green",conventional,2512,1543.607557
"Peas, green",conventional,2519,1843.97633
"Peas, green",conventional,2521,1910.047462
"Peas, green",conventional,311,4064.033311
"Peas, green",conventional,312,3131.349691
"Peas, green",conventional,321,3893.33054
"Peas, green",conventional,322,2133.973456
"Peas, green",conventional,411,3705.66984
"Peas, green",conventional,421,3374.14829
"Peas, green",conventional,422,3198.053066
"Peas, green",conventional,431,3355.052228
"Peas, green",conventional,511,3378.700099
"Peas, green",conventional,512,2736.809561
"Peas, green",conventional,513,5302.086156
"Peas, green",conventional,514,4662.783177
"Peas, green",conventional,515,3411.701026
"Peas, green",conventional,521,3084.449763
"Peas, green",conventional,611,2339.80846
"Peas, green",conventional,612,3018.444493
"Peas, green",conventional,621,3358.492553
"Peas, green",conventional,622,2384.304909
"Peas, green",conventional,711,3838.405385
"Peas, green",conventional,731,3790.686277
"Peas, green",conventional,811,4533.782503
"Peas, green",conventional,812,4181.107867
"Peas, green",conventional,813,4422.894878
"Peas, green",conventional,814,3912.17869
"Peas, green",conventional,821,3097.47494
"Peas, green",conventional,831,3687.05051
"Peas, green",conventional,911,4819.37356
"Peas, green",conventional,912,4743.593402
"Peas, green",conventional,913,4459.357875
"Peas, green",organic,1011,3651.214145
"Peas, green",organic,111,2428.924624
"Peas, green",organic,1111,3562.892258
"Peas, green",organic,1112,3098.47162
"Peas, green",organic,112,2238.395356
"Peas, green",organic,1121,4185.244774
"Peas, green",organic,1122,3607.823074
"Peas, green",organic,1123,3734.115097
"Peas, green",organic,1124,2564.794886
"Peas, green",organic,1131,2593.148599
"Peas, green",organic,1211,4638.195971
"Peas, green",organic,1212,3908.373801
"Peas, green",organic,1213,3332.773621
"Peas, green",organic,1214,4142.742651
"Peas, green",organic,1215,3467.566068
"Peas, green",organic,1216,3941.768327
"Peas, green",organic,1221,2857.357016
"Peas, green",organic,1222,3884.086874
"Peas, green",organic,1311,3225.302607
"Peas, green",organic,1321,3299.204023
"Peas, green",organic,1322,2537.863056
"Peas, green",organic,1331,2864.715227
"Peas, green",organic,1411,3119.636579
"Peas, green",organic,1412,2241.227062
"Peas, green",organic,1421,2385.388847
"Peas, green",organic,1511,2408.393729
"Peas, green",organic,1512,2887.734731
"Peas, green",organic,1521,2683.780952
"Peas, green",organic,1522,2313.91881
"Peas, green",organic,1611,2056.82841
"Peas, green",organic,1612,3199.687077
"Peas, green",organic,1613,3184.387211
"Peas, green",organic,1614,2458.981088
"Peas, green",organic,1615,4285.741039
"Peas, green",organic,1616,3244.543839
"Peas, green",organic,1617,2511.688369
"Peas, green",organic,1621,3197.170878
"Peas, green",organic,1622,3006.6711
"Peas, green",organic,1623,3617.479913
"Peas, green",organic,1711,2022.055397
"Peas, green",organic,1712,1655.740548
"Peas, green",organic,1713,1843.081931
"Peas, green",organic,1721,1450.515319
"Peas, green",organic,1722,2107.522761
"Peas, green",organic,1723,1519.03571
"Peas, green",organic,1724,1538.751292
"Peas, green",organic,1811,2878.676783
"Peas, green",organic,1812,3174.891421
"Peas, green",organic,1813,1804.580625
"Peas, green",organic,1821,2739.21249
"Peas, green",organic,1911,2657.430705
"Peas, green",organic,1912,2396.957893
"Peas, green",organic,1921,3031.224583
"Peas, green",organic,1922,2694.385695
"Peas, green",organic,2011,2594.779117
"Peas, green",organic,2012,2523.673887
"Peas, green",organic,2019,2311.760833
"Peas, green",organic,2111,2304.118277
"Peas, green",organic,2121,2402.227816
"Peas, green",organic,2122,1439.445782
"Peas, green",organic,2211,1309.694149
"Peas, green",organic,2212,1431.539032
"Peas, green",organic,2221,2332.186264
"Peas, green",organic,2311,2005.513974
"Peas, green",organic,2312,1747.184982
"Peas, green",organic,2319,1984.268442
"Peas, green",organic,2331,2006.756178
"Peas, green",organic,2411,1746.00109
"Peas, green",organic,2412,1941.668003
"Peas, green",organic,2413,2087.765965
"Peas, green",organic,2414,1836.600309
"Peas, green",organic,2415,1945.825169
"Peas, green",organic,2419,1946.233564
"Peas, green",organic,2511,1491.634388
"Peas, green",organic,2512,1219.657327
"Peas, green",organic,2519,1456.989007
"Peas, green",organic,2521,1509.194077
"Peas, green",organic,311,3211.132249
"Peas, green",organic,312,2474.186899
"Peas, green",organic,321,3076.254128
"Peas, green",organic,322,1686.125693
"Peas, green",organic,411,2927.976966
"Peas, green",organic,421,2666.030407
"Peas, green",organic,422,2526.891526
"Peas, green",organic,431,2650.941953
"Peas, green",organic,511,2669.626948
"Peas, green",organic,512,2162.447196
"Peas, green",organic,513,4189.360307
"Peas, green",organic,514,3684.225074
"Peas, green",organic,515,2695.702114
"Peas, green",organic,521,2437.129655
"Peas, green",organic,611,1848.762996
"Peas, green",organic,612,2384.976626
"Peas, green",organic,621,2653.660272
"Peas, green",organic,622,1883.921168
"Peas, green",organic,711,3032.855878
"Peas, green",organic,731,2995.151372
"Peas, green",organic,811,3582.297212
"Peas, green",organic,812,3303.636874
"Peas, green",organic,813,3494.681093
"Peas, green",organic,814,3091.146698
"Peas, green",organic,821,2447.421295
"Peas, green",organic,831,2913.265194
"Peas, green",organic,911,3807.952512
"Peas, green",organic,912,3748.076007
"Peas, green",organic,913,3523.491759
"Potatoes, starch",conventional,1011,43511.65646
"Potatoes, starch",conventional,111,26806.07691
"Potatoes, starch",conventional,1111,47056.74625
"Potatoes, starch",conventional,1112,44874.38647
"Potatoes, starch",conventional,112,24908.38021
"Potatoes, starch",conventional,1121,48277.77559
"Potatoes, starch",conventional,1122,42458.01856
"Potatoes, starch",conventional,1123,41644.66948
"Potatoes, starch",conventional,1124,37059.21327
"Potatoes, starch",conventional,1131,31825.72365
"Potatoes, starch",conventional,1211,44170.86329
"Potatoes, starch",conventional,1212,53948.60579
"Potatoes, starch",conventional,1213,33229.44116
"Potatoes, starch",conventional,1214,52834.55003
"Potatoes, starch",conventional,1215,38931.588
"Potatoes, starch",conventional,1216,46387.99335
"Potatoes, starch",conventional,1221,33626.29339
"Potatoes, starch",conventional,1222,35276.64528
"Potatoes, starch",conventional,1311,42585.77011
"Potatoes, starch",conventional,1321,49665.57021
"Potatoes, starch",conventional,1322,35683.05273
"Potatoes, starch",conventional,1331,40144.84136
"Potatoes, starch",conventional,1411,40864.16425
"Potatoes, starch",conventional,1412,29357.86541
"Potatoes, starch",conventional,1421,31246.24269
"Potatoes, starch",conventional,1511,31624.5833
"Potatoes, starch",conventional,1512,45057.00194
"Potatoes, starch",conventional,1521,36105.36522
"Potatoes, starch",conventional,1522,30310.05565
"Potatoes, starch",conventional,1611,24168.96839
"Potatoes, starch",conventional,1612,42682.15068
"Potatoes, starch",conventional,1613,41712.33371
"Potatoes, starch",conventional,1614,37708.22591
"Potatoes, starch",conventional,1615,45877.39916
"Potatoes, starch",conventional,1616,40200.03156
"Potatoes, starch",conventional,1617,32989.33587
"Potatoes, starch",conventional,1621,42827.01438
"Potatoes, starch",conventional,1622,46238.45261
"Potatoes, starch",conventional,1623,38941.24316
"Potatoes, starch",conventional,1711,30659.8454
"Potatoes, starch",conventional,1712,25611.87129
"Potatoes, starch",conventional,1713,28466.40582
"Potatoes, starch",conventional,1721,21243.58063
"Potatoes, starch",conventional,1722,36728.14744
"Potatoes, starch",conventional,1723,22412.91037
"Potatoes, starch",conventional,1724,16861.10933
"Potatoes, starch",conventional,1811,37250.37676
"Potatoes, starch",conventional,1812,42735.99652
"Potatoes, starch",conventional,1813,23410.79857
"Potatoes, starch",conventional,1821,34709.29933
"Potatoes, starch",conventional,1911,46203.69335
"Potatoes, starch",conventional,1912,31806.68855
"Potatoes, starch",conventional,1921,39368.5072
"Potatoes, starch",conventional,1922,24465.28064
"Potatoes, starch",conventional,2011,40073.27261
"Potatoes, starch",conventional,2012,44832.95179
"Potatoes, starch",conventional,2019,39605.89672
"Potatoes, starch",conventional,2111,23315.68691
"Potatoes, starch",conventional,2121,22522.40705
"Potatoes, starch",conventional,2122,17399.53411
"Potatoes, starch",conventional,2211,23655.06735
"Potatoes, starch",conventional,2212,25887.3741
"Potatoes, starch",conventional,2221,36559.48821
"Potatoes, starch",conventional,2311,19606.89289
"Potatoes, starch",conventional,2312,17084.99428
"Potatoes, starch",conventional,2319,19399.04597
"Potatoes, starch",conventional,2331,20984.89563
"Potatoes, starch",conventional,2411,28810.86533
"Potatoes, starch",conventional,2412,26915.8394
"Potatoes, starch",conventional,2413,24334.07047
"Potatoes, starch",conventional,2414,25474.28201
"Potatoes, starch",conventional,2415,26948.93089
"Potatoes, starch",conventional,2419,26979.12824
"Potatoes, starch",conventional,2511,19591.24397
"Potatoes, starch",conventional,2512,28531.59229
"Potatoes, starch",conventional,2519,25847.33159
"Potatoes, starch",conventional,2521,26148.94988
"Potatoes, starch",conventional,311,26711.19309
"Potatoes, starch",conventional,312,22113.27394
"Potatoes, starch",conventional,321,30690.30783
"Potatoes, starch",conventional,322,16033.47086
"Potatoes, starch",conventional,411,31289.64984
"Potatoes, starch",conventional,421,30042.41204
"Potatoes, starch",conventional,422,35484.30337
"Potatoes, starch",conventional,431,26447.50067
"Potatoes, starch",conventional,511,36556.54679
"Potatoes, starch",conventional,512,29557.69727
"Potatoes, starch",conventional,513,50303.04125
"Potatoes, starch",conventional,514,55799.86456
"Potatoes, starch",conventional,515,38334.41929
"Potatoes, starch",conventional,521,32475.66371
"Potatoes, starch",conventional,611,27126.31297
"Potatoes, starch",conventional,612,35521.65173
"Potatoes, starch",conventional,621,38268.35454
"Potatoes, starch",conventional,622,27185.9751
"Potatoes, starch",conventional,711,38010.21928
"Potatoes, starch",conventional,731,36637.02972
"Potatoes, starch",conventional,811,46485.7001
"Potatoes, starch",conventional,812,42896.71948
"Potatoes, starch",conventional,813,44448.22292
"Potatoes, starch",conventional,814,39320.51145
"Potatoes, starch",conventional,821,32824.64483
"Potatoes, starch",conventional,831,36923.67521
"Potatoes, starch",conventional,911,37841.59791
"Potatoes, starch",conventional,912,33235.23233
"Potatoes, starch",conventional,913,43767.08014
"Potatoes, starch",organic,1011,29142.87599
"Potatoes, starch",organic,111,17953.95162
"Potatoes, starch",organic,1111,31517.2768
"Potatoes, starch",organic,1112,30055.59399
"Potatoes, starch",organic,112,16682.92809
"Potatoes, starch",organic,1121,32335.08769
"Potatoes, starch",organic,1122,28437.17915
"Potatoes, starch",organic,1123,27892.42095
"Potatoes, starch",organic,1124,24821.21217
"Potatoes, starch",organic,1131,21315.96894
"Potatoes, starch",organic,1211,29584.39407
"Potatoes, starch",organic,1212,36133.24926
"Potatoes, starch",organic,1213,22256.1392
"Potatoes, starch",organic,1214,35387.08624
"Potatoes, starch",organic,1215,26075.27577
"Potatoes, starch",organic,1216,31069.36503
"Potatoes, starch",organic,1221,22521.9396
"Potatoes, starch",organic,1222,23627.29858
"Potatoes, starch",organic,1311,28522.74352
"Potatoes, starch",organic,1321,33264.59325
"Potatoes, starch",organic,1322,23899.49878
"Potatoes, starch",organic,1331,26887.87853
"Potatoes, starch",organic,1411,27369.66064
"Potatoes, starch",organic,1412,19663.06734
"Potatoes, starch",organic,1421,20927.84899
"Potatoes, starch",organic,1511,21181.25083
"Potatoes, starch",organic,1512,30177.90466
"Potatoes, starch",organic,1521,24182.35174
"Potatoes, starch",organic,1522,20300.81741
"Potatoes, starch",organic,1611,16187.69098
"Potatoes, starch",organic,1612,28587.2965
"Potatoes, starch",organic,1613,27937.74054
"Potatoes, starch",organic,1614,25255.90246
"Potatoes, starch",organic,1615,30727.3835
"Potatoes, starch",organic,1616,26924.84337
"Potatoes, starch",organic,1617,22095.32348
"Potatoes, starch",organic,1621,28684.32211
"Potatoes, starch",organic,1622,30969.20688
"Potatoes, starch",organic,1623,26081.74252
"Potatoes, starch",organic,1711,20535.09669
"Potatoes, starch",organic,1712,17154.1065
"Potatoes, starch",organic,1713,19065.99294
"Potatoes, starch",organic,1721,14228.34905
"Potatoes, starch",organic,1722,24599.47364
"Potatoes, starch",organic,1723,15011.53301
"Potatoes, starch",organic,1724,11293.09381
"Potatoes, starch",organic,1811,24949.24806
"Potatoes, starch",organic,1812,28623.36092
"Potatoes, starch",organic,1813,15679.89029
"Potatoes, starch",organic,1821,23247.30632
"Potatoes, starch",organic,1911,30945.92611
"Potatoes, starch",organic,1912,21303.21977
"Potatoes, starch",organic,1921,26367.91188
"Potatoes, starch",organic,1922,16386.15254
"Potatoes, starch",organic,2011,26839.94381
"Potatoes, starch",organic,2012,30027.84221
"Potatoes, starch",organic,2019,26526.90867
"Potatoes, starch",organic,2111,15616.18719
"Potatoes, starch",organic,2121,15084.87079
"Potatoes, starch",organic,2122,11653.71549
"Potatoes, starch",organic,2211,15843.4946
"Potatoes, starch",organic,2212,17338.63049
"Potatoes, starch",organic,2221,24486.51046
"Potatoes, starch",organic,2311,13132.14193
"Potatoes, starch",organic,2312,11443.04561
"Potatoes, starch",organic,2319,12992.93194
"Potatoes, starch",organic,2331,14055.08916
"Potatoes, starch",organic,2411,19296.70217
"Potatoes, starch",organic,2412,18027.46744
"Potatoes, starch",organic,2413,16298.27167
"Potatoes, starch",organic,2414,17061.95309
"Potatoes, starch",organic,2415,18049.63118
"Potatoes, starch",organic,2419,18069.85651
"Potatoes, starch",organic,2511,13121.66072
"Potatoes, starch",organic,2512,19109.65299
"Potatoes, starch",organic,2519,17311.81115
"Potatoes, starch",organic,2521,17513.82654
"Potatoes, starch",organic,311,17890.40113
"Potatoes, starch",organic,312,14810.84502
"Potatoes, starch",organic,321,20555.49956
"Potatoes, starch",organic,322,10738.76499
"Potatoes, starch",organic,411,20956.92188
"Potatoes, starch",organic,421,20121.5573
"Potatoes, starch",organic,422,23766.38209
"Potatoes, starch",organic,431,17713.78741
"Potatoes, starch",organic,511,24484.54038
"Potatoes, starch",organic,512,19796.90906
"Potatoes, starch",organic,513,33691.55331
"Potatoes, starch",organic,514,37373.16999
"Potatoes, starch",organic,515,25675.30907
"Potatoes, starch",organic,521,21751.2804
"Potatoes, starch",organic,611,18168.43667
"Potatoes, starch",organic,612,23791.39696
"Potatoes, starch",organic,621,25631.06077
"Potatoes, starch",organic,622,18208.39668
"Potatoes, starch",organic,711,25458.16907
"Potatoes, starch",organic,731,24538.44558
"Potatoes, starch",organic,811,31134.80625
"Potatoes, starch",organic,812,28731.00861
"Potatoes, starch",organic,813,29770.1617
"Potatoes, starch",organic,814,26335.76569
"Potatoes, starch",organic,821,21985.01808
"Potatoes, starch",organic,831,24730.43261
"Potatoes, starch",organic,911,25345.23126
"Potatoes, starch",organic,912,22260.01796
"Potatoes, starch",organic,913,29313.95155
"Potatoes, table",conventional,1011,35730.44858
"Potatoes, table",conventional,111,22807.50504
"Potatoes, table",conventional,1111,39927.7348
"Potatoes, table",conventional,1112,40848.07154
"Potatoes, table",conventional,112,21117.65008
"Potatoes, table",conventional,1121,41072.54307
"Potatoes, table",conventional,1122,40330.60997
"Potatoes, table",conventional,1123,39558.01469
"Potatoes, table",conventional,1124,34751.74788
"Potatoes, table",conventional,1131,29376.33423
"Potatoes, table",conventional,1211,41957.63061
"Potatoes, table",conventional,1212,51245.4479
"Potatoes, table",conventional,1213,37255.92698
"Potatoes, table",conventional,1214,50187.21321
"Potatoes, table",conventional,1215,42660.40437
"Potatoes, table",conventional,1216,44063.66878
"Potatoes, table",conventional,1221,31941.4087
"Potatoes, table",conventional,1222,33509.06777
"Potatoes, table",conventional,1311,37442.72017
"Potatoes, table",conventional,1321,43822.13265
"Potatoes, table",conventional,1322,32114.86797
"Potatoes, table",conventional,1331,35559.55909
"Potatoes, table",conventional,1411,36967.10968
"Potatoes, table",conventional,1412,26558.12129
"Potatoes, table",conventional,1421,28266.41145
"Potatoes, table",conventional,1511,28558.39253
"Potatoes, table",conventional,1512,39525.59918
"Potatoes, table",conventional,1521,32435.87745
"Potatoes, table",conventional,1522,27419.50489
"Potatoes, table",conventional,1611,22070.33745
"Potatoes, table",conventional,1612,38607.85731
"Potatoes, table",conventional,1613,37734.39255
"Potatoes, table",conventional,1614,34062.25391
"Potatoes, table",conventional,1615,41605.47392
"Potatoes, table",conventional,1616,36366.31271
"Potatoes, table",conventional,1617,29697.24821
"Potatoes, table",conventional,1621,38742.77051
"Potatoes, table",conventional,1622,41828.8733
"Potatoes, table",conventional,1623,35315.18583
"Potatoes, table",conventional,1711,26274.25525
"Potatoes, table",conventional,1712,21970.96985
"Potatoes, table",conventional,1713,24395.06947
"Potatoes, table",conventional,1721,18563.10392
"Potatoes, table",conventional,1722,31912.74695
"Potatoes, table",conventional,1723,19193.81996
"Potatoes, table",conventional,1724,14590.0885
"Potatoes, table",conventional,1811,32010.6729
"Potatoes, table",conventional,1812,36569.12025
"Potatoes, table",conventional,1813,20038.22305
"Potatoes, table",conventional,1821,29763.66534
"Potatoes, table",conventional,1911,39864.06933
"Potatoes, table",conventional,1912,27450.06505
"Potatoes, table",conventional,1921,34053.26053
"Potatoes, table",conventional,1922,21281.23856
"Potatoes, table",conventional,2011,34878.84651
"Potatoes, table",conventional,2012,39017.63527
"Potatoes, table",conventional,2019,33941.01215
"Potatoes, table",conventional,2111,22621.13788
"Potatoes, table",conventional,2121,21629.42043
"Potatoes, table",conventional,2122,15910.30972
"Potatoes, table",conventional,2211,20222.71088
"Potatoes, table",conventional,2212,22134.15999
"Potatoes, table",conventional,2221,32814.73943
"Potatoes, table",conventional,2311,16610.37507
"Potatoes, table",conventional,2312,14472.39073
"Potatoes, table",conventional,2319,16431.78487
"Potatoes, table",conventional,2331,18231.55381
"Potatoes, table",conventional,2411,24294.76821
"Potatoes, table",conventional,2412,22696.78721
"Potatoes, table",conventional,2413,20519.71001
"Potatoes, table",conventional,2414,21485.64636
"Potatoes, table",conventional,2415,22731.5614
"Potatoes, table",conventional,2419,23120.26731
"Potatoes, table",conventional,2511,16417.79968
"Potatoes, table",conventional,2512,23908.56926
"Potatoes, table",conventional,2519,22150.35305
"Potatoes, table",conventional,2521,21942.73847
"Potatoes, table",conventional,311,23234.19847
"Potatoes, table",conventional,312,19234.14742
"Potatoes, table",conventional,321,26549.9858
"Potatoes, table",conventional,322,13810.86803
"Potatoes, table",conventional,411,28517.16822
"Potatoes, table",conventional,421,26576.66816
"Potatoes, table",conventional,422,31981.21878
"Potatoes, table",conventional,431,23765.73439
"Potatoes, table",conventional,511,31192.00475
"Potatoes, table",conventional,512,25184.729
"Potatoes, table",conventional,513,42822.82406
"Potatoes, table",conventional,514,47502.25281
"Potatoes, table",conventional,515,32633.97305
"Potatoes, table",conventional,521,28031.5799
"Potatoes, table",conventional,611,24989.34707
"Potatoes, table",conventional,612,32688.37569
"Potatoes, table",conventional,621,34881.42601
"Potatoes, table",conventional,622,24968.26483
"Potatoes, table",conventional,711,34369.16429
"Potatoes, table",conventional,731,32496.69678
"Potatoes, table",conventional,811,45978.63039
"Potatoes, table",conventional,812,42348.88593
"Potatoes, table",conventional,813,43880.57514
"Potatoes, table",conventional,814,38800.91075
"Potatoes, table",conventional,821,30574.64956
"Potatoes, table",conventional,831,34652.63583
"Potatoes, table",conventional,911,37905.20675
"Potatoes, table",conventional,912,33291.09821
"Potatoes, table",conventional,913,43840.64926
"Potatoes, table",organic,1011,25030.34226
"Potatoes, table",organic,111,15977.39966
"Potatoes, table",organic,1111,27970.67787
"Potatoes, table",organic,1112,28615.40372
"Potatoes, table",organic,112,14793.60126
"Potatoes, table",organic,1121,28772.65333
"Potatoes, table",organic,1122,28252.90504
"Potatoes, table",organic,1123,27711.6769
"Potatoes, table",organic,1124,24344.73056
"Potatoes, table",organic,1131,20579.07833
"Potatoes, table",organic,1211,29392.68596
"Potatoes, table",organic,1212,35899.10429
"Potatoes, table",organic,1213,26098.98953
"Potatoes, table",organic,1214,35157.77644
"Potatoes, table",organic,1215,29885.00185
"Potatoes, table",organic,1216,30868.03425
"Potatoes, table",organic,1221,22375.99649
"Potatoes, table",organic,1222,23474.19269
"Potatoes, table",organic,1311,26229.84424
"Potatoes, table",organic,1321,30698.83033
"Potatoes, table",organic,1322,22497.51035
"Potatoes, table",organic,1331,24910.6286
"Potatoes, table",organic,1411,25896.66361
"Potatoes, table",organic,1412,18604.82843
"Potatoes, table",organic,1421,19801.54129
"Potatoes, table",organic,1511,20006.08354
"Potatoes, table",organic,1512,27688.96878
"Potatoes, table",organic,1521,22722.38794
"Potatoes, table",organic,1522,19208.25568
"Potatoes, table",organic,1611,15460.98977
"Potatoes, table",organic,1612,27046.06073
"Potatoes, table",organic,1613,26434.17023
"Potatoes, table",organic,1614,23861.71759
"Potatoes, table",organic,1615,29145.98874
"Potatoes, table",organic,1616,25475.78578
"Potatoes, table",organic,1617,20803.88901
"Potatoes, table",organic,1621,27140.57182
"Potatoes, table",organic,1622,29302.48727
"Potatoes, table",organic,1623,24739.43718
"Potatoes, table",organic,1711,18405.97103
"Potatoes, table",organic,1712,15391.37954
"Potatoes, table",organic,1713,17089.54022
"Potatoes, table",organic,1721,13004.05852
"Potatoes, table",organic,1722,22355.918
"Potatoes, table",organic,1723,13445.89564
"Potatoes, table",organic,1724,10220.8319
"Potatoes, table",organic,1811,22424.51831
"Potatoes, table",organic,1812,25617.85906
"Potatoes, table",organic,1813,14037.42749
"Potatoes, table",organic,1821,20850.41637
"Potatoes, table",organic,1911,27926.07814
"Potatoes, table",organic,1912,19229.66406
"Potatoes, table",organic,1921,23855.41743
"Potatoes, table",organic,1922,14908.20032
"Potatoes, table",organic,2011,24433.76728
"Potatoes, table",organic,2012,27333.12353
"Potatoes, table",organic,2019,23776.78379
"Potatoes, table",organic,2111,15846.8434
"Potatoes, table",organic,2121,15152.11305
"Potatoes, table",organic,2122,11145.68984
"Potatoes, table",organic,2211,14166.66722
"Potatoes, table",organic,2212,15505.69954
"Potatoes, table",organic,2221,22987.79309
"Potatoes, table",organic,2311,11636.10841
"Potatoes, table",organic,2312,10138.38078
"Potatoes, table",organic,2319,11511.00015
"Potatoes, table",organic,2331,12771.79688
"Potatoes, table",organic,2411,17019.27593
"Potatoes, table",organic,2412,15899.83822
"Potatoes, table",organic,2413,14374.72478
"Potatoes, table",organic,2414,15051.39463
"Potatoes, table",organic,2415,15924.19867
"Potatoes, table",organic,2419,16196.49981
"Potatoes, table",organic,2511,11501.20307
"Potatoes, table",organic,2512,16748.73099
"Potatoes, table",organic,2519,15517.04331
"Potatoes, table",organic,2521,15371.60253
"Potatoes, table",organic,311,16276.3123
"Potatoes, table",organic,312,13474.14634
"Potatoes, table",organic,321,18599.12925
"Potatoes, table",organic,322,9674.962596
"Potatoes, table",organic,411,19977.20457
"Potatoes, table",organic,421,18617.82111
"Potatoes, table",organic,422,22403.88474
"Potatoes, table",organic,431,16648.67051
"Potatoes, table",organic,511,21851.01462
"Potatoes, table",organic,512,17642.72242
"Potatoes, table",organic,513,29998.78213
"Potatoes, table",organic,514,33276.87429
"Potatoes, table",organic,515,22861.16036
"Potatoes, table",organic,521,19637.03414
"Potatoes, table",organic,611,17505.85103
"Potatoes, table",organic,612,22899.27117
"Potatoes, table",organic,621,24435.57431
"Potatoes, table",organic,622,17491.08223
"Potatoes, table",organic,711,24076.7183
"Potatoes, table",organic,731,22764.99386
"Potatoes, table",organic,811,32209.52719
"Potatoes, table",organic,812,29666.77304
"Potatoes, table",organic,813,30739.77119
"Potatoes, table",organic,814,27181.30095
"Potatoes, table",organic,821,21418.53722
"Potatoes, table",organic,831,24275.29934
"Potatoes, table",organic,911,26553.83114
"Potatoes, table",organic,912,23321.49792
"Potatoes, table",organic,913,30711.80182
Pumpkins and squash,conventional,1011,45067.04367
Pumpkins and squash,conventional,111,19521.4771
Pumpkins and squash,conventional,1111,31335.13637
Pumpkins and squash,conventional,1112,31337.6876
Pumpkins and squash,conventional,112,19538.22289
Pumpkins and squash,conventional,1121,31335.13637
Pumpkins and squash,conventional,1122,31335.13637
Pumpkins and squash,conventional,1123,31335.13637
Pumpkins and squash,conventional,1124,27743.76666
Pumpkins and squash,conventional,1131,21970.60198
Pumpkins and squash,conventional,1211,31335.13637
Pumpkins and squash,conventional,1212,31335.13637
Pumpkins and squash,conventional,1213,31335.13637
Pumpkins and squash,conventional,1214,31335.13637
Pumpkins and squash,conventional,1215,31335.13637
Pumpkins and squash,conventional,1216,31335.13637
Pumpkins and squash,conventional,1221,31335.13637
Pumpkins and squash,conventional,1222,31335.13637
Pumpkins and squash,conventional,1311,22706.60823
Pumpkins and squash,conventional,1321,22869.96608
Pumpkins and squash,conventional,1322,17274.06506
Pumpkins and squash,conventional,1331,21138.25131
Pumpkins and squash,conventional,1411,30651.06973
Pumpkins and squash,conventional,1412,30651.06973
Pumpkins and squash,conventional,1421,30651.06973
Pumpkins and squash,conventional,1511,28050.74037
Pumpkins and squash,conventional,1512,30651.06973
Pumpkins and squash,conventional,1521,24334.7053
Pumpkins and squash,conventional,1522,30651.06973
Pumpkins and squash,conventional,1611,8864.908381
Pumpkins and squash,conventional,1612,30416.30085
Pumpkins and squash,conventional,1613,30651.06973
Pumpkins and squash,conventional,1614,27150.8869
Pumpkins and squash,conventional,1615,30651.06973
Pumpkins and squash,conventional,1616,30651.06973
Pumpkins and squash,conventional,1617,30187.63143
Pumpkins and squash,conventional,1621,30651.06973
Pumpkins and squash,conventional,1622,30651.06973
Pumpkins and squash,conventional,1623,30651.06973
Pumpkins and squash,conventional,1711,5005.921061
Pumpkins and squash,conventional,1712,6160.041221
Pumpkins and squash,conventional,1713,4995.541615
Pumpkins and squash,conventional,1721,10396.58796
Pumpkins and squash,conventional,1722,9863.116019
Pumpkins and squash,conventional,1723,8104.684372
Pumpkins and squash,conventional,1724,6354.758797
Pumpkins and squash,conventional,1811,19015.48582
Pumpkins and squash,conventional,1812,16527.3048
Pumpkins and squash,conventional,1813,16490.78425
Pumpkins and squash,conventional,1821,15513.3226
Pumpkins and squash,conventional,1911,11755.16723
Pumpkins and squash,conventional,1912,11742.59615
Pumpkins and squash,conventional,1921,9452.97415
Pumpkins and squash,conventional,1922,9496.404669
Pumpkins and squash,conventional,2011,3202.273729
Pumpkins and squash,conventional,2012,3152.265571
Pumpkins and squash,conventional,2019,5682.527885
Pumpkins and squash,conventional,2111,13828.05932
Pumpkins and squash,conventional,2121,13755.84487
Pumpkins and squash,conventional,2122,10212.60785
Pumpkins and squash,conventional,2211,10088.83738
Pumpkins and squash,conventional,2212,10107.25852
Pumpkins and squash,conventional,2221,10369.10103
Pumpkins and squash,conventional,2311,3064.094873
Pumpkins and squash,conventional,2312,3080.257276
Pumpkins and squash,conventional,2319,3078.393463
Pumpkins and squash,conventional,2331,5220.503643
Pumpkins and squash,conventional,2411,5209.445407
Pumpkins and squash,conventional,2412,5209.445407
Pumpkins and squash,conventional,2413,5209.445407
Pumpkins and squash,conventional,2414,5219.462378
Pumpkins and squash,conventional,2415,5300.021252
Pumpkins and squash,conventional,2419,5301.677632
Pumpkins and squash,conventional,2511,15333.76691
Pumpkins and squash,conventional,2512,15339.95357
Pumpkins and squash,conventional,2519,15312.29392
Pumpkins and squash,conventional,2521,14244.10661
Pumpkins and squash,conventional,311,8233.143776
Pumpkins and squash,conventional,312,8226.952101
Pumpkins and squash,conventional,321,11271.45494
Pumpkins and squash,conventional,322,12189.22
Pumpkins and squash,conventional,411,4018.625935
Pumpkins and squash,conventional,421,4832.613857
Pumpkins and squash,conventional,422,4502.800706
Pumpkins and squash,conventional,431,4032.103853
Pumpkins and squash,conventional,511,7993.232734
Pumpkins and squash,conventional,512,7703.14614
Pumpkins and squash,conventional,513,7516.869884
Pumpkins and squash,conventional,514,7516.869884
Pumpkins and squash,conventional,515,7516.869884
Pumpkins and squash,conventional,521,7694.530777
Pumpkins and squash,conventional,611,5080.726661
Pumpkins and squash,conventional,612,5055.872738
Pumpkins and squash,conventional,621,8630.595932
Pumpkins and squash,conventional,622,7802.685008
Pumpkins and squash,conventional,711,6182.435126
Pumpkins and squash,conventional,731,16356.69297
Pumpkins and squash,conventional,811,12609.02667
Pumpkins and squash,conventional,812,12293.20425
Pumpkins and squash,conventional,813,12293.20425
Pumpkins and squash,conventional,814,12298.18998
Pumpkins and squash,conventional,821,11942.3926
Pumpkins and squash,conventional,831,13968.61719
Pumpkins and squash,conventional,911,17969.32895
Pumpkins and squash,conventional,912,17969.32895
Pumpkins and squash,conventional,913,17969.32895
Pumpkins and squash,organic,1011,8180.703737
Pumpkins and squash,organic,111,3543.596555
Pumpkins and squash,organic,1111,5688.047103
Pumpkins and squash,organic,1112,5688.51021
Pumpkins and squash,organic,112,3546.6363
Pumpkins and squash,organic,1121,5688.047103
Pumpkins and squash,organic,1122,5688.047103
Pumpkins and squash,organic,1123,5688.047103
Pumpkins and squash,organic,1124,5036.130998
Pumpkins and squash,organic,1131,3988.168983
Pumpkins and squash,organic,1211,5688.047103
Pumpkins and squash,organic,1212,5688.047103
Pumpkins and squash,organic,1213,5688.047103
Pumpkins and squash,organic,1214,5688.047103
Pumpkins and squash,organic,1215,5688.047103
Pumpkins and squash,organic,1216,5688.047103
Pumpkins and squash,organic,1221,5688.047103
Pumpkins and squash,organic,1222,5688.047103
Pumpkins and squash,organic,1311,4121.771025
Pumpkins and squash,organic,1321,4151.424228
Pumpkins and squash,organic,1322,3135.639639
Pumpkins and squash,organic,1331,3837.078215
Pumpkins and squash,organic,1411,5563.873294
Pumpkins and squash,organic,1412,5563.873294
Pumpkins and squash,organic,1421,5563.873294
Pumpkins and squash,organic,1511,5091.853778
Pumpkins and squash,organic,1512,5563.873294
Pumpkins and squash,organic,1521,4417.308046
Pumpkins and squash,organic,1522,5563.873294
Pumpkins and squash,organic,1611,1609.184522
Pumpkins and squash,organic,1612,5521.257347
Pumpkins and squash,organic,1613,5563.873294
Pumpkins and squash,organic,1614,4928.5097
Pumpkins and squash,organic,1615,5563.873294
Pumpkins and squash,organic,1616,5563.873294
Pumpkins and squash,organic,1617,5479.748595
Pumpkins and squash,organic,1621,5563.873294
Pumpkins and squash,organic,1622,5563.873294
Pumpkins and squash,organic,1623,5563.873294
Pumpkins and squash,organic,1711,908.689672
Pumpkins and squash,organic,1712,1118.188994
Pumpkins and squash,organic,1713,906.805564
Pumpkins and squash,organic,1721,1887.219553
Pumpkins and squash,organic,1722,1790.38214
Pumpkins and squash,organic,1723,1471.1864
Pumpkins and squash,organic,1724,1153.534708
Pumpkins and squash,organic,1811,3451.747512
Pumpkins and squash,organic,1812,3000.085497
Pumpkins and squash,organic,1813,2993.456178
Pumpkins and squash,organic,1821,2816.024435
Pumpkins and squash,organic,1911,2133.8329
Pumpkins and squash,organic,1912,2131.55096
Pumpkins and squash,organic,1921,1715.931968
Pumpkins and squash,organic,1922,1723.815605
Pumpkins and squash,organic,2011,581.2862466
Pumpkins and squash,organic,2012,572.2086172
Pumpkins and squash,organic,2019,1031.509354
Pumpkins and squash,organic,2111,2510.110434
Pumpkins and squash,organic,2121,2497.001852
Pumpkins and squash,organic,2122,1853.822935
Pumpkins and squash,organic,2211,1831.355752
Pumpkins and squash,organic,2212,1834.699612
Pumpkins and squash,organic,2221,1882.230043
Pumpkins and squash,organic,2311,556.2036099
Pumpkins and squash,organic,2312,559.1374574
Pumpkins and squash,organic,2319,558.7991326
Pumpkins and squash,organic,2331,947.6413401
Pumpkins and squash,organic,2411,945.6340162
Pumpkins and squash,organic,2412,945.6340162
Pumpkins and squash,organic,2413,945.6340162
Pumpkins and squash,organic,2414,947.4523266
Pumpkins and squash,organic,2415,962.0756129
Pumpkins and squash,organic,2419,962.3762839
Pumpkins and squash,organic,2511,2783.430952
Pumpkins and squash,organic,2512,2784.553974
Pumpkins and squash,organic,2519,2779.533112
Pumpkins and squash,organic,2521,2585.632575
Pumpkins and squash,organic,311,1494.504733
Pumpkins and squash,organic,312,1493.380801
Pumpkins and squash,organic,321,2046.028007
Pumpkins and squash,organic,322,2212.623449
Pumpkins and squash,organic,411,729.4729258
Pumpkins and squash,organic,421,877.2304331
Pumpkins and squash,organic,422,817.3617695
Pumpkins and squash,organic,431,731.9194775
Pumpkins and squash,organic,511,1450.955367
Pumpkins and squash,organic,512,1398.297986
Pumpkins and squash,organic,513,1364.484567
Pumpkins and squash,organic,514,1364.484567
Pumpkins and squash,organic,515,1364.484567
Pumpkins and squash,organic,521,1396.7341
Pumpkins and squash,organic,611,922.2686069
Pumpkins and squash,organic,612,917.7570488
Pumpkins and squash,organic,621,1566.651429
Pumpkins and squash,organic,622,1416.366577
Pumpkins and squash,organic,711,1122.254002
Pumpkins and squash,organic,731,2969.115531
Pumpkins and squash,organic,811,2288.828004
Pumpkins and squash,organic,812,2231.498978
Pumpkins and squash,organic,813,2231.498978
Pumpkins and squash,organic,814,2232.404004
Pumpkins and squash,organic,821,2167.818606
Pumpkins and squash,organic,831,2535.624916
Pumpkins and squash,organic,911,3261.846007
Pumpkins and squash,organic,912,3261.846007
Pumpkins and squash,organic,913,3261.846007
"Rapeseed, spring",conventional,1011,1980.825905
"Rapeseed, spring",conventional,111,1679.73307
"Rapeseed, spring",conventional,1111,1764.753047
"Rapeseed, spring",conventional,1112,1534.552195
"Rapeseed, spring",conventional,112,1805.053169
"Rapeseed, spring",conventional,1121,1977.555775
"Rapeseed, spring",conventional,1122,1787.007943
"Rapeseed, spring",conventional,1123,1761.347297
"Rapeseed, spring",conventional,1124,1255.408117
"Rapeseed, spring",conventional,1131,1262.218653
"Rapeseed, spring",conventional,1211,2191.578204
"Rapeseed, spring",conventional,1212,1846.732413
"Rapeseed, spring",conventional,1213,1650.771895
"Rapeseed, spring",conventional,1214,1957.473241
"Rapeseed, spring",conventional,1215,1638.44785
"Rapeseed, spring",conventional,1216,1862.511546
"Rapeseed, spring",conventional,1221,1350.120046
"Rapeseed, spring",conventional,1222,1835.256679
"Rapeseed, spring",conventional,1311,1985.42483
"Rapeseed, spring",conventional,1321,1796.788886
"Rapeseed, spring",conventional,1322,1397.933714
"Rapeseed, spring",conventional,1331,2251.156759
"Rapeseed, spring",conventional,1411,1467.704439
"Rapeseed, spring",conventional,1412,1235.167833
"Rapeseed, spring",conventional,1421,1122.260786
"Rapeseed, spring",conventional,1511,1136.566724
"Rapeseed, spring",conventional,1512,1895.67459
"Rapeseed, spring",conventional,1521,1523.692651
"Rapeseed, spring",conventional,1522,1214.751276
"Rapeseed, spring",conventional,1611,1119.134791
"Rapeseed, spring",conventional,1612,1765.103949
"Rapeseed, spring",conventional,1613,1498.167856
"Rapeseed, spring",conventional,1614,1607.516762
"Rapeseed, spring",conventional,1615,1867.995308
"Rapeseed, spring",conventional,1616,1856.870268
"Rapeseed, spring",conventional,1617,1190.855264
"Rapeseed, spring",conventional,1621,1783.040459
"Rapeseed, spring",conventional,1622,1875.074879
"Rapeseed, spring",conventional,1623,1506.9372
"Rapeseed, spring",conventional,1711,1720.916699
"Rapeseed, spring",conventional,1712,1399.471853
"Rapeseed, spring",conventional,1713,2107.971455
"Rapeseed, spring",conventional,1721,959.0251465
"Rapeseed, spring",conventional,1722,1408.363719
"Rapeseed, spring",conventional,1723,1209.963815
"Rapeseed, spring",conventional,1724,1294.273087
"Rapeseed, spring",conventional,1811,1806.538063
"Rapeseed, spring",conventional,1812,2200.266136
"Rapeseed, spring",conventional,1813,1138.069586
"Rapeseed, spring",conventional,1821,1487.421038
"Rapeseed, spring",conventional,1911,2015.485553
"Rapeseed, spring",conventional,1912,1361.916571
"Rapeseed, spring",conventional,1921,1931.480496
"Rapeseed, spring",conventional,1922,2034.870854
"Rapeseed, spring",conventional,2011,1499.878676
"Rapeseed, spring",conventional,2012,1626.148625
"Rapeseed, spring",conventional,2019,1451.921026
"Rapeseed, spring",conventional,2111,1654.768401
"Rapeseed, spring",conventional,2121,1732.786666
"Rapeseed, spring",conventional,2122,914.979372
"Rapeseed, spring",conventional,2211,1547.694867
"Rapeseed, spring",conventional,2212,1685.536241
"Rapeseed, spring",conventional,2221,1941.6148
"Rapeseed, spring",conventional,2311,3012.710463
"Rapeseed, spring",conventional,2312,1200.288005
"Rapeseed, spring",conventional,2319,1363.155882
"Rapeseed, spring",conventional,2331,1403.269381
"Rapeseed, spring",conventional,2411,1083.043948
"Rapeseed, spring",conventional,2412,1204.416075
"Rapeseed, spring",conventional,2413,1294.759981
"Rapeseed, spring",conventional,2414,1136.217029
"Rapeseed, spring",conventional,2415,1289.234191
"Rapeseed, spring",conventional,2419,1289.128925
"Rapeseed, spring",conventional,2511,1289.009637
"Rapeseed, spring",conventional,2512,807.8653365
"Rapeseed, spring",conventional,2519,965.0669008
"Rapeseed, spring",conventional,2521,999.646073
"Rapeseed, spring",conventional,311,2012.194047
"Rapeseed, spring",conventional,312,1709.933461
"Rapeseed, spring",conventional,321,2227.099176
"Rapeseed, spring",conventional,322,1182.268366
"Rapeseed, spring",conventional,411,1974.724404
"Rapeseed, spring",conventional,421,1369.897355
"Rapeseed, spring",conventional,422,1822.910224
"Rapeseed, spring",conventional,431,1465.487499
"Rapeseed, spring",conventional,511,1198.479796
"Rapeseed, spring",conventional,512,968.4470701
"Rapeseed, spring",conventional,513,2041.706219
"Rapeseed, spring",conventional,514,1661.688045
"Rapeseed, spring",conventional,515,1454.868503
"Rapeseed, spring",conventional,521,1237.968929
"Rapeseed, spring",conventional,611,1106.50186
"Rapeseed, spring",conventional,612,2215.956844
"Rapeseed, spring",conventional,621,1238.33608
"Rapeseed, spring",conventional,622,1658.48647
"Rapeseed, spring",conventional,711,1930.083687
"Rapeseed, spring",conventional,731,1378.166517
"Rapeseed, spring",conventional,811,2118.408711
"Rapeseed, spring",conventional,812,1566.421486
"Rapeseed, spring",conventional,813,2027.772175
"Rapeseed, spring",conventional,814,1435.650976
"Rapeseed, spring",conventional,821,1378.309254
"Rapeseed, spring",conventional,831,1336.983475
"Rapeseed, spring",conventional,911,1769.48917
"Rapeseed, spring",conventional,912,2474.02686
"Rapeseed, spring",conventional,913,1672.767955
"Rapeseed, spring",organic,1011,877.0131702
"Rapeseed, spring",organic,111,743.7039374
"Rapeseed, spring",organic,1111,766.1005118
"Rapeseed, spring",organic,1112,666.1695778
"Rapeseed, spring",organic,112,799.1895695
"Rapeseed, spring",organic,1121,875.5653157
"Rapeseed, spring",organic,1122,775.7616293
"Rapeseed, spring",organic,1123,779.8387394
"Rapeseed, spring",organic,1124,555.8335286
"Rapeseed, spring",organic,1131,548.9975587
"Rapeseed, spring",organic,1211,970.3240167
"Rapeseed, spring",organic,1212,817.6431071
"Rapeseed, spring",organic,1213,716.6199232
"Rapeseed, spring",organic,1214,866.6737486
"Rapeseed, spring",organic,1215,725.4248539
"Rapeseed, spring",organic,1216,824.6293384
"Rapeseed, spring",organic,1221,597.7673547
"Rapeseed, spring",organic,1222,812.5622116
"Rapeseed, spring",organic,1311,879.0493498
"Rapeseed, spring",organic,1321,795.5305476
"Rapeseed, spring",organic,1322,609.1418018
"Rapeseed, spring",organic,1331,996.7024967
"Rapeseed, spring",organic,1411,639.7672377
"Rapeseed, spring",organic,1412,546.8721175
"Rapeseed, spring",organic,1421,489.1895561
"Rapeseed, spring",organic,1511,495.4256948
"Rapeseed, spring",organic,1512,839.3123177
"Rapeseed, spring",organic,1521,674.6168448
"Rapeseed, spring",organic,1522,433.2367772
"Rapeseed, spring",organic,1611,488.0832869
"Rapeseed, spring",organic,1612,781.5020016
"Rapeseed, spring",organic,1613,653.0461347
"Rapeseed, spring",organic,1614,711.7300759
"Rapeseed, spring",organic,1615,827.0572809
"Rapeseed, spring",organic,1616,822.1316555
"Rapeseed, spring",organic,1617,519.0487625
"Rapeseed, spring",organic,1621,789.4434143
"Rapeseed, spring",organic,1622,830.1917698
"Rapeseed, spring",organic,1623,667.1983479
"Rapeseed, spring",organic,1711,761.9380409
"Rapeseed, spring",organic,1712,606.5202468
"Rapeseed, spring",organic,1713,898.0992059
"Rapeseed, spring",organic,1721,416.5993926
"Rapeseed, spring",organic,1722,623.5548144
"Rapeseed, spring",organic,1723,524.5198059
"Rapeseed, spring",organic,1724,573.0410432
"Rapeseed, spring",organic,1811,799.847008
"Rapeseed, spring",organic,1812,974.1706093
"Rapeseed, spring",organic,1813,503.881746
"Rapeseed, spring",organic,1821,658.5575423
"Rapeseed, spring",organic,1911,892.3587729
"Rapeseed, spring",organic,1912,580.2111982
"Rapeseed, spring",organic,1921,855.1654278
"Rapeseed, spring",organic,1922,859.9045931
"Rapeseed, spring",organic,2011,659.0295136
"Rapeseed, spring",organic,2012,692.8190536
"Rapeseed, spring",organic,2019,629.9414241
"Rapeseed, spring",organic,2111,701.6542226
"Rapeseed, spring",organic,2121,733.4579224
"Rapeseed, spring",organic,2122,396.0372247
"Rapeseed, spring",organic,2211,659.3939057
"Rapeseed, spring",organic,2212,718.1210904
"Rapeseed, spring",organic,2221,827.2231133
"Rapeseed, spring",organic,2311,1283.562388
"Rapeseed, spring",organic,2312,519.6601255
"Rapeseed, spring",organic,2319,590.1732756
"Rapeseed, spring",organic,2331,607.3362447
"Rapeseed, spring",organic,2411,461.4298297
"Rapeseed, spring",organic,2412,513.1403074
"Rapeseed, spring",organic,2413,551.7507975
"Rapeseed, spring",organic,2414,503.061524
"Rapeseed, spring",organic,2415,559.4229276
"Rapeseed, spring",organic,2419,559.3875342
"Rapeseed, spring",organic,2511,564.550406
"Rapeseed, spring",organic,2512,350.5543987
"Rapeseed, spring",organic,2519,418.7683662
"Rapeseed, spring",organic,2521,433.7731931
"Rapeseed, spring",organic,311,914.130723
"Rapeseed, spring",organic,312,757.0751983
"Rapeseed, spring",organic,321,986.0509718
"Rapeseed, spring",organic,322,523.4508114
"Rapeseed, spring",organic,411,874.3117226
"Rapeseed, spring",organic,421,606.5237833
"Rapeseed, spring",organic,422,806.3816697
"Rapeseed, spring",organic,431,648.8464404
"Rapeseed, spring",organic,511,521.5247955
"Rapeseed, spring",organic,512,421.4216535
"Rapeseed, spring",organic,513,903.9680059
"Rapeseed, spring",organic,514,735.7144798
"Rapeseed, spring",organic,515,644.1448665
"Rapeseed, spring",organic,521,548.1123062
"Rapeseed, spring",organic,611,482.75599
"Rapeseed, spring",organic,612,981.1176902
"Rapeseed, spring",organic,621,527.5918927
"Rapeseed, spring",organic,622,734.2969782
"Rapeseed, spring",organic,711,854.546989
"Rapeseed, spring",organic,731,600.3967677
"Rapeseed, spring",organic,811,937.928131
"Rapeseed, spring",organic,812,682.4839817
"Rapeseed, spring",organic,813,897.7986904
"Rapeseed, spring",organic,814,625.5071169
"Rapeseed, spring",organic,821,610.2481623
"Rapeseed, spring",organic,831,582.7447346
"Rapeseed, spring",organic,911,783.4435637
"Rapeseed, spring",organic,912,1095.378515
"Rapeseed, spring",organic,913,740.6201238
"Rapeseed, winter",conventional,1011,3732.13186
"Rapeseed, winter",conventional,111,2642.603009
"Rapeseed, winter",conventional,1111,3630.145867
"Rapeseed, winter",conventional,1112,3865.200911
"Rapeseed, winter",conventional,112,2808.56597
"Rapeseed, winter",conventional,1121,4103.949965
"Rapeseed, winter",conventional,1122,3771.279002
"Rapeseed, winter",conventional,1123,3198.681709
"Rapeseed, winter",conventional,1124,2447.683476
"Rapeseed, winter",conventional,1131,2010.164518
"Rapeseed, winter",conventional,1211,3903.339293
"Rapeseed, winter",conventional,1212,3675.510089
"Rapeseed, winter",conventional,1213,3276.304934
"Rapeseed, winter",conventional,1214,3667.445338
"Rapeseed, winter",conventional,1215,3327.07854
"Rapeseed, winter",conventional,1216,3697.688153
"Rapeseed, winter",conventional,1221,2726.528255
"Rapeseed, winter",conventional,1222,3299.505283
"Rapeseed, winter",conventional,1311,3478.982022
"Rapeseed, winter",conventional,1321,3300.0474
"Rapeseed, winter",conventional,1322,2169.21667
"Rapeseed, winter",conventional,1331,3016.99351
"Rapeseed, winter",conventional,1411,3536.480595
"Rapeseed, winter",conventional,1412,2540.698512
"Rapeseed, winter",conventional,1421,2704.12311
"Rapeseed, winter",conventional,1511,2737.062772
"Rapeseed, winter",conventional,1512,3740.652967
"Rapeseed, winter",conventional,1521,3101.924617
"Rapeseed, winter",conventional,1522,2623.103288
"Rapeseed, winter",conventional,1611,2897.052063
"Rapeseed, winter",conventional,1612,3577.156563
"Rapeseed, winter",conventional,1613,3609.883168
"Rapeseed, winter",conventional,1614,3881.761181
"Rapeseed, winter",conventional,1615,3809.983575
"Rapeseed, winter",conventional,1616,3298.0037
"Rapeseed, winter",conventional,1617,2855.939264
"Rapeseed, winter",conventional,1621,3272.404706
"Rapeseed, winter",conventional,1622,3725.720221
"Rapeseed, winter",conventional,1623,3923.045798
"Rapeseed, winter",conventional,1711,3332.359287
"Rapeseed, winter",conventional,1712,2712.883306
"Rapeseed, winter",conventional,1713,2379.021445
"Rapeseed, winter",conventional,1721,1563.102788
"Rapeseed, winter",conventional,1722,3383.103828
"Rapeseed, winter",conventional,1723,1819.337784
"Rapeseed, winter",conventional,1724,1747.137575
"Rapeseed, winter",conventional,1811,3199.508283
"Rapeseed, winter",conventional,1812,3664.920576
"Rapeseed, winter",conventional,1813,2010.315309
"Rapeseed, winter",conventional,1821,2881.741515
"Rapeseed, winter",conventional,1911,3131.507475
"Rapeseed, winter",conventional,1912,2175.020794
"Rapeseed, winter",conventional,1921,3066.034334
"Rapeseed, winter",conventional,1922,2776.209684
"Rapeseed, winter",conventional,2011,2871.326618
"Rapeseed, winter",conventional,2012,2809.994708
"Rapeseed, winter",conventional,2019,2106.097638
"Rapeseed, winter",conventional,2111,1821.884765
"Rapeseed, winter",conventional,2121,2490.538978
"Rapeseed, winter",conventional,2122,1144.11765
"Rapeseed, winter",conventional,2211,1072.020287
"Rapeseed, winter",conventional,2212,1171.767522
"Rapeseed, winter",conventional,2221,1674.45058
"Rapeseed, winter",conventional,2311,1634.279703
"Rapeseed, winter",conventional,2312,1423.760538
"Rapeseed, winter",conventional,2319,1616.955183
"Rapeseed, winter",conventional,2331,1656.628962
"Rapeseed, winter",conventional,2411,1405.386047
"Rapeseed, winter",conventional,2412,1562.881682
"Rapeseed, winter",conventional,2413,1680.478422
"Rapeseed, winter",conventional,2414,1478.359025
"Rapeseed, winter",conventional,2415,1566.380091
"Rapeseed, winter",conventional,2419,1566.55658
"Rapeseed, winter",conventional,2511,1200.641722
"Rapeseed, winter",conventional,2512,981.7227898
"Rapeseed, winter",conventional,2519,1172.75507
"Rapeseed, winter",conventional,2521,1214.775837
"Rapeseed, winter",conventional,311,3223.19555
"Rapeseed, winter",conventional,312,2488.226793
"Rapeseed, winter",conventional,321,3193.524491
"Rapeseed, winter",conventional,322,1578.849473
"Rapeseed, winter",conventional,411,3075.827161
"Rapeseed, winter",conventional,421,3451.239199
"Rapeseed, winter",conventional,422,3356.847127
"Rapeseed, winter",conventional,431,3687.208974
"Rapeseed, winter",conventional,511,2769.131235
"Rapeseed, winter",conventional,512,2238.067702
"Rapeseed, winter",conventional,513,3894.158572
"Rapeseed, winter",conventional,514,3257.346704
"Rapeseed, winter",conventional,515,3069.624726
"Rapeseed, winter",conventional,521,3330.579266
"Rapeseed, winter",conventional,611,2005.246697
"Rapeseed, winter",conventional,612,3937.581791
"Rapeseed, winter",conventional,621,3462.796886
"Rapeseed, winter",conventional,622,2924.788423
"Rapeseed, winter",conventional,711,3246.533768
"Rapeseed, winter",conventional,731,2309.102026
"Rapeseed, winter",conventional,811,3891.552165
"Rapeseed, winter",conventional,812,3632.661874
"Rapeseed, winter",conventional,813,3301.225686
"Rapeseed, winter",conventional,814,2350.587687
"Rapeseed, winter",conventional,821,2549.528702
"Rapeseed, winter",conventional,831,3040.505383
"Rapeseed, winter",conventional,911,2989.867543
"Rapeseed, winter",conventional,912,3584.33206
"Rapeseed, winter",conventional,913,3153.964519
"Rapeseed, winter",organic,1011,2312.272545
"Rapeseed, winter",organic,111,1637.246114
"Rapeseed, winter",organic,1111,2249.086296
"Rapeseed, winter",organic,1112,2394.716554
"Rapeseed, winter",organic,112,1654.145681
"Rapeseed, winter",organic,1121,2542.635465
"Rapeseed, winter",organic,1122,2336.526474
"Rapeseed, winter",organic,1123,1981.76918
"Rapeseed, winter",organic,1124,1516.482138
"Rapeseed, winter",organic,1131,1319.166596
"Rapeseed, winter",organic,1211,2418.345498
"Rapeseed, winter",organic,1212,2277.192068
"Rapeseed, winter",organic,1213,2029.861278
"Rapeseed, winter",organic,1214,2272.195486
"Rapeseed, winter",organic,1215,2050.07247
"Rapeseed, winter",organic,1216,2290.932667
"Rapeseed, winter",organic,1221,1689.24268
"Rapeseed, winter",organic,1222,2028.966324
"Rapeseed, winter",organic,1311,2155.431511
"Rapeseed, winter",organic,1321,2009.824612
"Rapeseed, winter",organic,1322,1420.415938
"Rapeseed, winter",organic,1331,1869.202783
"Rapeseed, winter",organic,1411,2191.055218
"Rapeseed, winter",organic,1412,1574.110357
"Rapeseed, winter",organic,1421,1675.361391
"Rapeseed, winter",organic,1511,1695.769426
"Rapeseed, winter",organic,1512,2317.551866
"Rapeseed, winter",organic,1521,1921.82254
"Rapeseed, winter",organic,1522,1625.164904
"Rapeseed, winter",organic,1611,1794.892088
"Rapeseed, winter",organic,1612,2216.256344
"Rapeseed, winter",organic,1613,2236.532377
"Rapeseed, winter",organic,1614,2404.976604
"Rapeseed, winter",organic,1615,2360.506206
"Rapeseed, winter",organic,1616,2043.304924
"Rapeseed, winter",organic,1617,1769.42032
"Rapeseed, winter",organic,1621,2027.44486
"Rapeseed, winter",organic,1622,2308.300162
"Rapeseed, winter",organic,1623,2430.554823
"Rapeseed, winter",organic,1711,2064.590207
"Rapeseed, winter",organic,1712,1680.788842
"Rapeseed, winter",organic,1713,1578.693946
"Rapeseed, winter",organic,1721,1031.692816
"Rapeseed, winter",organic,1722,2096.029399
"Rapeseed, winter",organic,1723,1207.865331
"Rapeseed, winter",organic,1724,1157.489484
"Rapeseed, winter",organic,1811,1982.28129
"Rapeseed, winter",organic,1812,2265.123498
"Rapeseed, winter",organic,1813,1245.507144
"Rapeseed, winter",organic,1821,1785.406314
"Rapeseed, winter",organic,1911,1947.199343
"Rapeseed, winter",organic,1912,1385.043917
"Rapeseed, winter",organic,1921,1888.560082
"Rapeseed, winter",organic,1922,1628.41043
"Rapeseed, winter",organic,2011,1712.767994
"Rapeseed, winter",organic,2012,1740.954998
"Rapeseed, winter",organic,2019,1391.710185
"Rapeseed, winter",organic,2111,1197.686317
"Rapeseed, winter",organic,2121,1346.195244
"Rapeseed, winter",organic,2122,753.4937153
"Rapeseed, winter",organic,2211,701.0011983
"Rapeseed, winter",organic,2212,766.2265791
"Rapeseed, winter",organic,2221,1096.547376
"Rapeseed, winter",organic,2311,1068.666371
"Rapeseed, winter",organic,2312,931.0064886
"Rapeseed, winter",organic,2319,1057.337753
"Rapeseed, winter",organic,2331,1084.651042
"Rapeseed, winter",organic,2411,918.9912869
"Rapeseed, winter",organic,2412,1021.97873
"Rapeseed, winter",organic,2413,1098.876021
"Rapeseed, winter",organic,2414,966.7088023
"Rapeseed, winter",organic,2415,1024.266363
"Rapeseed, winter",organic,2419,1024.381771
"Rapeseed, winter",organic,2511,785.1076104
"Rapeseed, winter",organic,2512,641.9550641
"Rapeseed, winter",organic,2519,766.8723431
"Rapeseed, winter",organic,2521,794.3500024
"Rapeseed, winter",organic,311,1925.449083
"Rapeseed, winter",organic,312,1455.487226
"Rapeseed, winter",organic,321,1948.228365
"Rapeseed, winter",organic,322,1047.753558
"Rapeseed, winter",organic,411,1880.645061
"Rapeseed, winter",organic,421,2045.111732
"Rapeseed, winter",organic,422,2008.365992
"Rapeseed, winter",organic,431,2284.440207
"Rapeseed, winter",organic,511,1715.637702
"Rapeseed, winter",organic,512,1386.612986
"Rapeseed, winter",organic,513,2412.657508
"Rapeseed, winter",organic,514,2016.053916
"Rapeseed, winter",organic,515,1901.81088
"Rapeseed, winter",organic,521,2063.487381
"Rapeseed, winter",organic,611,1307.80769
"Rapeseed, winter",organic,612,2439.560715
"Rapeseed, winter",organic,621,2145.403879
"Rapeseed, winter",organic,622,1812.076374
"Rapeseed, winter",organic,711,2011.416311
"Rapeseed, winter",organic,731,1509.641238
"Rapeseed, winter",organic,811,2402.529724
"Rapeseed, winter",organic,812,2250.645109
"Rapeseed, winter",organic,813,2045.301132
"Rapeseed, winter",organic,814,1531.743128
"Rapeseed, winter",organic,821,1579.581172
"Rapeseed, winter",organic,831,1883.769755
"Rapeseed, winter",organic,911,1852.396671
"Rapeseed, winter",organic,912,2220.701981
"Rapeseed, winter",organic,913,1954.064282
Rye,conventional,1011,6453.649874
Rye,conventional,111,4904.370312
Rye,conventional,1111,6041.186902
Rye,conventional,1112,6847.238428
Rye,conventional,112,4612.227672
Rye,conventional,1121,7149.849919
Rye,conventional,1122,7225.813867
Rye,conventional,1123,6586.279552
Rye,conventional,1124,4920.296439
Rye,conventional,1131,5196.650655
Rye,conventional,1211,7844.817385
Rye,conventional,1212,7296.645115
Rye,conventional,1213,6540.08526
Rye,conventional,1214,6959.940051
Rye,conventional,1215,7947.471368
Rye,conventional,1216,6845.994129
Rye,conventional,1221,5311.272879
Rye,conventional,1222,7296.645115
Rye,conventional,1311,6309.013926
Rye,conventional,1321,6436.614401
Rye,conventional,1322,5604.680469
Rye,conventional,1331,5640.735273
Rye,conventional,1411,6452.770319
Rye,conventional,1412,4635.835971
Rye,conventional,1421,4934.025474
Rye,conventional,1511,5004.604325
Rye,conventional,1512,7114.852099
Rye,conventional,1521,5684.73584
Rye,conventional,1522,4786.194237
Rye,conventional,1611,4869.983947
Rye,conventional,1612,6623.448223
Rye,conventional,1613,6586.702893
Rye,conventional,1614,5245.530684
Rye,conventional,1615,6182.703328
Rye,conventional,1616,5634.534279
Rye,conventional,1617,5239.942322
Rye,conventional,1621,7327.307885
Rye,conventional,1622,7777.794819
Rye,conventional,1623,7445.675625
Rye,conventional,1711,6167.458197
Rye,conventional,1712,5062.368007
Rye,conventional,1713,5635.373189
Rye,conventional,1721,3757.385006
Rye,conventional,1722,6275.321086
Rye,conventional,1723,4188.739671
Rye,conventional,1724,4312.796235
Rye,conventional,1811,6236.015626
Rye,conventional,1812,7253.036145
Rye,conventional,1813,3736.517566
Rye,conventional,1821,6015.821108
Rye,conventional,1911,8426.423559
Rye,conventional,1912,5835.776657
Rye,conventional,1921,7718.285146
Rye,conventional,1922,6126.626684
Rye,conventional,2011,5526.944836
Rye,conventional,2012,5356.615011
Rye,conventional,2019,5529.536401
Rye,conventional,2111,4874.837237
Rye,conventional,2121,5119.297247
Rye,conventional,2122,3004.193437
Rye,conventional,2211,3034.266409
Rye,conventional,2212,3316.584426
Rye,conventional,2221,4659.628091
Rye,conventional,2311,5854.586831
Rye,conventional,2312,4033.702032
Rye,conventional,2319,4581.04918
Rye,conventional,2331,4624.496797
Rye,conventional,2411,3992.270989
Rye,conventional,2412,4439.667813
Rye,conventional,2413,4773.724108
Rye,conventional,2414,4199.535116
Rye,conventional,2415,4449.511651
Rye,conventional,2419,4450.107072
Rye,conventional,2511,3410.655261
Rye,conventional,2512,2788.77365
Rye,conventional,2519,3331.437827
Rye,conventional,2521,3450.805936
Rye,conventional,311,6766.679965
Rye,conventional,312,5492.013595
Rye,conventional,321,7127.470531
Rye,conventional,322,3660.432791
Rye,conventional,411,6859.335586
Rye,conventional,421,6345.444143
Rye,conventional,422,7790.416205
Rye,conventional,431,5738.666482
Rye,conventional,511,5513.173555
Rye,conventional,512,4438.5604
Rye,conventional,513,8076.188792
Rye,conventional,514,7572.814971
Rye,conventional,515,6038.452968
Rye,conventional,521,5158.477346
Rye,conventional,611,4753.90207
Rye,conventional,612,6209.855684
Rye,conventional,621,6509.978442
Rye,conventional,622,4781.558922
Rye,conventional,711,7168.375045
Rye,conventional,731,5967.016597
Rye,conventional,811,6907.611517
Rye,conventional,812,6382.863869
Rye,conventional,813,6613.721505
Rye,conventional,814,5850.247288
Rye,conventional,821,4899.382826
Rye,conventional,831,5874.580647
Rye,conventional,911,4343.005799
Rye,conventional,912,6136.831978
Rye,conventional,913,4886.908771
Rye,organic,1011,3717.410029
Rye,organic,111,2824.999146
Rye,organic,1111,3479.824474
Rye,organic,1112,3944.123604
Rye,organic,112,2656.72011
Rye,organic,1121,4118.432873
Rye,organic,1122,4162.189375
Rye,organic,1123,3793.806937
Rye,organic,1124,2834.172861
Rye,organic,1131,2993.357501
Rye,organic,1211,4518.745731
Rye,organic,1212,4202.989356
Rye,organic,1213,3767.198253
Rye,organic,1214,4009.041619
Rye,organic,1215,4577.876138
Rye,organic,1216,3943.406867
Rye,organic,1221,3059.381815
Rye,organic,1222,4202.989356
Rye,organic,1311,3634.097309
Rye,organic,1321,3707.597312
Rye,organic,1322,3228.389483
Rye,organic,1331,3249.157652
Rye,organic,1411,3716.90339
Rye,organic,1412,2670.318884
Rye,organic,1421,2842.081014
Rye,organic,1511,2882.73561
Rye,organic,1512,4098.273544
Rye,organic,1521,3274.502713
Rye,organic,1522,2756.927755
Rye,organic,1611,2805.192025
Rye,organic,1612,3815.216711
Rye,organic,1613,3794.050788
Rye,organic,1614,3021.513213
Rye,organic,1615,3561.340297
Rye,organic,1616,3245.585776
Rye,organic,1617,3018.294224
Rye,organic,1621,4220.651623
Rye,organic,1622,4480.139615
Rye,organic,1623,4288.833417
Rye,organic,1711,3552.558847
Rye,organic,1712,2916.008455
Rye,organic,1713,3246.069002
Rye,organic,1721,2164.316468
Rye,organic,1722,3614.689671
Rye,organic,1723,2412.783954
Rye,organic,1724,2484.242605
Rye,organic,1811,3592.04907
Rye,organic,1812,4177.869861
Rye,organic,1813,2152.296475
Rye,organic,1821,3465.213353
Rye,organic,1911,4853.760594
Rye,organic,1912,3361.504744
Rye,organic,1921,4445.86105
Rye,organic,1922,3529.039213
Rye,organic,2011,3183.612461
Rye,organic,2012,3085.49964
Rye,organic,2019,3185.105246
Rye,organic,2111,2807.987602
Rye,organic,2121,2948.800647
Rye,organic,2122,1730.465555
Rye,organic,2211,1747.788089
Rye,organic,2212,1910.407978
Rye,organic,2221,2684.023542
Rye,organic,2311,3372.339718
Rye,organic,2312,2323.479686
Rye,organic,2319,2638.760778
Rye,organic,2331,2663.787331
Rye,organic,2411,2299.614715
Rye,organic,2412,2557.322751
Rye,organic,2413,2749.744752
Rye,organic,2414,2419.00231
Rye,organic,2415,2562.992966
Rye,organic,2419,2563.335939
Rye,organic,2511,1964.594349
Rye,organic,2512,1606.380163
Rye,organic,2519,1918.963785
Rye,organic,2521,1987.721808
Rye,organic,311,3897.720585
Rye,organic,312,3163.491484
Rye,organic,321,4105.541972
Rye,organic,322,2108.470374
Rye,organic,411,3951.091769
Rye,organic,421,3655.081722
Rye,organic,422,4487.409744
Rye,organic,431,3305.567663
Rye,organic,511,3175.679974
Rye,organic,512,2556.684863
Rye,organic,513,4652.019523
Rye,organic,514,4362.067802
Rye,organic,515,3478.249682
Rye,organic,521,2971.369038
Rye,organic,611,2738.326927
Rye,organic,612,3576.980506
Rye,organic,621,3749.856224
Rye,organic,622,2754.257736
Rye,organic,711,4129.103655
Rye,organic,731,3437.10114
Rye,organic,811,3978.899511
Rye,organic,812,3676.636108
Rye,organic,813,3809.61396
Rye,organic,814,3369.840069
Rye,organic,821,2822.126271
Rye,organic,831,3383.85649
Rye,organic,911,2501.643818
Rye,organic,912,3534.917633
Rye,organic,913,2814.941007
Semi-natural meadows,conventional,1011,2692.753127
Semi-natural meadows,conventional,111,3061.664504
Semi-natural meadows,conventional,1111,3578.172774
Semi-natural meadows,conventional,1112,3112.060291
Semi-natural meadows,conventional,112,2874.352661
Semi-natural meadows,conventional,1121,3654.030194
Semi-natural meadows,conventional,1122,3054.827679
Semi-natural meadows,conventional,1123,3623.075226
Semi-natural meadows,conventional,1124,3373.495246
Semi-natural meadows,conventional,1131,2930.059431
Semi-natural meadows,conventional,1211,3715.887224
Semi-natural meadows,conventional,1212,3367.771808
Semi-natural meadows,conventional,1213,3431.261004
Semi-natural meadows,conventional,1214,3448.006788
Semi-natural meadows,conventional,1215,3317.767231
Semi-natural meadows,conventional,1216,3153.164715
Semi-natural meadows,conventional,1221,3125.06771
Semi-natural meadows,conventional,1222,3605.913567
Semi-natural meadows,conventional,1311,2511.942272
Semi-natural meadows,conventional,1321,3047.984281
Semi-natural meadows,conventional,1322,2549.839063
Semi-natural meadows,conventional,1331,3610.899466
Semi-natural meadows,conventional,1411,3055.27961
Semi-natural meadows,conventional,1412,3354.776853
Semi-natural meadows,conventional,1421,3146.866544
Semi-natural meadows,conventional,1511,2676.017158
Semi-natural meadows,conventional,1512,3100.162353
Semi-natural meadows,conventional,1521,2631.105992
Semi-natural meadows,conventional,1522,2676.629153
Semi-natural meadows,conventional,1611,2291.250563
Semi-natural meadows,conventional,1612,2707.868102
Semi-natural meadows,conventional,1613,3520.280518
Semi-natural meadows,conventional,1614,2714.770433
Semi-natural meadows,conventional,1615,2960.731971
Semi-natural meadows,conventional,1616,3273.609552
Semi-natural meadows,conventional,1617,2892.86425
Semi-natural meadows,conventional,1621,2908.168525
Semi-natural meadows,conventional,1622,2890.961576
Semi-natural meadows,conventional,1623,2785.9546
Semi-natural meadows,conventional,1711,3594.225328
Semi-natural meadows,conventional,1712,3090.908207
Semi-natural meadows,conventional,1713,2737.856778
Semi-natural meadows,conventional,1721,2634.320894
Semi-natural meadows,conventional,1722,3035.326665
Semi-natural meadows,conventional,1723,2648.296778
Semi-natural meadows,conventional,1724,2768.231324
Semi-natural meadows,conventional,1811,2666.928343
Semi-natural meadows,conventional,1812,2953.342131
Semi-natural meadows,conventional,1813,2520.23567
Semi-natural meadows,conventional,1821,3418.170463
Semi-natural meadows,conventional,1911,3663.687928
Semi-natural meadows,conventional,1912,3489.310879
Semi-natural meadows,conventional,1921,3556.982037
Semi-natural meadows,conventional,1922,3377.458519
Semi-natural meadows,conventional,2011,3265.843458
Semi-natural meadows,conventional,2012,2556.238284
Semi-natural meadows,conventional,2019,3331.154579
Semi-natural meadows,conventional,2111,2952.087818
Semi-natural meadows,conventional,2121,3239.49402
Semi-natural meadows,conventional,2122,3204.872718
Semi-natural meadows,conventional,2211,2919.188485
Semi-natural meadows,conventional,2212,3295.687676
Semi-natural meadows,conventional,2221,2782.004523
Semi-natural meadows,conventional,2311,2882.713626
Semi-natural meadows,conventional,2312,2882.949109
Semi-natural meadows,conventional,2319,2908.507675
Semi-natural meadows,conventional,2331,2793.43254
Semi-natural meadows,conventional,2411,3037.620791
Semi-natural meadows,conventional,2412,2670.140085
Semi-natural meadows,conventional,2413,3063.179336
Semi-natural meadows,conventional,2414,2583.463936
Semi-natural meadows,conventional,2415,3458.377409
Semi-natural meadows,conventional,2419,3082.737297
Semi-natural meadows,conventional,2511,3631.782581
Semi-natural meadows,conventional,2512,3764.709856
Semi-natural meadows,conventional,2519,3789.46572
Semi-natural meadows,conventional,2521,3780.354683
Semi-natural meadows,conventional,311,3393.385732
Semi-natural meadows,conventional,312,3346.156823
Semi-natural meadows,conventional,321,3509.629038
Semi-natural meadows,conventional,322,2988.707703
Semi-natural meadows,conventional,411,3056.872233
Semi-natural meadows,conventional,421,3344.585439
Semi-natural meadows,conventional,422,3648.064988
Semi-natural meadows,conventional,431,3058.026922
Semi-natural meadows,conventional,511,2496.609193
Semi-natural meadows,conventional,512,2535.868277
Semi-natural meadows,conventional,513,3414.363396
Semi-natural meadows,conventional,514,3383.67379
Semi-natural meadows,conventional,515,3150.322978
Semi-natural meadows,conventional,521,2930.664442
Semi-natural meadows,conventional,611,2609.228345
Semi-natural meadows,conventional,612,2797.828356
Semi-natural meadows,conventional,621,2667.307956
Semi-natural meadows,conventional,622,2966.566073
Semi-natural meadows,conventional,711,2712.507099
Semi-natural meadows,conventional,731,2949.760633
Semi-natural meadows,conventional,811,3452.203315
Semi-natural meadows,conventional,812,3377.064031
Semi-natural meadows,conventional,813,2956.108542
Semi-natural meadows,conventional,814,2849.21869
Semi-natural meadows,conventional,821,2861.825129
Semi-natural meadows,conventional,831,2777.15342
Semi-natural meadows,conventional,911,2683.632134
Semi-natural meadows,conventional,912,2453.970081
Semi-natural meadows,conventional,913,2966.510418
Semi-natural meadows,organic,1011,2692.753127
Semi-natural meadows,organic,111,3061.664504
Semi-natural meadows,organic,1111,3578.172774
Semi-natural meadows,organic,1112,3112.060291
Semi-natural meadows,organic,112,2874.352661
Semi-natural meadows,organic,1121,3654.030194
Semi-natural meadows,organic,1122,3054.827679
Semi-natural meadows,organic,1123,3623.075226
Semi-natural meadows,organic,1124,3373.495246
Semi-natural meadows,organic,1131,2930.059431
Semi-natural meadows,organic,1211,3715.887224
Semi-natural meadows,organic,1212,3367.771808
Semi-natural meadows,organic,1213,3431.261004
Semi-natural meadows,organic,1214,3448.006788
Semi-natural meadows,organic,1215,3317.767231
Semi-natural meadows,organic,1216,3153.164715
Semi-natural meadows,organic,1221,3125.06771
Semi-natural meadows,organic,1222,3605.913567
Semi-natural meadows,organic,1311,2511.942272
Semi-natural meadows,organic,1321,3047.984281
Semi-natural meadows,organic,1322,2549.839063
Semi-natural meadows,organic,1331,3610.899466
Semi-natural meadows,organic,1411,3055.27961
Semi-natural meadows,organic,1412,3354.776853
Semi-natural meadows,organic,1421,3146.866544
Semi-natural meadows,organic,1511,2676.017158
Semi-natural meadows,organic,1512,3100.162353
Semi-natural meadows,organic,1521,2631.105992
Semi-natural meadows,organic,1522,2676.629153
Semi-natural meadows,organic,1611,2291.250563
Semi-natural meadows,organic,1612,2707.868102
Semi-natural meadows,organic,1613,3520.280518
Semi-natural meadows,organic,1614,2714.770433
Semi-natural meadows,organic,1615,2960.731971
Semi-natural meadows,organic,1616,3273.609552
Semi-natural meadows,organic,1617,2892.86425
Semi-natural meadows,organic,1621,2908.168525
Semi-natural meadows,organic,1622,2890.961576
Semi-natural meadows,organic,1623,2785.9546
Semi-natural meadows,organic,1711,3594.225328
Semi-natural meadows,organic,1712,3090.908207
Semi-natural meadows,organic,1713,2737.856778
Semi-natural meadows,organic,1721,2634.320894
Semi-natural meadows,organic,1722,3035.326665
Semi-natural meadows,organic,1723,2648.296778
Semi-natural meadows,organic,1724,2768.231324
Semi-natural meadows,organic,1811,2666.928343
Semi-natural meadows,organic,1812,2953.342131
Semi-natural meadows,organic,1813,2520.23567
Semi-natural meadows,organic,1821,3418.170463
Semi-natural meadows,organic,1911,3663.687928
Semi-natural meadows,organic,1912,3489.310879
Semi-natural meadows,organic,1921,3556.982037
Semi-natural meadows,organic,1922,3377.458519
Semi-natural meadows,organic,2011,3265.843458
Semi-natural meadows,organic,2012,2556.238284
Semi-natural meadows,organic,2019,3331.154579
Semi-natural meadows,organic,2111,2952.087818
Semi-natural meadows,organic,2121,3239.49402
Semi-natural meadows,organic,2122,3204.872718
Semi-natural meadows,organic,2211,2919.188485
Semi-natural meadows,organic,2212,3295.687676
Semi-natural meadows,organic,2221,2782.004523
Semi-natural meadows,organic,2311,2882.713626
Semi-natural meadows,organic,2312,2882.949109
Semi-natural meadows,organic,2319,2908.507675
Semi-natural meadows,organic,2331,2793.43254
Semi-natural meadows,organic,2411,3037.620791
Semi-natural meadows,organic,2412,2670.140085
Semi-natural meadows,organic,2413,3063.179336
Semi-natural meadows,organic,2414,2583.463936
Semi-natural meadows,organic,2415,3458.377409
Semi-natural meadows,organic,2419,3082.737297
Semi-natural meadows,organic,2511,3631.782581
Semi-natural meadows,organic,2512,3764.709856
Semi-natural meadows,organic,2519,3789.46572
Semi-natural meadows,organic,2521,3780.354683
Semi-natural meadows,organic,311,3393.385732
Semi-natural meadows,organic,312,3346.156823
Semi-natural meadows,organic,321,3509.629038
Semi-natural meadows,organic,322,2988.707703
Semi-natural meadows,organic,411,3056.872233
Semi-natural meadows,organic,421,3344.585439
Semi-natural meadows,organic,422,3648.064988
Semi-natural meadows,organic,431,3058.026922
Semi-natural meadows,organic,511,2496.609193
Semi-natural meadows,organic,512,2535.868277
Semi-natural meadows,organic,513,3414.363396
Semi-natural meadows,organic,514,3383.67379
Semi-natural meadows,organic,515,3150.322978
Semi-natural meadows,organic,521,2930.664442
Semi-natural meadows,organic,611,2609.228345
Semi-natural meadows,organic,612,2797.828356
Semi-natural meadows,organic,621,2667.307956
Semi-natural meadows,organic,622,2966.566073
Semi-natural meadows,organic,711,2712.507099
Semi-natural meadows,organic,731,2949.760633
Semi-natural meadows,organic,811,3452.203315
Semi-natural meadows,organic,812,3377.064031
Semi-natural meadows,organic,813,2956.108542
Semi-natural meadows,organic,814,2849.21869
Semi-natural meadows,organic,821,2861.825129
Semi-natural meadows,organic,831,2777.15342
Semi-natural meadows,organic,911,2683.632134
Semi-natural meadows,organic,912,2453.970081
Semi-natural meadows,organic,913,2966.510418
Semi-natural pastures,conventional,1011,2679.226973
Semi-natural pastures,conventional,111,2833.846578
Semi-natural pastures,conventional,1111,2975.635035
Semi-natural pastures,conventional,1112,2704.336635
Semi-natural pastures,conventional,112,2731.19187
Semi-natural pastures,conventional,1121,2882.867732
Semi-natural pastures,conventional,1122,2829.135148
Semi-natural pastures,conventional,1123,2888.296144
Semi-natural pastures,conventional,1124,2652.786346
Semi-natural pastures,conventional,1131,2733.872635
Semi-natural pastures,conventional,1211,3399.17543
Semi-natural pastures,conventional,1212,3039.022775
Semi-natural pastures,conventional,1213,3013.9079
Semi-natural pastures,conventional,1214,3073.026592
Semi-natural pastures,conventional,1215,2899.556171
Semi-natural pastures,conventional,1216,2958.760303
Semi-natural pastures,conventional,1221,2784.194243
Semi-natural pastures,conventional,1222,2972.954763
Semi-natural pastures,conventional,1311,2810.674923
Semi-natural pastures,conventional,1321,2619.347527
Semi-natural pastures,conventional,1322,2626.764575
Semi-natural pastures,conventional,1331,2723.419134
Semi-natural pastures,conventional,1411,2657.350387
Semi-natural pastures,conventional,1412,2440.914179
Semi-natural pastures,conventional,1421,2697.732715
Semi-natural pastures,conventional,1511,2741.069204
Semi-natural pastures,conventional,1512,2850.483847
Semi-natural pastures,conventional,1521,2652.496363
Semi-natural pastures,conventional,1522,2827.792673
Semi-natural pastures,conventional,1611,2507.091888
Semi-natural pastures,conventional,1612,2806.992474
Semi-natural pastures,conventional,1613,2849.404574
Semi-natural pastures,conventional,1614,2667.707066
Semi-natural pastures,conventional,1615,2718.012948
Semi-natural pastures,conventional,1616,2796.727375
Semi-natural pastures,conventional,1617,2667.492638
Semi-natural pastures,conventional,1621,2636.726461
Semi-natural pastures,conventional,1622,2753.208882
Semi-natural pastures,conventional,1623,2660.08666
Semi-natural pastures,conventional,1711,2975.320687
Semi-natural pastures,conventional,1712,2881.58139
Semi-natural pastures,conventional,1713,2921.981906
Semi-natural pastures,conventional,1721,2632.790563
Semi-natural pastures,conventional,1722,2767.331395
Semi-natural pastures,conventional,1723,2734.547711
Semi-natural pastures,conventional,1724,2546.610159
Semi-natural pastures,conventional,1811,2738.247602
Semi-natural pastures,conventional,1812,2789.705717
Semi-natural pastures,conventional,1813,2676.865611
Semi-natural pastures,conventional,1821,2851.55323
Semi-natural pastures,conventional,1911,2780.402808
Semi-natural pastures,conventional,1912,3069.435743
Semi-natural pastures,conventional,1921,2771.599419
Semi-natural pastures,conventional,1922,2787.204905
Semi-natural pastures,conventional,2011,2896.117886
Semi-natural pastures,conventional,2012,2445.850193
Semi-natural pastures,conventional,2019,3020.433873
Semi-natural pastures,conventional,2111,2887.367303
Semi-natural pastures,conventional,2121,2975.948434
Semi-natural pastures,conventional,2122,2706.14383
Semi-natural pastures,conventional,2211,2725.019479
Semi-natural pastures,conventional,2212,2973.749196
Semi-natural pastures,conventional,2221,2690.058239
Semi-natural pastures,conventional,2311,2746.943934
Semi-natural pastures,conventional,2312,2677.459422
Semi-natural pastures,conventional,2319,2685.779602
Semi-natural pastures,conventional,2331,2510.652884
Semi-natural pastures,conventional,2411,3079.564748
Semi-natural pastures,conventional,2412,3059.252341
Semi-natural pastures,conventional,2413,2818.187679
Semi-natural pastures,conventional,2414,2862.483176
Semi-natural pastures,conventional,2415,3025.198913
Semi-natural pastures,conventional,2419,2510.487279
Semi-natural pastures,conventional,2511,2930.733902
Semi-natural pastures,conventional,2512,2983.819222
Semi-natural pastures,conventional,2519,2806.693869
Semi-natural pastures,conventional,2521,2835.269721
Semi-natural pastures,conventional,311,2833.949057
Semi-natural pastures,conventional,312,2739.839924
Semi-natural pastures,conventional,321,2773.798383
Semi-natural pastures,conventional,322,2637.714298
Semi-natural pastures,conventional,411,2793.479332
Semi-natural pastures,conventional,421,2760.08714
Semi-natural pastures,conventional,422,2645.076375
Semi-natural pastures,conventional,431,2699.452915
Semi-natural pastures,conventional,511,2587.26815
Semi-natural pastures,conventional,512,2480.715868
Semi-natural pastures,conventional,513,2812.122343
Semi-natural pastures,conventional,514,2691.916452
Semi-natural pastures,conventional,515,2744.53972
Semi-natural pastures,conventional,521,2755.479238
Semi-natural pastures,conventional,611,2591.11389
Semi-natural pastures,conventional,612,2565.032143
Semi-natural pastures,conventional,621,2730.968997
Semi-natural pastures,conventional,622,2661.830443
Semi-natural pastures,conventional,711,2975.204408
Semi-natural pastures,conventional,731,2750.448631
Semi-natural pastures,conventional,811,1756.596052
Semi-natural pastures,conventional,812,2875.337414
Semi-natural pastures,conventional,813,2799.244385
Semi-natural pastures,conventional,814,2736.400868
Semi-natural pastures,conventional,821,2672.522563
Semi-natural pastures,conventional,831,2719.995772
Semi-natural pastures,conventional,911,2846.375865
Semi-natural pastures,conventional,912,2327.052463
Semi-natural pastures,conventional,913,2259.855986
Semi-natural pastures,organic,1011,2679.226973
Semi-natural pastures,organic,111,2833.846578
Semi-natural pastures,organic,1111,2975.635035
Semi-natural pastures,organic,1112,2704.336635
Semi-natural pastures,organic,112,2731.19187
Semi-natural pastures,organic,1121,2882.867732
Semi-natural pastures,organic,1122,2829.135148
Semi-natural pastures,organic,1123,2888.296144
Semi-natural pastures,organic,1124,2652.786346
Semi-natural pastures,organic,1131,2733.872635
Semi-natural pastures,organic,1211,3399.17543
Semi-natural pastures,organic,1212,3039.022775
Semi-natural pastures,organic,1213,3013.9079
Semi-natural pastures,organic,1214,3073.026592
Semi-natural pastures,organic,1215,2899.556171
Semi-natural pastures,organic,1216,2958.760303
Semi-natural pastures,organic,1221,2784.194243
Semi-natural pastures,organic,1222,2972.954763
Semi-natural pastures,organic,1311,2810.674923
Semi-natural pastures,organic,1321,2619.347527
Semi-natural pastures,organic,1322,2626.764575
Semi-natural pastures,organic,1331,2723.419134
Semi-natural pastures,organic,1411,2657.350387
Semi-natural pastures,organic,1412,2440.914179
Semi-natural pastures,organic,1421,2697.732715
Semi-natural pastures,organic,1511,2741.069204
Semi-natural pastures,organic,1512,2850.483847
Semi-natural pastures,organic,1521,2652.496363
Semi-natural pastures,organic,1522,2827.792673
Semi-natural pastures,organic,1611,2507.091888
Semi-natural pastures,organic,1612,2806.992474
Semi-natural pastures,organic,1613,2849.404574
Semi-natural pastures,organic,1614,2667.707066
Semi-natural pastures,organic,1615,2718.012948
Semi-natural pastures,organic,1616,2796.727375
Semi-natural pastures,organic,1617,2667.492638
Semi-natural pastures,organic,1621,2636.726461
Semi-natural pastures,organic,1622,2753.208882
Semi-natural pastures,organic,1623,2660.08666
Semi-natural pastures,organic,1711,2975.320687
Semi-natural pastures,organic,1712,2881.58139
Semi-natural pastures,organic,1713,2921.981906
Semi-natural pastures,organic,1721,2632.790563
Semi-natural pastures,organic,1722,2767.331395
Semi-natural pastures,organic,1723,2734.547711
Semi-natural pastures,organic,1724,2546.610159
Semi-natural pastures,organic,1811,2738.247602
Semi-natural pastures,organic,1812,2789.705717
Semi-natural pastures,organic,1813,2676.865611
Semi-natural pastures,organic,1821,2851.55323
Semi-natural pastures,organic,1911,2780.402808
Semi-natural pastures,organic,1912,3069.435743
Semi-natural pastures,organic,1921,2771.599419
Semi-natural pastures,organic,1922,2787.204905
Semi-natural pastures,organic,2011,2896.117886
Semi-natural pastures,organic,2012,2445.850193
Semi-natural pastures,organic,2019,3020.433873
Semi-natural pastures,organic,2111,2887.367303
Semi-natural pastures,organic,2121,2975.948434
Semi-natural pastures,organic,2122,2706.14383
Semi-natural pastures,organic,2211,2725.019479
Semi-natural pastures,organic,2212,2973.749196
Semi-natural pastures,organic,2221,2690.058239
Semi-natural pastures,organic,2311,2746.943934
Semi-natural pastures,organic,2312,2677.459422
Semi-natural pastures,organic,2319,2685.779602
Semi-natural pastures,organic,2331,2510.652884
Semi-natural pastures,organic,2411,3079.564748
Semi-natural pastures,organic,2412,3059.252341
Semi-natural pastures,organic,2413,2818.187679
Semi-natural pastures,organic,2414,2862.483176
Semi-natural pastures,organic,2415,3025.198913
Semi-natural pastures,organic,2419,2510.487279
Semi-natural pastures,organic,2511,2930.733902
Semi-natural pastures,organic,2512,2983.819222
Semi-natural pastures,organic,2519,2806.693869
Semi-natural pastures,organic,2521,2835.269721
Semi-natural pastures,organic,311,2833.949057
Semi-natural pastures,organic,312,2739.839924
Semi-natural pastures,organic,321,2773.798383
Semi-natural pastures,organic,322,2637.714298
Semi-natural pastures,organic,411,2793.479332
Semi-natural pastures,organic,421,2760.08714
Semi-natural pastures,organic,422,2645.076375
Semi-natural pastures,organic,431,2699.452915
Semi-natural pastures,organic,511,2587.26815
Semi-natural pastures,organic,512,2480.715868
Semi-natural pastures,organic,513,2812.122343
Semi-natural pastures,organic,514,2691.916452
Semi-natural pastures,organic,515,2744.53972
Semi-natural pastures,organic,521,2755.479238
Semi-natural pastures,organic,611,2591.11389
Semi-natural pastures,organic,612,2565.032143
Semi-natural pastures,organic,621,2730.968997
Semi-natural pastures,organic,622,2661.830443
Semi-natural pastures,organic,711,2975.204408
Semi-natural pastures,organic,731,2750.448631
Semi-natural pastures,organic,811,1756.596052
Semi-natural pastures,organic,812,2875.337414
Semi-natural pastures,organic,813,2799.244385
Semi-natural pastures,organic,814,2736.400868
Semi-natural pastures,organic,821,2672.522563
Semi-natural pastures,organic,831,2719.995772
Semi-natural pastures,organic,911,2846.375865
Semi-natural pastures,organic,912,2327.052463
Semi-natural pastures,organic,913,2259.855986
Short rotation coppice,conventional,1011,0
Short rotation coppice,conventional,111,0
Short rotation coppice,conventional,1111,0
Short rotation coppice,conventional,1112,0
Short rotation coppice,conventional,112,0
Short rotation coppice,conventional,1121,0
Short rotation coppice,conventional,1122,0
Short rotation coppice,conventional,1123,0
Short rotation coppice,conventional,1124,0
Short rotation coppice,conventional,1131,0
Short rotation coppice,conventional,1211,0
Short rotation coppice,conventional,1212,0
Short rotation coppice,conventional,1213,0
Short rotation coppice,conventional,1214,0
Short rotation coppice,conventional,1215,0
Short rotation coppice,conventional,1216,0
Short rotation coppice,conventional,1221,0
Short rotation coppice,conventional,1222,0
Short rotation coppice,conventional,1311,0
Short rotation coppice,conventional,1321,
Short rotation coppice,conventional,1322,0
Short rotation coppice,conventional,1331,0
Short rotation coppice,conventional,1411,
Short rotation coppice,conventional,1412,0
Short rotation coppice,conventional,1421,
Short rotation coppice,conventional,1511,0
Short rotation coppice,conventional,1512,0
Short rotation coppice,conventional,1521,
Short rotation coppice,conventional,1522,0
Short rotation coppice,conventional,1611,0
Short rotation coppice,conventional,1612,0
Short rotation coppice,conventional,1613,0
Short rotation coppice,conventional,1614,0
Short rotation coppice,conventional,1615,0
Short rotation coppice,conventional,1616,0
Short rotation coppice,conventional,1617,0
Short rotation coppice,conventional,1621,0
Short rotation coppice,conventional,1622,0
Short rotation coppice,conventional,1623,0
Short rotation coppice,conventional,1711,0
Short rotation coppice,conventional,1712,0
Short rotation coppice,conventional,1713,
Short rotation coppice,conventional,1721,
Short rotation coppice,conventional,1722,
Short rotation coppice,conventional,1723,0
Short rotation coppice,conventional,1724,
Short rotation coppice,conventional,1811,0
Short rotation coppice,conventional,1812,0
Short rotation coppice,conventional,1813,0
Short rotation coppice,conventional,1821,0
Short rotation coppice,conventional,1911,0
Short rotation coppice,conventional,1912,0
Short rotation coppice,conventional,1921,0
Short rotation coppice,conventional,1922,0
Short rotation coppice,conventional,2011,0
Short rotation coppice,conventional,2012,
Short rotation coppice,conventional,2019,
Short rotation coppice,conventional,2111,
Short rotation coppice,conventional,2121,0
Short rotation coppice,conventional,2122,
Short rotation coppice,conventional,2211,
Short rotation coppice,conventional,2212,0
Short rotation coppice,conventional,2221,
Short rotation coppice,conventional,2311,
Short rotation coppice,conventional,2312,
Short rotation coppice,conventional,2319,
Short rotation coppice,conventional,2331,
Short rotation coppice,conventional,2411,
Short rotation coppice,conventional,2412,
Short rotation coppice,conventional,2413,
Short rotation coppice,conventional,2414,
Short rotation coppice,conventional,2415,
Short rotation coppice,conventional,2419,
Short rotation coppice,conventional,2511,
Short rotation coppice,conventional,2512,
Short rotation coppice,conventional,2519,
Short rotation coppice,conventional,2521,
Short rotation coppice,conventional,311,0
Short rotation coppice,conventional,312,0
Short rotation coppice,conventional,321,0
Short rotation coppice,conventional,322,
Short rotation coppice,conventional,411,0
Short rotation coppice,conventional,421,0
Short rotation coppice,conventional,422,0
Short rotation coppice,conventional,431,0
Short rotation coppice,conventional,511,0
Short rotation coppice,conventional,512,0
Short rotation coppice,conventional,513,0
Short rotation coppice,conventional,514,0
Short rotation coppice,conventional,515,0
Short rotation coppice,conventional,521,0
Short rotation coppice,conventional,611,
Short rotation coppice,conventional,612,
Short rotation coppice,conventional,621,0
Short rotation coppice,conventional,622,0
Short rotation coppice,conventional,711,0
Short rotation coppice,conventional,731,0
Short rotation coppice,conventional,811,0
Short rotation coppice,conventional,812,
Short rotation coppice,conventional,813,0
Short rotation coppice,conventional,814,0
Short rotation coppice,conventional,821,0
Short rotation coppice,conventional,831,0
Short rotation coppice,conventional,911,
Short rotation coppice,conventional,912,0
Short rotation coppice,conventional,913,
Short rotation coppice,organic,1011,0
Short rotation coppice,organic,111,0
Short rotation coppice,organic,1111,0
Short rotation coppice,organic,1112,0
Short rotation coppice,organic,112,0
Short rotation coppice,organic,1121,0
Short rotation coppice,organic,1122,0
Short rotation coppice,organic,1123,0
Short rotation coppice,organic,1124,0
Short rotation coppice,organic,1131,0
Short rotation coppice,organic,1211,0
Short rotation coppice,organic,1212,0
Short rotation coppice,organic,1213,0
Short rotation coppice,organic,1214,0
Short rotation coppice,organic,1215,0
Short rotation coppice,organic,1216,0
Short rotation coppice,organic,1221,0
Short rotation coppice,organic,1222,0
Short rotation coppice,organic,1311,0
Short rotation coppice,organic,1321,
Short rotation coppice,organic,1322,0
Short rotation coppice,organic,1331,0
Short rotation coppice,organic,1411,
Short rotation coppice,organic,1412,0
Short rotation coppice,organic,1421,
Short rotation coppice,organic,1511,0
Short rotation coppice,organic,1512,0
Short rotation coppice,organic,1521,
Short rotation coppice,organic,1522,0
Short rotation coppice,organic,1611,0
Short rotation coppice,organic,1612,0
Short rotation coppice,organic,1613,0
Short rotation coppice,organic,1614,0
Short rotation coppice,organic,1615,0
Short rotation coppice,organic,1616,0
Short rotation coppice,organic,1617,0
Short rotation coppice,organic,1621,0
Short rotation coppice,organic,1622,0
Short rotation coppice,organic,1623,0
Short rotation coppice,organic,1711,0
Short rotation coppice,organic,1712,0
Short rotation coppice,organic,1713,
Short rotation coppice,organic,1721,
Short rotation coppice,organic,1722,
Short rotation coppice,organic,1723,0
Short rotation coppice,organic,1724,
Short rotation coppice,organic,1811,0
Short rotation coppice,organic,1812,0
Short rotation coppice,organic,1813,0
Short rotation coppice,organic,1821,0
Short rotation coppice,organic,1911,0
Short rotation coppice,organic,1912,0
Short rotation coppice,organic,1921,0
Short rotation coppice,organic,1922,0
Short rotation coppice,organic,2011,0
Short rotation coppice,organic,2012,
Short rotation coppice,organic,2019,
Short rotation coppice,organic,2111,
Short rotation coppice,organic,2121,0
Short rotation coppice,organic,2122,
Short rotation coppice,organic,2211,
Short rotation coppice,organic,2212,0
Short rotation coppice,organic,2221,
Short rotation coppice,organic,2311,
Short rotation coppice,organic,2312,
Short rotation coppice,organic,2319,
Short rotation coppice,organic,2331,
Short rotation coppice,organic,2411,
Short rotation coppice,organic,2412,
Short rotation coppice,organic,2413,
Short rotation coppice,organic,2414,
Short rotation coppice,organic,2415,
Short rotation coppice,organic,2419,
Short rotation coppice,organic,2511,
Short rotation coppice,organic,2512,
Short rotation coppice,organic,2519,
Short rotation coppice,organic,2521,
Short rotation coppice,organic,311,0
Short rotation coppice,organic,312,0
Short rotation coppice,organic,321,0
Short rotation coppice,organic,322,
Short rotation coppice,organic,411,0
Short rotation coppice,organic,421,0
Short rotation coppice,organic,422,0
Short rotation coppice,organic,431,0
Short rotation coppice,organic,511,0
Short rotation coppice,organic,512,0
Short rotation coppice,organic,513,0
Short rotation coppice,organic,514,0
Short rotation coppice,organic,515,0
Short rotation coppice,organic,521,0
Short rotation coppice,organic,611,
Short rotation coppice,organic,612,
Short rotation coppice,organic,621,0
Short rotation coppice,organic,622,0
Short rotation coppice,organic,711,0
Short rotation coppice,organic,731,0
Short rotation coppice,organic,811,0
Short rotation coppice,organic,812,
Short rotation coppice,organic,813,0
Short rotation coppice,organic,814,0
Short rotation coppice,organic,821,0
Short rotation coppice,organic,831,0
Short rotation coppice,organic,911,
Short rotation coppice,organic,912,
Short rotation coppice,organic,913,
Strawberries,conventional,1011,7661.332047
Strawberries,conventional,111,5383.9602
Strawberries,conventional,1111,7707.48429
Strawberries,conventional,1112,7705.489267
Strawberries,conventional,112,5379.35633
Strawberries,conventional,1121,7707.48429
Strawberries,conventional,1122,7427.064575
Strawberries,conventional,1123,7707.48429
Strawberries,conventional,1124,7605.569299
Strawberries,conventional,1131,6865.411021
Strawberries,conventional,1211,7707.48429
Strawberries,conventional,1212,7427.064575
Strawberries,conventional,1213,7707.48429
Strawberries,conventional,1214,7707.48429
Strawberries,conventional,1215,7707.48429
Strawberries,conventional,1216,7707.48429
Strawberries,conventional,1221,7707.48429
Strawberries,conventional,1222,7707.48429
Strawberries,conventional,1311,7527.15138
Strawberries,conventional,1321,7538.470775
Strawberries,conventional,1322,7934.96275
Strawberries,conventional,1331,7127.587644
Strawberries,conventional,1411,4971.943307
Strawberries,conventional,1412,4971.943307
Strawberries,conventional,1421,4926.244361
Strawberries,conventional,1511,4987.396588
Strawberries,conventional,1512,4926.244361
Strawberries,conventional,1521,4983.775665
Strawberries,conventional,1522,4926.244361
Strawberries,conventional,1611,7054.196097
Strawberries,conventional,1612,4926.661028
Strawberries,conventional,1613,4926.244361
Strawberries,conventional,1614,4942.520823
Strawberries,conventional,1615,4926.244361
Strawberries,conventional,1616,4971.943307
Strawberries,conventional,1617,4963.379195
Strawberries,conventional,1621,4971.943307
Strawberries,conventional,1622,4926.244361
Strawberries,conventional,1623,4926.244361
Strawberries,conventional,1711,6437.413272
Strawberries,conventional,1712,6519.625379
Strawberries,conventional,1713,6427.970969
Strawberries,conventional,1721,7863.53241
Strawberries,conventional,1722,7590.67093
Strawberries,conventional,1723,8633.03354
Strawberries,conventional,1724,6906.132107
Strawberries,conventional,1811,7362.357648
Strawberries,conventional,1812,7374.632295
Strawberries,conventional,1813,7371.550652
Strawberries,conventional,1821,6926.202683
Strawberries,conventional,1911,4225.919027
Strawberries,conventional,1912,4220.571446
Strawberries,conventional,1921,4957.22682
Strawberries,conventional,1922,6739.505622
Strawberries,conventional,2011,4484.307805
Strawberries,conventional,2012,4489.041609
Strawberries,conventional,2019,4487.100148
Strawberries,conventional,2111,6283.592014
Strawberries,conventional,2121,6305.496736
Strawberries,conventional,2122,5643.293729
Strawberries,conventional,2211,2725.75011
Strawberries,conventional,2212,2701.816495
Strawberries,conventional,2221,3579.114266
Strawberries,conventional,2311,5572.574329
Strawberries,conventional,2312,5586.198969
Strawberries,conventional,2319,5584.065325
Strawberries,conventional,2331,7670.494657
Strawberries,conventional,2411,4698.811296
Strawberries,conventional,2412,4698.811296
Strawberries,conventional,2413,4669.973398
Strawberries,conventional,2414,4700.862124
Strawberries,conventional,2415,4716.25932
Strawberries,conventional,2419,4698.811296
Strawberries,conventional,2511,3517.855797
Strawberries,conventional,2512,3515.173865
Strawberries,conventional,2519,3543.486822
Strawberries,conventional,2521,4291.650047
Strawberries,conventional,311,6721.240143
Strawberries,conventional,312,6755.007201
Strawberries,conventional,321,6481.26478
Strawberries,conventional,322,6421.738488
Strawberries,conventional,411,2809.228864
Strawberries,conventional,421,3208.492594
Strawberries,conventional,422,3035.352992
Strawberries,conventional,431,3006.990502
Strawberries,conventional,511,7025.418716
Strawberries,conventional,512,7014.096065
Strawberries,conventional,513,6978.81312
Strawberries,conventional,514,7014.955905
Strawberries,conventional,515,6978.81312
Strawberries,conventional,521,7296.367103
Strawberries,conventional,611,8768.825506
Strawberries,conventional,612,8717.31752
Strawberries,conventional,621,5744.220478
Strawberries,conventional,622,8159.089835
Strawberries,conventional,711,3020.664404
Strawberries,conventional,731,5985.567701
Strawberries,conventional,811,5850.736354
Strawberries,conventional,812,5842.904192
Strawberries,conventional,813,5842.904192
Strawberries,conventional,814,5845.355847
Strawberries,conventional,821,6574.183659
Strawberries,conventional,831,5526.432604
Strawberries,conventional,911,6030.509702
Strawberries,conventional,912,6030.509702
Strawberries,conventional,913,6030.509702
Strawberries,organic,1011,2951.856374
Strawberries,organic,111,2074.40131
Strawberries,organic,1111,2969.638503
Strawberries,organic,1112,2968.869834
Strawberries,organic,112,2072.627472
Strawberries,organic,1121,2969.638503
Strawberries,organic,1122,2861.594794
Strawberries,organic,1123,2969.638503
Strawberries,organic,1124,2930.371387
Strawberries,organic,1131,2645.193702
Strawberries,organic,1211,2969.638503
Strawberries,organic,1212,2861.594794
Strawberries,organic,1213,2969.638503
Strawberries,organic,1214,2969.638503
Strawberries,organic,1215,2969.638503
Strawberries,organic,1216,2969.638503
Strawberries,organic,1221,2969.638503
Strawberries,organic,1222,2969.638503
Strawberries,organic,1311,2900.157524
Strawberries,organic,1321,2904.518806
Strawberries,organic,1322,3057.284324
Strawberries,organic,1331,2746.208478
Strawberries,organic,1411,1915.654151
Strawberries,organic,1412,1915.654151
Strawberries,organic,1421,1898.046675
Strawberries,organic,1511,1921.60819
Strawberries,organic,1512,1898.046675
Strawberries,organic,1521,1920.213074
Strawberries,organic,1522,1898.046675
Strawberries,organic,1611,2717.93124
Strawberries,organic,1612,1898.207214
Strawberries,organic,1613,1898.046675
Strawberries,organic,1614,1904.317879
Strawberries,organic,1615,1898.046675
Strawberries,organic,1616,1915.654151
Strawberries,organic,1617,1912.354461
Strawberries,organic,1621,1915.654151
Strawberries,organic,1622,1898.046675
Strawberries,organic,1623,1898.046675
Strawberries,organic,1711,2480.289235
Strawberries,organic,1712,2511.964971
Strawberries,organic,1713,2476.651183
Strawberries,organic,1721,3029.762726
Strawberries,organic,1722,2924.631151
Strawberries,organic,1723,3326.246001
Strawberries,organic,1724,2660.883245
Strawberries,organic,1811,2836.663679
Strawberries,organic,1812,2841.393013
Strawberries,organic,1813,2840.205678
Strawberries,organic,1821,2668.616294
Strawberries,organic,1911,1628.216339
Strawberries,organic,1912,1626.155954
Strawberries,organic,1921,1909.983995
Strawberries,organic,1922,2596.683254
Strawberries,organic,2011,1727.771685
Strawberries,organic,2012,1729.595585
Strawberries,organic,2019,1728.847554
Strawberries,organic,2111,2421.023005
Strawberries,organic,2121,2429.462738
Strawberries,organic,2122,2174.320662
Strawberries,organic,2211,1050.211998
Strawberries,organic,2212,1040.990547
Strawberries,organic,2221,1379.007096
Strawberries,organic,2311,2147.072983
Strawberries,organic,2312,2152.322459
Strawberries,organic,2319,2151.500381
Strawberries,organic,2331,2955.386662
Strawberries,organic,2411,1810.418343
Strawberries,organic,2412,1810.418343
Strawberries,organic,2413,1799.307308
Strawberries,organic,2414,1811.208513
Strawberries,organic,2415,1817.140942
Strawberries,organic,2419,1810.418343
Strawberries,organic,2511,1355.404647
Strawberries,organic,2512,1354.371317
Strawberries,organic,2519,1365.280097
Strawberries,organic,2521,1653.54203
Strawberries,organic,311,2589.645696
Strawberries,organic,312,2602.655901
Strawberries,organic,321,2497.184906
Strawberries,organic,322,2474.249853
Strawberries,organic,411,1082.375764
Strawberries,organic,421,1236.20922
Strawberries,organic,422,1169.499771
Strawberries,organic,431,1158.571907
Strawberries,organic,511,2706.843522
Strawberries,organic,512,2702.480985
Strawberries,organic,513,2688.886719
Strawberries,organic,514,2702.812275
Strawberries,organic,515,2688.886719
Strawberries,organic,521,2811.237995
Strawberries,organic,611,3378.565673
Strawberries,organic,612,3358.720015
Strawberries,organic,621,2213.207015
Strawberries,organic,622,3143.638885
Strawberries,organic,711,1163.840364
Strawberries,organic,731,2306.196372
Strawberries,organic,811,2254.246819
Strawberries,organic,812,2251.229143
Strawberries,organic,813,2251.229143
Strawberries,organic,814,2252.173748
Strawberries,organic,821,2532.985885
Strawberries,organic,831,2129.294907
Strawberries,organic,911,2323.512203
Strawberries,organic,912,2323.512203
Strawberries,organic,913,2323.512203
"Strawberries, greenhouse",conventional,1011,5.557729393
"Strawberries, greenhouse",conventional,111,5.557729393
"Strawberries, greenhouse",conventional,1111,5.557729393
"Strawberries, greenhouse",conventional,1112,5.557729393
"Strawberries, greenhouse",conventional,112,5.557729393
"Strawberries, greenhouse",conventional,1121,5.557729393
"Strawberries, greenhouse",conventional,1122,5.557729393
"Strawberries, greenhouse",conventional,1123,5.557729393
"Strawberries, greenhouse",conventional,1124,5.557729393
"Strawberries, greenhouse",conventional,1131,5.557729393
"Strawberries, greenhouse",conventional,1211,5.557729393
"Strawberries, greenhouse",conventional,1212,5.557729393
"Strawberries, greenhouse",conventional,1213,5.557729393
"Strawberries, greenhouse",conventional,1214,5.557729393
"Strawberries, greenhouse",conventional,1215,5.557729393
"Strawberries, greenhouse",conventional,1216,5.557729393
"Strawberries, greenhouse",conventional,1221,5.557729393
"Strawberries, greenhouse",conventional,1222,5.557729393
"Strawberries, greenhouse",conventional,1311,5.557729393
"Strawberries, greenhouse",conventional,1321,5.557729393
"Strawberries, greenhouse",conventional,1322,5.557729393
"Strawberries, greenhouse",conventional,1331,5.557729393
"Strawberries, greenhouse",conventional,1411,5.557729393
"Strawberries, greenhouse",conventional,1412,5.557729393
"Strawberries, greenhouse",conventional,1421,5.557729393
"Strawberries, greenhouse",conventional,1511,5.557729393
"Strawberries, greenhouse",conventional,1512,5.557729393
"Strawberries, greenhouse",conventional,1521,5.557729393
"Strawberries, greenhouse",conventional,1522,5.557729393
"Strawberries, greenhouse",conventional,1611,5.557729393
"Strawberries, greenhouse",conventional,1612,5.557729393
"Strawberries, greenhouse",conventional,1613,5.557729393
"Strawberries, greenhouse",conventional,1614,5.557729393
"Strawberries, greenhouse",conventional,1615,5.557729393
"Strawberries, greenhouse",conventional,1616,5.557729393
"Strawberries, greenhouse",conventional,1617,5.557729393
"Strawberries, greenhouse",conventional,1621,5.557729393
"Strawberries, greenhouse",conventional,1622,5.557729393
"Strawberries, greenhouse",conventional,1623,5.557729393
"Strawberries, greenhouse",conventional,1711,5.557729393
"Strawberries, greenhouse",conventional,1712,5.557729393
"Strawberries, greenhouse",conventional,1713,5.557729393
"Strawberries, greenhouse",conventional,1721,5.557729393
"Strawberries, greenhouse",conventional,1722,5.557729393
"Strawberries, greenhouse",conventional,1723,5.557729393
"Strawberries, greenhouse",conventional,1724,5.557729393
"Strawberries, greenhouse",conventional,1811,5.557729393
"Strawberries, greenhouse",conventional,1812,5.557729393
"Strawberries, greenhouse",conventional,1813,5.557729393
"Strawberries, greenhouse",conventional,1821,5.557729393
"Strawberries, greenhouse",conventional,1911,5.557729393
"Strawberries, greenhouse",conventional,1912,5.557729393
"Strawberries, greenhouse",conventional,1921,5.557729393
"Strawberries, greenhouse",conventional,1922,5.557729393
"Strawberries, greenhouse",conventional,2011,5.557729393
"Strawberries, greenhouse",conventional,2012,5.557729393
"Strawberries, greenhouse",conventional,2019,5.557729393
"Strawberries, greenhouse",conventional,2111,5.557729393
"Strawberries, greenhouse",conventional,2121,5.557729393
"Strawberries, greenhouse",conventional,2122,5.557729393
"Strawberries, greenhouse",conventional,2211,5.557729393
"Strawberries, greenhouse",conventional,2212,5.557729393
"Strawberries, greenhouse",conventional,2221,5.557729393
"Strawberries, greenhouse",conventional,2311,5.557729393
"Strawberries, greenhouse",conventional,2312,5.557729393
"Strawberries, greenhouse",conventional,2319,5.557729393
"Strawberries, greenhouse",conventional,2331,5.557729393
"Strawberries, greenhouse",conventional,2411,5.557729393
"Strawberries, greenhouse",conventional,2412,5.557729393
"Strawberries, greenhouse",conventional,2413,5.557729393
"Strawberries, greenhouse",conventional,2414,5.557729393
"Strawberries, greenhouse",conventional,2415,5.557729393
"Strawberries, greenhouse",conventional,2419,5.557729393
"Strawberries, greenhouse",conventional,2511,5.557729393
"Strawberries, greenhouse",conventional,2512,5.557729393
"Strawberries, greenhouse",conventional,2519,5.557729393
"Strawberries, greenhouse",conventional,2521,5.557729393
"Strawberries, greenhouse",conventional,311,5.557729393
"Strawberries, greenhouse",conventional,312,5.557729393
"Strawberries, greenhouse",conventional,321,5.557729393
"Strawberries, greenhouse",conventional,322,5.557729393
"Strawberries, greenhouse",conventional,411,5.557729393
"Strawberries, greenhouse",conventional,421,5.557729393
"Strawberries, greenhouse",conventional,422,5.557729393
"Strawberries, greenhouse",conventional,431,5.557729393
"Strawberries, greenhouse",conventional,511,5.557729393
"Strawberries, greenhouse",conventional,512,5.557729393
"Strawberries, greenhouse",conventional,513,5.557729393
"Strawberries, greenhouse",conventional,514,5.557729393
"Strawberries, greenhouse",conventional,515,5.557729393
"Strawberries, greenhouse",conventional,521,5.557729393
"Strawberries, greenhouse",conventional,611,5.557729393
"Strawberries, greenhouse",conventional,612,5.557729393
"Strawberries, greenhouse",conventional,621,5.557729393
"Strawberries, greenhouse",conventional,622,5.557729393
"Strawberries, greenhouse",conventional,711,5.557729393
"Strawberries, greenhouse",conventional,731,5.557729393
"Strawberries, greenhouse",conventional,811,5.557729393
"Strawberries, greenhouse",conventional,812,5.557729393
"Strawberries, greenhouse",conventional,813,5.557729393
"Strawberries, greenhouse",conventional,814,5.557729393
"Strawberries, greenhouse",conventional,821,5.557729393
"Strawberries, greenhouse",conventional,831,5.557729393
"Strawberries, greenhouse",conventional,911,5.557729393
"Strawberries, greenhouse",conventional,912,5.557729393
"Strawberries, greenhouse",conventional,913,5.557729393
"Strawberries, greenhouse",organic,1011,3.826181345
"Strawberries, greenhouse",organic,111,3.826181345
"Strawberries, greenhouse",organic,1111,3.826181345
"Strawberries, greenhouse",organic,1112,3.826181345
"Strawberries, greenhouse",organic,112,3.826181345
"Strawberries, greenhouse",organic,1121,3.826181345
"Strawberries, greenhouse",organic,1122,3.826181345
"Strawberries, greenhouse",organic,1123,3.826181345
"Strawberries, greenhouse",organic,1124,3.826181345
"Strawberries, greenhouse",organic,1131,3.826181345
"Strawberries, greenhouse",organic,1211,3.826181345
"Strawberries, greenhouse",organic,1212,3.826181345
"Strawberries, greenhouse",organic,1213,3.826181345
"Strawberries, greenhouse",organic,1214,3.826181345
"Strawberries, greenhouse",organic,1215,3.826181345
"Strawberries, greenhouse",organic,1216,3.826181345
"Strawberries, greenhouse",organic,1221,3.826181345
"Strawberries, greenhouse",organic,1222,3.826181345
"Strawberries, greenhouse",organic,1311,3.826181345
"Strawberries, greenhouse",organic,1321,3.826181345
"Strawberries, greenhouse",organic,1322,3.826181345
"Strawberries, greenhouse",organic,1331,3.826181345
"Strawberries, greenhouse",organic,1411,3.826181345
"Strawberries, greenhouse",organic,1412,3.826181345
"Strawberries, greenhouse",organic,1421,3.826181345
"Strawberries, greenhouse",organic,1511,3.826181345
"Strawberries, greenhouse",organic,1512,3.826181345
"Strawberries, greenhouse",organic,1521,3.826181345
"Strawberries, greenhouse",organic,1522,3.826181345
"Strawberries, greenhouse",organic,1611,3.826181345
"Strawberries, greenhouse",organic,1612,3.826181345
"Strawberries, greenhouse",organic,1613,3.826181345
"Strawberries, greenhouse",organic,1614,3.826181345
"Strawberries, greenhouse",organic,1615,3.826181345
"Strawberries, greenhouse",organic,1616,3.826181345
"Strawberries, greenhouse",organic,1617,3.826181345
"Strawberries, greenhouse",organic,1621,3.826181345
"Strawberries, greenhouse",organic,1622,3.826181345
"Strawberries, greenhouse",organic,1623,3.826181345
"Strawberries, greenhouse",organic,1711,3.826181345
"Strawberries, greenhouse",organic,1712,3.826181345
"Strawberries, greenhouse",organic,1713,3.826181345
"Strawberries, greenhouse",organic,1721,3.826181345
"Strawberries, greenhouse",organic,1722,3.826181345
"Strawberries, greenhouse",organic,1723,3.826181345
"Strawberries, greenhouse",organic,1724,3.826181345
"Strawberries, greenhouse",organic,1811,3.826181345
"Strawberries, greenhouse",organic,1812,3.826181345
"Strawberries, greenhouse",organic,1813,3.826181345
"Strawberries, greenhouse",organic,1821,3.826181345
"Strawberries, greenhouse",organic,1911,3.826181345
"Strawberries, greenhouse",organic,1912,3.826181345
"Strawberries, greenhouse",organic,1921,3.826181345
"Strawberries, greenhouse",organic,1922,3.826181345
"Strawberries, greenhouse",organic,2011,3.826181345
"Strawberries, greenhouse",organic,2012,3.826181345
"Strawberries, greenhouse",organic,2019,3.826181345
"Strawberries, greenhouse",organic,2111,3.826181345
"Strawberries, greenhouse",organic,2121,3.826181345
"Strawberries, greenhouse",organic,2122,3.826181345
"Strawberries, greenhouse",organic,2211,3.826181345
"Strawberries, greenhouse",organic,2212,3.826181345
"Strawberries, greenhouse",organic,2221,3.826181345
"Strawberries, greenhouse",organic,2311,3.826181345
"Strawberries, greenhouse",organic,2312,3.826181345
"Strawberries, greenhouse",organic,2319,3.826181345
"Strawberries, greenhouse",organic,2331,3.826181345
"Strawberries, greenhouse",organic,2411,3.826181345
"Strawberries, greenhouse",organic,2412,3.826181345
"Strawberries, greenhouse",organic,2413,3.826181345
"Strawberries, greenhouse",organic,2414,3.826181345
"Strawberries, greenhouse",organic,2415,3.826181345
"Strawberries, greenhouse",organic,2419,3.826181345
"Strawberries, greenhouse",organic,2511,3.826181345
"Strawberries, greenhouse",organic,2512,3.826181345
"Strawberries, greenhouse",organic,2519,3.826181345
"Strawberries, greenhouse",organic,2521,3.826181345
"Strawberries, greenhouse",organic,311,3.826181345
"Strawberries, greenhouse",organic,312,3.826181345
"Strawberries, greenhouse",organic,321,3.826181345
"Strawberries, greenhouse",organic,322,3.826181345
"Strawberries, greenhouse",organic,411,3.826181345
"Strawberries, greenhouse",organic,421,3.826181345
"Strawberries, greenhouse",organic,422,3.826181345
"Strawberries, greenhouse",organic,431,3.826181345
"Strawberries, greenhouse",organic,511,3.826181345
"Strawberries, greenhouse",organic,512,3.826181345
"Strawberries, greenhouse",organic,513,3.826181345
"Strawberries, greenhouse",organic,514,3.826181345
"Strawberries, greenhouse",organic,515,3.826181345
"Strawberries, greenhouse",organic,521,3.826181345
"Strawberries, greenhouse",organic,611,3.826181345
"Strawberries, greenhouse",organic,612,3.826181345
"Strawberries, greenhouse",organic,621,3.826181345
"Strawberries, greenhouse",organic,622,3.826181345
"Strawberries, greenhouse",organic,711,3.826181345
"Strawberries, greenhouse",organic,731,3.826181345
"Strawberries, greenhouse",organic,811,3.826181345
"Strawberries, greenhouse",organic,812,3.826181345
"Strawberries, greenhouse",organic,813,3.826181345
"Strawberries, greenhouse",organic,814,3.826181345
"Strawberries, greenhouse",organic,821,3.826181345
"Strawberries, greenhouse",organic,831,3.826181345
"Strawberries, greenhouse",organic,911,3.826181345
"Strawberries, greenhouse",organic,912,3.826181345
"Strawberries, greenhouse",organic,913,3.826181345
Sugar beet,conventional,1011,57487.01153
Sugar beet,conventional,111,34314.52564
Sugar beet,conventional,1111,71270.11028
Sugar beet,conventional,1112,72869.8756
Sugar beet,conventional,112,31885.27938
Sugar beet,conventional,1121,73313.56735
Sugar beet,conventional,1122,71989.23341
Sugar beet,conventional,1123,70610.16818
Sugar beet,conventional,1124,61715.9183
Sugar beet,conventional,1131,50953.61251
Sugar beet,conventional,1211,74893.42873
Sugar beet,conventional,1212,91471.9741
Sugar beet,conventional,1213,66500.9933
Sugar beet,conventional,1214,89583.04893
Sugar beet,conventional,1215,76147.86412
Sugar beet,conventional,1216,78652.65959
Sugar beet,conventional,1221,57014.69748
Sugar beet,conventional,1222,59812.93373
Sugar beet,conventional,1311,60427.84054
Sugar beet,conventional,1321,70794.61256
Sugar beet,conventional,1322,51658.51919
Sugar beet,conventional,1331,56610.71139
Sugar beet,conventional,1411,55676.76952
Sugar beet,conventional,1412,39999.62157
Sugar beet,conventional,1421,42572.50538
Sugar beet,conventional,1511,43108.92811
Sugar beet,conventional,1512,61389.44373
Sugar beet,conventional,1521,49208.83298
Sugar beet,conventional,1522,41296.96552
Sugar beet,conventional,1611,35195.55491
Sugar beet,conventional,1612,58154.5369
Sugar beet,conventional,1613,56832.38682
Sugar beet,conventional,1614,51404.1154
Sugar beet,conventional,1615,62662.6859
Sugar beet,conventional,1616,54771.89936
Sugar beet,conventional,1617,44916.78697
Sugar beet,conventional,1621,58351.12139
Sugar beet,conventional,1622,62999.15135
Sugar beet,conventional,1623,53188.77995
Sugar beet,conventional,1711,39247.74426
Sugar beet,conventional,1712,32794.90497
Sugar beet,conventional,1713,36439.9168
Sugar beet,conventional,1721,28035.72763
Sugar beet,conventional,1722,47661.09205
Sugar beet,conventional,1723,28690.82224
Sugar beet,conventional,1724,21583.94793
Sugar beet,conventional,1811,47722.90067
Sugar beet,conventional,1812,54706.45531
Sugar beet,conventional,1813,29968.22141
Sugar beet,conventional,1821,44431.46029
Sugar beet,conventional,1911,59145.46263
Sugar beet,conventional,1912,40715.82102
Sugar beet,conventional,1921,50395.72386
Sugar beet,conventional,1922,31318.06652
Sugar beet,conventional,2011,51297.89581
Sugar beet,conventional,2012,57390.77296
Sugar beet,conventional,2019,50699.60678
Sugar beet,conventional,2111,29846.46873
Sugar beet,conventional,2121,28830.98921
Sugar beet,conventional,2122,22273.18684
Sugar beet,conventional,2211,30280.91047
Sugar beet,conventional,2212,33138.49189
Sugar beet,conventional,2221,46799.89167
Sugar beet,conventional,2311,25098.83229
Sugar beet,conventional,2312,21870.54361
Sugar beet,conventional,2319,24832.76693
Sugar beet,conventional,2331,26862.81702
Sugar beet,conventional,2411,36880.86027
Sugar beet,conventional,2412,34455.03288
Sugar beet,conventional,2413,31150.10405
Sugar beet,conventional,2414,32609.69167
Sugar beet,conventional,2415,34497.39337
Sugar beet,conventional,2419,34536.04908
Sugar beet,conventional,2511,25078.80007
Sugar beet,conventional,2512,36523.36217
Sugar beet,conventional,2519,33087.23338
Sugar beet,conventional,2521,33473.3357
Sugar beet,conventional,311,34193.06462
Sugar beet,conventional,312,28307.25691
Sugar beet,conventional,321,39286.73929
Sugar beet,conventional,322,20524.48587
Sugar beet,conventional,411,40054.15282
Sugar beet,conventional,421,38457.36628
Sugar beet,conventional,422,45423.54489
Sugar beet,conventional,431,33855.51131
Sugar beet,conventional,511,48911.58722
Sugar beet,conventional,512,39538.21771
Sugar beet,conventional,513,67218.6364
Sugar beet,conventional,514,74563.89741
Sugar beet,conventional,515,51225.28038
Sugar beet,conventional,521,43124.58586
Sugar beet,conventional,611,41533.88979
Sugar beet,conventional,612,54340.51542
Sugar beet,conventional,621,58593.92573
Sugar beet,conventional,622,41641.80948
Sugar beet,conventional,711,58203.05283
Sugar beet,conventional,731,54839.95382
Sugar beet,conventional,811,78666.09188
Sugar beet,conventional,812,72667.75096
Sugar beet,conventional,813,75296.02341
Sugar beet,conventional,814,66590.8681
Sugar beet,conventional,821,50274.12024
Sugar beet,conventional,831,58120.66255
Sugar beet,conventional,911,60506.0711
Sugar beet,conventional,912,53140.81437
Sugar beet,conventional,913,69980.50318
Sugar beet,organic,1011,39084.21939
Sugar beet,organic,111,23329.72984
Sugar beet,organic,1111,48455.06057
Sugar beet,organic,1112,49542.70763
Sugar beet,organic,112,21678.136
Sugar beet,organic,1121,49844.36439
Sugar beet,organic,1122,48943.97738
Sugar beet,organic,1123,48006.37972
Sugar beet,organic,1124,41959.36484
Sugar beet,organic,1131,34642.29775
Sugar beet,organic,1211,50918.47917
Sugar beet,organic,1212,62189.88617
Sugar beet,organic,1213,45212.63747
Sugar beet,organic,1214,60905.64537
Sugar beet,organic,1215,51771.34361
Sugar beet,organic,1216,53474.30178
Sugar beet,organic,1221,38763.10292
Sugar beet,organic,1222,40665.56535
Sugar beet,organic,1311,41083.62766
Sugar beet,organic,1321,48131.7796
Sugar beet,organic,1322,35121.54908
Sugar beet,organic,1331,38488.44121
Sugar beet,organic,1411,37853.47362
Sugar beet,organic,1412,27194.90791
Sugar beet,organic,1421,28944.15792
Sugar beet,organic,1511,29308.86054
Sugar beet,organic,1512,41737.4016
Sugar beet,organic,1521,33456.05855
Sugar beet,organic,1522,28076.94499
Sugar beet,organic,1611,23928.72326
Sugar beet,organic,1612,39538.05595
Sugar beet,organic,1613,38639.15371
Sugar beet,organic,1614,34948.58526
Sugar beet,organic,1615,42603.05237
Sugar beet,organic,1616,37238.27129
Sugar beet,organic,1617,30537.98605
Sugar beet,organic,1621,39671.70965
Sugar beet,organic,1622,42831.80821
Sugar beet,organic,1623,36161.94144
Sugar beet,organic,1711,26683.72222
Sugar beet,organic,1712,22296.57146
Sugar beet,organic,1713,24774.73893
Sugar beet,organic,1721,19060.90611
Sugar beet,organic,1722,32403.7818
Sugar beet,organic,1723,19506.29126
Sugar beet,organic,1724,14674.47574
Sugar beet,organic,1811,32445.80419
Sugar beet,organic,1812,37193.77724
Sugar beet,organic,1813,20374.7683
Sugar beet,organic,1821,30208.02257
Sugar beet,organic,1911,40211.76568
Sugar beet,organic,1912,27681.83697
Sugar beet,organic,1921,34263.00089
Sugar beet,organic,1922,21292.49982
Sugar beet,organic,2011,34876.36878
Sugar beet,organic,2012,39018.78879
Sugar beet,organic,2019,34469.60455
Sugar beet,organic,2111,20291.99119
Sugar beet,organic,2121,19601.58786
Sugar beet,organic,2122,15143.07489
Sugar beet,organic,2211,20587.35907
Sugar beet,organic,2212,22530.16904
Sugar beet,organic,2221,31818.26964
Sugar beet,organic,2311,17064.17226
Sugar beet,organic,2312,14869.32616
Sugar beet,organic,2319,16883.27998
Sugar beet,organic,2331,18263.46867
Sugar beet,organic,2411,25074.5272
Sugar beet,organic,2412,23425.25778
Sugar beet,organic,2413,21178.30564
Sugar beet,organic,2414,22170.64881
Sugar beet,organic,2415,23454.05779
Sugar beet,organic,2419,23480.339
Sugar beet,organic,2511,17050.55277
Sugar beet,organic,2512,24831.4717
Sugar beet,organic,2519,22495.31944
Sugar beet,organic,2521,22757.82236
Sugar beet,organic,311,23247.15103
Sugar beet,organic,312,19245.5132
Sugar beet,organic,321,26710.23413
Sugar beet,organic,322,13954.1696
Sugar beet,organic,411,27231.98257
Sugar beet,organic,421,26146.36073
Sugar beet,organic,422,30882.52018
Sugar beet,organic,431,23017.65558
Sugar beet,organic,511,33253.96737
Sugar beet,organic,512,26881.20906
Sugar beet,organic,513,45700.54804
Sugar beet,organic,514,50694.4377
Sugar beet,organic,515,34826.99906
Sugar beet,organic,521,29319.50592
Sugar beet,organic,611,28238.02486
Sugar beet,organic,612,36944.98235
Sugar beet,organic,621,39836.78725
Sugar beet,organic,622,28311.3972
Sugar beet,organic,711,39571.04092
Sugar beet,organic,731,37284.54009
Sugar beet,organic,811,53483.43411
Sugar beet,organic,812,49405.2873
Sugar beet,organic,813,51192.19489
Sugar beet,organic,814,45273.74147
Sugar beet,organic,821,34180.32513
Sugar beet,organic,831,39515.02549
Sugar beet,organic,911,41136.81498
Sugar beet,organic,912,36129.33064
Sugar beet,organic,913,47578.28362
"Tomatoes, greenhouse",conventional,1011,42.19951508
"Tomatoes, greenhouse",conventional,111,42.19951508
"Tomatoes, greenhouse",conventional,1111,42.19951508
"Tomatoes, greenhouse",conventional,1112,42.19951508
"Tomatoes, greenhouse",conventional,112,42.19951508
"Tomatoes, greenhouse",conventional,1121,42.19951508
"Tomatoes, greenhouse",conventional,1122,42.19951508
"Tomatoes, greenhouse",conventional,1123,42.19951508
"Tomatoes, greenhouse",conventional,1124,42.19951508
"Tomatoes, greenhouse",conventional,1131,42.19951508
"Tomatoes, greenhouse",conventional,1211,42.19951508
"Tomatoes, greenhouse",conventional,1212,42.19951508
"Tomatoes, greenhouse",conventional,1213,42.19951508
"Tomatoes, greenhouse",conventional,1214,42.19951508
"Tomatoes, greenhouse",conventional,1215,42.19951508
"Tomatoes, greenhouse",conventional,1216,42.19951508
"Tomatoes, greenhouse",conventional,1221,42.19951508
"Tomatoes, greenhouse",conventional,1222,42.19951508
"Tomatoes, greenhouse",conventional,1311,42.19951508
"Tomatoes, greenhouse",conventional,1321,42.19951508
"Tomatoes, greenhouse",conventional,1322,42.19951508
"Tomatoes, greenhouse",conventional,1331,42.19951508
"Tomatoes, greenhouse",conventional,1411,42.19951508
"Tomatoes, greenhouse",conventional,1412,42.19951508
"Tomatoes, greenhouse",conventional,1421,42.19951508
"Tomatoes, greenhouse",conventional,1511,42.19951508
"Tomatoes, greenhouse",conventional,1512,42.19951508
"Tomatoes, greenhouse",conventional,1521,42.19951508
"Tomatoes, greenhouse",conventional,1522,42.19951508
"Tomatoes, greenhouse",conventional,1611,42.19951508
"Tomatoes, greenhouse",conventional,1612,42.19951508
"Tomatoes, greenhouse",conventional,1613,42.19951508
"Tomatoes, greenhouse",conventional,1614,42.19951508
"Tomatoes, greenhouse",conventional,1615,42.19951508
"Tomatoes, greenhouse",conventional,1616,42.19951508
"Tomatoes, greenhouse",conventional,1617,42.19951508
"Tomatoes, greenhouse",conventional,1621,42.19951508
"Tomatoes, greenhouse",conventional,1622,42.19951508
"Tomatoes, greenhouse",conventional,1623,42.19951508
"Tomatoes, greenhouse",conventional,1711,42.19951508
"Tomatoes, greenhouse",conventional,1712,42.19951508
"Tomatoes, greenhouse",conventional,1713,42.19951508
"Tomatoes, greenhouse",conventional,1721,42.19951508
"Tomatoes, greenhouse",conventional,1722,42.19951508
"Tomatoes, greenhouse",conventional,1723,42.19951508
"Tomatoes, greenhouse",conventional,1724,42.19951508
"Tomatoes, greenhouse",conventional,1811,42.19951508
"Tomatoes, greenhouse",conventional,1812,42.19951508
"Tomatoes, greenhouse",conventional,1813,42.19951508
"Tomatoes, greenhouse",conventional,1821,42.19951508
"Tomatoes, greenhouse",conventional,1911,42.19951508
"Tomatoes, greenhouse",conventional,1912,42.19951508
"Tomatoes, greenhouse",conventional,1921,42.19951508
"Tomatoes, greenhouse",conventional,1922,42.19951508
"Tomatoes, greenhouse",conventional,2011,42.19951508
"Tomatoes, greenhouse",conventional,2012,42.19951508
"Tomatoes, greenhouse",conventional,2019,42.19951508
"Tomatoes, greenhouse",conventional,2111,42.19951508
"Tomatoes, greenhouse",conventional,2121,42.19951508
"Tomatoes, greenhouse",conventional,2122,42.19951508
"Tomatoes, greenhouse",conventional,2211,42.19951508
"Tomatoes, greenhouse",conventional,2212,42.19951508
"Tomatoes, greenhouse",conventional,2221,42.19951508
"Tomatoes, greenhouse",conventional,2311,42.19951508
"Tomatoes, greenhouse",conventional,2312,42.19951508
"Tomatoes, greenhouse",conventional,2319,42.19951508
"Tomatoes, greenhouse",conventional,2331,42.19951508
"Tomatoes, greenhouse",conventional,2411,42.19951508
"Tomatoes, greenhouse",conventional,2412,42.19951508
"Tomatoes, greenhouse",conventional,2413,42.19951508
"Tomatoes, greenhouse",conventional,2414,42.19951508
"Tomatoes, greenhouse",conventional,2415,42.19951508
"Tomatoes, greenhouse",conventional,2419,42.19951508
"Tomatoes, greenhouse",conventional,2511,42.19951508
"Tomatoes, greenhouse",conventional,2512,42.19951508
"Tomatoes, greenhouse",conventional,2519,42.19951508
"Tomatoes, greenhouse",conventional,2521,42.19951508
"Tomatoes, greenhouse",conventional,311,42.19951508
"Tomatoes, greenhouse",conventional,312,42.19951508
"Tomatoes, greenhouse",conventional,321,42.19951508
"Tomatoes, greenhouse",conventional,322,42.19951508
"Tomatoes, greenhouse",conventional,411,42.19951508
"Tomatoes, greenhouse",conventional,421,42.19951508
"Tomatoes, greenhouse",conventional,422,42.19951508
"Tomatoes, greenhouse",conventional,431,42.19951508
"Tomatoes, greenhouse",conventional,511,42.19951508
"Tomatoes, greenhouse",conventional,512,42.19951508
"Tomatoes, greenhouse",conventional,513,42.19951508
"Tomatoes, greenhouse",conventional,514,42.19951508
"Tomatoes, greenhouse",conventional,515,42.19951508
"Tomatoes, greenhouse",conventional,521,42.19951508
"Tomatoes, greenhouse",conventional,611,42.19951508
"Tomatoes, greenhouse",conventional,612,42.19951508
"Tomatoes, greenhouse",conventional,621,42.19951508
"Tomatoes, greenhouse",conventional,622,42.19951508
"Tomatoes, greenhouse",conventional,711,42.19951508
"Tomatoes, greenhouse",conventional,731,42.19951508
"Tomatoes, greenhouse",conventional,811,42.19951508
"Tomatoes, greenhouse",conventional,812,42.19951508
"Tomatoes, greenhouse",conventional,813,42.19951508
"Tomatoes, greenhouse",conventional,814,42.19951508
"Tomatoes, greenhouse",conventional,821,42.19951508
"Tomatoes, greenhouse",conventional,831,42.19951508
"Tomatoes, greenhouse",conventional,911,42.19951508
"Tomatoes, greenhouse",conventional,912,42.19951508
"Tomatoes, greenhouse",conventional,913,42.19951508
"Tomatoes, greenhouse",organic,1011,22.81758303
"Tomatoes, greenhouse",organic,111,22.81758303
"Tomatoes, greenhouse",organic,1111,22.81758303
"Tomatoes, greenhouse",organic,1112,22.81758303
"Tomatoes, greenhouse",organic,112,22.81758303
"Tomatoes, greenhouse",organic,1121,22.81758303
"Tomatoes, greenhouse",organic,1122,22.81758303
"Tomatoes, greenhouse",organic,1123,22.81758303
"Tomatoes, greenhouse",organic,1124,22.81758303
"Tomatoes, greenhouse",organic,1131,22.81758303
"Tomatoes, greenhouse",organic,1211,22.81758303
"Tomatoes, greenhouse",organic,1212,22.81758303
"Tomatoes, greenhouse",organic,1213,22.81758303
"Tomatoes, greenhouse",organic,1214,22.81758303
"Tomatoes, greenhouse",organic,1215,22.81758303
"Tomatoes, greenhouse",organic,1216,22.81758303
"Tomatoes, greenhouse",organic,1221,22.81758303
"Tomatoes, greenhouse",organic,1222,22.81758303
"Tomatoes, greenhouse",organic,1311,22.81758303
"Tomatoes, greenhouse",organic,1321,22.81758303
"Tomatoes, greenhouse",organic,1322,22.81758303
"Tomatoes, greenhouse",organic,1331,22.81758303
"Tomatoes, greenhouse",organic,1411,22.81758303
"Tomatoes, greenhouse",organic,1412,22.81758303
"Tomatoes, greenhouse",organic,1421,22.81758303
"Tomatoes, greenhouse",organic,1511,22.81758303
"Tomatoes, greenhouse",organic,1512,22.81758303
"Tomatoes, greenhouse",organic,1521,22.81758303
"Tomatoes, greenhouse",organic,1522,22.81758303
"Tomatoes, greenhouse",organic,1611,22.81758303
"Tomatoes, greenhouse",organic,1612,22.81758303
"Tomatoes, greenhouse",organic,1613,22.81758303
"Tomatoes, greenhouse",organic,1614,22.81758303
"Tomatoes, greenhouse",organic,1615,22.81758303
"Tomatoes, greenhouse",organic,1616,22.81758303
"Tomatoes, greenhouse",organic,1617,22.81758303
"Tomatoes, greenhouse",organic,1621,22.81758303
"Tomatoes, greenhouse",organic,1622,22.81758303
"Tomatoes, greenhouse",organic,1623,22.81758303
"Tomatoes, greenhouse",organic,1711,22.81758303
"Tomatoes, greenhouse",organic,1712,22.81758303
"Tomatoes, greenhouse",organic,1713,22.81758303
"Tomatoes, greenhouse",organic,1721,22.81758303
"Tomatoes, greenhouse",organic,1722,22.81758303
"Tomatoes, greenhouse",organic,1723,22.81758303
"Tomatoes, greenhouse",organic,1724,22.81758303
"Tomatoes, greenhouse",organic,1811,22.81758303
"Tomatoes, greenhouse",organic,1812,22.81758303
"Tomatoes, greenhouse",organic,1813,22.81758303
"Tomatoes, greenhouse",organic,1821,22.81758303
"Tomatoes, greenhouse",organic,1911,22.81758303
"Tomatoes, greenhouse",organic,1912,22.81758303
"Tomatoes, greenhouse",organic,1921,22.81758303
"Tomatoes, greenhouse",organic,1922,22.81758303
"Tomatoes, greenhouse",organic,2011,22.81758303
"Tomatoes, greenhouse",organic,2012,22.81758303
"Tomatoes, greenhouse",organic,2019,22.81758303
"Tomatoes, greenhouse",organic,2111,22.81758303
"Tomatoes, greenhouse",organic,2121,22.81758303
"Tomatoes, greenhouse",organic,2122,22.81758303
"Tomatoes, greenhouse",organic,2211,22.81758303
"Tomatoes, greenhouse",organic,2212,22.81758303
"Tomatoes, greenhouse",organic,2221,22.81758303
"Tomatoes, greenhouse",organic,2311,22.81758303
"Tomatoes, greenhouse",organic,2312,22.81758303
"Tomatoes, greenhouse",organic,2319,22.81758303
"Tomatoes, greenhouse",organic,2331,22.81758303
"Tomatoes, greenhouse",organic,2411,22.81758303
"Tomatoes, greenhouse",organic,2412,22.81758303
"Tomatoes, greenhouse",organic,2413,22.81758303
"Tomatoes, greenhouse",organic,2414,22.81758303
"Tomatoes, greenhouse",organic,2415,22.81758303
"Tomatoes, greenhouse",organic,2419,22.81758303
"Tomatoes, greenhouse",organic,2511,22.81758303
"Tomatoes, greenhouse",organic,2512,22.81758303
"Tomatoes, greenhouse",organic,2519,22.81758303
"Tomatoes, greenhouse",organic,2521,22.81758303
"Tomatoes, greenhouse",organic,311,22.81758303
"Tomatoes, greenhouse",organic,312,22.81758303
"Tomatoes, greenhouse",organic,321,22.81758303
"Tomatoes, greenhouse",organic,322,22.81758303
"Tomatoes, greenhouse",organic,411,22.81758303
"Tomatoes, greenhouse",organic,421,22.81758303
"Tomatoes, greenhouse",organic,422,22.81758303
"Tomatoes, greenhouse",organic,431,22.81758303
"Tomatoes, greenhouse",organic,511,22.81758303
"Tomatoes, greenhouse",organic,512,22.81758303
"Tomatoes, greenhouse",organic,513,22.81758303
"Tomatoes, greenhouse",organic,514,22.81758303
"Tomatoes, greenhouse",organic,515,22.81758303
"Tomatoes, greenhouse",organic,521,22.81758303
"Tomatoes, greenhouse",organic,611,22.81758303
"Tomatoes, greenhouse",organic,612,22.81758303
"Tomatoes, greenhouse",organic,621,22.81758303
"Tomatoes, greenhouse",organic,622,22.81758303
"Tomatoes, greenhouse",organic,711,22.81758303
"Tomatoes, greenhouse",organic,731,22.81758303
"Tomatoes, greenhouse",organic,811,22.81758303
"Tomatoes, greenhouse",organic,812,22.81758303
"Tomatoes, greenhouse",organic,813,22.81758303
"Tomatoes, greenhouse",organic,814,22.81758303
"Tomatoes, greenhouse",organic,821,22.81758303
"Tomatoes, greenhouse",organic,831,22.81758303
"Tomatoes, greenhouse",organic,911,22.81758303
"Tomatoes, greenhouse",organic,912,22.81758303
"Tomatoes, greenhouse",organic,913,22.81758303
"Triticale, spring",conventional,1011,3729.095616
"Triticale, spring",conventional,111,2888.142802
"Triticale, spring",conventional,1111,4428.368748
"Triticale, spring",conventional,1112,3850.488537
"Triticale, spring",conventional,112,2721.888179
"Triticale, spring",conventional,1121,5201.899417
"Triticale, spring",conventional,1122,4484.213889
"Triticale, spring",conventional,1123,4700.084241
"Triticale, spring",conventional,1124,3113.963287
"Triticale, spring",conventional,1131,3039.132874
"Triticale, spring",conventional,1211,5838.039597
"Triticale, spring",conventional,1212,4919.421506
"Triticale, spring",conventional,1213,4142.351066
"Triticale, spring",conventional,1214,5214.418663
"Triticale, spring",conventional,1215,4309.886489
"Triticale, spring",conventional,1216,4961.45478
"Triticale, spring",conventional,1221,3551.449102
"Triticale, spring",conventional,1222,4888.851852
"Triticale, spring",conventional,1311,3969.147941
"Triticale, spring",conventional,1321,3939.784135
"Triticale, spring",conventional,1322,3183.873652
"Triticale, spring",conventional,1331,3445.705761
"Triticale, spring",conventional,1411,3937.780037
"Triticale, spring",conventional,1412,2829.002341
"Triticale, spring",conventional,1421,3010.971421
"Triticale, spring",conventional,1511,3050.533157
"Triticale, spring",conventional,1512,4341.813078
"Triticale, spring",conventional,1521,3476.167139
"Triticale, spring",conventional,1522,2925.349922
"Triticale, spring",conventional,1611,2825.443282
"Triticale, spring",conventional,1612,4039.537691
"Triticale, spring",conventional,1613,4025.831348
"Triticale, spring",conventional,1614,3633.994057
"Triticale, spring",conventional,1615,4215.809194
"Triticale, spring",conventional,1616,3879.872759
"Triticale, spring",conventional,1617,3194.219004
"Triticale, spring",conventional,1621,3608.03454
"Triticale, spring",conventional,1622,4427.40023
"Triticale, spring",conventional,1623,4398.100124
"Triticale, spring",conventional,1711,3443.500133
"Triticale, spring",conventional,1712,2813.401859
"Triticale, spring",conventional,1713,2997.934354
"Triticale, spring",conventional,1721,2139.242853
"Triticale, spring",conventional,1722,3441.121597
"Triticale, spring",conventional,1723,2299.310861
"Triticale, spring",conventional,1724,2250.899329
"Triticale, spring",conventional,1811,3613.462403
"Triticale, spring",conventional,1812,4157.191936
"Triticale, spring",conventional,1813,2242.847094
"Triticale, spring",conventional,1821,3260.326501
"Triticale, spring",conventional,1911,3633.383463
"Triticale, spring",conventional,1912,2497.217717
"Triticale, spring",conventional,1921,3526.339144
"Triticale, spring",conventional,1922,3285.986119
"Triticale, spring",conventional,2011,2834.802436
"Triticale, spring",conventional,2012,2810.249609
"Triticale, spring",conventional,2019,2806.807497
"Triticale, spring",conventional,2111,2548.21223
"Triticale, spring",conventional,2121,2674.464334
"Triticale, spring",conventional,2122,1573.873705
"Triticale, spring",conventional,2211,1571.564292
"Triticale, spring",conventional,2212,1717.792116
"Triticale, spring",conventional,2221,2423.533769
"Triticale, spring",conventional,2311,2395.827445
"Triticale, spring",conventional,2312,2087.209775
"Triticale, spring",conventional,2319,2370.429981
"Triticale, spring",conventional,2331,2402.09881
"Triticale, spring",conventional,2411,2060.273071
"Triticale, spring",conventional,2412,2291.159108
"Triticale, spring",conventional,2413,2463.554016
"Triticale, spring",conventional,2414,2167.250268
"Triticale, spring",conventional,2415,2296.287719
"Triticale, spring",conventional,2419,2296.546449
"Triticale, spring",conventional,2511,1760.121223
"Triticale, spring",conventional,2512,1439.189631
"Triticale, spring",conventional,2519,1719.239845
"Triticale, spring",conventional,2521,1780.841605
"Triticale, spring",conventional,311,3582.421369
"Triticale, spring",conventional,312,2965.895577
"Triticale, spring",conventional,321,3908.660684
"Triticale, spring",conventional,322,2024.684003
"Triticale, spring",conventional,411,3363.552309
"Triticale, spring",conventional,421,3248.564311
"Triticale, spring",conventional,422,3715.412535
"Triticale, spring",conventional,431,2822.603513
"Triticale, spring",conventional,511,3249.567759
"Triticale, spring",conventional,512,2626.172314
"Triticale, spring",conventional,513,5175.743081
"Triticale, spring",conventional,514,4091.368016
"Triticale, spring",conventional,515,3575.88351
"Triticale, spring",conventional,521,2962.284546
"Triticale, spring",conventional,611,2745.272079
"Triticale, spring",conventional,612,3591.58977
"Triticale, spring",conventional,621,3305.522681
"Triticale, spring",conventional,622,2697.84616
"Triticale, spring",conventional,711,3231.575226
"Triticale, spring",conventional,731,3247.918556
"Triticale, spring",conventional,811,3691.763387
"Triticale, spring",conventional,812,3405.256462
"Triticale, spring",conventional,813,3528.41896
"Triticale, spring",conventional,814,3122.329589
"Triticale, spring",conventional,821,2705.437221
"Triticale, spring",conventional,831,2999.703077
"Triticale, spring",conventional,911,3245.488061
"Triticale, spring",conventional,912,3471.756377
"Triticale, spring",conventional,913,3132.353903
"Triticale, spring",organic,1011,2346.838458
"Triticale, spring",organic,111,1817.600109
"Triticale, spring",organic,1111,2786.913277
"Triticale, spring",organic,1112,2423.234883
"Triticale, spring",organic,112,1712.970788
"Triticale, spring",organic,1121,3273.720725
"Triticale, spring",organic,1122,2822.0584
"Triticale, spring",organic,1123,2957.912477
"Triticale, spring",organic,1124,1959.716122
"Triticale, spring",organic,1131,1912.622963
"Triticale, spring",organic,1211,3674.06397
"Triticale, spring",organic,1212,3095.948393
"Triticale, spring",organic,1213,2606.913254
"Triticale, spring",organic,1214,3281.599485
"Triticale, spring",organic,1215,2712.348623
"Triticale, spring",organic,1216,3122.401269
"Triticale, spring",organic,1221,2235.039857
"Triticale, spring",organic,1222,3076.709938
"Triticale, spring",organic,1311,2497.911019
"Triticale, spring",organic,1321,2479.431442
"Triticale, spring",organic,1322,2003.712937
"Triticale, spring",organic,1331,2168.49221
"Triticale, spring",organic,1411,2478.1702
"Triticale, spring",organic,1412,1780.381136
"Triticale, spring",organic,1421,1894.900065
"Triticale, spring",organic,1511,1919.797523
"Triticale, spring",organic,1512,2732.441041
"Triticale, spring",organic,1521,2187.662523
"Triticale, spring",organic,1522,1841.015733
"Triticale, spring",organic,1611,1778.141307
"Triticale, spring",organic,1612,2542.209527
"Triticale, spring",organic,1613,2533.58369
"Triticale, spring",organic,1614,2286.988022
"Triticale, spring",organic,1615,2653.14279
"Triticale, spring",organic,1616,2441.727308
"Triticale, spring",organic,1617,2010.223596
"Triticale, spring",organic,1621,2270.650873
"Triticale, spring",organic,1622,2786.303757
"Triticale, spring",organic,1623,2767.864269
"Triticale, spring",organic,1711,2167.104138
"Triticale, spring",organic,1712,1770.563257
"Triticale, spring",organic,1713,1886.695424
"Triticale, spring",organic,1721,1346.293556
"Triticale, spring",organic,1722,2165.60725
"Triticale, spring",organic,1723,1447.029443
"Triticale, spring",organic,1724,1416.562527
"Triticale, spring",organic,1811,2274.0668
"Triticale, spring",organic,1812,2616.253085
"Triticale, spring",organic,1813,1411.495
"Triticale, spring",organic,1821,2051.827146
"Triticale, spring",organic,1911,2286.603756
"Triticale, spring",organic,1912,1571.578521
"Triticale, spring",organic,1921,2219.237362
"Triticale, spring",organic,1922,2067.97556
"Triticale, spring",organic,2011,1784.03132
"Triticale, spring",organic,2012,1768.579446
"Triticale, spring",organic,2019,1766.413215
"Triticale, spring",organic,2111,1603.67099
"Triticale, spring",organic,2121,1683.125454
"Triticale, spring",organic,2122,990.4887719
"Triticale, spring",organic,2211,989.0353854
"Triticale, spring",organic,2212,1081.061205
"Triticale, spring",organic,2221,1525.20687
"Triticale, spring",organic,2311,1507.770399
"Triticale, spring",organic,2312,1313.547485
"Triticale, spring",organic,2319,1491.786967
"Triticale, spring",organic,2331,1511.717169
"Triticale, spring",organic,2411,1296.595361
"Triticale, spring",organic,2412,1441.899286
"Triticale, spring",organic,2413,1550.392884
"Triticale, spring",organic,2414,1363.919513
"Triticale, spring",organic,2415,1445.126884
"Triticale, spring",organic,2419,1445.289711
"Triticale, spring",organic,2511,1107.700258
"Triticale, spring",organic,2512,905.7278015
"Triticale, spring",organic,2519,1081.972307
"Triticale, spring",organic,2521,1120.740254
"Triticale, spring",organic,311,2254.53169
"Triticale, spring",organic,312,1866.532403
"Triticale, spring",organic,321,2459.844465
"Triticale, spring",organic,322,1274.198029
"Triticale, spring",organic,411,2116.79043
"Triticale, spring",organic,421,2044.424826
"Triticale, spring",organic,422,2338.227259
"Triticale, spring",organic,431,1776.35415
"Triticale, spring",organic,511,2045.056328
"Triticale, spring",organic,512,1652.73375
"Triticale, spring",organic,513,3257.259711
"Triticale, spring",organic,514,2574.827999
"Triticale, spring",organic,515,2250.417207
"Triticale, spring",organic,521,1864.259866
"Triticale, spring",organic,611,1727.68702
"Triticale, spring",organic,612,2260.301656
"Triticale, spring",organic,621,2080.27054
"Triticale, spring",organic,622,1697.840381
"Triticale, spring",organic,711,2033.733055
"Triticale, spring",organic,731,2044.018432
"Triticale, spring",organic,811,2323.344099
"Triticale, spring",organic,812,2143.036179
"Triticale, spring",organic,813,2220.546256
"Triticale, spring",organic,814,1964.981301
"Triticale, spring",organic,821,1702.617677
"Triticale, spring",organic,831,1887.808538
"Triticale, spring",organic,911,2042.488844
"Triticale, spring",organic,912,2184.886691
"Triticale, spring",organic,913,1971.289921
"Triticale, winter",conventional,1011,5533.984416
"Triticale, winter",conventional,111,4685.439405
"Triticale, winter",conventional,1111,6247.081521
"Triticale, winter",conventional,1112,5509.654778
"Triticale, winter",conventional,112,4410.820763
"Triticale, winter",conventional,1121,7416.446595
"Triticale, winter",conventional,1122,5412.298138
"Triticale, winter",conventional,1123,6755.921331
"Triticale, winter",conventional,1124,4488.203716
"Triticale, winter",conventional,1131,4449.116477
"Triticale, winter",conventional,1211,8219.096988
"Triticale, winter",conventional,1212,6925.818472
"Triticale, winter",conventional,1213,5905.828428
"Triticale, winter",conventional,1214,7341.130874
"Triticale, winter",conventional,1215,7027.711269
"Triticale, winter",conventional,1216,6984.99511
"Triticale, winter",conventional,1221,5063.368297
"Triticale, winter",conventional,1222,6882.780918
"Triticale, winter",conventional,1311,6001.516247
"Triticale, winter",conventional,1321,6132.075749
"Triticale, winter",conventional,1322,5008.893849
"Triticale, winter",conventional,1331,5678.955849
"Triticale, winter",conventional,1411,5815.047929
"Triticale, winter",conventional,1412,4177.679822
"Triticale, winter",conventional,1421,4446.399484
"Triticale, winter",conventional,1511,4964.370447
"Triticale, winter",conventional,1512,5574.938119
"Triticale, winter",conventional,1521,5116.028007
"Triticale, winter",conventional,1522,4311.825275
"Triticale, winter",conventional,1611,4244.169332
"Triticale, winter",conventional,1612,5062.206792
"Triticale, winter",conventional,1613,5935.744048
"Triticale, winter",conventional,1614,5454.378912
"Triticale, winter",conventional,1615,5474.554047
"Triticale, winter",conventional,1616,5552.170598
"Triticale, winter",conventional,1617,5832.214721
"Triticale, winter",conventional,1621,6301.429034
"Triticale, winter",conventional,1622,6211.393835
"Triticale, winter",conventional,1623,6634.662759
"Triticale, winter",conventional,1711,5672.722556
"Triticale, winter",conventional,1712,4438.387704
"Triticale, winter",conventional,1713,5171.458286
"Triticale, winter",conventional,1721,3346.540096
"Triticale, winter",conventional,1722,5858.960001
"Triticale, winter",conventional,1723,3716.132923
"Triticale, winter",conventional,1724,3404.176549
"Triticale, winter",conventional,1811,5562.840859
"Triticale, winter",conventional,1812,6308.035894
"Triticale, winter",conventional,1813,3478.935258
"Triticale, winter",conventional,1821,5020.796212
"Triticale, winter",conventional,1911,5824.443943
"Triticale, winter",conventional,1912,4012.738334
"Triticale, winter",conventional,1921,5717.418317
"Triticale, winter",conventional,1922,5438.822821
"Triticale, winter",conventional,2011,3797.888017
"Triticale, winter",conventional,2012,3688.47902
"Triticale, winter",conventional,2019,3679.546047
"Triticale, winter",conventional,2111,3083.804707
"Triticale, winter",conventional,2121,3628.616679
"Triticale, winter",conventional,2122,1958.349212
"Triticale, winter",conventional,2211,1799.738475
"Triticale, winter",conventional,2212,1901.01007
"Triticale, winter",conventional,2221,2817.01381
"Triticale, winter",conventional,2311,2997.149648
"Triticale, winter",conventional,2312,2611.374206
"Triticale, winter",conventional,2319,2965.785791
"Triticale, winter",conventional,2331,2973.548409
"Triticale, winter",conventional,2411,3185.878173
"Triticale, winter",conventional,2412,3542.905984
"Triticale, winter",conventional,2413,3809.48675
"Triticale, winter",conventional,2414,3349.599149
"Triticale, winter",conventional,2415,3545.452355
"Triticale, winter",conventional,2419,3551.236633
"Triticale, winter",conventional,2511,2721.750161
"Triticale, winter",conventional,2512,2225.48002
"Triticale, winter",conventional,2519,2658.533534
"Triticale, winter",conventional,2521,2753.790074
"Triticale, winter",conventional,311,5930.248588
"Triticale, winter",conventional,312,4909.717218
"Triticale, winter",conventional,321,6474.928537
"Triticale, winter",conventional,322,3333.618383
"Triticale, winter",conventional,411,5615.745278
"Triticale, winter",conventional,421,5417.522745
"Triticale, winter",conventional,422,6347.383996
"Triticale, winter",conventional,431,5023.309496
"Triticale, winter",conventional,511,5588.206867
"Triticale, winter",conventional,512,5382.452913
"Triticale, winter",conventional,513,7455.430929
"Triticale, winter",conventional,514,6516.407795
"Triticale, winter",conventional,515,6174.851028
"Triticale, winter",conventional,521,5991.157896
"Triticale, winter",conventional,611,4062.675916
"Triticale, winter",conventional,612,5280.648986
"Triticale, winter",conventional,621,4206.396601
"Triticale, winter",conventional,622,4400.592164
"Triticale, winter",conventional,711,5014.78481
"Triticale, winter",conventional,731,4747.432593
"Triticale, winter",conventional,811,5878.079013
"Triticale, winter",conventional,812,4404.8019
"Triticale, winter",conventional,813,4872.441972
"Triticale, winter",conventional,814,5274.79987
"Triticale, winter",conventional,821,5565.405526
"Triticale, winter",conventional,831,4537.185359
"Triticale, winter",conventional,911,4953.037982
"Triticale, winter",conventional,912,5932.904539
"Triticale, winter",conventional,913,5171.912001
"Triticale, winter",organic,1011,4113.702104
"Triticale, winter",organic,111,3482.933903
"Triticale, winter",organic,1111,4643.784743
"Triticale, winter",organic,1112,4095.616603
"Triticale, winter",organic,112,3278.795402
"Triticale, winter",organic,1121,5513.035395
"Triticale, winter",organic,1122,4023.246284
"Triticale, winter",organic,1123,5022.032175
"Triticale, winter",organic,1124,3336.318226
"Triticale, winter",organic,1131,3307.262623
"Triticale, winter",organic,1211,6109.68771
"Triticale, winter",organic,1212,5148.325669
"Triticale, winter",organic,1213,4390.113345
"Triticale, winter",organic,1214,5457.049253
"Triticale, winter",organic,1215,5224.067952
"Triticale, winter",organic,1216,5192.314781
"Triticale, winter",organic,1221,3763.868355
"Triticale, winter",organic,1222,5116.333588
"Triticale, winter",organic,1311,4461.243141
"Triticale, winter",organic,1321,4558.294895
"Triticale, winter",organic,1322,3723.374628
"Triticale, winter",organic,1331,4221.467007
"Triticale, winter",organic,1411,4322.631418
"Triticale, winter",organic,1412,3105.48946
"Triticale, winter",organic,1421,3305.242938
"Triticale, winter",organic,1511,3690.278038
"Triticale, winter",organic,1512,4144.145149
"Triticale, winter",organic,1521,3803.013091
"Triticale, winter",organic,1522,3205.206841
"Triticale, winter",organic,1611,3154.914615
"Triticale, winter",organic,1612,3763.004947
"Triticale, winter",organic,1613,4412.3512
"Triticale, winter",organic,1614,4054.52714
"Triticale, winter",organic,1615,4069.524381
"Triticale, winter",organic,1616,4127.220851
"Triticale, winter",organic,1617,4335.392398
"Triticale, winter",organic,1621,4684.184112
"Triticale, winter",organic,1622,4617.256207
"Triticale, winter",organic,1623,4931.894292
"Triticale, winter",organic,1711,4216.833472
"Triticale, winter",organic,1712,3299.28736
"Triticale, winter",organic,1713,3844.217336
"Triticale, winter",organic,1721,2487.659524
"Triticale, winter",organic,1722,4355.273574
"Triticale, winter",organic,1723,2762.397339
"Triticale, winter",organic,1724,2530.503735
"Triticale, winter",organic,1811,4135.152618
"Triticale, winter",organic,1812,4689.095339
"Triticale, winter",organic,1813,2586.075821
"Triticale, winter",organic,1821,3732.222282
"Triticale, winter",organic,1911,4329.61597
"Triticale, winter",organic,1912,2982.879764
"Triticale, winter",organic,1921,4250.058185
"Triticale, winter",organic,1922,4042.963478
"Triticale, winter",organic,2011,2823.170206
"Triticale, winter",organic,2012,2741.840736
"Triticale, winter",organic,2019,2735.200387
"Triticale, winter",organic,2111,2292.35447
"Triticale, winter",organic,2121,2697.341905
"Triticale, winter",organic,2122,1455.74412
"Triticale, winter",organic,2211,1337.840405
"Triticale, winter",organic,2212,1413.120915
"Triticale, winter",organic,2221,2094.034744
"Triticale, winter",organic,2311,2227.9392
"Triticale, winter",organic,2312,1941.171995
"Triticale, winter",organic,2319,2204.624794
"Triticale, winter",organic,2331,2210.395156
"Triticale, winter",organic,2411,2368.231053
"Triticale, winter",organic,2412,2633.628631
"Triticale, winter",organic,2413,2831.792156
"Triticale, winter",organic,2414,2489.933479
"Triticale, winter",organic,2415,2635.521483
"Triticale, winter",organic,2419,2639.821241
"Triticale, winter",organic,2511,2023.220256
"Triticale, winter",organic,2512,1654.31652
"Triticale, winter",organic,2519,1976.228007
"Triticale, winter",organic,2521,2047.03721
"Triticale, winter",organic,311,4408.266136
"Triticale, winter",organic,312,3649.651414
"Triticale, winter",organic,321,4813.155431
"Triticale, winter",organic,322,2478.054133
"Triticale, winter",organic,411,4174.47926
"Triticale, winter",organic,421,4027.13001
"Triticale, winter",organic,422,4718.344856
"Triticale, winter",organic,431,3734.090538
"Triticale, winter",organic,511,4154.008508
"Triticale, winter",organic,512,4001.060757
"Triticale, winter",organic,513,5542.014505
"Triticale, winter",organic,514,4843.989148
"Triticale, winter",organic,515,4590.092013
"Triticale, winter",organic,521,4453.543232
"Triticale, winter",organic,611,3020.000999
"Triticale, winter",organic,612,3925.384535
"Triticale, winter",organic,621,3126.836154
"Triticale, winter",organic,622,3271.191945
"Triticale, winter",organic,711,3727.75369
"Triticale, winter",organic,731,3529.016705
"Triticale, winter",organic,811,4369.485743
"Triticale, winter",organic,812,3274.321264
"Triticale, winter",organic,813,3621.942761
"Triticale, winter",organic,814,3921.03658
"Triticale, winter",organic,821,4137.05907
"Triticale, winter",organic,831,3372.728862
"Triticale, winter",organic,911,3681.85402
"Triticale, winter",organic,912,4410.240444
"Triticale, winter",organic,913,3844.554607
"Wheat, spring",conventional,1011,6580.801319
"Wheat, spring",conventional,111,4363.296312
"Wheat, spring",conventional,1111,5731.101408
"Wheat, spring",conventional,1112,4116.414552
"Wheat, spring",conventional,112,3591.419382
"Wheat, spring",conventional,1121,6608.995838
"Wheat, spring",conventional,1122,4792.654035
"Wheat, spring",conventional,1123,5643.311965
"Wheat, spring",conventional,1124,3465.498758
"Wheat, spring",conventional,1131,3949.860898
"Wheat, spring",conventional,1211,4678.660908
"Wheat, spring",conventional,1212,4399.800324
"Wheat, spring",conventional,1213,4427.276674
"Wheat, spring",conventional,1214,5681.526193
"Wheat, spring",conventional,1215,4286.190456
"Wheat, spring",conventional,1216,5833.350288
"Wheat, spring",conventional,1221,3795.730375
"Wheat, spring",conventional,1222,4235.582424
"Wheat, spring",conventional,1311,4790.513825
"Wheat, spring",conventional,1321,5309.795437
"Wheat, spring",conventional,1322,4398.263658
"Wheat, spring",conventional,1331,4846.828825
"Wheat, spring",conventional,1411,4768.396416
"Wheat, spring",conventional,1412,3851.997412
"Wheat, spring",conventional,1421,3646.091248
"Wheat, spring",conventional,1511,3689.242966
"Wheat, spring",conventional,1512,4830.104831
"Wheat, spring",conventional,1521,4183.938107
"Wheat, spring",conventional,1522,4388.053995
"Wheat, spring",conventional,1611,3901.749933
"Wheat, spring",conventional,1612,4819.27719
"Wheat, spring",conventional,1613,4867.368419
"Wheat, spring",conventional,1614,5169.844862
"Wheat, spring",conventional,1615,4114.989681
"Wheat, spring",conventional,1616,5420.998101
"Wheat, spring",conventional,1617,3819.314177
"Wheat, spring",conventional,1621,3951.59874
"Wheat, spring",conventional,1622,5547.458214
"Wheat, spring",conventional,1623,4120.585262
"Wheat, spring",conventional,1711,4989.852122
"Wheat, spring",conventional,1712,3570.519557
"Wheat, spring",conventional,1713,4134.062027
"Wheat, spring",conventional,1721,2774.721621
"Wheat, spring",conventional,1722,4327.891416
"Wheat, spring",conventional,1723,3046.788525
"Wheat, spring",conventional,1724,3102.481258
"Wheat, spring",conventional,1811,3951.309829
"Wheat, spring",conventional,1812,5291.456068
"Wheat, spring",conventional,1813,2871.553318
"Wheat, spring",conventional,1821,4808.57022
"Wheat, spring",conventional,1911,4586.142539
"Wheat, spring",conventional,1912,3498.890528
"Wheat, spring",conventional,1921,5241.305324
"Wheat, spring",conventional,1922,4240.805873
"Wheat, spring",conventional,2011,3827.037551
"Wheat, spring",conventional,2012,3726.129588
"Wheat, spring",conventional,2019,3572.669194
"Wheat, spring",conventional,2111,4119.646029
"Wheat, spring",conventional,2121,4468.788608
"Wheat, spring",conventional,2122,2491.698541
"Wheat, spring",conventional,2211,2494.211375
"Wheat, spring",conventional,2212,2716.039567
"Wheat, spring",conventional,2221,3844.039862
"Wheat, spring",conventional,2311,4509.975272
"Wheat, spring",conventional,2312,3937.098977
"Wheat, spring",conventional,2319,3566.001865
"Wheat, spring",conventional,2331,3729.087371
"Wheat, spring",conventional,2411,2500.832235
"Wheat, spring",conventional,2412,2781.089864
"Wheat, spring",conventional,2413,2990.348893
"Wheat, spring",conventional,2414,2633.948894
"Wheat, spring",conventional,2415,2824.620361
"Wheat, spring",conventional,2419,2998.177067
"Wheat, spring",conventional,2511,2322.09506
"Wheat, spring",conventional,2512,1900.249441
"Wheat, spring",conventional,2519,2244.488979
"Wheat, spring",conventional,2521,2324.911435
"Wheat, spring",conventional,311,4351.184352
"Wheat, spring",conventional,312,4248.854811
"Wheat, spring",conventional,321,4540.169904
"Wheat, spring",conventional,322,2676.289986
"Wheat, spring",conventional,411,4068.52895
"Wheat, spring",conventional,421,4327.371078
"Wheat, spring",conventional,422,4667.828888
"Wheat, spring",conventional,431,4386.872424
"Wheat, spring",conventional,511,4071.953042
"Wheat, spring",conventional,512,3286.599347
"Wheat, spring",conventional,513,6549.169747
"Wheat, spring",conventional,514,4817.371531
"Wheat, spring",conventional,515,4445.810347
"Wheat, spring",conventional,521,3735.326774
"Wheat, spring",conventional,611,4059.955218
"Wheat, spring",conventional,612,5303.399142
"Wheat, spring",conventional,621,5018.814573
"Wheat, spring",conventional,622,3973.440703
"Wheat, spring",conventional,711,5144.085284
"Wheat, spring",conventional,731,4956.912235
"Wheat, spring",conventional,811,4435.10099
"Wheat, spring",conventional,812,4573.941379
"Wheat, spring",conventional,813,4960.99075
"Wheat, spring",conventional,814,4193.119511
"Wheat, spring",conventional,821,4089.7165
"Wheat, spring",conventional,831,4390.636201
"Wheat, spring",conventional,911,3487.397164
"Wheat, spring",conventional,912,4325.485812
"Wheat, spring",conventional,913,3776.037781
"Wheat, spring",organic,1011,4269.999997
"Wheat, spring",organic,111,2831.156015
"Wheat, spring",organic,1111,3718.666133
"Wheat, spring",organic,1112,2670.96502
"Wheat, spring",organic,112,2330.31815
"Wheat, spring",organic,1121,4288.294213
"Wheat, spring",organic,1122,3109.747844
"Wheat, spring",organic,1123,3661.703325
"Wheat, spring",organic,1124,2248.613652
"Wheat, spring",organic,1131,2562.89549
"Wheat, spring",organic,1211,3035.782588
"Wheat, spring",organic,1212,2854.841904
"Wheat, spring",organic,1213,2872.670131
"Wheat, spring",organic,1214,3686.4989
"Wheat, spring",organic,1215,2781.125329
"Wheat, spring",organic,1216,3785.011051
"Wheat, spring",organic,1221,2462.886798
"Wheat, spring",organic,1222,2748.287946
"Wheat, spring",organic,1311,3108.359154
"Wheat, spring",organic,1321,3445.298741
"Wheat, spring",organic,1322,2853.844828
"Wheat, spring",organic,1331,3144.899544
"Wheat, spring",organic,1411,3094.008115
"Wheat, spring",organic,1412,2499.396068
"Wheat, spring",organic,1421,2365.792381
"Wheat, spring",organic,1511,2393.791681
"Wheat, spring",organic,1512,3134.048061
"Wheat, spring",organic,1521,2714.778161
"Wheat, spring",organic,1522,2847.220215
"Wheat, spring",organic,1611,2531.678347
"Wheat, spring",organic,1612,3127.022469
"Wheat, spring",organic,1613,3158.226807
"Wheat, spring",organic,1614,3354.49081
"Wheat, spring",organic,1615,2670.040482
"Wheat, spring",organic,1616,3517.453385
"Wheat, spring",organic,1617,2478.189317
"Wheat, spring",organic,1621,2564.023101
"Wheat, spring",organic,1622,3599.507933
"Wheat, spring",organic,1623,2673.671215
"Wheat, spring",organic,1711,3237.701234
"Wheat, spring",organic,1712,2316.757148
"Wheat, spring",organic,1713,2682.41571
"Wheat, spring",organic,1721,1800.397967
"Wheat, spring",organic,1722,2808.183295
"Wheat, spring",organic,1723,1976.930523
"Wheat, spring",organic,1724,2013.067151
"Wheat, spring",organic,1811,2563.835639
"Wheat, spring",organic,1812,3433.399111
"Wheat, spring",organic,1813,1863.227905
"Wheat, spring",organic,1821,3120.075175
"Wheat, spring",organic,1911,2975.751384
"Wheat, spring",organic,1912,2270.280141
"Wheat, spring",organic,1921,3400.858441
"Wheat, spring",organic,1922,2751.677218
"Wheat, spring",organic,2011,2483.200683
"Wheat, spring",organic,2012,2417.72583
"Wheat, spring",organic,2019,2318.151956
"Wheat, spring",organic,2111,2673.061786
"Wheat, spring",organic,2121,2899.605446
"Wheat, spring",organic,2122,1616.756417
"Wheat, spring",organic,2211,1618.386887
"Wheat, spring",organic,2212,1762.321696
"Wheat, spring",organic,2221,2494.232754
"Wheat, spring",organic,2311,2926.329708
"Wheat, spring",organic,2312,2554.614827
"Wheat, spring",organic,2319,2313.825812
"Wheat, spring",organic,2331,2419.645008
"Wheat, spring",organic,2411,1622.68288
"Wheat, spring",organic,2412,1804.530046
"Wheat, spring",organic,2413,1940.309264
"Wheat, spring",organic,2414,1709.056576
"Wheat, spring",organic,2415,1832.775121
"Wheat, spring",organic,2419,1945.388631
"Wheat, spring",organic,2511,1506.707986
"Wheat, spring",organic,2512,1232.990439
"Wheat, spring",organic,2519,1456.352725
"Wheat, spring",organic,2521,1508.53541
"Wheat, spring",organic,311,2823.297083
"Wheat, spring",organic,312,2756.899829
"Wheat, spring",organic,321,2945.921711
"Wheat, spring",organic,322,1736.529896
"Wheat, spring",organic,411,2639.894105
"Wheat, spring",organic,421,2807.84567
"Wheat, spring",organic,422,3028.754155
"Wheat, spring",organic,431,2846.453544
"Wheat, spring",organic,511,2642.115851
"Wheat, spring",organic,512,2132.53349
"Wheat, spring",organic,513,4249.475626
"Wheat, spring",organic,514,3125.785968
"Wheat, spring",organic,515,2884.695837
"Wheat, spring",organic,521,2423.693489
"Wheat, spring",organic,611,2634.330977
"Wheat, spring",organic,612,3441.148459
"Wheat, spring",organic,621,3256.493727
"Wheat, spring",organic,622,2578.195415
"Wheat, spring",organic,711,3337.776523
"Wheat, spring",organic,731,3216.327952
"Wheat, spring",organic,811,2877.746994
"Wheat, spring",organic,812,2967.834573
"Wheat, spring",organic,813,3218.974326
"Wheat, spring",organic,814,2720.735581
"Wheat, spring",organic,821,2653.641798
"Wheat, spring",organic,831,2848.895698
"Wheat, spring",organic,911,2262.822589
"Wheat, spring",organic,912,2806.622402
"Wheat, spring",organic,913,2450.109118
"Wheat, winter",conventional,1011,7461.057983
"Wheat, winter",conventional,111,5539.594711
"Wheat, winter",conventional,1111,7638.601783
"Wheat, winter",conventional,1112,7767.327419
"Wheat, winter",conventional,112,5906.858034
"Wheat, winter",conventional,1121,9072.534128
"Wheat, winter",conventional,1122,8462.008312
"Wheat, winter",conventional,1123,6827.245106
"Wheat, winter",conventional,1124,6841.757528
"Wheat, winter",conventional,1131,5463.262987
"Wheat, winter",conventional,1211,8772.291991
"Wheat, winter",conventional,1212,8578.490211
"Wheat, winter",conventional,1213,7760.104454
"Wheat, winter",conventional,1214,8341.509795
"Wheat, winter",conventional,1215,7701.863504
"Wheat, winter",conventional,1216,8140.678935
"Wheat, winter",conventional,1221,6133.276376
"Wheat, winter",conventional,1222,7378.525819
"Wheat, winter",conventional,1311,7008.40146
"Wheat, winter",conventional,1321,6923.89372
"Wheat, winter",conventional,1322,6088.375356
"Wheat, winter",conventional,1331,6725.117091
"Wheat, winter",conventional,1411,6940.793916
"Wheat, winter",conventional,1412,5660.702438
"Wheat, winter",conventional,1421,5235.529064
"Wheat, winter",conventional,1511,5373.585377
"Wheat, winter",conventional,1512,7298.292343
"Wheat, winter",conventional,1521,6073.817056
"Wheat, winter",conventional,1522,5148.174535
"Wheat, winter",conventional,1611,5557.248679
"Wheat, winter",conventional,1612,6341.130607
"Wheat, winter",conventional,1613,6045.530893
"Wheat, winter",conventional,1614,6282.105591
"Wheat, winter",conventional,1615,6998.291665
"Wheat, winter",conventional,1616,6668.29092
"Wheat, winter",conventional,1617,6965.382283
"Wheat, winter",conventional,1621,6842.084416
"Wheat, winter",conventional,1622,7969.673169
"Wheat, winter",conventional,1623,7908.638549
"Wheat, winter",conventional,1711,6363.580746
"Wheat, winter",conventional,1712,5940.495073
"Wheat, winter",conventional,1713,6009.971799
"Wheat, winter",conventional,1721,4048.680343
"Wheat, winter",conventional,1722,6464.149174
"Wheat, winter",conventional,1723,4471.363873
"Wheat, winter",conventional,1724,4708.761219
"Wheat, winter",conventional,1811,6173.412698
"Wheat, winter",conventional,1812,7219.124155
"Wheat, winter",conventional,1813,4893.129457
"Wheat, winter",conventional,1821,5885.110699
"Wheat, winter",conventional,1911,6332.806751
"Wheat, winter",conventional,1912,4895.521856
"Wheat, winter",conventional,1921,6111.148106
"Wheat, winter",conventional,1922,5968.058658
"Wheat, winter",conventional,2011,6216.709308
"Wheat, winter",conventional,2012,6036.003967
"Wheat, winter",conventional,2019,5898.148349
"Wheat, winter",conventional,2111,5667.436348
"Wheat, winter",conventional,2121,5915.87102
"Wheat, winter",conventional,2122,3478.824533
"Wheat, winter",conventional,2211,3292.097039
"Wheat, winter",conventional,2212,3598.397544
"Wheat, winter",conventional,2221,5226.561999
"Wheat, winter",conventional,2311,5266.27838
"Wheat, winter",conventional,2312,4379.623151
"Wheat, winter",conventional,2319,4973.910489
"Wheat, winter",conventional,2331,5042.40008
"Wheat, winter",conventional,2411,4343.33743
"Wheat, winter",conventional,2412,5309.279521
"Wheat, winter",conventional,2413,5193.508821
"Wheat, winter",conventional,2414,4568.803368
"Wheat, winter",conventional,2415,4840.709449
"Wheat, winter",conventional,2419,4841.434027
"Wheat, winter",conventional,2511,3605.203282
"Wheat, winter",conventional,2512,3034.008811
"Wheat, winter",conventional,2519,3624.393008
"Wheat, winter",conventional,2521,3754.257926
"Wheat, winter",conventional,311,6578.186227
"Wheat, winter",conventional,312,5842.213976
"Wheat, winter",conventional,321,6690.955382
"Wheat, winter",conventional,322,3779.016574
"Wheat, winter",conventional,411,6718.261263
"Wheat, winter",conventional,421,6299.007134
"Wheat, winter",conventional,422,6618.961831
"Wheat, winter",conventional,431,5985.759945
"Wheat, winter",conventional,511,6584.335338
"Wheat, winter",conventional,512,5872.268826
"Wheat, winter",conventional,513,8693.244453
"Wheat, winter",conventional,514,7394.767734
"Wheat, winter",conventional,515,6977.882895
"Wheat, winter",conventional,521,6394.034421
"Wheat, winter",conventional,611,5685.678257
"Wheat, winter",conventional,612,7440.762434
"Wheat, winter",conventional,621,6585.937351
"Wheat, winter",conventional,622,5550.258235
"Wheat, winter",conventional,711,6153.363509
"Wheat, winter",conventional,731,6127.765273
"Wheat, winter",conventional,811,7486.66088
"Wheat, winter",conventional,812,6474.475667
"Wheat, winter",conventional,813,6304.307971
"Wheat, winter",conventional,814,6029.878432
"Wheat, winter",conventional,821,5601.977251
"Wheat, winter",conventional,831,5788.268853
"Wheat, winter",conventional,911,5654.130248
"Wheat, winter",conventional,912,6727.529929
"Wheat, winter",conventional,913,5982.427945
"Wheat, winter",organic,1011,4696.750623
"Wheat, winter",organic,111,3487.185728
"Wheat, winter",organic,1111,4808.514794
"Wheat, winter",organic,1112,4889.547833
"Wheat, winter",organic,112,3718.378709
"Wheat, winter",organic,1121,5711.178015
"Wheat, winter",organic,1122,5326.850817
"Wheat, winter",organic,1123,4297.764175
"Wheat, winter",organic,1124,4306.899773
"Wheat, winter",organic,1131,3439.134758
"Wheat, winter",organic,1211,5522.175001
"Wheat, winter",organic,1212,5400.176401
"Wheat, winter",organic,1213,4885.000963
"Wheat, winter",organic,1214,5250.996765
"Wheat, winter",organic,1215,4848.338171
"Wheat, winter",organic,1216,5124.573344
"Wheat, winter",organic,1221,3860.909499
"Wheat, winter",organic,1222,4644.796464
"Wheat, winter",organic,1311,4411.802455
"Wheat, winter",organic,1321,4358.604667
"Wheat, winter",organic,1322,3832.644219
"Wheat, winter",organic,1331,4233.47439
"Wheat, winter",organic,1411,4369.243373
"Wheat, winter",organic,1412,3563.423279
"Wheat, winter",organic,1421,3295.775807
"Wheat, winter",organic,1511,3382.682526
"Wheat, winter",organic,1512,4594.289334
"Wheat, winter",organic,1521,3823.479741
"Wheat, winter",organic,1522,3240.78596
"Wheat, winter",organic,1611,3498.298935
"Wheat, winter",organic,1612,3991.754145
"Wheat, winter",organic,1613,3805.673546
"Wheat, winter",organic,1614,3954.597782
"Wheat, winter",organic,1615,4405.438319
"Wheat, winter",organic,1616,4197.702203
"Wheat, winter",organic,1617,4384.721799
"Wheat, winter",organic,1621,4307.10555
"Wheat, winter",organic,1622,5016.92488
"Wheat, winter",organic,1623,4978.503466
"Wheat, winter",organic,1711,4005.886552
"Wheat, winter",organic,1712,3739.553292
"Wheat, winter",organic,1713,3783.289027
"Wheat, winter",organic,1721,2548.652211
"Wheat, winter",organic,1722,4069.194574
"Wheat, winter",organic,1723,2814.732321
"Wheat, winter",organic,1724,2964.174416
"Wheat, winter",organic,1811,3886.175393
"Wheat, winter",organic,1812,4544.452804
"Wheat, winter",organic,1813,3080.234583
"Wheat, winter",organic,1821,3704.688719
"Wheat, winter",organic,1911,3986.514261
"Wheat, winter",organic,1912,3081.740603
"Wheat, winter",organic,1921,3846.97971
"Wheat, winter",organic,1922,3756.904622
"Wheat, winter",organic,2011,3913.430694
"Wheat, winter",organic,2012,3799.676327
"Wheat, winter",organic,2019,3712.895946
"Wheat, winter",organic,2111,3567.662288
"Wheat, winter",organic,2121,3724.052402
"Wheat, winter",organic,2122,2189.926862
"Wheat, winter",organic,2211,2072.381538
"Wheat, winter",organic,2212,2265.198306
"Wheat, winter",organic,2221,3290.131022
"Wheat, winter",organic,2311,3315.132562
"Wheat, winter",organic,2312,2756.981357
"Wheat, winter",organic,2319,3131.086401
"Wheat, winter",organic,2331,3174.200733
"Wheat, winter",organic,2411,2734.139425
"Wheat, winter",organic,2412,3342.201864
"Wheat, winter",organic,2413,3269.323981
"Wheat, winter",organic,2414,2876.070675
"Wheat, winter",organic,2415,3047.236085
"Wheat, winter",organic,2419,3047.692209
"Wheat, winter",organic,2511,2269.482532
"Wheat, winter",organic,2512,1909.914493
"Wheat, winter",organic,2519,2281.562502
"Wheat, winter",organic,2521,2363.312722
"Wheat, winter",organic,311,4140.981122
"Wheat, winter",organic,312,3677.685148
"Wheat, winter",organic,321,4211.969526
"Wheat, winter",organic,322,2378.89834
"Wheat, winter",organic,411,4229.158632
"Wheat, winter",organic,421,3965.237336
"Wheat, winter",organic,422,4166.649445
"Wheat, winter",organic,431,3768.047617
"Wheat, winter",organic,511,4144.852
"Wheat, winter",organic,512,3696.604735
"Wheat, winter",organic,513,5472.414421
"Wheat, winter",organic,514,4655.020782
"Wheat, winter",organic,515,4392.590959
"Wheat, winter",organic,521,4025.0572
"Wheat, winter",organic,611,3579.145606
"Wheat, winter",organic,612,4683.974535
"Wheat, winter",organic,621,4145.86047
"Wheat, winter",organic,622,3493.898437
"Wheat, winter",organic,711,3873.554389
"Wheat, winter",organic,731,3857.440249
"Wheat, winter",organic,811,4712.867697
"Wheat, winter",organic,812,4075.695121
"Wheat, winter",organic,813,3968.574223
"Wheat, winter",organic,814,3795.820291
"Wheat, winter",organic,821,3526.455659
"Wheat, winter",organic,831,3643.726588
"Wheat, winter",organic,911,3559.286073
"Wheat, winter",organic,912,4234.993276
"Wheat, winter",organic,913,3765.950117
