f_crop,f_prod_system,f_region,x0_crops
Apples,conventional,1011,24.606128694425006
Apples,conventional,111,0.0
Apples,conventional,1111,249.06088687385014
Apples,conventional,1112,123.42648405982159
Apples,conventional,112,6.059961153798677
Apples,conventional,1121,85.34188094387957
Apples,conventional,1122,403.9527905562927
Apples,conventional,1123,10.86992696613275
Apples,conventional,1124,21.275570149098613
Apples,conventional,1131,0.0
Apples,conventional,1211,15.288075174381602
Apples,conventional,1212,0.056628200463175224
Apples,conventional,1213,0.0
Apples,conventional,1214,20.10323125368599
Apples,conventional,1215,3.9772530965819435
Apples,conventional,1216,63.18755382069637
Apples,conventional,1221,5.971469208832498
Apples,conventional,1222,59.494809817495366
Apples,conventional,1311,0.28874718208926187
Apples,conventional,1321,0.29299506072302967
Apples,conventional,1322,0.8379872515019252
Apples,conventional,1331,9.667952772200056
Apples,conventional,1411,3.478745512788107
Apples,conventional,1412,4.642033336738167
Apples,conventional,1421,0.0
Apples,conventional,1511,0.18511877663342838
Apples,conventional,1512,0.0
Apples,conventional,1521,2.2657268452438686
Apples,conventional,1522,0.0
Apples,conventional,1611,0.0
Apples,conventional,1612,0.0
Apples,conventional,1613,7.339822579012358
Apples,conventional,1614,0.0
Apples,conventional,1615,0.0
Apples,conventional,1616,0.0
Apples,conventional,1617,0.0
Apples,conventional,1621,1.5118427507899241
Apples,conventional,1622,0.0
Apples,conventional,1623,11.473232956696782
Apples,conventional,1711,0.0
Apples,conventional,1712,0.0
Apples,conventional,1713,0.0
Apples,conventional,1721,0.0
Apples,conventional,1722,0.0
Apples,conventional,1723,0.0
Apples,conventional,1724,0.0
Apples,conventional,1811,0.0
Apples,conventional,1812,0.0
Apples,conventional,1813,0.0
Apples,conventional,1821,0.0
Apples,conventional,1911,8.81728875184099
Apples,conventional,1912,0.0
Apples,conventional,1921,0.0
Apples,conventional,1922,0.0
Apples,conventional,2011,0.0
Apples,conventional,2012,0.0
Apples,conventional,2019,0.0
Apples,conventional,2111,0.0
Apples,conventional,2121,0.0
Apples,conventional,2122,0.0
Apples,conventional,2211,0.0
Apples,conventional,2212,0.0
Apples,conventional,2221,0.0
Apples,conventional,2311,0.0
Apples,conventional,2312,0.0
Apples,conventional,2319,0.0
Apples,conventional,2331,0.0
Apples,conventional,2411,0.0
Apples,conventional,2412,0.0
Apples,conventional,2413,0.0
Apples,conventional,2414,0.0
Apples,conventional,2415,0.0
Apples,conventional,2419,0.0
Apples,conventional,2511,0.0
Apples,conventional,2512,0.0
Apples,conventional,2519,0.0
Apples,conventional,2521,0.0
Apples,conventional,311,0.8103752393938812
Apples,conventional,312,0.0
Apples,conventional,321,38.96521663495188
Apples,conventional,322,0.0
Apples,conventional,411,0.0
Apples,conventional,421,0.944992052797358
Apples,conventional,422,4.200279241524232
Apples,conventional,431,1.743515165098509
Apples,conventional,511,0.0
Apples,conventional,512,0.0
Apples,conventional,513,0.0
Apples,conventional,514,0.0
Apples,conventional,515,4.248995614978362
Apples,conventional,521,0.0
Apples,conventional,611,0.0
Apples,conventional,612,69.64281655204414
Apples,conventional,621,0.3940638413372485
Apples,conventional,622,1.393944984773081
Apples,conventional,711,0.0
Apples,conventional,731,22.625737895415046
Apples,conventional,811,1.1537264974248997
Apples,conventional,812,3.2753881996064207
Apples,conventional,813,0.0
Apples,conventional,814,0.35222497250386686
Apples,conventional,821,0.7492384454065119
Apples,conventional,831,0.7551521844507084
Apples,conventional,911,0.0
Apples,conventional,912,7.084338799504741
Apples,conventional,913,0.0
Apples,organic,1011,0.27180119908852474
Apples,organic,111,0.0
Apples,organic,1111,57.9464543523421
Apples,organic,1112,28.488571921950108
Apples,organic,112,0.049243040511394734
Apples,organic,1121,19.855624343626125
Apples,organic,1122,93.98357258049691
Apples,organic,1123,2.528994956463542
Apples,organic,1124,2.512631060021753
Apples,organic,1131,0.0
Apples,organic,1211,3.556920403468181
Apples,organic,1212,0.013175105390420853
Apples,organic,1213,0.0
Apples,organic,1214,4.6772136195207645
Apples,organic,1215,0.9253468816463712
Apples,organic,1216,14.70120318394954
Apples,organic,1221,1.3893207892626327
Apples,organic,1222,13.842050129039098
Apples,organic,1311,0.007045233316687795
Apples,organic,1321,0.008666230218034575
Apples,organic,1322,0.008746042176767872
Apples,organic,1331,0.33787981459287403
Apples,organic,1411,0.2680969966669842
Apples,organic,1412,0.3577482720229458
Apples,organic,1421,0.0
Apples,organic,1511,0.013740450528023612
Apples,organic,1512,0.0
Apples,organic,1521,0.1595174457589364
Apples,organic,1522,0.0
Apples,organic,1611,0.0
Apples,organic,1612,0.0
Apples,organic,1613,0.5656591958992174
Apples,organic,1614,0.0
Apples,organic,1615,0.0
Apples,organic,1616,0.0
Apples,organic,1617,0.0
Apples,organic,1621,0.11651340962698897
Apples,organic,1622,0.0
Apples,organic,1623,0.8842093468590061
Apples,organic,1711,0.0
Apples,organic,1712,0.0
Apples,organic,1713,0.0
Apples,organic,1721,0.0
Apples,organic,1722,0.0
Apples,organic,1723,0.0
Apples,organic,1724,0.0
Apples,organic,1811,0.0
Apples,organic,1812,0.0
Apples,organic,1813,0.0
Apples,organic,1821,0.0
Apples,organic,1911,0.0563041473418167
Apples,organic,1912,0.0
Apples,organic,1921,0.0
Apples,organic,1922,0.0
Apples,organic,2011,0.0
Apples,organic,2012,0.0
Apples,organic,2019,0.0
Apples,organic,2111,0.0
Apples,organic,2121,0.0
Apples,organic,2122,0.0
Apples,organic,2211,0.0
Apples,organic,2212,0.0
Apples,organic,2221,0.0
Apples,organic,2311,0.0
Apples,organic,2312,0.0
Apples,organic,2319,0.0
Apples,organic,2331,0.0
Apples,organic,2411,0.0
Apples,organic,2412,0.0
Apples,organic,2413,0.0
Apples,organic,2414,0.0
Apples,organic,2415,0.0
Apples,organic,2419,0.0
Apples,organic,2511,0.0
Apples,organic,2512,0.0
Apples,organic,2519,0.0
Apples,organic,2521,0.0
Apples,organic,311,0.006635343703557241
Apples,organic,312,0.0
Apples,organic,321,0.31522428704893574
Apples,organic,322,0.0
Apples,organic,411,0.0
Apples,organic,421,0.005196796200034233
Apples,organic,422,0.017894633887352004
Apples,organic,431,0.007873511901385265
Apples,organic,511,0.0
Apples,organic,512,0.0
Apples,organic,513,0.0
Apples,organic,514,0.0
Apples,organic,515,0.03203831708342043
Apples,organic,521,0.0
Apples,organic,611,0.0
Apples,organic,612,0.20899275889984456
Apples,organic,621,0.0010833335840883932
Apples,organic,622,0.004438624398859612
Apples,organic,711,0.0
Apples,organic,731,1.5317781071107697
Apples,organic,811,0.022086106001273215
Apples,organic,812,0.06331971633416675
Apples,organic,813,0.0
Apples,organic,814,0.006745150810181055
Apples,organic,821,0.013017251272417527
Apples,organic,831,0.0076146425778756115
Apples,organic,911,0.0
Apples,organic,912,0.41566120049525906
Apples,organic,913,0.0
"Barley, spring",conventional,1011,2737.631683312599
"Barley, spring",conventional,111,3197.230023460866
"Barley, spring",conventional,1111,3724.632698441353
"Barley, spring",conventional,1112,2374.3124873410134
"Barley, spring",conventional,112,3182.2581944662716
"Barley, spring",conventional,1121,8261.758521602524
"Barley, spring",conventional,1122,4514.575690156518
"Barley, spring",conventional,1123,5045.861526431093
"Barley, spring",conventional,1124,1525.884848844692
"Barley, spring",conventional,1131,313.03739456287354
"Barley, spring",conventional,1211,8480.740564963031
"Barley, spring",conventional,1212,5548.578551416728
"Barley, spring",conventional,1213,3329.5028662142877
"Barley, spring",conventional,1214,6411.195092358539
"Barley, spring",conventional,1215,8717.183222577394
"Barley, spring",conventional,1216,7758.305753965879
"Barley, spring",conventional,1221,1698.753931423063
"Barley, spring",conventional,1222,3203.8330911876087
"Barley, spring",conventional,1311,6611.512634806476
"Barley, spring",conventional,1321,6934.417072982745
"Barley, spring",conventional,1322,500.17706579858907
"Barley, spring",conventional,1331,2197.050847316353
"Barley, spring",conventional,1411,317.10176194578895
"Barley, spring",conventional,1412,1233.020261302819
"Barley, spring",conventional,1421,699.3188265235948
"Barley, spring",conventional,1511,2365.4008977264043
"Barley, spring",conventional,1512,3511.251402849522
"Barley, spring",conventional,1521,982.0580993483818
"Barley, spring",conventional,1522,1112.6654166795047
"Barley, spring",conventional,1611,632.0536343700824
"Barley, spring",conventional,1612,5004.058079739367
"Barley, spring",conventional,1613,2592.9575146069155
"Barley, spring",conventional,1614,1570.3796423224135
"Barley, spring",conventional,1615,2979.921741447677
"Barley, spring",conventional,1616,2275.9081775299865
"Barley, spring",conventional,1617,1033.2410157264271
"Barley, spring",conventional,1621,4665.233039452812
"Barley, spring",conventional,1622,5241.407656778933
"Barley, spring",conventional,1623,3627.909390341174
"Barley, spring",conventional,1711,2359.890270808036
"Barley, spring",conventional,1712,1676.2465727952977
"Barley, spring",conventional,1713,1109.1247654799877
"Barley, spring",conventional,1721,489.0735999660157
"Barley, spring",conventional,1722,1850.4068114337033
"Barley, spring",conventional,1723,129.0491763758194
"Barley, spring",conventional,1724,296.36008458892974
"Barley, spring",conventional,1811,1558.5005623467478
"Barley, spring",conventional,1812,8005.929072859595
"Barley, spring",conventional,1813,712.9158112746006
"Barley, spring",conventional,1821,3473.167973247342
"Barley, spring",conventional,1911,7464.451542064172
"Barley, spring",conventional,1912,1551.1564856779014
"Barley, spring",conventional,1921,9176.349136089882
"Barley, spring",conventional,1922,3096.2152995181405
"Barley, spring",conventional,2011,5103.244461654784
"Barley, spring",conventional,2012,1037.4677926323643
"Barley, spring",conventional,2019,0.0
"Barley, spring",conventional,2111,3720.092028789676
"Barley, spring",conventional,2121,2442.542413178985
"Barley, spring",conventional,2122,383.7849624537637
"Barley, spring",conventional,2211,424.371986290976
"Barley, spring",conventional,2212,895.5929847561164
"Barley, spring",conventional,2221,1105.1937713000498
"Barley, spring",conventional,2311,796.8752742569545
"Barley, spring",conventional,2312,87.91599163680063
"Barley, spring",conventional,2319,0.0
"Barley, spring",conventional,2331,40.0418150697967
"Barley, spring",conventional,2411,1923.0337814021154
"Barley, spring",conventional,2412,1160.4847028042752
"Barley, spring",conventional,2413,2344.921841169241
"Barley, spring",conventional,2414,759.5814848169887
"Barley, spring",conventional,2415,9.765575705172946
"Barley, spring",conventional,2419,0.0
"Barley, spring",conventional,2511,1966.6764537973902
"Barley, spring",conventional,2512,374.72063102678726
"Barley, spring",conventional,2519,0.0
"Barley, spring",conventional,2521,0.0
"Barley, spring",conventional,311,10778.988089478755
"Barley, spring",conventional,312,3132.596591674705
"Barley, spring",conventional,321,9280.627104761405
"Barley, spring",conventional,322,1149.0423702168823
"Barley, spring",conventional,411,4356.865153235443
"Barley, spring",conventional,421,3531.2286037087124
"Barley, spring",conventional,422,3618.914721394461
"Barley, spring",conventional,431,2751.1280930039907
"Barley, spring",conventional,511,486.0917731591294
"Barley, spring",conventional,512,575.6352264694306
"Barley, spring",conventional,513,4705.560546739847
"Barley, spring",conventional,514,3236.761737156091
"Barley, spring",conventional,515,1919.0023077753806
"Barley, spring",conventional,521,1006.1877243272231
"Barley, spring",conventional,611,671.8094037505275
"Barley, spring",conventional,612,1398.7510674963864
"Barley, spring",conventional,621,1476.9031425242474
"Barley, spring",conventional,622,1591.438889672148
"Barley, spring",conventional,711,1519.3105937804735
"Barley, spring",conventional,731,255.28575661776443
"Barley, spring",conventional,811,2358.6893200127033
"Barley, spring",conventional,812,1810.2619806512803
"Barley, spring",conventional,813,775.9577129972159
"Barley, spring",conventional,814,612.9015548185876
"Barley, spring",conventional,821,1652.7219975479097
"Barley, spring",conventional,831,593.3318207771101
"Barley, spring",conventional,911,1910.162788877774
"Barley, spring",conventional,912,5061.712067351986
"Barley, spring",conventional,913,1898.7999081588125
"Barley, spring",organic,1011,94.22749220460872
"Barley, spring",organic,111,129.04047913594468
"Barley, spring",organic,1111,122.0879159586468
"Barley, spring",organic,1112,77.85346184762004
"Barley, spring",organic,112,121.93592367317622
"Barley, spring",organic,1121,270.8081471974773
"Barley, spring",organic,1122,147.981071443482
"Barley, spring",organic,1123,165.39583036890653
"Barley, spring",organic,1124,48.73179060344168
"Barley, spring",organic,1131,14.466460821115513
"Barley, spring",organic,1211,277.9860526369689
"Barley, spring",organic,1212,181.87414618327153
"Barley, spring",organic,1213,109.13614818571195
"Barley, spring",organic,1214,210.14943244146116
"Barley, spring",organic,1215,285.73629102260657
"Barley, spring",organic,1216,254.30571483412174
"Barley, spring",organic,1221,55.682625376937
"Barley, spring",organic,1222,105.0168800123912
"Barley, spring",organic,1311,204.82090119352355
"Barley, spring",organic,1321,215.24825425748168
"Barley, spring",organic,1322,66.72415067499244
"Barley, spring",organic,1331,87.20872880167191
"Barley, spring",organic,1411,24.390319654211055
"Barley, spring",organic,1412,94.83945509718089
"Barley, spring",organic,1421,53.78907267640538
"Barley, spring",organic,1511,184.16491777468156
"Barley, spring",organic,1512,270.072747550478
"Barley, spring",organic,1521,69.50693730187135
"Barley, spring",organic,1522,85.58219612049508
"Barley, spring",organic,1611,92.77564181077634
"Barley, spring",organic,1612,387.01117617350474
"Barley, spring",organic,1613,199.44090579308477
"Barley, spring",organic,1614,131.3531993101656
"Barley, spring",organic,1615,229.2047933523231
"Barley, spring",organic,1616,175.05461847001396
"Barley, spring",organic,1617,78.10041447050124
"Barley, spring",organic,1621,358.83283774718785
"Barley, spring",organic,1622,403.1501036210663
"Barley, spring",organic,1623,279.04565765882603
"Barley, spring",organic,1711,212.26655797229768
"Barley, spring",organic,1712,148.1814164127932
"Barley, spring",organic,1713,100.21894412001231
"Barley, spring",organic,1721,42.518544369090634
"Barley, spring",organic,1722,160.3782611949639
"Barley, spring",organic,1723,9.733630800254643
"Barley, spring",organic,1724,35.25603108476464
"Barley, spring",organic,1811,99.65806919597682
"Barley, spring",organic,1812,453.9881087404048
"Barley, spring",organic,1813,40.75428169334083
"Barley, spring",organic,1821,189.47487786227703
"Barley, spring",organic,1911,362.04019116232223
"Barley, spring",organic,1912,75.10297468881967
"Barley, spring",organic,1921,456.34946391938445
"Barley, spring",organic,1922,166.4474814860244
"Barley, spring",organic,2011,685.1709632334373
"Barley, spring",organic,2012,140.04638925577763
"Barley, spring",organic,2019,0.0
"Barley, spring",organic,2111,729.4643632329542
"Barley, spring",organic,2121,445.022269764239
"Barley, spring",organic,2122,63.41385534373367
"Barley, spring",organic,2211,128.9241704754996
"Barley, spring",organic,2212,268.2739232438836
"Barley, spring",organic,2221,281.56846011240043
"Barley, spring",organic,2311,540.0012693169533
"Barley, spring",organic,2312,60.08021888748068
"Barley, spring",organic,2319,0.0
"Barley, spring",organic,2331,20.992942275128602
"Barley, spring",organic,2411,198.53851899788432
"Barley, spring",organic,2412,119.81116319572487
"Barley, spring",organic,2413,242.0952320307591
"Barley, spring",organic,2414,80.23169145284936
"Barley, spring",organic,2415,1.1761171359922755
"Barley, spring",organic,2419,0.0
"Barley, spring",organic,2511,262.4086264577043
"Barley, spring",organic,2512,50.10204417321273
"Barley, spring",organic,2519,0.0
"Barley, spring",organic,2521,0.0
"Barley, spring",organic,311,579.4077668735316
"Barley, spring",organic,312,168.32152565345967
"Barley, spring",organic,321,466.8846987413316
"Barley, spring",organic,322,54.787949380062614
"Barley, spring",organic,411,339.5200991004528
"Barley, spring",organic,421,215.70074068473846
"Barley, spring",organic,422,261.1012669725008
"Barley, spring",organic,431,192.76288702224485
"Barley, spring",organic,511,56.01758117020121
"Barley, spring",organic,512,66.70209383411371
"Barley, spring",organic,513,549.2661548601523
"Barley, spring",organic,514,377.81761724390856
"Barley, spring",organic,515,223.99945942461926
"Barley, spring",organic,521,109.37976911403685
"Barley, spring",organic,611,133.60621193089293
"Barley, spring",organic,612,278.3115722044367
"Barley, spring",organic,621,172.7919138622293
"Barley, spring",organic,622,271.97606615295626
"Barley, spring",organic,711,105.76886221952641
"Barley, spring",organic,731,13.53959992305984
"Barley, spring",organic,811,159.70375890794801
"Barley, spring",organic,812,123.81328254872027
"Barley, spring",organic,813,53.071805402784015
"Barley, spring",organic,814,42.404082669580674
"Barley, spring",organic,821,125.7207691544369
"Barley, spring",organic,831,37.30987331166124
"Barley, spring",organic,911,169.78939672222634
"Barley, spring",organic,912,449.92240624801485
"Barley, spring",organic,913,168.7793798411874
"Barley, winter",conventional,1011,294.10008446793233
"Barley, winter",conventional,111,68.26879750822638
"Barley, winter",conventional,1111,570.554666762702
"Barley, winter",conventional,1112,143.6413929821138
"Barley, winter",conventional,112,61.12006538100882
"Barley, winter",conventional,1121,877.8657730004956
"Barley, winter",conventional,1122,554.3120078706411
"Barley, winter",conventional,1123,480.9087656322264
"Barley, winter",conventional,1124,63.91076823143913
"Barley, winter",conventional,1131,0.0
"Barley, winter",conventional,1211,221.07664833013976
"Barley, winter",conventional,1212,348.8283120768798
"Barley, winter",conventional,1213,130.2476998057349
"Barley, winter",conventional,1214,72.3540149595365
"Barley, winter",conventional,1215,546.0500703327092
"Barley, winter",conventional,1216,381.17011263616433
"Barley, winter",conventional,1221,69.14427162026954
"Barley, winter",conventional,1222,152.2446236449893
"Barley, winter",conventional,1311,427.4993780381605
"Barley, winter",conventional,1321,335.25966346442124
"Barley, winter",conventional,1322,0.0
"Barley, winter",conventional,1331,149.3602830326713
"Barley, winter",conventional,1411,0.0
"Barley, winter",conventional,1412,16.9031151357746
"Barley, winter",conventional,1421,0.0
"Barley, winter",conventional,1511,51.982812751773295
"Barley, winter",conventional,1512,138.59375698998625
"Barley, winter",conventional,1521,27.55149841945859
"Barley, winter",conventional,1522,0.0
"Barley, winter",conventional,1611,0.0
"Barley, winter",conventional,1612,149.34031027018497
"Barley, winter",conventional,1613,80.59160428755155
"Barley, winter",conventional,1614,279.6505234600862
"Barley, winter",conventional,1615,134.37130521666992
"Barley, winter",conventional,1616,110.4738631677793
"Barley, winter",conventional,1617,12.617908644281815
"Barley, winter",conventional,1621,139.79718426261536
"Barley, winter",conventional,1622,394.6519017630081
"Barley, winter",conventional,1623,332.7561960521304
"Barley, winter",conventional,1711,21.871263017069133
"Barley, winter",conventional,1712,0.0
"Barley, winter",conventional,1713,1.0625120792079208
"Barley, winter",conventional,1721,2.5245097770400378
"Barley, winter",conventional,1722,80.10528138734584
"Barley, winter",conventional,1723,0.0
"Barley, winter",conventional,1724,0.0
"Barley, winter",conventional,1811,89.88391326660275
"Barley, winter",conventional,1812,418.8922120382916
"Barley, winter",conventional,1813,10.129296515219604
"Barley, winter",conventional,1821,130.56442018381412
"Barley, winter",conventional,1911,220.141470933809
"Barley, winter",conventional,1912,5.422689778691493
"Barley, winter",conventional,1921,215.63197846339406
"Barley, winter",conventional,1922,25.077264399530378
"Barley, winter",conventional,2011,7.599161413536767
"Barley, winter",conventional,2012,4.3266065318012235
"Barley, winter",conventional,2019,0.0
"Barley, winter",conventional,2111,3.552902472366629
"Barley, winter",conventional,2121,0.0
"Barley, winter",conventional,2122,0.0
"Barley, winter",conventional,2211,0.0
"Barley, winter",conventional,2212,0.0
"Barley, winter",conventional,2221,0.0
"Barley, winter",conventional,2311,0.0
"Barley, winter",conventional,2312,0.0
"Barley, winter",conventional,2319,0.0
"Barley, winter",conventional,2331,0.0
"Barley, winter",conventional,2411,0.0
"Barley, winter",conventional,2412,0.0
"Barley, winter",conventional,2413,0.0
"Barley, winter",conventional,2414,0.0
"Barley, winter",conventional,2415,0.0
"Barley, winter",conventional,2419,0.0
"Barley, winter",conventional,2511,0.0
"Barley, winter",conventional,2512,0.0
"Barley, winter",conventional,2519,0.0
"Barley, winter",conventional,2521,0.0
"Barley, winter",conventional,311,134.80246822314595
"Barley, winter",conventional,312,32.24280341183822
"Barley, winter",conventional,321,385.7837926234369
"Barley, winter",conventional,322,0.0
"Barley, winter",conventional,411,282.51093341225345
"Barley, winter",conventional,421,92.5185968973786
"Barley, winter",conventional,422,20.676387174954275
"Barley, winter",conventional,431,28.37299329578793
"Barley, winter",conventional,511,7.245486895131249
"Barley, winter",conventional,512,14.448766350024213
"Barley, winter",conventional,513,1063.791168330755
"Barley, winter",conventional,514,526.5100630462248
"Barley, winter",conventional,515,261.0568797454266
"Barley, winter",conventional,521,15.195073119391726
"Barley, winter",conventional,611,2.0118305509161205
"Barley, winter",conventional,612,82.82425929299677
"Barley, winter",conventional,621,13.407946476306684
"Barley, winter",conventional,622,10.747233747025943
"Barley, winter",conventional,711,16.2614668123506
"Barley, winter",conventional,731,13.098604569989991
"Barley, winter",conventional,811,1292.9770431311829
"Barley, winter",conventional,812,904.5345385023036
"Barley, winter",conventional,813,123.12912434292667
"Barley, winter",conventional,814,9.034338831726437
"Barley, winter",conventional,821,50.57559016189897
"Barley, winter",conventional,831,22.045938506750844
"Barley, winter",conventional,911,986.280478240414
"Barley, winter",conventional,912,2101.4600644927855
"Barley, winter",conventional,913,384.9923042655311
"Barley, winter",organic,1011,34.8192894320516
"Barley, winter",organic,111,2.0301220917736096
"Barley, winter",organic,1111,12.055248437297955
"Barley, winter",organic,1112,3.122492532515304
"Barley, winter",organic,112,1.0064042189911688
"Barley, winter",organic,1121,18.5484241995046
"Barley, winter",organic,1122,11.712057329358915
"Barley, winter",organic,1123,10.161120367773627
"Barley, winter",organic,1124,1.3285571229307112
"Barley, winter",organic,1131,0.0
"Barley, winter",organic,1211,4.671128069860195
"Barley, winter",organic,1212,7.370392723120198
"Barley, winter",organic,1213,2.752003394265082
"Barley, winter",organic,1214,1.5287678404634957
"Barley, winter",organic,1215,11.537490867290819
"Barley, winter",organic,1216,8.053742563835593
"Barley, winter",organic,1221,1.4609491797304675
"Barley, winter",organic,1222,3.216776355010706
"Barley, winter",organic,1311,8.744621961839531
"Barley, winter",organic,1321,6.864488496080173
"Barley, winter",organic,1322,0.0
"Barley, winter",organic,1331,3.8538655129036554
"Barley, winter",organic,1411,0.0
"Barley, winter",organic,1412,0.7899748642254076
"Barley, winter",organic,1421,0.0
"Barley, winter",organic,1511,2.4099253360699486
"Barley, winter",organic,1512,6.477243010013746
"Barley, winter",organic,1521,1.1976010203651495
"Barley, winter",organic,1522,0.0
"Barley, winter",organic,1611,0.0
"Barley, winter",organic,1612,6.987577811823961
"Barley, winter",organic,1613,3.766485712448459
"Barley, winter",organic,1614,13.309767440047633
"Barley, winter",organic,1615,6.279904783330061
"Barley, winter",organic,1616,5.1630468322206955
"Barley, winter",organic,1617,0.5879424231956867
"Barley, winter",organic,1621,6.533485737384646
"Barley, winter",organic,1622,18.44423823699195
"Barley, winter",organic,1623,15.551513947869628
"Barley, winter",organic,1711,2.5640981699088314
"Barley, winter",organic,1712,0.0
"Barley, winter",organic,1713,0.1262079207920792
"Barley, winter",organic,1721,0.24850754154444304
"Barley, winter",organic,1722,7.764446817955344
"Barley, winter",organic,1723,0.0
"Barley, winter",organic,1724,0.0
"Barley, winter",organic,1811,1.5265024534608291
"Barley, winter",organic,1812,7.431787961708395
"Barley, winter",organic,1813,0.20594378813749886
"Barley, winter",organic,1821,3.233790360525522
"Barley, winter",organic,1911,10.204100400505215
"Barley, winter",organic,1912,0.25769652137774585
"Barley, winter",organic,1921,14.304112336605916
"Barley, winter",organic,1922,2.9586968004696215
"Barley, winter",organic,2011,2.2374965864632346
"Barley, winter",organic,2012,1.2790491593697386
"Barley, winter",organic,2019,0.0
"Barley, winter",organic,2111,1.8676607276333703
"Barley, winter",organic,2121,0.0
"Barley, winter",organic,2122,0.0
"Barley, winter",organic,2211,0.0
"Barley, winter",organic,2212,0.0
"Barley, winter",organic,2221,0.0
"Barley, winter",organic,2311,0.0
"Barley, winter",organic,2312,0.0
"Barley, winter",organic,2319,0.0
"Barley, winter",organic,2331,0.0
"Barley, winter",organic,2411,0.0
"Barley, winter",organic,2412,0.0
"Barley, winter",organic,2413,0.0
"Barley, winter",organic,2414,0.0
"Barley, winter",organic,2415,0.0
"Barley, winter",organic,2419,0.0
"Barley, winter",organic,2511,0.0
"Barley, winter",organic,2512,0.0
"Barley, winter",organic,2519,0.0
"Barley, winter",organic,2521,0.0
"Barley, winter",organic,311,16.085723776854046
"Barley, winter",organic,312,3.842773388161782
"Barley, winter",organic,321,36.277186976563094
"Barley, winter",organic,322,0.0
"Barley, winter",organic,411,4.499504116996208
"Barley, winter",organic,421,1.4556627026214053
"Barley, winter",organic,422,0.45509202504572654
"Barley, winter",organic,431,0.5188463042120706
"Barley, winter",organic,511,0.048584401810179936
"Barley, winter",organic,512,0.07742629147219408
"Barley, winter",organic,513,5.531826869244934
"Barley, winter",organic,514,2.7379081537753223
"Barley, winter",organic,515,1.3575234545733577
"Barley, winter",organic,521,0.11118289996793414
"Barley, winter",organic,611,0.12400569688636431
"Barley, winter",organic,612,5.039695475288222
"Barley, winter",organic,621,1.1864788012404146
"Barley, winter",organic,622,0.7328357930102976
"Barley, winter",organic,711,1.8209455876494025
"Barley, winter",organic,731,1.0909115351697687
"Barley, winter",organic,811,21.496015513985565
"Barley, winter",organic,812,13.3729462976963
"Barley, winter",organic,813,1.8203828570733291
"Barley, winter",organic,814,0.13296634898158552
"Barley, winter",organic,821,0.6665621975046274
"Barley, winter",organic,831,1.7211375595881861
"Barley, winter",organic,911,25.342098959585833
"Barley, winter",organic,912,53.99621110721443
"Barley, winter",organic,913,9.892229734468938
"Beans, dry",conventional,1011,0.0
"Beans, dry",conventional,111,0.0
"Beans, dry",conventional,1111,0.0
"Beans, dry",conventional,1112,0.0
"Beans, dry",conventional,112,0.0
"Beans, dry",conventional,1121,0.0
"Beans, dry",conventional,1122,0.0
"Beans, dry",conventional,1123,0.0
"Beans, dry",conventional,1124,0.0
"Beans, dry",conventional,1131,0.0
"Beans, dry",conventional,1211,0.0
"Beans, dry",conventional,1212,0.0
"Beans, dry",conventional,1213,0.0
"Beans, dry",conventional,1214,0.0
"Beans, dry",conventional,1215,0.0
"Beans, dry",conventional,1216,0.0
"Beans, dry",conventional,1221,0.0
"Beans, dry",conventional,1222,0.0
"Beans, dry",conventional,1311,0.0
"Beans, dry",conventional,1321,0.0
"Beans, dry",conventional,1322,0.0
"Beans, dry",conventional,1331,0.0
"Beans, dry",conventional,1411,0.0
"Beans, dry",conventional,1412,0.0
"Beans, dry",conventional,1421,0.0
"Beans, dry",conventional,1511,0.0
"Beans, dry",conventional,1512,0.0
"Beans, dry",conventional,1521,0.0
"Beans, dry",conventional,1522,0.0
"Beans, dry",conventional,1611,0.0
"Beans, dry",conventional,1612,0.0
"Beans, dry",conventional,1613,0.0
"Beans, dry",conventional,1614,0.0
"Beans, dry",conventional,1615,0.0
"Beans, dry",conventional,1616,0.0
"Beans, dry",conventional,1617,0.0
"Beans, dry",conventional,1621,0.0
"Beans, dry",conventional,1622,0.0
"Beans, dry",conventional,1623,0.0
"Beans, dry",conventional,1711,0.0
"Beans, dry",conventional,1712,0.0
"Beans, dry",conventional,1713,0.0
"Beans, dry",conventional,1721,0.0
"Beans, dry",conventional,1722,0.0
"Beans, dry",conventional,1723,0.0
"Beans, dry",conventional,1724,0.0
"Beans, dry",conventional,1811,0.0
"Beans, dry",conventional,1812,0.0
"Beans, dry",conventional,1813,0.0
"Beans, dry",conventional,1821,0.0
"Beans, dry",conventional,1911,0.0
"Beans, dry",conventional,1912,0.0
"Beans, dry",conventional,1921,0.0
"Beans, dry",conventional,1922,0.0
"Beans, dry",conventional,2011,0.0
"Beans, dry",conventional,2012,0.0
"Beans, dry",conventional,2019,0.0
"Beans, dry",conventional,2111,0.0
"Beans, dry",conventional,2121,0.0
"Beans, dry",conventional,2122,0.0
"Beans, dry",conventional,2211,0.0
"Beans, dry",conventional,2212,0.0
"Beans, dry",conventional,2221,0.0
"Beans, dry",conventional,2311,0.0
"Beans, dry",conventional,2312,0.0
"Beans, dry",conventional,2319,0.0
"Beans, dry",conventional,2331,0.0
"Beans, dry",conventional,2411,0.0
"Beans, dry",conventional,2412,0.0
"Beans, dry",conventional,2413,0.0
"Beans, dry",conventional,2414,0.0
"Beans, dry",conventional,2415,0.0
"Beans, dry",conventional,2419,0.0
"Beans, dry",conventional,2511,0.0
"Beans, dry",conventional,2512,0.0
"Beans, dry",conventional,2519,0.0
"Beans, dry",conventional,2521,0.0
"Beans, dry",conventional,311,0.0
"Beans, dry",conventional,312,0.0
"Beans, dry",conventional,321,0.0
"Beans, dry",conventional,322,0.0
"Beans, dry",conventional,411,0.0
"Beans, dry",conventional,421,0.0
"Beans, dry",conventional,422,0.0
"Beans, dry",conventional,431,0.0
"Beans, dry",conventional,511,0.0
"Beans, dry",conventional,512,0.0
"Beans, dry",conventional,513,0.0
"Beans, dry",conventional,514,0.0
"Beans, dry",conventional,515,0.0
"Beans, dry",conventional,521,0.0
"Beans, dry",conventional,611,0.0
"Beans, dry",conventional,612,0.0
"Beans, dry",conventional,621,0.0
"Beans, dry",conventional,622,0.0
"Beans, dry",conventional,711,0.0
"Beans, dry",conventional,731,0.0
"Beans, dry",conventional,811,375.57898040232965
"Beans, dry",conventional,812,185.50126699834163
"Beans, dry",conventional,813,0.0
"Beans, dry",conventional,814,0.0
"Beans, dry",conventional,821,0.0
"Beans, dry",conventional,831,0.0
"Beans, dry",conventional,911,22.409854838709677
"Beans, dry",conventional,912,65.74682258064516
"Beans, dry",conventional,913,0.0
"Beans, dry",organic,1011,0.0
"Beans, dry",organic,111,0.0
"Beans, dry",organic,1111,0.0
"Beans, dry",organic,1112,0.0
"Beans, dry",organic,112,0.0
"Beans, dry",organic,1121,0.0
"Beans, dry",organic,1122,0.0
"Beans, dry",organic,1123,0.0
"Beans, dry",organic,1124,0.0
"Beans, dry",organic,1131,0.0
"Beans, dry",organic,1211,0.0
"Beans, dry",organic,1212,0.0
"Beans, dry",organic,1213,0.0
"Beans, dry",organic,1214,0.0
"Beans, dry",organic,1215,0.0
"Beans, dry",organic,1216,0.0
"Beans, dry",organic,1221,0.0
"Beans, dry",organic,1222,0.0
"Beans, dry",organic,1311,0.0
"Beans, dry",organic,1321,0.0
"Beans, dry",organic,1322,0.0
"Beans, dry",organic,1331,0.0
"Beans, dry",organic,1411,0.0
"Beans, dry",organic,1412,0.0
"Beans, dry",organic,1421,0.0
"Beans, dry",organic,1511,0.0
"Beans, dry",organic,1512,0.0
"Beans, dry",organic,1521,0.0
"Beans, dry",organic,1522,0.0
"Beans, dry",organic,1611,0.0
"Beans, dry",organic,1612,0.0
"Beans, dry",organic,1613,0.0
"Beans, dry",organic,1614,0.0
"Beans, dry",organic,1615,0.0
"Beans, dry",organic,1616,0.0
"Beans, dry",organic,1617,0.0
"Beans, dry",organic,1621,0.0
"Beans, dry",organic,1622,0.0
"Beans, dry",organic,1623,0.0
"Beans, dry",organic,1711,0.0
"Beans, dry",organic,1712,0.0
"Beans, dry",organic,1713,0.0
"Beans, dry",organic,1721,0.0
"Beans, dry",organic,1722,0.0
"Beans, dry",organic,1723,0.0
"Beans, dry",organic,1724,0.0
"Beans, dry",organic,1811,0.0
"Beans, dry",organic,1812,0.0
"Beans, dry",organic,1813,0.0
"Beans, dry",organic,1821,0.0
"Beans, dry",organic,1911,0.0
"Beans, dry",organic,1912,0.0
"Beans, dry",organic,1921,0.0
"Beans, dry",organic,1922,0.0
"Beans, dry",organic,2011,0.0
"Beans, dry",organic,2012,0.0
"Beans, dry",organic,2019,0.0
"Beans, dry",organic,2111,0.0
"Beans, dry",organic,2121,0.0
"Beans, dry",organic,2122,0.0
"Beans, dry",organic,2211,0.0
"Beans, dry",organic,2212,0.0
"Beans, dry",organic,2221,0.0
"Beans, dry",organic,2311,0.0
"Beans, dry",organic,2312,0.0
"Beans, dry",organic,2319,0.0
"Beans, dry",organic,2331,0.0
"Beans, dry",organic,2411,0.0
"Beans, dry",organic,2412,0.0
"Beans, dry",organic,2413,0.0
"Beans, dry",organic,2414,0.0
"Beans, dry",organic,2415,0.0
"Beans, dry",organic,2419,0.0
"Beans, dry",organic,2511,0.0
"Beans, dry",organic,2512,0.0
"Beans, dry",organic,2519,0.0
"Beans, dry",organic,2521,0.0
"Beans, dry",organic,311,0.0
"Beans, dry",organic,312,0.0
"Beans, dry",organic,321,0.0
"Beans, dry",organic,322,0.0
"Beans, dry",organic,411,0.0
"Beans, dry",organic,421,0.0
"Beans, dry",organic,422,0.0
"Beans, dry",organic,431,0.0
"Beans, dry",organic,511,0.0
"Beans, dry",organic,512,0.0
"Beans, dry",organic,513,0.0
"Beans, dry",organic,514,0.0
"Beans, dry",organic,515,0.0
"Beans, dry",organic,521,0.0
"Beans, dry",organic,611,0.0
"Beans, dry",organic,612,0.0
"Beans, dry",organic,621,0.0
"Beans, dry",organic,622,0.0
"Beans, dry",organic,711,0.0
"Beans, dry",organic,731,0.0
"Beans, dry",organic,811,28.50301959767037
"Beans, dry",organic,812,10.258733001658376
"Beans, dry",organic,813,0.0
"Beans, dry",organic,814,0.0
"Beans, dry",organic,821,0.0
"Beans, dry",organic,831,0.0
"Beans, dry",organic,911,3.888145161290323
"Beans, dry",organic,912,11.407177419354838
"Beans, dry",organic,913,0.0
"Broad beans and horse beans, dry",conventional,1011,132.90848662430355
"Broad beans and horse beans, dry",conventional,111,30.85241460382268
"Broad beans and horse beans, dry",conventional,1111,91.49895986895497
"Broad beans and horse beans, dry",conventional,1112,212.5961298746986
"Broad beans and horse beans, dry",conventional,112,41.68758791431124
"Broad beans and horse beans, dry",conventional,1121,141.73013140687948
"Broad beans and horse beans, dry",conventional,1122,143.34396464766198
"Broad beans and horse beans, dry",conventional,1123,928.4615979169515
"Broad beans and horse beans, dry",conventional,1124,49.03347915183841
"Broad beans and horse beans, dry",conventional,1131,0.0
"Broad beans and horse beans, dry",conventional,1211,119.80060165675224
"Broad beans and horse beans, dry",conventional,1212,212.6310963330667
"Broad beans and horse beans, dry",conventional,1213,17.55471992349647
"Broad beans and horse beans, dry",conventional,1214,65.65967840506144
"Broad beans and horse beans, dry",conventional,1215,427.01472744934915
"Broad beans and horse beans, dry",conventional,1216,414.3977824364773
"Broad beans and horse beans, dry",conventional,1221,18.772029931205
"Broad beans and horse beans, dry",conventional,1222,160.39609545269434
"Broad beans and horse beans, dry",conventional,1311,727.5850760035291
"Broad beans and horse beans, dry",conventional,1321,659.9574359422058
"Broad beans and horse beans, dry",conventional,1322,1.468944519172942
"Broad beans and horse beans, dry",conventional,1331,404.0515524353992
"Broad beans and horse beans, dry",conventional,1411,47.894237868861374
"Broad beans and horse beans, dry",conventional,1412,203.8318245806863
"Broad beans and horse beans, dry",conventional,1421,217.63881951109477
"Broad beans and horse beans, dry",conventional,1511,0.0
"Broad beans and horse beans, dry",conventional,1512,845.8672201881864
"Broad beans and horse beans, dry",conventional,1521,154.28232498655956
"Broad beans and horse beans, dry",conventional,1522,43.255433388769156
"Broad beans and horse beans, dry",conventional,1611,0.0
"Broad beans and horse beans, dry",conventional,1612,161.36916552645204
"Broad beans and horse beans, dry",conventional,1613,51.10790002906505
"Broad beans and horse beans, dry",conventional,1614,365.6167560235208
"Broad beans and horse beans, dry",conventional,1615,455.9658424620883
"Broad beans and horse beans, dry",conventional,1616,1069.4619188351944
"Broad beans and horse beans, dry",conventional,1617,143.779593804182
"Broad beans and horse beans, dry",conventional,1621,561.850539715306
"Broad beans and horse beans, dry",conventional,1622,1599.9363631343376
"Broad beans and horse beans, dry",conventional,1623,846.9560019036652
"Broad beans and horse beans, dry",conventional,1711,107.23866776035659
"Broad beans and horse beans, dry",conventional,1712,124.17588237012082
"Broad beans and horse beans, dry",conventional,1713,42.82278478428927
"Broad beans and horse beans, dry",conventional,1721,0.0
"Broad beans and horse beans, dry",conventional,1722,361.8788417726746
"Broad beans and horse beans, dry",conventional,1723,0.0
"Broad beans and horse beans, dry",conventional,1724,0.0
"Broad beans and horse beans, dry",conventional,1811,41.40975143226003
"Broad beans and horse beans, dry",conventional,1812,277.80761513530007
"Broad beans and horse beans, dry",conventional,1813,15.486229802161859
"Broad beans and horse beans, dry",conventional,1821,241.02007824442637
"Broad beans and horse beans, dry",conventional,1911,605.5361458157255
"Broad beans and horse beans, dry",conventional,1912,27.682782192169114
"Broad beans and horse beans, dry",conventional,1921,212.70734100723186
"Broad beans and horse beans, dry",conventional,1922,89.18143961896394
"Broad beans and horse beans, dry",conventional,2011,16.75800370077123
"Broad beans and horse beans, dry",conventional,2012,0.0
"Broad beans and horse beans, dry",conventional,2019,0.0
"Broad beans and horse beans, dry",conventional,2111,0.43594682524106676
"Broad beans and horse beans, dry",conventional,2121,7.593589157493788
"Broad beans and horse beans, dry",conventional,2122,0.0
"Broad beans and horse beans, dry",conventional,2211,0.0
"Broad beans and horse beans, dry",conventional,2212,0.0
"Broad beans and horse beans, dry",conventional,2221,0.0
"Broad beans and horse beans, dry",conventional,2311,0.0
"Broad beans and horse beans, dry",conventional,2312,0.0
"Broad beans and horse beans, dry",conventional,2319,0.0
"Broad beans and horse beans, dry",conventional,2331,0.0
"Broad beans and horse beans, dry",conventional,2411,0.0
"Broad beans and horse beans, dry",conventional,2412,0.0
"Broad beans and horse beans, dry",conventional,2413,0.0
"Broad beans and horse beans, dry",conventional,2414,0.0
"Broad beans and horse beans, dry",conventional,2415,0.0
"Broad beans and horse beans, dry",conventional,2419,0.0
"Broad beans and horse beans, dry",conventional,2511,5.340672523134909
"Broad beans and horse beans, dry",conventional,2512,0.0
"Broad beans and horse beans, dry",conventional,2519,0.0
"Broad beans and horse beans, dry",conventional,2521,0.0
"Broad beans and horse beans, dry",conventional,311,143.87490162011974
"Broad beans and horse beans, dry",conventional,312,64.74574025691071
"Broad beans and horse beans, dry",conventional,321,238.73784932860244
"Broad beans and horse beans, dry",conventional,322,0.0
"Broad beans and horse beans, dry",conventional,411,373.8232287802906
"Broad beans and horse beans, dry",conventional,421,171.82904015600633
"Broad beans and horse beans, dry",conventional,422,139.49629513612177
"Broad beans and horse beans, dry",conventional,431,68.11228127846695
"Broad beans and horse beans, dry",conventional,511,55.22912717425615
"Broad beans and horse beans, dry",conventional,512,68.35839566934047
"Broad beans and horse beans, dry",conventional,513,759.7946894939068
"Broad beans and horse beans, dry",conventional,514,1109.0495210397005
"Broad beans and horse beans, dry",conventional,515,896.6116616985098
"Broad beans and horse beans, dry",conventional,521,100.7925409102245
"Broad beans and horse beans, dry",conventional,611,0.0
"Broad beans and horse beans, dry",conventional,612,70.0228214326009
"Broad beans and horse beans, dry",conventional,621,0.0
"Broad beans and horse beans, dry",conventional,622,0.0
"Broad beans and horse beans, dry",conventional,711,2.605067565562914
"Broad beans and horse beans, dry",conventional,731,4.045670326476639
"Broad beans and horse beans, dry",conventional,811,224.81717400019124
"Broad beans and horse beans, dry",conventional,812,31.401332362317266
"Broad beans and horse beans, dry",conventional,813,28.95826306854358
"Broad beans and horse beans, dry",conventional,814,0.0
"Broad beans and horse beans, dry",conventional,821,198.27408959439867
"Broad beans and horse beans, dry",conventional,831,0.0
"Broad beans and horse beans, dry",conventional,911,33.442666733610835
"Broad beans and horse beans, dry",conventional,912,274.81440339284035
"Broad beans and horse beans, dry",conventional,913,20.687468504896692
"Broad beans and horse beans, dry",organic,1011,33.41391379813148
"Broad beans and horse beans, dry",organic,111,4.48046699617732
"Broad beans and horse beans, dry",organic,1111,17.619098131045014
"Broad beans and horse beans, dry",organic,1112,41.02233624453952
"Broad beans and horse beans, dry",organic,112,5.806090485688753
"Broad beans and horse beans, dry",organic,1121,27.291644593120502
"Broad beans and horse beans, dry",organic,1122,27.602405352338018
"Broad beans and horse beans, dry",organic,1123,178.78515808304851
"Broad beans and horse beans, dry",organic,1124,7.710561246753188
"Broad beans and horse beans, dry",organic,1131,0.0
"Broad beans and horse beans, dry",organic,1211,23.06888034324777
"Broad beans and horse beans, dry",organic,1212,40.94437966693332
"Broad beans and horse beans, dry",organic,1213,3.380348076503527
"Broad beans and horse beans, dry",organic,1214,12.643469594938551
"Broad beans and horse beans, dry",organic,1215,82.22622855065089
"Broad beans and horse beans, dry",organic,1216,79.79670156352267
"Broad beans and horse beans, dry",organic,1221,3.6147540687949973
"Broad beans and horse beans, dry",organic,1222,30.88597454730565
"Broad beans and horse beans, dry",organic,1311,90.91183999647079
"Broad beans and horse beans, dry",organic,1321,83.69892732030489
"Broad beans and horse beans, dry",organic,1322,0.2151056140280218
"Broad beans and horse beans, dry",organic,1331,72.95541910912446
"Broad beans and horse beans, dry",organic,1411,21.540834131138617
"Broad beans and horse beans, dry",organic,1412,91.67506821931372
"Broad beans and horse beans, dry",organic,1421,97.88487968890526
"Broad beans and horse beans, dry",organic,1511,0.0
"Broad beans and horse beans, dry",organic,1512,380.4358582118137
"Broad beans and horse beans, dry",organic,1521,61.904794195885685
"Broad beans and horse beans, dry",organic,1522,19.454493011230845
"Broad beans and horse beans, dry",organic,1611,0.0
"Broad beans and horse beans, dry",organic,1612,72.35769164450765
"Broad beans and horse beans, dry",organic,1613,22.986205570934942
"Broad beans and horse beans, dry",organic,1614,156.67404310549765
"Broad beans and horse beans, dry",organic,1615,205.0744519379117
"Broad beans and horse beans, dry",organic,1616,480.9994443648055
"Broad beans and horse beans, dry",organic,1617,61.56719812793271
"Broad beans and horse beans, dry",organic,1621,252.69698028469412
"Broad beans and horse beans, dry",organic,1622,719.5847632656621
"Broad beans and horse beans, dry",organic,1623,380.9255468963348
"Broad beans and horse beans, dry",organic,1711,69.6511876605933
"Broad beans and horse beans, dry",organic,1712,76.71683192071025
"Broad beans and horse beans, dry",organic,1713,28.198513715710728
"Broad beans and horse beans, dry",organic,1721,0.0
"Broad beans and horse beans, dry",organic,1722,213.65584428604018
"Broad beans and horse beans, dry",organic,1723,0.0
"Broad beans and horse beans, dry",organic,1724,0.0
"Broad beans and horse beans, dry",organic,1811,9.470474829697833
"Broad beans and horse beans, dry",organic,1812,59.26224786469991
"Broad beans and horse beans, dry",organic,1813,3.4260537379293545
"Broad beans and horse beans, dry",organic,1821,55.63955287200436
"Broad beans and horse beans, dry",organic,1911,171.42745533008807
"Broad beans and horse beans, dry",organic,1912,8.062841175275551
"Broad beans and horse beans, dry",organic,1921,54.580942579752474
"Broad beans and horse beans, dry",organic,1922,16.553568999708716
"Broad beans and horse beans, dry",organic,2011,29.182801744166074
"Broad beans and horse beans, dry",organic,2012,0.0
"Broad beans and horse beans, dry",organic,2019,0.0
"Broad beans and horse beans, dry",organic,2111,0.5955147747589333
"Broad beans and horse beans, dry",organic,2121,8.958176442506215
"Broad beans and horse beans, dry",organic,2122,0.0
"Broad beans and horse beans, dry",organic,2211,0.0
"Broad beans and horse beans, dry",organic,2212,0.0
"Broad beans and horse beans, dry",organic,2221,0.0
"Broad beans and horse beans, dry",organic,2311,0.0
"Broad beans and horse beans, dry",organic,2312,0.0
"Broad beans and horse beans, dry",organic,2319,0.0
"Broad beans and horse beans, dry",organic,2331,0.0
"Broad beans and horse beans, dry",organic,2411,0.0
"Broad beans and horse beans, dry",organic,2412,0.0
"Broad beans and horse beans, dry",organic,2413,0.0
"Broad beans and horse beans, dry",organic,2414,0.0
"Broad beans and horse beans, dry",organic,2415,0.0
"Broad beans and horse beans, dry",organic,2419,0.0
"Broad beans and horse beans, dry",organic,2511,1.1190250768650911
"Broad beans and horse beans, dry",organic,2512,0.0
"Broad beans and horse beans, dry",organic,2519,0.0
"Broad beans and horse beans, dry",organic,2521,0.0
"Broad beans and horse beans, dry",organic,311,26.16725197988024
"Broad beans and horse beans, dry",organic,312,11.772067743089295
"Broad beans and horse beans, dry",organic,321,42.45401381227665
"Broad beans and horse beans, dry",organic,322,0.0
"Broad beans and horse beans, dry",organic,411,101.0428316504263
"Broad beans and horse beans, dry",organic,421,36.90149154315977
"Broad beans and horse beans, dry",organic,422,38.200810084935945
"Broad beans and horse beans, dry",organic,431,17.248896785991988
"Broad beans and horse beans, dry",organic,511,16.33774961340256
"Broad beans and horse beans, dry",organic,512,21.041267899656006
"Broad beans and horse beans, dry",organic,513,236.62000650609312
"Broad beans and horse beans, dry",organic,514,345.38712696029955
"Broad beans and horse beans, dry",organic,515,279.2284023014901
"Broad beans and horse beans, dry",organic,521,30.52438376333662
"Broad beans and horse beans, dry",organic,611,0.0
"Broad beans and horse beans, dry",organic,612,10.992483910213803
"Broad beans and horse beans, dry",organic,621,0.0
"Broad beans and horse beans, dry",organic,622,0.0
"Broad beans and horse beans, dry",organic,711,3.4172748344370856
"Broad beans and horse beans, dry",organic,731,2.1211090791176455
"Broad beans and horse beans, dry",organic,811,29.25329879980876
"Broad beans and horse beans, dry",organic,812,4.018633237682728
"Broad beans and horse beans, dry",organic,813,3.7059777314564153
"Broad beans and horse beans, dry",organic,814,0.0
"Broad beans and horse beans, dry",organic,821,30.610484175992376
"Broad beans and horse beans, dry",organic,831,0.0
"Broad beans and horse beans, dry",organic,911,5.042655666389163
"Broad beans and horse beans, dry",organic,912,41.43791580715962
"Broad beans and horse beans, dry",organic,913,3.1193618951033075
Buckwheat,conventional,1011,0.0
Buckwheat,conventional,111,0.0
Buckwheat,conventional,1111,0.0
Buckwheat,conventional,1112,0.0
Buckwheat,conventional,112,0.0
Buckwheat,conventional,1121,0.0
Buckwheat,conventional,1122,0.0
Buckwheat,conventional,1123,0.0
Buckwheat,conventional,1124,0.0
Buckwheat,conventional,1131,0.0
Buckwheat,conventional,1211,0.0
Buckwheat,conventional,1212,0.0
Buckwheat,conventional,1213,0.0
Buckwheat,conventional,1214,0.0
Buckwheat,conventional,1215,0.0
Buckwheat,conventional,1216,0.0
Buckwheat,conventional,1221,0.0
Buckwheat,conventional,1222,0.0
Buckwheat,conventional,1311,0.0
Buckwheat,conventional,1321,0.0
Buckwheat,conventional,1322,0.0
Buckwheat,conventional,1331,0.0
Buckwheat,conventional,1411,0.0
Buckwheat,conventional,1412,0.0
Buckwheat,conventional,1421,0.0
Buckwheat,conventional,1511,0.0
Buckwheat,conventional,1512,0.0
Buckwheat,conventional,1521,0.0
Buckwheat,conventional,1522,0.0
Buckwheat,conventional,1611,0.0
Buckwheat,conventional,1612,0.0
Buckwheat,conventional,1613,0.0
Buckwheat,conventional,1614,0.0
Buckwheat,conventional,1615,0.0
Buckwheat,conventional,1616,0.0
Buckwheat,conventional,1617,0.0
Buckwheat,conventional,1621,0.0
Buckwheat,conventional,1622,0.0
Buckwheat,conventional,1623,0.0
Buckwheat,conventional,1711,0.0
Buckwheat,conventional,1712,0.0
Buckwheat,conventional,1713,0.0
Buckwheat,conventional,1721,0.0
Buckwheat,conventional,1722,0.0
Buckwheat,conventional,1723,0.0
Buckwheat,conventional,1724,0.0
Buckwheat,conventional,1811,0.0
Buckwheat,conventional,1812,0.0
Buckwheat,conventional,1813,0.0
Buckwheat,conventional,1821,0.0
Buckwheat,conventional,1911,0.0
Buckwheat,conventional,1912,0.0
Buckwheat,conventional,1921,0.0
Buckwheat,conventional,1922,0.0
Buckwheat,conventional,2011,0.0
Buckwheat,conventional,2012,0.0
Buckwheat,conventional,2019,0.0
Buckwheat,conventional,2111,0.0
Buckwheat,conventional,2121,0.0
Buckwheat,conventional,2122,0.0
Buckwheat,conventional,2211,0.0
Buckwheat,conventional,2212,0.0
Buckwheat,conventional,2221,0.0
Buckwheat,conventional,2311,0.0
Buckwheat,conventional,2312,0.0
Buckwheat,conventional,2319,0.0
Buckwheat,conventional,2331,0.0
Buckwheat,conventional,2411,0.0
Buckwheat,conventional,2412,0.0
Buckwheat,conventional,2413,0.0
Buckwheat,conventional,2414,0.0
Buckwheat,conventional,2415,0.0
Buckwheat,conventional,2419,0.0
Buckwheat,conventional,2511,0.0
Buckwheat,conventional,2512,0.0
Buckwheat,conventional,2519,0.0
Buckwheat,conventional,2521,0.0
Buckwheat,conventional,311,0.0
Buckwheat,conventional,312,0.0
Buckwheat,conventional,321,0.0
Buckwheat,conventional,322,0.0
Buckwheat,conventional,411,0.0
Buckwheat,conventional,421,0.0
Buckwheat,conventional,422,0.0
Buckwheat,conventional,431,0.0
Buckwheat,conventional,511,0.0
Buckwheat,conventional,512,0.0
Buckwheat,conventional,513,0.0
Buckwheat,conventional,514,0.0
Buckwheat,conventional,515,0.0
Buckwheat,conventional,521,0.0
Buckwheat,conventional,611,0.0
Buckwheat,conventional,612,0.0
Buckwheat,conventional,621,0.0
Buckwheat,conventional,622,0.0
Buckwheat,conventional,711,0.0
Buckwheat,conventional,731,0.0
Buckwheat,conventional,811,0.0
Buckwheat,conventional,812,0.0
Buckwheat,conventional,813,0.0
Buckwheat,conventional,814,0.0
Buckwheat,conventional,821,0.0
Buckwheat,conventional,831,0.0
Buckwheat,conventional,911,0.0
Buckwheat,conventional,912,0.0
Buckwheat,conventional,913,0.0
Buckwheat,organic,1011,0.0
Buckwheat,organic,111,0.0
Buckwheat,organic,1111,0.0
Buckwheat,organic,1112,0.0
Buckwheat,organic,112,0.0
Buckwheat,organic,1121,0.0
Buckwheat,organic,1122,0.0
Buckwheat,organic,1123,0.0
Buckwheat,organic,1124,0.0
Buckwheat,organic,1131,0.0
Buckwheat,organic,1211,0.0
Buckwheat,organic,1212,0.0
Buckwheat,organic,1213,0.0
Buckwheat,organic,1214,0.0
Buckwheat,organic,1215,0.0
Buckwheat,organic,1216,0.0
Buckwheat,organic,1221,0.0
Buckwheat,organic,1222,0.0
Buckwheat,organic,1311,0.0
Buckwheat,organic,1321,0.0
Buckwheat,organic,1322,0.0
Buckwheat,organic,1331,0.0
Buckwheat,organic,1411,0.0
Buckwheat,organic,1412,0.0
Buckwheat,organic,1421,0.0
Buckwheat,organic,1511,0.0
Buckwheat,organic,1512,0.0
Buckwheat,organic,1521,0.0
Buckwheat,organic,1522,0.0
Buckwheat,organic,1611,0.0
Buckwheat,organic,1612,0.0
Buckwheat,organic,1613,0.0
Buckwheat,organic,1614,0.0
Buckwheat,organic,1615,0.0
Buckwheat,organic,1616,0.0
Buckwheat,organic,1617,0.0
Buckwheat,organic,1621,0.0
Buckwheat,organic,1622,0.0
Buckwheat,organic,1623,0.0
Buckwheat,organic,1711,0.0
Buckwheat,organic,1712,0.0
Buckwheat,organic,1713,0.0
Buckwheat,organic,1721,0.0
Buckwheat,organic,1722,0.0
Buckwheat,organic,1723,0.0
Buckwheat,organic,1724,0.0
Buckwheat,organic,1811,0.0
Buckwheat,organic,1812,0.0
Buckwheat,organic,1813,0.0
Buckwheat,organic,1821,0.0
Buckwheat,organic,1911,0.0
Buckwheat,organic,1912,0.0
Buckwheat,organic,1921,0.0
Buckwheat,organic,1922,0.0
Buckwheat,organic,2011,0.0
Buckwheat,organic,2012,0.0
Buckwheat,organic,2019,0.0
Buckwheat,organic,2111,0.0
Buckwheat,organic,2121,0.0
Buckwheat,organic,2122,0.0
Buckwheat,organic,2211,0.0
Buckwheat,organic,2212,0.0
Buckwheat,organic,2221,0.0
Buckwheat,organic,2311,0.0
Buckwheat,organic,2312,0.0
Buckwheat,organic,2319,0.0
Buckwheat,organic,2331,0.0
Buckwheat,organic,2411,0.0
Buckwheat,organic,2412,0.0
Buckwheat,organic,2413,0.0
Buckwheat,organic,2414,0.0
Buckwheat,organic,2415,0.0
Buckwheat,organic,2419,0.0
Buckwheat,organic,2511,0.0
Buckwheat,organic,2512,0.0
Buckwheat,organic,2519,0.0
Buckwheat,organic,2521,0.0
Buckwheat,organic,311,0.0
Buckwheat,organic,312,0.0
Buckwheat,organic,321,0.0
Buckwheat,organic,322,0.0
Buckwheat,organic,411,0.0
Buckwheat,organic,421,0.0
Buckwheat,organic,422,0.0
Buckwheat,organic,431,0.0
Buckwheat,organic,511,0.0
Buckwheat,organic,512,0.0
Buckwheat,organic,513,0.0
Buckwheat,organic,514,0.0
Buckwheat,organic,515,0.0
Buckwheat,organic,521,0.0
Buckwheat,organic,611,0.0
Buckwheat,organic,612,0.0
Buckwheat,organic,621,0.0
Buckwheat,organic,622,0.0
Buckwheat,organic,711,0.0
Buckwheat,organic,731,0.0
Buckwheat,organic,811,0.0
Buckwheat,organic,812,0.0
Buckwheat,organic,813,0.0
Buckwheat,organic,814,0.0
Buckwheat,organic,821,0.0
Buckwheat,organic,831,0.0
Buckwheat,organic,911,0.0
Buckwheat,organic,912,0.0
Buckwheat,organic,913,0.0
"Cabbages, cauliflowers and broccoli",conventional,1011,13.15498604412798
"Cabbages, cauliflowers and broccoli",conventional,111,0.24903269240777035
"Cabbages, cauliflowers and broccoli",conventional,1111,340.6044892692334
"Cabbages, cauliflowers and broccoli",conventional,1112,7.748030443046412
"Cabbages, cauliflowers and broccoli",conventional,112,0.43774708477335256
"Cabbages, cauliflowers and broccoli",conventional,1121,93.50552171437623
"Cabbages, cauliflowers and broccoli",conventional,1122,0.318194335901633
"Cabbages, cauliflowers and broccoli",conventional,1123,22.47678153944438
"Cabbages, cauliflowers and broccoli",conventional,1124,3.2785932828243824
"Cabbages, cauliflowers and broccoli",conventional,1131,0.1699615580829679
"Cabbages, cauliflowers and broccoli",conventional,1211,251.7663059193971
"Cabbages, cauliflowers and broccoli",conventional,1212,15.374613076355805
"Cabbages, cauliflowers and broccoli",conventional,1213,2.217433194179695
"Cabbages, cauliflowers and broccoli",conventional,1214,26.113196959837293
"Cabbages, cauliflowers and broccoli",conventional,1215,5.152073382571267
"Cabbages, cauliflowers and broccoli",conventional,1216,42.66075225133328
"Cabbages, cauliflowers and broccoli",conventional,1221,0.34071299946637557
"Cabbages, cauliflowers and broccoli",conventional,1222,108.10739618778236
"Cabbages, cauliflowers and broccoli",conventional,1311,18.111643162413152
"Cabbages, cauliflowers and broccoli",conventional,1321,22.883657703753133
"Cabbages, cauliflowers and broccoli",conventional,1322,0.3143267944994318
"Cabbages, cauliflowers and broccoli",conventional,1331,23.62524080222968
"Cabbages, cauliflowers and broccoli",conventional,1411,0.5471902786859759
"Cabbages, cauliflowers and broccoli",conventional,1412,2.213913670133283
"Cabbages, cauliflowers and broccoli",conventional,1421,0.6833709413933177
"Cabbages, cauliflowers and broccoli",conventional,1511,1.0925398680999463
"Cabbages, cauliflowers and broccoli",conventional,1512,0.15920972589372873
"Cabbages, cauliflowers and broccoli",conventional,1521,0.3852679857424625
"Cabbages, cauliflowers and broccoli",conventional,1522,0.058148604494842625
"Cabbages, cauliflowers and broccoli",conventional,1611,0.4412098400499084
"Cabbages, cauliflowers and broccoli",conventional,1612,6.46085175932597
"Cabbages, cauliflowers and broccoli",conventional,1613,2.2296786378376687
"Cabbages, cauliflowers and broccoli",conventional,1614,4.070057450326173
"Cabbages, cauliflowers and broccoli",conventional,1615,38.493067773444835
"Cabbages, cauliflowers and broccoli",conventional,1616,3.9804052899336804
"Cabbages, cauliflowers and broccoli",conventional,1617,0.4671572206884437
"Cabbages, cauliflowers and broccoli",conventional,1621,0.5789380755871022
"Cabbages, cauliflowers and broccoli",conventional,1622,10.675160802972135
"Cabbages, cauliflowers and broccoli",conventional,1623,41.331947529711385
"Cabbages, cauliflowers and broccoli",conventional,1711,4.157118934011091
"Cabbages, cauliflowers and broccoli",conventional,1712,0.841417000453291
"Cabbages, cauliflowers and broccoli",conventional,1713,0.7757775404240921
"Cabbages, cauliflowers and broccoli",conventional,1721,0.0
"Cabbages, cauliflowers and broccoli",conventional,1722,0.8872539339500377
"Cabbages, cauliflowers and broccoli",conventional,1723,2.2680882937617737
"Cabbages, cauliflowers and broccoli",conventional,1724,0.5712180567354855
"Cabbages, cauliflowers and broccoli",conventional,1811,1.365059174867409
"Cabbages, cauliflowers and broccoli",conventional,1812,6.215028215673186
"Cabbages, cauliflowers and broccoli",conventional,1813,0.16311369044348933
"Cabbages, cauliflowers and broccoli",conventional,1821,0.964347620938095
"Cabbages, cauliflowers and broccoli",conventional,1911,0.08817928629348408
"Cabbages, cauliflowers and broccoli",conventional,1912,0.000750180874174052
"Cabbages, cauliflowers and broccoli",conventional,1921,0.32180941068409313
"Cabbages, cauliflowers and broccoli",conventional,1922,3.391178272734437
"Cabbages, cauliflowers and broccoli",conventional,2011,5.2497758046611835
"Cabbages, cauliflowers and broccoli",conventional,2012,5.015082444271843
"Cabbages, cauliflowers and broccoli",conventional,2019,0.0
"Cabbages, cauliflowers and broccoli",conventional,2111,0.5576562964148937
"Cabbages, cauliflowers and broccoli",conventional,2121,1.2639235212252964
"Cabbages, cauliflowers and broccoli",conventional,2122,0.10027623305512878
"Cabbages, cauliflowers and broccoli",conventional,2211,0.1815523623179161
"Cabbages, cauliflowers and broccoli",conventional,2212,0.3629271629420679
"Cabbages, cauliflowers and broccoli",conventional,2221,0.416689407944803
"Cabbages, cauliflowers and broccoli",conventional,2311,4.887912121636746
"Cabbages, cauliflowers and broccoli",conventional,2312,0.0
"Cabbages, cauliflowers and broccoli",conventional,2319,0.0
"Cabbages, cauliflowers and broccoli",conventional,2331,0.0
"Cabbages, cauliflowers and broccoli",conventional,2411,1.9505273439683815
"Cabbages, cauliflowers and broccoli",conventional,2412,0.8406490416808352
"Cabbages, cauliflowers and broccoli",conventional,2413,0.01516140943795695
"Cabbages, cauliflowers and broccoli",conventional,2414,0.6487855688498969
"Cabbages, cauliflowers and broccoli",conventional,2415,0.0
"Cabbages, cauliflowers and broccoli",conventional,2419,0.0
"Cabbages, cauliflowers and broccoli",conventional,2511,3.891219380132269
"Cabbages, cauliflowers and broccoli",conventional,2512,3.0099607547474876
"Cabbages, cauliflowers and broccoli",conventional,2519,0.0
"Cabbages, cauliflowers and broccoli",conventional,2521,0.0
"Cabbages, cauliflowers and broccoli",conventional,311,3.7468563138554294
"Cabbages, cauliflowers and broccoli",conventional,312,0.09490146868370854
"Cabbages, cauliflowers and broccoli",conventional,321,7.7734814655780555
"Cabbages, cauliflowers and broccoli",conventional,322,1.722656270400213
"Cabbages, cauliflowers and broccoli",conventional,411,0.8636860883313004
"Cabbages, cauliflowers and broccoli",conventional,421,5.567413137187589
"Cabbages, cauliflowers and broccoli",conventional,422,1.8323540604298076
"Cabbages, cauliflowers and broccoli",conventional,431,0.8408103269680045
"Cabbages, cauliflowers and broccoli",conventional,511,0.02830901547147221
"Cabbages, cauliflowers and broccoli",conventional,512,0.35011405252936645
"Cabbages, cauliflowers and broccoli",conventional,513,32.86416654831519
"Cabbages, cauliflowers and broccoli",conventional,514,4.864510809452303
"Cabbages, cauliflowers and broccoli",conventional,515,7.092723955939936
"Cabbages, cauliflowers and broccoli",conventional,521,0.13989824687545796
"Cabbages, cauliflowers and broccoli",conventional,611,0.17859692744251995
"Cabbages, cauliflowers and broccoli",conventional,612,2.2773302155690347
"Cabbages, cauliflowers and broccoli",conventional,621,0.8187100030715466
"Cabbages, cauliflowers and broccoli",conventional,622,0.2941683463089452
"Cabbages, cauliflowers and broccoli",conventional,711,0.6639014498331609
"Cabbages, cauliflowers and broccoli",conventional,731,0.638247424286442
"Cabbages, cauliflowers and broccoli",conventional,811,6.70218239455763
"Cabbages, cauliflowers and broccoli",conventional,812,4.583261003120227
"Cabbages, cauliflowers and broccoli",conventional,813,0.010087423609231498
"Cabbages, cauliflowers and broccoli",conventional,814,0.017422836760513878
"Cabbages, cauliflowers and broccoli",conventional,821,0.25859023826893146
"Cabbages, cauliflowers and broccoli",conventional,831,0.6694230563552014
"Cabbages, cauliflowers and broccoli",conventional,911,0.32830185072776463
"Cabbages, cauliflowers and broccoli",conventional,912,6.816294697604224
"Cabbages, cauliflowers and broccoli",conventional,913,0.7225035631539107
"Cabbages, cauliflowers and broccoli",organic,1011,0.10097421113940622
"Cabbages, cauliflowers and broccoli",organic,111,0.001241436202331003
"Cabbages, cauliflowers and broccoli",organic,1111,67.03017709445137
"Cabbages, cauliflowers and broccoli",organic,1112,1.5124752964839292
"Cabbages, cauliflowers and broccoli",organic,112,0.0021099974319232586
"Cabbages, cauliflowers and broccoli",organic,1121,18.401670786169124
"Cabbages, cauliflowers and broccoli",organic,1122,0.06261991065267034
"Cabbages, cauliflowers and broccoli",organic,1123,4.423378712167621
"Cabbages, cauliflowers and broccoli",organic,1124,0.46988348526851675
"Cabbages, cauliflowers and broccoli",organic,1131,0.022241463881375767
"Cabbages, cauliflowers and broccoli",organic,1211,49.547027722389444
"Cabbages, cauliflowers and broccoli",organic,1212,3.0256883562453023
"Cabbages, cauliflowers and broccoli",organic,1213,0.4363857329651646
"Cabbages, cauliflowers and broccoli",organic,1214,5.139016871080017
"Cabbages, cauliflowers and broccoli",organic,1215,1.0139161464908968
"Cabbages, cauliflowers and broccoli",organic,1216,8.395537547154953
"Cabbages, cauliflowers and broccoli",organic,1221,0.06705153165071867
"Cabbages, cauliflowers and broccoli",organic,1222,21.27528596946663
"Cabbages, cauliflowers and broccoli",organic,1311,0.7959975538225477
"Cabbages, cauliflowers and broccoli",organic,1321,1.1755686365049138
"Cabbages, cauliflowers and broccoli",organic,1322,0.005280051143632166
"Cabbages, cauliflowers and broccoli",organic,1331,1.7734251504236456
"Cabbages, cauliflowers and broccoli",organic,1411,0.11929004845785666
"Cabbages, cauliflowers and broccoli",organic,1412,0.48264356893531785
"Cabbages, cauliflowers and broccoli",organic,1421,0.14897807195928406
"Cabbages, cauliflowers and broccoli",organic,1511,0.2266446279018434
"Cabbages, cauliflowers and broccoli",organic,1512,0.03470846734052502
"Cabbages, cauliflowers and broccoli",organic,1521,0.0745440390728323
"Cabbages, cauliflowers and broccoli",organic,1522,0.012676668643682719
"Cabbages, cauliflowers and broccoli",organic,1611,0.03197157195093078
"Cabbages, cauliflowers and broccoli",organic,1612,1.4014448854288182
"Cabbages, cauliflowers and broccoli",organic,1613,0.4860804058723863
"Cabbages, cauliflowers and broccoli",organic,1614,0.8180564834175996
"Cabbages, cauliflowers and broccoli",organic,1615,8.391669404311516
"Cabbages, cauliflowers and broccoli",organic,1616,0.8677470313587046
"Cabbages, cauliflowers and broccoli",organic,1617,0.0839995407748515
"Cabbages, cauliflowers and broccoli",organic,1621,0.12621121715964748
"Cabbages, cauliflowers and broccoli",organic,1622,2.327235148511778
"Cabbages, cauliflowers and broccoli",organic,1623,9.010558512693155
"Cabbages, cauliflowers and broccoli",organic,1711,0.06613032370534687
"Cabbages, cauliflowers and broccoli",organic,1712,0.016960741890645066
"Cabbages, cauliflowers and broccoli",organic,1713,0.012353227155366492
"Cabbages, cauliflowers and broccoli",organic,1721,0.0
"Cabbages, cauliflowers and broccoli",organic,1722,0.05099637118444146
"Cabbages, cauliflowers and broccoli",organic,1723,0.035181980208252604
"Cabbages, cauliflowers and broccoli",organic,1724,0.01638640030141615
"Cabbages, cauliflowers and broccoli",organic,1811,0.02282900383530439
"Cabbages, cauliflowers and broccoli",organic,1812,0.0980964342325646
"Cabbages, cauliflowers and broccoli",organic,1813,0.0024902489989982513
"Cabbages, cauliflowers and broccoli",organic,1821,0.01138761184428112
"Cabbages, cauliflowers and broccoli",organic,1911,5.880631014030895e-05
"Cabbages, cauliflowers and broccoli",organic,1912,1.7442725245148383e-07
"Cabbages, cauliflowers and broccoli",organic,1921,0.0005502547140683616
"Cabbages, cauliflowers and broccoli",organic,1922,0.020223813138423245
"Cabbages, cauliflowers and broccoli",organic,2011,0.17221767995738976
"Cabbages, cauliflowers and broccoli",organic,2012,0.16721216639864092
"Cabbages, cauliflowers and broccoli",organic,2019,0.0
"Cabbages, cauliflowers and broccoli",organic,2111,0.004971227560149723
"Cabbages, cauliflowers and broccoli",organic,2121,0.054471544126098115
"Cabbages, cauliflowers and broccoli",organic,2122,0.017418279247050316
"Cabbages, cauliflowers and broccoli",organic,2211,0.012898533937924828
"Cabbages, cauliflowers and broccoli",organic,2212,0.002640063913502133
"Cabbages, cauliflowers and broccoli",organic,2221,0.24457926130913893
"Cabbages, cauliflowers and broccoli",organic,2311,0.1082834149250028
"Cabbages, cauliflowers and broccoli",organic,2312,0.0
"Cabbages, cauliflowers and broccoli",organic,2319,0.0
"Cabbages, cauliflowers and broccoli",organic,2331,0.0
"Cabbages, cauliflowers and broccoli",organic,2411,0.006911387150438318
"Cabbages, cauliflowers and broccoli",organic,2412,0.0029787077851882665
"Cabbages, cauliflowers and broccoli",organic,2413,5.372207198020625e-05
"Cabbages, cauliflowers and broccoli",organic,2414,0.01337186915404251
"Cabbages, cauliflowers and broccoli",organic,2415,0.0
"Cabbages, cauliflowers and broccoli",organic,2419,0.0
"Cabbages, cauliflowers and broccoli",organic,2511,0.07464546349208914
"Cabbages, cauliflowers and broccoli",organic,2512,0.04980103236615474
"Cabbages, cauliflowers and broccoli",organic,2519,0.0
"Cabbages, cauliflowers and broccoli",organic,2521,0.0
"Cabbages, cauliflowers and broccoli",organic,311,0.02307081125604723
"Cabbages, cauliflowers and broccoli",organic,312,0.0005841634232457382
"Cabbages, cauliflowers and broccoli",organic,321,0.043411588660695034
"Cabbages, cauliflowers and broccoli",organic,322,0.009671808704559998
"Cabbages, cauliflowers and broccoli",organic,411,0.0051551475038517066
"Cabbages, cauliflowers and broccoli",organic,421,0.759257009116799
"Cabbages, cauliflowers and broccoli",organic,422,0.008714873153067482
"Cabbages, cauliflowers and broccoli",organic,431,0.05118530026860981
"Cabbages, cauliflowers and broccoli",organic,511,0.0002882343070962429
"Cabbages, cauliflowers and broccoli",organic,512,0.003427253839829131
"Cabbages, cauliflowers and broccoli",organic,513,0.3153430094098366
"Cabbages, cauliflowers and broccoli",organic,514,0.046676658472509194
"Cabbages, cauliflowers and broccoli",organic,515,0.0680571318883486
"Cabbages, cauliflowers and broccoli",organic,521,0.0012508254164410424
"Cabbages, cauliflowers and broccoli",organic,611,0.0011351206336248894
"Cabbages, cauliflowers and broccoli",organic,612,0.012079996909071697
"Cabbages, cauliflowers and broccoli",organic,621,0.00489922098445283
"Cabbages, cauliflowers and broccoli",organic,622,0.0017178200057637535
"Cabbages, cauliflowers and broccoli",organic,711,0.003311386725124786
"Cabbages, cauliflowers and broccoli",organic,731,0.05733379401431289
"Cabbages, cauliflowers and broccoli",organic,811,0.11095530444172796
"Cabbages, cauliflowers and broccoli",organic,812,0.07745073541452556
"Cabbages, cauliflowers and broccoli",organic,813,0.00017046342690083384
"Cabbages, cauliflowers and broccoli",organic,814,0.00029882324766261777
"Cabbages, cauliflowers and broccoli",organic,821,0.0045993012345537905
"Cabbages, cauliflowers and broccoli",organic,831,0.007393718533105842
"Cabbages, cauliflowers and broccoli",organic,911,0.02641153687890856
"Cabbages, cauliflowers and broccoli",organic,912,0.5483637036593095
"Cabbages, cauliflowers and broccoli",organic,913,0.05812464797588343
Carrots,conventional,1011,17.39933412247678
Carrots,conventional,111,0.07009255877965474
Carrots,conventional,1111,200.75314725057154
Carrots,conventional,1112,4.593578059399518
Carrots,conventional,112,0.12901823007732963
Carrots,conventional,1121,55.11239094276761
Carrots,conventional,1122,0.18754454618789562
Carrots,conventional,1123,13.24787187564118
Carrots,conventional,1124,2.434738784357651
Carrots,conventional,1131,0.11933775679079034
Carrots,conventional,1211,148.3916973420076
Carrots,conventional,1212,9.06183582447873
Carrots,conventional,1213,1.3069607317993512
Carrots,conventional,1214,15.391184319703937
Carrots,conventional,1215,3.036645079564743
Carrots,conventional,1216,25.144355251766406
Carrots,conventional,1221,0.20081710343515327
Carrots,conventional,1222,63.718772680669304
Carrots,conventional,1311,14.428350023960482
Carrots,conventional,1321,18.234374122183922
Carrots,conventional,1322,0.14733148474946195
Carrots,conventional,1331,12.435828025580431
Carrots,conventional,1411,0.06422240760481167
Carrots,conventional,1412,0.2598417253804336
Carrots,conventional,1421,0.08020560461863033
Carrots,conventional,1511,0.13687624181457322
Carrots,conventional,1512,0.018686062799856976
Carrots,conventional,1521,0.05891845760455261
Carrots,conventional,1522,0.006824761924657486
Carrots,conventional,1611,0.07602310739240571
Carrots,conventional,1612,0.7596767363263944
Carrots,conventional,1613,0.2616920217420925
Carrots,conventional,1614,0.49200878197885495
Carrots,conventional,1615,4.5178388301092705
Carrots,conventional,1616,0.46717060028248836
Carrots,conventional,1617,0.1627336349925092
Carrots,conventional,1621,0.06794857020776432
Carrots,conventional,1622,1.2529179611555779
Carrots,conventional,1623,4.851031322647373
Carrots,conventional,1711,6.353217790452896
Carrots,conventional,1712,1.26795504591774
Carrots,conventional,1713,1.1821341451786656
Carrots,conventional,1721,0.0
Carrots,conventional,1722,1.0729444666553716
Carrots,conventional,1723,3.9239791575300145
Carrots,conventional,1724,0.6619327745650457
Carrots,conventional,1811,2.8581770914357856
Carrots,conventional,1812,14.035504384730885
Carrots,conventional,1813,0.3639540213055813
Carrots,conventional,1821,2.2378653474105206
Carrots,conventional,1911,0.4602981977764188
Carrots,conventional,1912,0.012213146054977494
Carrots,conventional,1921,0.29665694142587967
Carrots,conventional,1922,0.7858927190853786
Carrots,conventional,2011,4.7148140104867124
Carrots,conventional,2012,4.553417748888604
Carrots,conventional,2019,0.0
Carrots,conventional,2111,1.527595729741056
Carrots,conventional,2121,3.271968691722632
Carrots,conventional,2122,0.15591168592246765
Carrots,conventional,2211,0.9569389770068801
Carrots,conventional,2212,1.9626874215259495
Carrots,conventional,2221,2.971545876633718
Carrots,conventional,2311,1.0384221867944612
Carrots,conventional,2312,0.0
Carrots,conventional,2319,0.0
Carrots,conventional,2331,0.0
Carrots,conventional,2411,1.1098197585333291
Carrots,conventional,2412,0.47831624577554377
Carrots,conventional,2413,0.008626606447477252
Carrots,conventional,2414,0.3952126030347146
Carrots,conventional,2415,0.0
Carrots,conventional,2419,0.0
Carrots,conventional,2511,9.400001151954214
Carrots,conventional,2512,7.285829907468042
Carrots,conventional,2519,0.0
Carrots,conventional,2521,0.0
Carrots,conventional,311,0.835052735087259
Carrots,conventional,312,0.02115678166487919
Carrots,conventional,321,1.9285783033614226
Carrots,conventional,322,0.4215947499339727
Carrots,conventional,411,0.28850630739006966
Carrots,conventional,421,2.0019336087820223
Carrots,conventional,422,0.7691371180299199
Carrots,conventional,431,0.31768877113893706
Carrots,conventional,511,0.06138840202336603
Carrots,conventional,512,0.7755459572561195
Carrots,conventional,513,72.8984596037035
Carrots,conventional,514,10.790334336131743
Carrots,conventional,515,15.732900148925708
Carrots,conventional,521,0.2527316331145337
Carrots,conventional,611,0.050020071093867254
Carrots,conventional,612,0.7149531751457093
Carrots,conventional,621,0.3393127512177527
Carrots,conventional,622,0.09692140037679531
Carrots,conventional,711,0.33161906444127826
Carrots,conventional,731,0.4792275321070325
Carrots,conventional,811,8.049887571133512
Carrots,conventional,812,5.448418382608283
Carrots,conventional,813,0.011991571980796482
Carrots,conventional,814,0.022068852682329002
Carrots,conventional,821,0.45884622999380414
Carrots,conventional,831,0.5110188026346915
Carrots,conventional,911,15.882508967734378
Carrots,conventional,912,329.7570861127764
Carrots,conventional,913,34.9531057944827
Carrots,organic,1011,0.49370119784789523
Carrots,organic,111,0.0013602795567305439
Carrots,organic,1111,181.1381212827851
Carrots,organic,1112,4.094242990446559
Carrots,organic,112,0.0024453230527205065
Carrots,organic,1121,49.72751407137347
Carrots,organic,1122,0.169220095518135
Carrots,organic,1123,11.953459536818585
Carrots,organic,1124,0.8847431788835014
Carrots,organic,1131,0.03266041680629622
Carrots,organic,1211,133.8927615263994
Carrots,organic,1212,8.176429306835894
Carrots,organic,1213,1.1792612708234114
Carrots,organic,1214,13.887354943972342
Carrots,organic,1215,2.739943020810624
Carrots,organic,1216,22.68757094745338
Carrots,organic,1221,0.18119582848826712
Carrots,organic,1222,57.49299043075615
Carrots,organic,1311,0.9541373384007642
Carrots,organic,1321,1.4636008003893564
Carrots,organic,1322,0.0040437589902639825
Carrots,organic,1331,1.1865110571682989
Carrots,organic,1411,0.014319045088905955
Carrots,organic,1412,0.05793438023371124
Carrots,organic,1421,0.017882662948174588
Carrots,organic,1511,0.029252580667985317
Carrots,organic,1512,0.004166249534145987
Carrots,organic,1521,0.01187569400162587
Carrots,organic,1522,0.0015216507347646908
Carrots,organic,1611,0.00667168865993499
Carrots,organic,1612,0.16865017235722637
Carrots,organic,1613,0.05834692280286349
Carrots,organic,1614,0.1023209746489611
Carrots,organic,1615,1.0072985477408043
Carrots,organic,1616,0.10416048135129438
Carrots,organic,1617,0.030686514143629464
Carrots,organic,1621,0.015149831294377901
Carrots,organic,1622,0.27935092201592726
Carrots,organic,1623,1.081587234538348
Carrots,organic,1711,0.12476320927802499
Carrots,organic,1712,0.031844206936432196
Carrots,organic,1713,0.023242322884035792
Carrots,organic,1721,0.0
Carrots,organic,1722,0.07621679016037723
Carrots,organic,1723,0.07399959310839568
Carrots,organic,1724,0.027056783672802464
Carrots,organic,1811,0.056975574790993244
Carrots,organic,1812,0.25209350716107715
Carrots,organic,1813,0.006517958588241004
Carrots,organic,1821,0.03860378831710638
Carrots,organic,1911,0.007063386259767771
Carrots,organic,1912,0.00018673439385243009
Carrots,organic,1921,0.005067687999005442
Carrots,organic,1922,0.01728255567802156
Carrots,organic,2011,0.24891020879639425
Carrots,organic,2012,0.24167880369744837
Carrots,organic,2019,0.0
Carrots,organic,2111,0.016424805757925112
Carrots,organic,2121,0.03901776738054959
Carrots,organic,2122,0.005306403027619125
Carrots,organic,2211,0.02343030159151485
Carrots,organic,2212,0.04793232617968574
Carrots,organic,2221,0.05617477741245055
Carrots,organic,2311,0.029763915103889607
Carrots,organic,2312,0.0
Carrots,organic,2319,0.0
Carrots,organic,2331,0.0
Carrots,organic,2411,0.008716659248853698
Carrots,organic,2412,0.0037567539193267686
Carrots,organic,2413,6.775441534398069e-05
Carrots,organic,2414,0.0032010742342306574
Carrots,organic,2415,0.0
Carrots,organic,2419,0.0
Carrots,organic,2511,0.4652381692548243
Carrots,organic,2512,0.3635745603160638
Carrots,organic,2519,0.0
Carrots,organic,2521,0.0
Carrots,organic,311,0.018535206761202315
Carrots,organic,312,0.0004695168776048606
Carrots,organic,321,0.04093891295517808
Carrots,organic,322,0.008840223085248703
Carrots,organic,411,0.0026948690226497886
Carrots,organic,421,0.026358357529506035
Carrots,organic,422,0.008068665341064495
Carrots,organic,431,0.0035046959445783755
Carrots,organic,511,0.001269427496950088
Carrots,organic,512,0.015229689874607651
Carrots,organic,513,1.3947900581590769
Carrots,organic,514,0.2064549942216402
Carrots,organic,515,0.3010227216463186
Carrots,organic,521,0.004339259611483154
Carrots,organic,611,0.00046600093219685546
Carrots,organic,612,0.005417249280315649
Carrots,organic,621,0.0023702122287954323
Carrots,organic,622,0.0007799756810595428
Carrots,organic,711,0.0019873538378645966
Carrots,organic,731,0.09087750609690834
Carrots,organic,811,0.39720885401992384
Carrots,organic,812,0.2715460237752772
Carrots,organic,813,0.0005976530180931994
Carrots,organic,814,0.0010892599423852254
Carrots,organic,821,0.020493694072219196
Carrots,organic,831,0.01314644373169382
Carrots,organic,911,2.562587187812632
Carrots,organic,912,53.20515075292731
Carrots,organic,913,5.63956118426659
Cereals for fodder,conventional,1011,295.2174180136125
Cereals for fodder,conventional,111,272.1723809352062
Cereals for fodder,conventional,1111,231.11459379002736
Cereals for fodder,conventional,1112,290.3699666588325
Cereals for fodder,conventional,112,262.68642954365987
Cereals for fodder,conventional,1121,244.7158974662382
Cereals for fodder,conventional,1122,379.5354388196986
Cereals for fodder,conventional,1123,254.10764053941352
Cereals for fodder,conventional,1124,124.00915314841151
Cereals for fodder,conventional,1131,66.75354957093315
Cereals for fodder,conventional,1211,227.3358774612002
Cereals for fodder,conventional,1212,189.46996250266523
Cereals for fodder,conventional,1213,184.15493656151173
Cereals for fodder,conventional,1214,172.63247893323836
Cereals for fodder,conventional,1215,687.9218970390285
Cereals for fodder,conventional,1216,269.25308050272014
Cereals for fodder,conventional,1221,174.65956049643654
Cereals for fodder,conventional,1222,141.39149457080478
Cereals for fodder,conventional,1311,762.8609185422083
Cereals for fodder,conventional,1321,532.4449957664519
Cereals for fodder,conventional,1322,264.54312011916784
Cereals for fodder,conventional,1331,444.1770604031335
Cereals for fodder,conventional,1411,86.37726787272344
Cereals for fodder,conventional,1412,217.38492020307987
Cereals for fodder,conventional,1421,102.75649441094151
Cereals for fodder,conventional,1511,239.31738605725076
Cereals for fodder,conventional,1512,249.84211370822882
Cereals for fodder,conventional,1521,132.73173725497108
Cereals for fodder,conventional,1522,139.95773887544908
Cereals for fodder,conventional,1611,402.5107190664026
Cereals for fodder,conventional,1612,291.2217466148643
Cereals for fodder,conventional,1613,215.172811878262
Cereals for fodder,conventional,1614,387.826743325879
Cereals for fodder,conventional,1615,232.91104348008247
Cereals for fodder,conventional,1616,277.28547482075174
Cereals for fodder,conventional,1617,116.03715422715274
Cereals for fodder,conventional,1621,319.8025481927326
Cereals for fodder,conventional,1622,248.90910447122442
Cereals for fodder,conventional,1623,198.8162609981909
Cereals for fodder,conventional,1711,430.55852359150356
Cereals for fodder,conventional,1712,432.31917809178253
Cereals for fodder,conventional,1713,244.80251887599158
Cereals for fodder,conventional,1721,72.16861398245202
Cereals for fodder,conventional,1722,324.0873585259181
Cereals for fodder,conventional,1723,45.41159533612696
Cereals for fodder,conventional,1724,83.5789719520805
Cereals for fodder,conventional,1811,215.44236608256722
Cereals for fodder,conventional,1812,505.2983951582841
Cereals for fodder,conventional,1813,125.46677344453195
Cereals for fodder,conventional,1821,264.68154231149447
Cereals for fodder,conventional,1911,211.64638899107754
Cereals for fodder,conventional,1912,130.73411007728166
Cereals for fodder,conventional,1921,272.3800040411256
Cereals for fodder,conventional,1922,270.7670506271887
Cereals for fodder,conventional,2011,393.94671434797726
Cereals for fodder,conventional,2012,97.66573388891726
Cereals for fodder,conventional,2019,0.0
Cereals for fodder,conventional,2111,493.23334759622446
Cereals for fodder,conventional,2121,399.56643660256503
Cereals for fodder,conventional,2122,64.94667041786016
Cereals for fodder,conventional,2211,232.1776814577717
Cereals for fodder,conventional,2212,428.30842208432716
Cereals for fodder,conventional,2221,358.7415532179514
Cereals for fodder,conventional,2311,642.9129531912079
Cereals for fodder,conventional,2312,159.48223021351998
Cereals for fodder,conventional,2319,23.005707264886453
Cereals for fodder,conventional,2331,58.143342731368385
Cereals for fodder,conventional,2411,311.51025694664736
Cereals for fodder,conventional,2412,247.67557681668097
Cereals for fodder,conventional,2413,314.9550893414902
Cereals for fodder,conventional,2414,217.63457130405504
Cereals for fodder,conventional,2415,40.272359198544024
Cereals for fodder,conventional,2419,0.42207323489050325
Cereals for fodder,conventional,2511,164.4925224733773
Cereals for fodder,conventional,2512,128.90507768002018
Cereals for fodder,conventional,2519,0.0
Cereals for fodder,conventional,2521,21.989695931667544
Cereals for fodder,conventional,311,369.22987886504586
Cereals for fodder,conventional,312,393.79657477329744
Cereals for fodder,conventional,321,419.7289879932885
Cereals for fodder,conventional,322,150.85401465092198
Cereals for fodder,conventional,411,443.4837426301395
Cereals for fodder,conventional,421,414.81879120414914
Cereals for fodder,conventional,422,257.3653113197516
Cereals for fodder,conventional,431,415.1989139657683
Cereals for fodder,conventional,511,189.0021368189379
Cereals for fodder,conventional,512,168.46562935991642
Cereals for fodder,conventional,513,242.4873230986508
Cereals for fodder,conventional,514,419.5999912364347
Cereals for fodder,conventional,515,382.51866340763064
Cereals for fodder,conventional,521,277.0400988836799
Cereals for fodder,conventional,611,474.4355253450905
Cereals for fodder,conventional,612,1168.5504958525426
Cereals for fodder,conventional,621,827.5080405344645
Cereals for fodder,conventional,622,1084.910769372629
Cereals for fodder,conventional,711,707.7809208084485
Cereals for fodder,conventional,731,81.4137540353996
Cereals for fodder,conventional,811,910.3556002050279
Cereals for fodder,conventional,812,650.8142885099978
Cereals for fodder,conventional,813,440.0652571506837
Cereals for fodder,conventional,814,280.8865690574182
Cereals for fodder,conventional,821,843.2672730086244
Cereals for fodder,conventional,831,258.81805662162026
Cereals for fodder,conventional,911,236.34463876677705
Cereals for fodder,conventional,912,716.9768321693163
Cereals for fodder,conventional,913,260.1282277007251
Cereals for fodder,organic,1011,37.749967561009704
Cereals for fodder,organic,111,141.95873848877105
Cereals for fodder,organic,1111,54.51004340997265
Cereals for fodder,organic,1112,78.76947282169066
Cereals for fodder,organic,112,145.45363884635464
Cereals for fodder,organic,1121,44.6185185337618
Cereals for fodder,organic,1122,97.2638791803014
Cereals for fodder,organic,1123,69.58118226058647
Cereals for fodder,organic,1124,32.499966783971836
Cereals for fodder,organic,1131,19.728392891006816
Cereals for fodder,organic,1211,39.0086445387998
Cereals for fodder,organic,1212,37.14840589733475
Cereals for fodder,organic,1213,44.42380463848828
Cereals for fodder,organic,1214,29.353655466761676
Cereals for fodder,organic,1215,178.93277856097157
Cereals for fodder,organic,1216,59.25612629727984
Cereals for fodder,organic,1221,46.0958827035635
Cereals for fodder,organic,1222,35.429939829195234
Cereals for fodder,organic,1311,198.48678639112512
Cereals for fodder,organic,1321,135.9517462162936
Cereals for fodder,organic,1322,83.62268160655316
Cereals for fodder,organic,1331,152.53292986812176
Cereals for fodder,organic,1411,87.55466612727656
Cereals for fodder,organic,1412,208.63266139692016
Cereals for fodder,organic,1421,106.28040158905849
Cereals for fodder,organic,1511,184.9815693206204
Cereals for fodder,organic,1512,259.1965394917712
Cereals for fodder,organic,1521,101.97965016715327
Cereals for fodder,organic,1522,127.14974912455088
Cereals for fodder,organic,1611,184.07085301965273
Cereals for fodder,organic,1612,246.14074576100413
Cereals for fodder,organic,1613,193.5524303217381
Cereals for fodder,organic,1614,310.87788944133706
Cereals for fodder,organic,1615,216.80491951991758
Cereals for fodder,organic,1616,271.52547897924825
Cereals for fodder,organic,1617,108.13518709260667
Cereals for fodder,organic,1621,328.48955640726746
Cereals for fodder,organic,1622,283.8663835287756
Cereals for fodder,organic,1623,203.52257920180915
Cereals for fodder,organic,1711,365.5355275924811
Cereals for fodder,organic,1712,385.6664091111158
Cereals for fodder,organic,1713,208.5592711240084
Cereals for fodder,organic,1721,58.1411767585323
Cereals for fodder,organic,1722,266.8814096217549
Cereals for fodder,organic,1723,42.89528005747777
Cereals for fodder,organic,1724,80.96473845994993
Cereals for fodder,organic,1811,176.44970221479318
Cereals for fodder,organic,1812,233.47175110838262
Cereals for fodder,organic,1813,117.92340407581483
Cereals for fodder,organic,1821,163.34720031954774
Cereals for fodder,organic,1911,163.21949450854237
Cereals for fodder,organic,1912,119.58460166328275
Cereals for fodder,organic,1921,170.0283328656528
Cereals for fodder,organic,1922,130.63848823547588
Cereals for fodder,organic,2011,353.50424433871854
Cereals for fodder,organic,2012,86.70348465821189
Cereals for fodder,organic,2019,0.0
Cereals for fodder,organic,2111,305.55717004916335
Cereals for fodder,organic,2121,292.6513799604322
Cereals for fodder,organic,2122,54.101829216613254
Cereals for fodder,organic,2211,103.48891520844779
Cereals for fodder,organic,2212,154.55509951567282
Cereals for fodder,organic,2221,124.31482285696211
Cereals for fodder,organic,2311,370.1624392526345
Cereals for fodder,organic,2312,93.10458276285675
Cereals for fodder,organic,2319,13.473628735113552
Cereals for fodder,organic,2331,34.01703772356635
Cereals for fodder,organic,2411,61.46002665335261
Cereals for fodder,organic,2412,63.43189918331908
Cereals for fodder,organic,2413,67.45353505850981
Cereals for fodder,organic,2414,54.4703342054775
Cereals for fodder,organic,2415,11.676684887839745
Cereals for fodder,organic,2419,0.1387371651094968
Cereals for fodder,organic,2511,66.96588798610983
Cereals for fodder,organic,2512,33.57849941997982
Cereals for fodder,organic,2519,0.0
Cereals for fodder,organic,2521,4.862332001098089
Cereals for fodder,organic,311,167.69220785680133
Cereals for fodder,organic,312,194.72313104242008
Cereals for fodder,organic,321,209.62961891158088
Cereals for fodder,organic,322,91.88648087094052
Cereals for fodder,organic,411,230.1831835900458
Cereals for fodder,organic,421,237.0404518142932
Cereals for fodder,organic,422,118.02459767217027
Cereals for fodder,organic,431,245.85637372294443
Cereals for fodder,organic,511,121.44366478325396
Cereals for fodder,organic,512,114.49517574757873
Cereals for fodder,organic,513,190.6086353013492
Cereals for fodder,organic,514,306.1381802635653
Cereals for fodder,organic,515,271.52008719236926
Cereals for fodder,organic,521,195.53663803937596
Cereals for fodder,organic,611,179.213088174221
Cereals for fodder,organic,612,429.0851607088957
Cereals for fodder,organic,621,284.88226383916924
Cereals for fodder,organic,622,379.74932168917167
Cereals for fodder,organic,711,211.1747997915514
Cereals for fodder,organic,731,20.54269262539731
Cereals for fodder,organic,811,110.80709258609937
Cereals for fodder,organic,812,82.60531589000219
Cereals for fodder,organic,813,74.48267884931623
Cereals for fodder,organic,814,49.418072409516256
Cereals for fodder,organic,821,199.00853969237852
Cereals for fodder,organic,831,55.86847292334303
Cereals for fodder,organic,911,82.77132536655633
Cereals for fodder,organic,912,202.89301883068376
Cereals for fodder,organic,913,99.46993163260825
Cucumbers,conventional,1011,44.81531062843154
Cucumbers,conventional,111,0.03977713167875795
Cucumbers,conventional,1111,11.259836005540226
Cucumbers,conventional,1112,0.3273689845546211
Cucumbers,conventional,112,0.08560529489307502
Cucumbers,conventional,1121,3.0911419939744786
Cucumbers,conventional,1122,0.010518992417954023
Cucumbers,conventional,1123,0.7430462076688745
Cucumbers,conventional,1124,0.09342457663164329
Cucumbers,conventional,1131,0.0038751334671517945
Cucumbers,conventional,1211,8.322988702982878
Cucumbers,conventional,1212,0.5082599535309124
Cucumbers,conventional,1213,0.07330477109468898
Cucumbers,conventional,1214,0.8632602464488395
Cucumbers,conventional,1215,0.17031925063796136
Cucumbers,conventional,1216,1.4102957810497179
Cucumbers,conventional,1221,0.01126342317794471
Cucumbers,conventional,1222,3.5738564534837725
Cucumbers,conventional,1311,0.3076177395259548
Cucumbers,conventional,1321,0.4096150912579323
Cucumbers,conventional,1322,0.001971678577498972
Cucumbers,conventional,1331,0.47042904646684863
Cucumbers,conventional,1411,0.014002227033633699
Cucumbers,conventional,1412,0.05665254491822162
Cucumbers,conventional,1421,0.017486997562448592
Cucumbers,conventional,1511,0.02755089188304153
Cucumbers,conventional,1512,0.004074068591423086
Cucumbers,conventional,1521,0.009608002372921868
Cucumbers,conventional,1522,0.0014879832364365197
Cucumbers,conventional,1611,0.00702201192450635
Cucumbers,conventional,1612,0.16502766415095932
Cucumbers,conventional,1613,0.05705595971847139
Cucumbers,conventional,1614,0.10109556130138816
Cucumbers,conventional,1615,0.9850114214001615
Cucumbers,conventional,1616,0.10185586390417797
Cucumbers,conventional,1617,0.013855221993095409
Cucumbers,conventional,1621,0.014814631561533545
Cucumbers,conventional,1622,0.27317010372098605
Cucumbers,conventional,1623,1.0576564233616148
Cucumbers,conventional,1711,0.24523633683201423
Cucumbers,conventional,1712,0.04891194214459779
Cucumbers,conventional,1713,0.04579421238006875
Cucumbers,conventional,1721,0.0
Cucumbers,conventional,1722,0.046129354281862704
Cucumbers,conventional,1723,0.1299161016984001
Cucumbers,conventional,1724,0.014316286199557094
Cucumbers,conventional,1811,0.06869113481644024
Cucumbers,conventional,1812,0.3284627440500773
Cucumbers,conventional,1813,0.008661253282948433
Cucumbers,conventional,1821,0.05079202792884876
Cucumbers,conventional,1911,0.003723403147175361
Cucumbers,conventional,1912,1.4989090338916054e-05
Cucumbers,conventional,1921,0.0
Cucumbers,conventional,1922,0.0
Cucumbers,conventional,2011,0.0
Cucumbers,conventional,2012,0.00280163581085286
Cucumbers,conventional,2019,0.0
Cucumbers,conventional,2111,0.0
Cucumbers,conventional,2121,0.0
Cucumbers,conventional,2122,0.0
Cucumbers,conventional,2211,0.0
Cucumbers,conventional,2212,0.0
Cucumbers,conventional,2221,0.0
Cucumbers,conventional,2311,0.0
Cucumbers,conventional,2312,0.0
Cucumbers,conventional,2319,0.0
Cucumbers,conventional,2331,0.0
Cucumbers,conventional,2411,0.0
Cucumbers,conventional,2412,0.0
Cucumbers,conventional,2413,0.0
Cucumbers,conventional,2414,0.0
Cucumbers,conventional,2415,0.0
Cucumbers,conventional,2419,0.0
Cucumbers,conventional,2511,0.0
Cucumbers,conventional,2512,0.0
Cucumbers,conventional,2519,0.0
Cucumbers,conventional,2521,0.0
Cucumbers,conventional,311,0.006149319580922325
Cucumbers,conventional,312,0.00017279976892338016
Cucumbers,conventional,321,0.25033757063159684
Cucumbers,conventional,322,0.10442885474439312
Cucumbers,conventional,411,6.302424266097057e-05
Cucumbers,conventional,421,0.47966287949975545
Cucumbers,conventional,422,0.0
Cucumbers,conventional,431,0.02331230555435599
Cucumbers,conventional,511,0.0027678917394091023
Cucumbers,conventional,512,0.028847355294906278
Cucumbers,conventional,513,2.4946844896892855
Cucumbers,conventional,514,0.36925992473978203
Cucumbers,conventional,515,0.5384012528210027
Cucumbers,conventional,521,0.008296206340853218
Cucumbers,conventional,611,0.00012105784795634226
Cucumbers,conventional,612,0.002572130544241511
Cucumbers,conventional,621,8.95016233531515e-05
Cucumbers,conventional,622,0.0022466298558720533
Cucumbers,conventional,711,0.0
Cucumbers,conventional,731,0.35978360642995755
Cucumbers,conventional,811,19.052955042783964
Cucumbers,conventional,812,12.731919904656406
Cucumbers,conventional,813,0.028022028278476916
Cucumbers,conventional,814,0.04379953657277067
Cucumbers,conventional,821,0.3092870187669526
Cucumbers,conventional,831,0.741372987967312
Cucumbers,conventional,911,0.03813457504501587
Cucumbers,conventional,912,0.791760695526134
Cucumbers,conventional,913,0.08392388373171619
Cucumbers,organic,1011,0.78163356886656
Cucumbers,organic,111,0.0004940933783928436
Cucumbers,organic,1111,4.667733875094434
Cucumbers,organic,1112,0.13447668979954536
Cucumbers,organic,112,0.0010356243760226134
Cucumbers,organic,1121,1.2814243645202512
Cucumbers,organic,1122,0.0043606192147902225
Cucumbers,organic,1123,0.30802775036775987
Cucumbers,organic,1124,0.01853786418733867
Cucumbers,organic,1131,0.0005955933774625133
Cucumbers,organic,1211,3.4502719481727957
Cucumbers,organic,1212,0.21069775805640947
Cucumbers,organic,1213,0.03038829012042139
Cucumbers,organic,1214,0.35786214767150964
Cucumbers,organic,1215,0.07060537430494918
Cucumbers,organic,1216,0.5846342156199723
Cucumbers,organic,1221,0.0046692209274937745
Cucumbers,organic,1222,1.4815323086804317
Cucumbers,organic,1311,0.012850747189904506
Cucumbers,organic,1321,0.02048611633606623
Cucumbers,organic,1322,3.2465589818852066e-05
Cucumbers,organic,1331,0.027053286249893126
Cucumbers,organic,1411,0.0017060635051098258
Cucumbers,organic,1412,0.006902676204607345
Cucumbers,organic,1421,0.0021306559509123926
Cucumbers,organic,1511,0.0032305688791947995
Cucumbers,organic,1512,0.0004963938753775066
Cucumbers,organic,1521,0.0010712936555488913
Cucumbers,organic,1522,0.00018129929544791592
Cucumbers,organic,1611,0.00034903323723305954
Cucumbers,organic,1612,0.02002716249967003
Cucumbers,organic,1613,0.006951829190519807
Cucumbers,organic,1614,0.011544659322250288
Cucumbers,organic,1615,0.12001605416985364
Cucumbers,organic,1616,0.01241035242257858
Cucumbers,organic,1617,0.0014483493881094485
Cucumbers,organic,1621,0.001805048738894899
Cucumbers,organic,1622,0.03328367291331494
Cucumbers,organic,1623,0.1288672880755293
Cucumbers,organic,1711,0.0030306479009714407
Cucumbers,organic,1712,0.0007606404290458084
Cucumbers,organic,1713,0.0005664210069582233
Cucumbers,organic,1721,0.0
Cucumbers,organic,1722,0.0019236131052527302
Cucumbers,organic,1723,0.001559160564104616
Cucumbers,organic,1724,0.0003633738887818189
Cucumbers,organic,1811,0.000867494965733106
Cucumbers,organic,1812,0.0038069743660148325
Cucumbers,organic,1813,9.998091119326979e-05
Cucumbers,organic,1821,0.0005624580070657708
Cucumbers,organic,1911,3.6061037774104624e-05
Cucumbers,organic,1912,1.4435514044141103e-07
Cucumbers,organic,1921,0.0
Cucumbers,organic,1922,0.0
Cucumbers,organic,2011,0.0
Cucumbers,organic,2012,9.183195995111939e-05
Cucumbers,organic,2019,0.0
Cucumbers,organic,2111,0.0
Cucumbers,organic,2121,0.0
Cucumbers,organic,2122,0.0
Cucumbers,organic,2211,0.0
Cucumbers,organic,2212,0.0
Cucumbers,organic,2221,0.0
Cucumbers,organic,2311,0.0
Cucumbers,organic,2312,0.0
Cucumbers,organic,2319,0.0
Cucumbers,organic,2331,0.0
Cucumbers,organic,2411,0.0
Cucumbers,organic,2412,0.0
Cucumbers,organic,2413,0.0
Cucumbers,organic,2414,0.0
Cucumbers,organic,2415,0.0
Cucumbers,organic,2419,0.0
Cucumbers,organic,2511,0.0
Cucumbers,organic,2512,0.0
Cucumbers,organic,2519,0.0
Cucumbers,organic,2521,0.0
Cucumbers,organic,311,8.862142098779214e-05
Cucumbers,organic,312,2.4898022353657433e-06
Cucumbers,organic,321,0.003436754839304709
Cucumbers,organic,322,0.001413546113211305
Cucumbers,organic,411,3.5228551592057105e-07
Cucumbers,organic,421,0.0039256152398496474
Cucumbers,organic,422,0.0
Cucumbers,organic,431,0.00015709847821566864
Cucumbers,organic,511,3.582107300404008e-05
Cucumbers,organic,512,0.00035450821488522573
Cucumbers,organic,513,0.029843411441966908
Cucumbers,organic,514,0.004417382602323229
Cucumbers,organic,515,0.006440786470279805
Cucumbers,organic,521,8.867054356324668e-05
Cucumbers,organic,611,5.213606078021264e-07
Cucumbers,organic,612,8.479807254302447e-06
Cucumbers,organic,621,3.191307836976744e-07
Cucumbers,organic,622,8.53782266269991e-06
Cucumbers,organic,711,0.0
Cucumbers,organic,731,0.039273249157657286
Cucumbers,organic,811,0.5966770303989097
Cucumbers,organic,812,0.40281317666880667
Cucumbers,organic,813,0.0008865624597142042
Cucumbers,organic,814,0.0013722648718956113
Cucumbers,organic,821,0.008768350864846982
Cucumbers,organic,831,0.011971915240564733
Cucumbers,organic,911,0.0035964117322398073
Cucumbers,organic,912,0.07466970462251689
Cucumbers,organic,913,0.007914729342377231
"Cucumbers, greenhouse",conventional,1011,35451.364751024994
"Cucumbers, greenhouse",conventional,111,724.7177967626511
"Cucumbers, greenhouse",conventional,1111,185863.13773373107
"Cucumbers, greenhouse",conventional,1112,4287.633115858437
"Cucumbers, greenhouse",conventional,112,1551.918531396947
"Cucumbers, greenhouse",conventional,1121,51024.664115703854
"Cucumbers, greenhouse",conventional,1122,173.63422838807674
"Cucumbers, greenhouse",conventional,1123,12265.267413356125
"Cucumbers, greenhouse",conventional,1124,1592.3854087386349
"Cucumbers, greenhouse",conventional,1131,67.89973105012656
"Cucumbers, greenhouse",conventional,1211,137385.37531964484
"Cucumbers, greenhouse",conventional,1212,8389.712754357595
"Cucumbers, greenhouse",conventional,1213,1210.0224869889764
"Cucumbers, greenhouse",conventional,1214,14249.608787093279
"Cucumbers, greenhouse",conventional,1215,2811.4148664734903
"Cucumbers, greenhouse",conventional,1216,23279.379812420942
"Cucumbers, greenhouse",conventional,1221,185.9223502407659
"Cucumbers, greenhouse",conventional,1222,58992.704150185236
"Cucumbers, greenhouse",conventional,1311,7205.514976086014
"Cucumbers, greenhouse",conventional,1321,9244.25390626147
"Cucumbers, greenhouse",conventional,1322,79.47284298730264
"Cucumbers, greenhouse",conventional,1331,6356.9702408407975
"Cucumbers, greenhouse",conventional,1411,35.206823304016325
"Cucumbers, greenhouse",conventional,1412,142.44563624541314
"Cucumbers, greenhouse",conventional,1421,43.968836658629876
"Cucumbers, greenhouse",conventional,1511,75.14483143673282
"Cucumbers, greenhouse",conventional,1512,10.243728564187737
"Cucumbers, greenhouse",conventional,1521,32.12566019933671
"Cucumbers, greenhouse",conventional,1522,3.7413450559488575
"Cucumbers, greenhouse",conventional,1611,44.86981099200979
"Cucumbers, greenhouse",conventional,1612,416.6493684434299
"Cucumbers, greenhouse",conventional,1613,143.45997157625035
"Cucumbers, greenhouse",conventional,1614,271.7106211094363
"Cucumbers, greenhouse",conventional,1615,2476.6862430078672
"Cucumbers, greenhouse",conventional,1616,256.10364653698406
"Cucumbers, greenhouse",conventional,1617,30.359990512794536
"Cucumbers, greenhouse",conventional,1621,37.249511413304184
"Cucumbers, greenhouse",conventional,1622,686.8515665788883
"Cucumbers, greenhouse",conventional,1623,2659.3428834003844
"Cucumbers, greenhouse",conventional,1711,237.35241833572664
"Cucumbers, greenhouse",conventional,1712,48.594384691732174
"Cucumbers, greenhouse",conventional,1713,44.160569224682156
"Cucumbers, greenhouse",conventional,1721,0.0
"Cucumbers, greenhouse",conventional,1722,51.92272164868991
"Cucumbers, greenhouse",conventional,1723,147.0492220197908
"Cucumbers, greenhouse",conventional,1724,64.15567906321657
"Cucumbers, greenhouse",conventional,1811,160.81494775480743
"Cucumbers, greenhouse",conventional,1812,529.077491059464
"Cucumbers, greenhouse",conventional,1813,14.200500642244794
"Cucumbers, greenhouse",conventional,1821,116.0449912612003
"Cucumbers, greenhouse",conventional,1911,158.89355831034402
"Cucumbers, greenhouse",conventional,1912,5.783460056616694
"Cucumbers, greenhouse",conventional,1921,138.75469736006696
"Cucumbers, greenhouse",conventional,1922,267.87268467528725
"Cucumbers, greenhouse",conventional,2011,822.1205327074001
"Cucumbers, greenhouse",conventional,2012,775.1634653311037
"Cucumbers, greenhouse",conventional,2019,0.0
"Cucumbers, greenhouse",conventional,2111,205.7261669401825
"Cucumbers, greenhouse",conventional,2121,446.3967449046497
"Cucumbers, greenhouse",conventional,2122,23.886358704195043
"Cucumbers, greenhouse",conventional,2211,299.94379398850805
"Cucumbers, greenhouse",conventional,2212,617.2659505684154
"Cucumbers, greenhouse",conventional,2221,823.6341574673495
"Cucumbers, greenhouse",conventional,2311,21.965674176483397
"Cucumbers, greenhouse",conventional,2312,0.0
"Cucumbers, greenhouse",conventional,2319,0.0
"Cucumbers, greenhouse",conventional,2331,0.0
"Cucumbers, greenhouse",conventional,2411,1473.6154599324277
"Cucumbers, greenhouse",conventional,2412,635.106925329184
"Cucumbers, greenhouse",conventional,2413,11.4543830473473
"Cucumbers, greenhouse",conventional,2414,502.2951272260642
"Cucumbers, greenhouse",conventional,2415,0.0
"Cucumbers, greenhouse",conventional,2419,0.0
"Cucumbers, greenhouse",conventional,2511,19.29245530965485
"Cucumbers, greenhouse",conventional,2512,0.0
"Cucumbers, greenhouse",conventional,2519,0.0
"Cucumbers, greenhouse",conventional,2521,0.0
"Cucumbers, greenhouse",conventional,311,387.18517995551656
"Cucumbers, greenhouse",conventional,312,10.110013518353577
"Cucumbers, greenhouse",conventional,321,5082.067433903563
"Cucumbers, greenhouse",conventional,322,1983.9087559398758
"Cucumbers, greenhouse",conventional,411,321.76906294591436
"Cucumbers, greenhouse",conventional,421,10106.644947613111
"Cucumbers, greenhouse",conventional,422,763.8438891030261
"Cucumbers, greenhouse",conventional,431,721.0382064946385
"Cucumbers, greenhouse",conventional,511,12.371402519135147
"Cucumbers, greenhouse",conventional,512,155.3248022922687
"Cucumbers, greenhouse",conventional,513,14595.161603358194
"Cucumbers, greenhouse",conventional,514,2160.3566693486987
"Cucumbers, greenhouse",conventional,515,3149.9186870527947
"Cucumbers, greenhouse",conventional,521,59.93508971946005
"Cucumbers, greenhouse",conventional,611,31.119308511917026
"Cucumbers, greenhouse",conventional,612,413.4606766601382
"Cucumbers, greenhouse",conventional,621,127.74962296178356
"Cucumbers, greenhouse",conventional,622,50.355119331481305
"Cucumbers, greenhouse",conventional,711,91.85435977123917
"Cucumbers, greenhouse",conventional,731,473.95423114343225
"Cucumbers, greenhouse",conventional,811,3082.3448669994573
"Cucumbers, greenhouse",conventional,812,980.673540313782
"Cucumbers, greenhouse",conventional,813,2.1583910269947997
"Cucumbers, greenhouse",conventional,814,4.080278110923215
"Cucumbers, greenhouse",conventional,821,90.83245509072869
"Cucumbers, greenhouse",conventional,831,559.5430629430898
"Cucumbers, greenhouse",conventional,911,740.8250719460113
"Cucumbers, greenhouse",conventional,912,15381.21700673925
"Cucumbers, greenhouse",conventional,913,1630.355579684459
"Cucumbers, greenhouse",organic,1011,1952.2623288156958
"Cucumbers, greenhouse",organic,111,39.90930288801157
"Cucumbers, greenhouse",organic,1111,10235.250593633498
"Cucumbers, greenhouse",organic,1112,236.11459447780706
"Cucumbers, greenhouse",organic,112,85.46221302099913
"Cucumbers, greenhouse",organic,1121,2809.8644521345987
"Cucumbers, greenhouse",organic,1122,9.561819846871261
"Cucumbers, greenhouse",organic,1123,675.4329400888179
"Cucumbers, greenhouse",organic,1124,87.69067335683708
"Cucumbers, greenhouse",organic,1131,3.739153287802464
"Cucumbers, greenhouse",organic,1211,7565.640833587188
"Cucumbers, greenhouse",organic,1212,462.0109909716055
"Cucumbers, greenhouse",organic,1213,66.63442535876307
"Cucumbers, greenhouse",organic,1214,784.7081383404006
"Cucumbers, greenhouse",organic,1215,154.82110133235176
"Cucumbers, greenhouse",organic,1216,1281.966337972024
"Cucumbers, greenhouse",organic,1221,10.238511352357193
"Cucumbers, greenhouse",organic,1222,3248.6544536778692
"Cucumbers, greenhouse",organic,1311,396.7987000309583
"Cucumbers, greenhouse",organic,1321,509.0695036974512
"Cucumbers, greenhouse",organic,1322,4.376470091282162
"Cucumbers, greenhouse",organic,1331,350.07040247264695
"Cucumbers, greenhouse",organic,1411,1.938795737101048
"Cucumbers, greenhouse",organic,1412,7.844303075470835
"Cucumbers, greenhouse",organic,1421,2.4213088566078933
"Cucumbers, greenhouse",organic,1511,4.13813190689358
"Cucumbers, greenhouse",organic,1512,0.564109323376579
"Cucumbers, greenhouse",organic,1521,1.769119937581118
"Cucumbers, greenhouse",organic,1522,0.20603119409157938
"Cucumbers, greenhouse",organic,1611,2.4709243865780497
"Cucumbers, greenhouse",organic,1612,22.944359746078366
"Cucumbers, greenhouse",organic,1613,7.9001612538255355
"Cucumbers, greenhouse",organic,1614,14.962764160319965
"Cucumbers, greenhouse",organic,1615,136.38801457934105
"Cucumbers, greenhouse",organic,1616,14.103307585416117
"Cucumbers, greenhouse",organic,1617,1.6718867157185258
"Cucumbers, greenhouse",organic,1621,2.051284017123248
"Cucumbers, greenhouse",organic,1622,37.82405693933799
"Cucumbers, greenhouse",organic,1623,146.44668737376531
"Cucumbers, greenhouse",organic,1711,13.070700894716486
"Cucumbers, greenhouse",organic,1712,2.676032003052969
"Cucumbers, greenhouse",organic,1713,2.4318673292799557
"Cucumbers, greenhouse",organic,1721,0.0
"Cucumbers, greenhouse",organic,1722,2.859319357554203
"Cucumbers, greenhouse",organic,1723,8.097816787789329
"Cucumbers, greenhouse",organic,1724,3.5329730264075736
"Cucumbers, greenhouse",organic,1811,8.85587809149428
"Cucumbers, greenhouse",organic,1812,29.13563587957078
"Cucumbers, greenhouse",organic,1813,0.7820038142079158
"Cucumbers, greenhouse",organic,1821,6.390452567286221
"Cucumbers, greenhouse",organic,1911,8.750069577273354
"Cucumbers, greenhouse",organic,1912,0.3184879137386838
"Cucumbers, greenhouse",organic,1921,7.641047686166986
"Cucumbers, greenhouse",organic,1922,14.75141379980777
"Cucumbers, greenhouse",organic,2011,45.273149765105856
"Cucumbers, greenhouse",organic,2012,42.68728277932914
"Cucumbers, greenhouse",organic,2019,0.0
"Cucumbers, greenhouse",organic,2111,11.329082775504576
"Cucumbers, greenhouse",organic,2121,24.582510571983004
"Cucumbers, greenhouse",organic,2122,1.3153919065818365
"Cucumbers, greenhouse",organic,2211,16.51752968830035
"Cucumbers, greenhouse",organic,2212,33.99206407478254
"Cucumbers, greenhouse",organic,2221,45.35650318801538
"Cucumbers, greenhouse",organic,2311,1.2096222112450101
"Cucumbers, greenhouse",organic,2312,0.0
"Cucumbers, greenhouse",organic,2319,0.0
"Cucumbers, greenhouse",organic,2331,0.0
"Cucumbers, greenhouse",organic,2411,81.15016078480633
"Cucumbers, greenhouse",organic,2412,34.97454424668602
"Cucumbers, greenhouse",organic,2413,0.6307785519742147
"Cucumbers, greenhouse",organic,2414,27.66076459165878
"Cucumbers, greenhouse",organic,2415,0.0
"Cucumbers, greenhouse",organic,2419,0.0
"Cucumbers, greenhouse",organic,2511,1.0624113908142436
"Cucumbers, greenhouse",organic,2512,0.0
"Cucumbers, greenhouse",organic,2519,0.0
"Cucumbers, greenhouse",organic,2521,0.0
"Cucumbers, greenhouse",organic,311,21.321803727768373
"Cucumbers, greenhouse",organic,312,0.5567458029984151
"Cucumbers, greenhouse",organic,321,279.8630990200206
"Cucumbers, greenhouse",organic,322,109.25137453042763
"Cucumbers, greenhouse",organic,411,17.719419959692033
"Cucumbers, greenhouse",organic,421,556.560300019764
"Cucumbers, greenhouse",organic,422,42.063927870331035
"Cucumbers, greenhouse",organic,431,39.70667245287408
"Cucumbers, greenhouse",organic,511,0.6812776676538198
"Cucumbers, greenhouse",organic,512,8.553542645693907
"Cucumbers, greenhouse",organic,513,803.7372998564085
"Cucumbers, greenhouse",organic,514,118.96814049318846
"Cucumbers, greenhouse",organic,515,173.46208346994513
"Cucumbers, greenhouse",organic,521,3.3005504486285737
"Cucumbers, greenhouse",organic,611,1.7137014084867552
"Cucumbers, greenhouse",organic,612,22.768762476680024
"Cucumbers, greenhouse",organic,621,7.035011999685789
"Cucumbers, greenhouse",organic,622,2.772993458059401
"Cucumbers, greenhouse",organic,711,5.058304738851821
"Cucumbers, greenhouse",organic,731,26.100066881554316
"Cucumbers, greenhouse",organic,811,169.74087769322006
"Cucumbers, greenhouse",organic,812,54.004465640933134
"Cucumbers, greenhouse",organic,813,0.11885989502657829
"Cucumbers, greenhouse",organic,814,0.224695813630598
"Cucumbers, greenhouse",organic,821,5.002029725875251
"Cucumbers, greenhouse",organic,831,30.81333682936312
"Cucumbers, greenhouse",organic,911,40.79631039198736
"Cucumbers, greenhouse",organic,912,847.0243880449809
"Cucumbers, greenhouse",organic,913,89.7816431933109
Currants,conventional,1011,0.005500687985529173
Currants,conventional,111,0.0
Currants,conventional,1111,0.0
Currants,conventional,1112,0.0021473548756074656
Currants,conventional,112,0.48060469287501295
Currants,conventional,1121,0.0
Currants,conventional,1122,0.0
Currants,conventional,1123,0.0
Currants,conventional,1124,0.002792053252063768
Currants,conventional,1131,0.007574246749488631
Currants,conventional,1211,0.0
Currants,conventional,1212,0.0
Currants,conventional,1213,0.0
Currants,conventional,1214,0.0
Currants,conventional,1215,0.0
Currants,conventional,1216,0.0
Currants,conventional,1221,0.0
Currants,conventional,1222,0.0
Currants,conventional,1311,0.0
Currants,conventional,1321,0.0017236602136029388
Currants,conventional,1322,0.018632336817450957
Currants,conventional,1331,0.14765772133915092
Currants,conventional,1411,0.0
Currants,conventional,1412,0.0
Currants,conventional,1421,0.0
Currants,conventional,1511,0.015794001014971193
Currants,conventional,1512,0.0
Currants,conventional,1521,0.1513136304652436
Currants,conventional,1522,0.0
Currants,conventional,1611,0.0
Currants,conventional,1612,0.0
Currants,conventional,1613,0.0
Currants,conventional,1614,0.11878634459116277
Currants,conventional,1615,0.0
Currants,conventional,1616,0.0
Currants,conventional,1617,0.0
Currants,conventional,1621,0.0
Currants,conventional,1622,0.0
Currants,conventional,1623,0.0
Currants,conventional,1711,0.0
Currants,conventional,1712,0.0
Currants,conventional,1713,0.0
Currants,conventional,1721,0.0
Currants,conventional,1722,0.0
Currants,conventional,1723,0.0
Currants,conventional,1724,0.0
Currants,conventional,1811,0.0
Currants,conventional,1812,0.0
Currants,conventional,1813,0.0
Currants,conventional,1821,0.0
Currants,conventional,1911,0.0
Currants,conventional,1912,0.430561110456415
Currants,conventional,1921,0.0
Currants,conventional,1922,0.0
Currants,conventional,2011,3.628150507797873
Currants,conventional,2012,11.238791785838558
Currants,conventional,2019,0.0
Currants,conventional,2111,0.0
Currants,conventional,2121,0.0
Currants,conventional,2122,0.0
Currants,conventional,2211,10.443484280611395
Currants,conventional,2212,0.2291812297485567
Currants,conventional,2221,0.0
Currants,conventional,2311,21.356343330089622
Currants,conventional,2312,0.0
Currants,conventional,2319,0.0
Currants,conventional,2331,0.9070674524164248
Currants,conventional,2411,7.130786497266241
Currants,conventional,2412,0.0
Currants,conventional,2413,0.6685731668087361
Currants,conventional,2414,0.0
Currants,conventional,2415,0.0
Currants,conventional,2419,0.0
Currants,conventional,2511,11.880717492798247
Currants,conventional,2512,6.992277031547051
Currants,conventional,2519,0.0
Currants,conventional,2521,0.2644785832752769
Currants,conventional,311,0.12344865105547242
Currants,conventional,312,0.0
Currants,conventional,321,1.6070186859142657
Currants,conventional,322,1.8275715272887043
Currants,conventional,411,0.2281239966187028
Currants,conventional,421,0.998941930404519
Currants,conventional,422,0.35368887700724244
Currants,conventional,431,0.7265097797447284
Currants,conventional,511,0.0
Currants,conventional,512,0.0
Currants,conventional,513,0.4457028513793554
Currants,conventional,514,0.0
Currants,conventional,515,0.25601511331347826
Currants,conventional,521,0.0
Currants,conventional,611,0.0010998228211756516
Currants,conventional,612,0.006606121454680517
Currants,conventional,621,0.0
Currants,conventional,622,0.0
Currants,conventional,711,0.0
Currants,conventional,731,0.0
Currants,conventional,811,0.0
Currants,conventional,812,0.0
Currants,conventional,813,0.0
Currants,conventional,814,0.0
Currants,conventional,821,0.0
Currants,conventional,831,0.0
Currants,conventional,911,0.0
Currants,conventional,912,0.0
Currants,conventional,913,0.0
Currants,organic,1011,4.446056200750188e-05
Currants,organic,111,0.0
Currants,organic,1111,0.4083712867402238
Currants,organic,1112,0.31429388510355927
Currants,organic,112,0.2454037137897855
Currants,organic,1121,0.17963620050218138
Currants,organic,1122,0.11668407427156133
Currants,organic,1123,0.030323206527452667
Currants,organic,1124,0.002747911498211531
Currants,organic,1131,0.005272861891080912
Currants,organic,1211,0.3000841779353355
Currants,organic,1212,0.0960117434397199
Currants,organic,1213,0.006756983522640155
Currants,organic,1214,0.005474667370955071
Currants,organic,1215,0.03197553441178785
Currants,organic,1216,0.09203499149730512
Currants,organic,1221,0.018015766230797554
Currants,organic,1222,0.3724813545498602
Currants,organic,1311,0.0
Currants,organic,1321,5.2890869027965844e-05
Currants,organic,1322,6.237016750158366e-05
Currants,organic,1331,0.038883987458387864
Currants,organic,1411,1.31650104775806
Currants,organic,1412,4.063087872060661
Currants,organic,1421,0.4042001802584523
Currants,organic,1511,0.35013259248669926
Currants,organic,1512,4.478156165897209
Currants,organic,1521,1.098535460058926
Currants,organic,1522,0.0
Currants,organic,1611,0.0
Currants,organic,1612,0.0
Currants,organic,1613,0.0
Currants,organic,1614,1.9289636866674247
Currants,organic,1615,0.9584619749081407
Currants,organic,1616,0.21846552877520364
Currants,organic,1617,0.0
Currants,organic,1621,2.1912532456169007
Currants,organic,1622,0.0
Currants,organic,1623,0.0
Currants,organic,1711,0.0
Currants,organic,1712,0.0
Currants,organic,1713,0.0
Currants,organic,1721,0.0
Currants,organic,1722,0.0
Currants,organic,1723,0.0
Currants,organic,1724,0.0
Currants,organic,1811,0.0
Currants,organic,1812,0.0
Currants,organic,1813,0.0
Currants,organic,1821,0.0
Currants,organic,1911,0.0
Currants,organic,1912,0.0021635413111051743
Currants,organic,1921,0.0
Currants,organic,1922,0.0
Currants,organic,2011,15.739105009989096
Currants,organic,2012,51.90367202286557
Currants,organic,2019,0.0
Currants,organic,2111,0.0
Currants,organic,2121,0.0
Currants,organic,2122,0.0
Currants,organic,2211,6.887869942586027
Currants,organic,2212,0.15021927756117137
Currants,organic,2221,0.0
Currants,organic,2311,20.988795252782722
Currants,organic,2312,0.0
Currants,organic,2319,0.0
Currants,organic,2331,0.5945952559454686
Currants,organic,2411,1.0993200921050779
Currants,organic,2412,0.0
Currants,organic,2413,0.10307080650878189
Currants,organic,2414,0.0
Currants,organic,2415,0.0
Currants,organic,2419,0.0
Currants,organic,2511,44.91802806817512
Currants,organic,2512,27.454598575233288
Currants,organic,2519,0.0
Currants,organic,2521,0.488149686282176
Currants,organic,311,0.0004885905112135295
Currants,organic,312,0.0
Currants,organic,321,0.12006173048314499
Currants,organic,322,0.2735212031301042
Currants,organic,411,0.039251950919308005
Currants,organic,421,0.29026307680822183
Currants,organic,422,0.04689990530907904
Currants,organic,431,0.1386274944928029
Currants,organic,511,0.0
Currants,organic,512,0.0
Currants,organic,513,0.1849704840858041
Currants,organic,514,0.0
Currants,organic,515,0.10624845521252936
Currants,organic,521,0.0
Currants,organic,611,1.2030837274871632e-05
Currants,organic,612,3.1168201845161005e-05
Currants,organic,621,0.0
Currants,organic,622,0.0
Currants,organic,711,0.0
Currants,organic,731,0.0
Currants,organic,811,0.0
Currants,organic,812,0.0
Currants,organic,813,0.0
Currants,organic,814,0.0
Currants,organic,821,0.0
Currants,organic,831,0.0
Currants,organic,911,0.7348994560521366
Currants,organic,912,1.2416392088343196
Currants,organic,913,0.023461335113543733
Energy grass,conventional,1011,0.0
Energy grass,conventional,111,0.0
Energy grass,conventional,1111,0.0
Energy grass,conventional,1112,0.0
Energy grass,conventional,112,0.0
Energy grass,conventional,1121,0.0
Energy grass,conventional,1122,0.0
Energy grass,conventional,1123,0.0
Energy grass,conventional,1124,0.0
Energy grass,conventional,1131,0.0
Energy grass,conventional,1211,0.0
Energy grass,conventional,1212,0.0
Energy grass,conventional,1213,0.0
Energy grass,conventional,1214,0.0
Energy grass,conventional,1215,0.0
Energy grass,conventional,1216,0.0
Energy grass,conventional,1221,0.0
Energy grass,conventional,1222,0.0
Energy grass,conventional,1311,0.0
Energy grass,conventional,1321,0.0
Energy grass,conventional,1322,0.0
Energy grass,conventional,1331,0.0
Energy grass,conventional,1411,0.0
Energy grass,conventional,1412,0.0
Energy grass,conventional,1421,0.0
Energy grass,conventional,1511,0.0
Energy grass,conventional,1512,0.0
Energy grass,conventional,1521,0.0
Energy grass,conventional,1522,0.5347071881606765
Energy grass,conventional,1611,0.0
Energy grass,conventional,1612,0.0
Energy grass,conventional,1613,0.0
Energy grass,conventional,1614,0.0
Energy grass,conventional,1615,0.0
Energy grass,conventional,1616,0.0
Energy grass,conventional,1617,0.0
Energy grass,conventional,1621,0.0
Energy grass,conventional,1622,0.0
Energy grass,conventional,1623,0.0
Energy grass,conventional,1711,9.785348723793742
Energy grass,conventional,1712,17.621861110921092
Energy grass,conventional,1713,0.0
Energy grass,conventional,1721,0.0
Energy grass,conventional,1722,24.954681447437174
Energy grass,conventional,1723,0.0
Energy grass,conventional,1724,0.0
Energy grass,conventional,1811,0.0
Energy grass,conventional,1812,0.0
Energy grass,conventional,1813,0.0
Energy grass,conventional,1821,0.0
Energy grass,conventional,1911,0.0
Energy grass,conventional,1912,0.0
Energy grass,conventional,1921,0.0
Energy grass,conventional,1922,0.0
Energy grass,conventional,2011,0.5497704701089321
Energy grass,conventional,2012,0.0
Energy grass,conventional,2019,0.0
Energy grass,conventional,2111,0.0
Energy grass,conventional,2121,0.0
Energy grass,conventional,2122,0.0
Energy grass,conventional,2211,14.28876271075286
Energy grass,conventional,2212,4.467281553398059
Energy grass,conventional,2221,0.0
Energy grass,conventional,2311,0.0
Energy grass,conventional,2312,0.0
Energy grass,conventional,2319,0.0
Energy grass,conventional,2331,0.0
Energy grass,conventional,2411,113.20915919282511
Energy grass,conventional,2412,0.0
Energy grass,conventional,2413,43.544024663677135
Energy grass,conventional,2414,0.0
Energy grass,conventional,2415,0.0
Energy grass,conventional,2419,0.0
Energy grass,conventional,2511,30.112644317365778
Energy grass,conventional,2512,1.0165054945054943
Energy grass,conventional,2519,0.0
Energy grass,conventional,2521,14.218965381241906
Energy grass,conventional,311,0.0
Energy grass,conventional,312,0.0
Energy grass,conventional,321,0.0
Energy grass,conventional,322,0.0
Energy grass,conventional,411,0.0
Energy grass,conventional,421,0.0
Energy grass,conventional,422,0.0
Energy grass,conventional,431,0.0
Energy grass,conventional,511,0.0
Energy grass,conventional,512,0.0
Energy grass,conventional,513,0.0
Energy grass,conventional,514,0.0
Energy grass,conventional,515,0.0
Energy grass,conventional,521,0.0
Energy grass,conventional,611,0.0
Energy grass,conventional,612,0.0
Energy grass,conventional,621,0.0
Energy grass,conventional,622,0.0
Energy grass,conventional,711,0.0
Energy grass,conventional,731,0.0
Energy grass,conventional,811,0.0
Energy grass,conventional,812,2.622851985559567
Energy grass,conventional,813,0.0
Energy grass,conventional,814,0.0
Energy grass,conventional,821,0.0
Energy grass,conventional,831,1.2678274152538465
Energy grass,conventional,911,0.0
Energy grass,conventional,912,0.0
Energy grass,conventional,913,0.0
Energy grass,organic,1011,0.0
Energy grass,organic,111,0.0
Energy grass,organic,1111,0.0
Energy grass,organic,1112,0.0
Energy grass,organic,112,0.0
Energy grass,organic,1121,0.0
Energy grass,organic,1122,0.0
Energy grass,organic,1123,0.0
Energy grass,organic,1124,0.0
Energy grass,organic,1131,0.0
Energy grass,organic,1211,0.0
Energy grass,organic,1212,0.0
Energy grass,organic,1213,0.0
Energy grass,organic,1214,0.0
Energy grass,organic,1215,0.0
Energy grass,organic,1216,0.0
Energy grass,organic,1221,0.0
Energy grass,organic,1222,0.0
Energy grass,organic,1311,0.0
Energy grass,organic,1321,0.0
Energy grass,organic,1322,0.0
Energy grass,organic,1331,0.0
Energy grass,organic,1411,0.0
Energy grass,organic,1412,0.0
Energy grass,organic,1421,0.0
Energy grass,organic,1511,0.0
Energy grass,organic,1512,0.0
Energy grass,organic,1521,0.0
Energy grass,organic,1522,0.08329281183932347
Energy grass,organic,1611,0.0
Energy grass,organic,1612,0.0
Energy grass,organic,1613,0.0
Energy grass,organic,1614,0.0
Energy grass,organic,1615,0.0
Energy grass,organic,1616,0.0
Energy grass,organic,1617,0.0
Energy grass,organic,1621,0.0
Energy grass,organic,1622,0.0
Energy grass,organic,1623,0.0
Energy grass,organic,1711,1.1066512762062573
Energy grass,organic,1712,1.9521388890789095
Energy grass,organic,1713,0.0
Energy grass,organic,1721,0.0
Energy grass,organic,1722,3.145318552562829
Energy grass,organic,1723,0.0
Energy grass,organic,1724,0.0
Energy grass,organic,1811,0.0
Energy grass,organic,1812,0.0
Energy grass,organic,1813,0.0
Energy grass,organic,1821,0.0
Energy grass,organic,1911,0.0
Energy grass,organic,1912,0.0
Energy grass,organic,1921,0.0
Energy grass,organic,1922,0.0
Energy grass,organic,2011,0.018229529891067804
Energy grass,organic,2012,0.0
Energy grass,organic,2019,0.0
Energy grass,organic,2111,0.0
Energy grass,organic,2121,0.0
Energy grass,organic,2122,0.0
Energy grass,organic,2211,4.413237289247141
Energy grass,organic,2212,1.406718446601942
Energy grass,organic,2221,0.0
Energy grass,organic,2311,0.0
Energy grass,organic,2312,0.0
Energy grass,organic,2319,0.0
Energy grass,organic,2331,0.0
Energy grass,organic,2411,6.296840807174888
Energy grass,organic,2412,0.0
Energy grass,organic,2413,2.4219753363228698
Energy grass,organic,2414,0.0
Energy grass,organic,2415,0.0
Energy grass,organic,2419,0.0
Energy grass,organic,2511,3.6973556826342233
Energy grass,organic,2512,0.12549450549450547
Energy grass,organic,2519,0.0
Energy grass,organic,2521,1.5290346187580948
Energy grass,organic,311,0.0
Energy grass,organic,312,0.0
Energy grass,organic,321,0.0
Energy grass,organic,322,0.0
Energy grass,organic,411,0.0
Energy grass,organic,421,0.0
Energy grass,organic,422,0.0
Energy grass,organic,431,0.0
Energy grass,organic,511,0.0
Energy grass,organic,512,0.0
Energy grass,organic,513,0.0
Energy grass,organic,514,0.0
Energy grass,organic,515,0.0
Energy grass,organic,521,0.0
Energy grass,organic,611,0.0
Energy grass,organic,612,0.0
Energy grass,organic,621,0.0
Energy grass,organic,622,0.0
Energy grass,organic,711,0.0
Energy grass,organic,731,0.0
Energy grass,organic,811,0.0
Energy grass,organic,812,0.09314801444043322
Energy grass,organic,813,0.0
Energy grass,organic,814,0.0
Energy grass,organic,821,0.0
Energy grass,organic,831,0.030172584746153572
Energy grass,organic,911,0.0
Energy grass,organic,912,0.0
Energy grass,organic,913,0.0
Fallow,conventional,1011,942.618804931565
Fallow,conventional,111,3480.0126557694816
Fallow,conventional,1111,1029.935868986261
Fallow,conventional,1112,641.5857963555528
Fallow,conventional,112,3615.2756379323205
Fallow,conventional,1121,993.4100283229006
Fallow,conventional,1122,598.6021488984635
Fallow,conventional,1123,1057.5009355011787
Fallow,conventional,1124,335.1791990879392
Fallow,conventional,1131,240.57071031016565
Fallow,conventional,1211,807.22204571986
Fallow,conventional,1212,744.1832993740346
Fallow,conventional,1213,1054.8724675392245
Fallow,conventional,1214,881.548311584424
Fallow,conventional,1215,1249.887770067474
Fallow,conventional,1216,1133.0611694008617
Fallow,conventional,1221,407.0876020811316
Fallow,conventional,1222,815.8559537273393
Fallow,conventional,1311,1004.3911400169443
Fallow,conventional,1321,920.1036218101418
Fallow,conventional,1322,213.83479139587993
Fallow,conventional,1331,1443.3845305884993
Fallow,conventional,1411,1403.4122888329139
Fallow,conventional,1412,3533.4470982367757
Fallow,conventional,1421,1453.9223308144417
Fallow,conventional,1511,839.6163526706395
Fallow,conventional,1512,1968.434926952141
Fallow,conventional,1521,1288.5338692334597
Fallow,conventional,1522,3189.4574072208234
Fallow,conventional,1611,264.28001475580396
Fallow,conventional,1612,1501.461434656113
Fallow,conventional,1613,1279.84813434089
Fallow,conventional,1614,827.1671511388898
Fallow,conventional,1615,1045.8087170445003
Fallow,conventional,1616,1964.6345793450885
Fallow,conventional,1617,735.9279007482024
Fallow,conventional,1621,3727.4977565071367
Fallow,conventional,1622,2155.0801931150295
Fallow,conventional,1623,1586.2267472712008
Fallow,conventional,1711,1115.6258820896383
Fallow,conventional,1712,1615.4835861802042
Fallow,conventional,1713,1665.553353479812
Fallow,conventional,1721,1509.6360599266445
Fallow,conventional,1722,1661.4912857534898
Fallow,conventional,1723,536.8681277907966
Fallow,conventional,1724,535.0718821513342
Fallow,conventional,1811,1558.5719767241967
Fallow,conventional,1812,3716.7102342185462
Fallow,conventional,1813,808.7679075221213
Fallow,conventional,1821,2754.1390910650157
Fallow,conventional,1911,2859.530707237345
Fallow,conventional,1912,2654.3178251370837
Fallow,conventional,1921,2906.274332041513
Fallow,conventional,1922,3434.437013894568
Fallow,conventional,2011,2391.8356445025534
Fallow,conventional,2012,581.9150188275744
Fallow,conventional,2019,0.5583897864035563
Fallow,conventional,2111,657.613439846181
Fallow,conventional,2121,1747.468538049958
Fallow,conventional,2122,354.7083091287893
Fallow,conventional,2211,607.1818632193566
Fallow,conventional,2212,1074.945812337364
Fallow,conventional,2221,471.794676365999
Fallow,conventional,2311,419.58595019851623
Fallow,conventional,2312,251.13073352971077
Fallow,conventional,2319,115.92683185258309
Fallow,conventional,2331,133.79994178360204
Fallow,conventional,2411,2140.3797551530624
Fallow,conventional,2412,624.3459972871618
Fallow,conventional,2413,2361.9593160456393
Fallow,conventional,2414,1643.3451085874467
Fallow,conventional,2415,253.9745315679293
Fallow,conventional,2419,18.117182956993535
Fallow,conventional,2511,1008.4085458738333
Fallow,conventional,2512,651.1879949526814
Fallow,conventional,2519,13.574158419359444
Fallow,conventional,2521,93.79768320830397
Fallow,conventional,311,4488.836271995987
Fallow,conventional,312,2117.8731542058595
Fallow,conventional,321,3012.816933551967
Fallow,conventional,322,1220.0481240340869
Fallow,conventional,411,2231.209277215025
Fallow,conventional,421,2674.224493717499
Fallow,conventional,422,2076.6219162824536
Fallow,conventional,431,3257.3547126126737
Fallow,conventional,511,172.42266966987592
Fallow,conventional,512,531.0435591984481
Fallow,conventional,513,1411.1892642847642
Fallow,conventional,514,1560.730450330245
Fallow,conventional,515,2473.524920652511
Fallow,conventional,521,1336.4368938076805
Fallow,conventional,611,206.4101677155279
Fallow,conventional,612,391.4365840970061
Fallow,conventional,621,440.21634868406585
Fallow,conventional,622,438.63804285068176
Fallow,conventional,711,318.3379735439289
Fallow,conventional,731,174.20380175870548
Fallow,conventional,811,1195.9962506434038
Fallow,conventional,812,602.1120122091685
Fallow,conventional,813,374.03904733932274
Fallow,conventional,814,411.4622409239761
Fallow,conventional,821,1481.164102825319
Fallow,conventional,831,233.38019547727046
Fallow,conventional,911,709.6677159180903
Fallow,conventional,912,1807.886634121507
Fallow,conventional,913,734.8800576988348
Fallow,organic,1011,40.38319506843503
Fallow,organic,111,324.4653442305184
Fallow,organic,1111,35.08213101373871
Fallow,organic,1112,21.8922036444471
Fallow,organic,112,320.2423620676797
Fallow,organic,1121,33.837971677099425
Fallow,organic,1122,20.389851101536458
Fallow,organic,1123,36.02106449882123
Fallow,organic,1124,12.058800912060843
Fallow,organic,1131,13.085289689834363
Fallow,organic,1211,27.49595428013982
Fallow,organic,1212,25.348700625965368
Fallow,organic,1213,35.93153246077555
Fallow,organic,1214,30.02768841557597
Fallow,organic,1215,42.57422993252581
Fallow,organic,1216,38.59483059913828
Fallow,organic,1221,13.866397918868383
Fallow,organic,1222,27.79004627266076
Fallow,organic,1311,38.03485998305563
Fallow,organic,1321,34.738378189858324
Fallow,organic,1322,25.339208604120056
Fallow,organic,1331,76.90146941150074
Fallow,organic,1411,163.0957111670865
Fallow,organic,1412,410.63490176322415
Fallow,organic,1421,168.96566918555834
Fallow,organic,1511,96.62764732936057
Fallow,organic,1512,228.75907304785892
Fallow,organic,1521,136.72013076654048
Fallow,organic,1522,370.6585927791772
Fallow,organic,1611,38.275985244196
Fallow,organic,1612,174.75456534388687
Fallow,organic,1613,148.73586565910998
Fallow,organic,1614,98.43884886111024
Fallow,organic,1615,121.53728295549958
Fallow,organic,1616,228.31742065491187
Fallow,organic,1617,86.32409925179763
Fallow,organic,1621,433.18624349286307
Fallow,organic,1622,250.44980688497063
Fallow,organic,1623,184.3412527287993
Fallow,organic,1711,277.252117910362
Fallow,organic,1712,381.44841381979603
Fallow,organic,1713,418.56664652018804
Fallow,organic,1721,319.98994007335517
Fallow,organic,1722,347.3907142465102
Fallow,organic,1723,87.26387220920333
Fallow,organic,1724,112.71611784866586
Fallow,organic,1811,128.4960232758034
Fallow,organic,1812,286.3297657814541
Fallow,organic,1813,65.39209247787875
Fallow,organic,1821,233.49890893498412
Fallow,organic,1911,307.40529276265494
Fallow,organic,1912,289.2261748629164
Fallow,organic,1921,327.7216679584873
Fallow,organic,1922,421.06698610543214
Fallow,organic,2011,432.56635549744703
Fallow,organic,2012,105.30898117242559
Fallow,organic,2019,0.10361021359644368
Fallow,organic,2111,144.86656015381902
Fallow,organic,2121,369.21146195004195
Fallow,organic,2122,71.46169087121065
Fallow,organic,2211,180.80013678064344
Fallow,organic,2212,318.8461876626358
Fallow,organic,2221,125.05932363400103
Fallow,organic,2311,159.00804980148385
Fallow,organic,2312,95.41926647028926
Fallow,organic,2319,44.10116814741691
Fallow,organic,2331,45.52805821639792
Fallow,organic,2411,135.7222448469374
Fallow,organic,2412,39.5900027128381
Fallow,organic,2413,149.77268395436047
Fallow,organic,2414,108.95089141255302
Fallow,organic,2415,19.273468432070707
Fallow,organic,2419,1.1488170430064628
Fallow,organic,2511,88.35545412616656
Fallow,organic,2512,57.2080050473186
Fallow,organic,2519,1.1858415806405562
Fallow,organic,2521,7.718316791696021
Fallow,organic,311,550.6777280040127
Fallow,organic,312,259.7188457941408
Fallow,organic,321,346.9530664480321
Fallow,organic,322,133.6498759659129
Fallow,organic,411,212.2387227849753
Fallow,organic,421,246.8795062825011
Fallow,organic,422,203.1800837175465
Fallow,organic,431,310.39128738732626
Fallow,organic,511,19.423330330124095
Fallow,organic,512,61.18244080155199
Fallow,organic,513,164.5287357152356
Fallow,organic,514,181.96354966975485
Fallow,organic,515,288.3850793474887
Fallow,organic,521,150.01510619231945
Fallow,organic,611,34.2318322844721
Fallow,organic,612,64.81341590299388
Fallow,organic,621,57.0876513159341
Fallow,organic,622,67.11995714931824
Fallow,organic,711,32.71402645607108
Fallow,organic,731,11.1901982412945
Fallow,organic,811,48.575749356596425
Fallow,organic,812,24.427987790831608
Fallow,organic,813,15.174952660677263
Fallow,organic,814,17.145759076023946
Fallow,organic,821,77.54189717468104
Fallow,organic,831,15.139804522729504
Fallow,organic,911,61.74628408190972
Fallow,organic,912,157.29936587849306
Fallow,organic,913,63.939942301165296
Green manure,conventional,1011,0.0
Green manure,conventional,111,1.6507561332666731
Green manure,conventional,1111,50.015440322580645
Green manure,conventional,1112,2.565125359502987
Green manure,conventional,112,1.4584238447873434
Green manure,conventional,1121,4.022617741935484
Green manure,conventional,1122,0.0
Green manure,conventional,1123,5.873812903225807
Green manure,conventional,1124,0.0
Green manure,conventional,1131,0.09143187920887215
Green manure,conventional,1211,16.864885483870967
Green manure,conventional,1212,0.0
Green manure,conventional,1213,0.0
Green manure,conventional,1214,8.943403225806453
Green manure,conventional,1215,5.260149999999999
Green manure,conventional,1216,9.68464677419355
Green manure,conventional,1221,18.307822580645162
Green manure,conventional,1222,17.616335483870966
Green manure,conventional,1311,13.983375634517765
Green manure,conventional,1321,0.0
Green manure,conventional,1322,0.10215220733455047
Green manure,conventional,1331,7.310908802300273
Green manure,conventional,1411,8.292121142857145
Green manure,conventional,1412,9.878016761904764
Green manure,conventional,1421,9.25006857142857
Green manure,conventional,1511,0.08965220380717817
Green manure,conventional,1512,7.092016000000001
Green manure,conventional,1521,0.731344935351121
Green manure,conventional,1522,5.7803283809523816
Green manure,conventional,1611,0.0
Green manure,conventional,1612,2.6037304886540973
Green manure,conventional,1613,0.0
Green manure,conventional,1614,0.0
Green manure,conventional,1615,8.184693333333335
Green manure,conventional,1616,0.0
Green manure,conventional,1617,0.0
Green manure,conventional,1621,28.721210666666664
Green manure,conventional,1622,42.39243809523809
Green manure,conventional,1623,47.680141714285725
Green manure,conventional,1711,9.62290368675739
Green manure,conventional,1712,0.4349609700748649
Green manure,conventional,1713,0.0
Green manure,conventional,1721,50.03852260160782
Green manure,conventional,1722,19.59334955393395
Green manure,conventional,1723,3.5181201341769617
Green manure,conventional,1724,0.0
Green manure,conventional,1811,0.8047369047990307
Green manure,conventional,1812,19.14258757062147
Green manure,conventional,1813,4.977013531340239
Green manure,conventional,1821,31.283181857792506
Green manure,conventional,1911,40.533113772256655
Green manure,conventional,1912,27.548707664270182
Green manure,conventional,1921,74.6754123939046
Green manure,conventional,1922,15.233982992482467
Green manure,conventional,2011,25.70452520969573
Green manure,conventional,2012,3.6030238833746253
Green manure,conventional,2019,0.0
Green manure,conventional,2111,0.08289480983354025
Green manure,conventional,2121,2.4135282163120593
Green manure,conventional,2122,2.651049928584669
Green manure,conventional,2211,0.0
Green manure,conventional,2212,0.0
Green manure,conventional,2221,0.007826625770910312
Green manure,conventional,2311,0.4705382797987969
Green manure,conventional,2312,0.0
Green manure,conventional,2319,0.0
Green manure,conventional,2331,0.0
Green manure,conventional,2411,0.3382857142857143
Green manure,conventional,2412,0.0
Green manure,conventional,2413,0.0
Green manure,conventional,2414,1.2807057375990303
Green manure,conventional,2415,0.0
Green manure,conventional,2419,0.0
Green manure,conventional,2511,1.1896945822407765
Green manure,conventional,2512,0.0
Green manure,conventional,2519,0.0
Green manure,conventional,2521,0.0
Green manure,conventional,311,19.648684827242334
Green manure,conventional,312,11.76438614316384
Green manure,conventional,321,46.204028825137954
Green manure,conventional,322,3.7656089773710235
Green manure,conventional,411,35.69507490181242
Green manure,conventional,421,25.196234236509568
Green manure,conventional,422,34.36926932028331
Green manure,conventional,431,21.85313363705845
Green manure,conventional,511,0.0
Green manure,conventional,512,0.0
Green manure,conventional,513,10.482043628013775
Green manure,conventional,514,0.0
Green manure,conventional,515,12.064850746268656
Green manure,conventional,521,1.018774613639019
Green manure,conventional,611,0.0
Green manure,conventional,612,0.0
Green manure,conventional,621,0.4480248574922767
Green manure,conventional,622,0.0
Green manure,conventional,711,0.23074074074074075
Green manure,conventional,731,0.0
Green manure,conventional,811,1.4560197394583823
Green manure,conventional,812,0.0
Green manure,conventional,813,0.0
Green manure,conventional,814,0.0
Green manure,conventional,821,0.0
Green manure,conventional,831,0.0
Green manure,conventional,911,0.7650806223479489
Green manure,conventional,912,23.79422347949081
Green manure,conventional,913,0.0
Green manure,organic,1011,0.0
Green manure,organic,111,3.855243866733327
Green manure,organic,1111,28.39055967741935
Green manure,organic,1112,1.4568746404970132
Green manure,organic,112,3.1215761552126566
Green manure,organic,1121,2.283382258064516
Green manure,organic,1122,0.0
Green manure,organic,1123,3.334187096774193
Green manure,organic,1124,0.0
Green manure,organic,1131,0.05056812079112784
Green manure,organic,1211,9.573114516129031
Green manure,organic,1212,0.0
Green manure,organic,1213,0.0
Green manure,organic,1214,5.076596774193548
Green manure,organic,1215,2.9858499999999992
Green manure,organic,1216,5.49735322580645
Green manure,organic,1221,10.392177419354837
Green manure,organic,1222,9.99966451612903
Green manure,organic,1311,7.966624365482234
Green manure,organic,1321,0.0
Green manure,organic,1322,0.05984779266544954
Green manure,organic,1331,5.603091197699725
Green manure,organic,1411,19.649878857142856
Green manure,organic,1412,23.407983238095238
Green manure,organic,1421,21.919931428571427
Green manure,organic,1511,0.1983477961928218
Green manure,organic,1512,16.805984
Green manure,organic,1521,1.4326550646488792
Green manure,organic,1522,13.69767161904762
Green manure,organic,1611,0.0
Green manure,organic,1612,6.134269511345902
Green manure,organic,1613,0.0
Green manure,organic,1614,0.0
Green manure,organic,1615,19.395306666666666
Green manure,organic,1616,0.0
Green manure,organic,1617,0.0
Green manure,organic,1621,68.06078933333333
Green manure,organic,1622,100.4575619047619
Green manure,organic,1623,112.98785828571428
Green manure,organic,1711,10.40309631324261
Green manure,organic,1712,0.48703902992513515
Green manure,organic,1713,0.0
Green manure,organic,1721,65.79947739839217
Green manure,organic,1722,26.16265044606605
Green manure,organic,1723,4.349879865823039
Green manure,organic,1724,0.0
Green manure,organic,1811,0.9792630952009693
Green manure,organic,1812,27.69941242937853
Green manure,organic,1813,7.4069864686597615
Green manure,organic,1821,60.65081814220749
Green manure,organic,1911,234.19888622774332
Green manure,organic,1912,175.95729233572982
Green manure,organic,1921,430.3065876060954
Green manure,organic,1922,68.29801700751753
Green manure,organic,2011,171.24747479030427
Green manure,organic,2012,22.99297611662538
Green manure,organic,2019,0.0
Green manure,organic,2111,12.40910519016646
Green manure,organic,2121,106.28247178368794
Green manure,organic,2122,33.782950071415335
Green manure,organic,2211,0.0
Green manure,organic,2212,28.51
Green manure,organic,2221,3.0161733742290897
Green manure,organic,2311,9.643461720201204
Green manure,organic,2312,0.0
Green manure,organic,2319,0.0
Green manure,organic,2331,0.0
Green manure,organic,2411,0.3017142857142857
Green manure,organic,2412,0.0
Green manure,organic,2413,0.0
Green manure,organic,2414,1.1792942624009697
Green manure,organic,2415,0.0
Green manure,organic,2419,0.0
Green manure,organic,2511,0.5903054177592235
Green manure,organic,2512,0.0
Green manure,organic,2519,0.0
Green manure,organic,2521,0.0
Green manure,organic,311,86.19131517275767
Green manure,organic,312,51.54761385683616
Green manure,organic,321,174.45197117486205
Green manure,organic,322,12.202391022628976
Green manure,organic,411,27.514925098187575
Green manure,organic,421,28.86576576349043
Green manure,organic,422,37.58273067971669
Green manure,organic,431,22.02886636294155
Green manure,organic,511,0.0
Green manure,organic,512,0.0
Green manure,organic,513,3.093956371986223
Green manure,organic,514,0.0
Green manure,organic,515,3.561149253731344
Green manure,organic,521,0.37522538636098085
Green manure,organic,611,0.0
Green manure,organic,612,0.0
Green manure,organic,621,0.24597514250772334
Green manure,organic,622,0.0
Green manure,organic,711,0.11925925925925925
Green manure,organic,731,0.0
Green manure,organic,811,0.2319802605416177
Green manure,organic,812,0.0
Green manure,organic,813,0.0
Green manure,organic,814,0.0
Green manure,organic,821,0.0
Green manure,organic,831,0.0
Green manure,organic,911,2.066919377652051
Green manure,organic,912,64.28177652050918
Green manure,organic,913,0.0
Grey pea,conventional,1011,0.0
Grey pea,conventional,111,0.0
Grey pea,conventional,1111,0.0
Grey pea,conventional,1112,0.0
Grey pea,conventional,112,0.0
Grey pea,conventional,1121,0.0
Grey pea,conventional,1122,0.0
Grey pea,conventional,1123,0.0
Grey pea,conventional,1124,0.0
Grey pea,conventional,1131,0.0
Grey pea,conventional,1211,0.0
Grey pea,conventional,1212,0.0
Grey pea,conventional,1213,0.0
Grey pea,conventional,1214,0.0
Grey pea,conventional,1215,0.0
Grey pea,conventional,1216,0.0
Grey pea,conventional,1221,0.0
Grey pea,conventional,1222,0.0
Grey pea,conventional,1311,0.0
Grey pea,conventional,1321,0.0
Grey pea,conventional,1322,0.0
Grey pea,conventional,1331,0.0
Grey pea,conventional,1411,0.0
Grey pea,conventional,1412,0.0
Grey pea,conventional,1421,0.0
Grey pea,conventional,1511,0.0
Grey pea,conventional,1512,0.0
Grey pea,conventional,1521,0.0
Grey pea,conventional,1522,0.0
Grey pea,conventional,1611,0.0
Grey pea,conventional,1612,0.0
Grey pea,conventional,1613,0.0
Grey pea,conventional,1614,0.0
Grey pea,conventional,1615,0.0
Grey pea,conventional,1616,0.0
Grey pea,conventional,1617,0.0
Grey pea,conventional,1621,0.0
Grey pea,conventional,1622,0.0
Grey pea,conventional,1623,0.0
Grey pea,conventional,1711,0.0
Grey pea,conventional,1712,0.0
Grey pea,conventional,1713,0.0
Grey pea,conventional,1721,0.0
Grey pea,conventional,1722,0.0
Grey pea,conventional,1723,0.0
Grey pea,conventional,1724,0.0
Grey pea,conventional,1811,0.0
Grey pea,conventional,1812,0.0
Grey pea,conventional,1813,0.0
Grey pea,conventional,1821,0.0
Grey pea,conventional,1911,0.0
Grey pea,conventional,1912,0.0
Grey pea,conventional,1921,0.0
Grey pea,conventional,1922,0.0
Grey pea,conventional,2011,0.0
Grey pea,conventional,2012,0.0
Grey pea,conventional,2019,0.0
Grey pea,conventional,2111,0.0
Grey pea,conventional,2121,0.0
Grey pea,conventional,2122,0.0
Grey pea,conventional,2211,0.0
Grey pea,conventional,2212,0.0
Grey pea,conventional,2221,0.0
Grey pea,conventional,2311,0.0
Grey pea,conventional,2312,0.0
Grey pea,conventional,2319,0.0
Grey pea,conventional,2331,0.0
Grey pea,conventional,2411,0.0
Grey pea,conventional,2412,0.0
Grey pea,conventional,2413,0.0
Grey pea,conventional,2414,0.0
Grey pea,conventional,2415,0.0
Grey pea,conventional,2419,0.0
Grey pea,conventional,2511,0.0
Grey pea,conventional,2512,0.0
Grey pea,conventional,2519,0.0
Grey pea,conventional,2521,0.0
Grey pea,conventional,311,0.0
Grey pea,conventional,312,0.0
Grey pea,conventional,321,0.0
Grey pea,conventional,322,0.0
Grey pea,conventional,411,0.0
Grey pea,conventional,421,0.0
Grey pea,conventional,422,0.0
Grey pea,conventional,431,0.0
Grey pea,conventional,511,0.0
Grey pea,conventional,512,0.0
Grey pea,conventional,513,0.0
Grey pea,conventional,514,0.0
Grey pea,conventional,515,0.0
Grey pea,conventional,521,0.0
Grey pea,conventional,611,0.0
Grey pea,conventional,612,0.0
Grey pea,conventional,621,0.0
Grey pea,conventional,622,0.0
Grey pea,conventional,711,0.0
Grey pea,conventional,731,0.0
Grey pea,conventional,811,0.0
Grey pea,conventional,812,0.0
Grey pea,conventional,813,0.0
Grey pea,conventional,814,0.0
Grey pea,conventional,821,0.0
Grey pea,conventional,831,0.0
Grey pea,conventional,911,0.0
Grey pea,conventional,912,0.0
Grey pea,conventional,913,0.0
Grey pea,organic,1011,0.0
Grey pea,organic,111,0.0
Grey pea,organic,1111,0.0
Grey pea,organic,1112,0.0
Grey pea,organic,112,0.0
Grey pea,organic,1121,0.0
Grey pea,organic,1122,0.0
Grey pea,organic,1123,0.0
Grey pea,organic,1124,0.0
Grey pea,organic,1131,0.0
Grey pea,organic,1211,0.0
Grey pea,organic,1212,0.0
Grey pea,organic,1213,0.0
Grey pea,organic,1214,0.0
Grey pea,organic,1215,0.0
Grey pea,organic,1216,0.0
Grey pea,organic,1221,0.0
Grey pea,organic,1222,0.0
Grey pea,organic,1311,0.0
Grey pea,organic,1321,0.0
Grey pea,organic,1322,0.0
Grey pea,organic,1331,0.0
Grey pea,organic,1411,0.0
Grey pea,organic,1412,0.0
Grey pea,organic,1421,0.0
Grey pea,organic,1511,0.0
Grey pea,organic,1512,0.0
Grey pea,organic,1521,0.0
Grey pea,organic,1522,0.0
Grey pea,organic,1611,0.0
Grey pea,organic,1612,0.0
Grey pea,organic,1613,0.0
Grey pea,organic,1614,0.0
Grey pea,organic,1615,0.0
Grey pea,organic,1616,0.0
Grey pea,organic,1617,0.0
Grey pea,organic,1621,0.0
Grey pea,organic,1622,0.0
Grey pea,organic,1623,0.0
Grey pea,organic,1711,0.0
Grey pea,organic,1712,0.0
Grey pea,organic,1713,0.0
Grey pea,organic,1721,0.0
Grey pea,organic,1722,0.0
Grey pea,organic,1723,0.0
Grey pea,organic,1724,0.0
Grey pea,organic,1811,0.0
Grey pea,organic,1812,0.0
Grey pea,organic,1813,0.0
Grey pea,organic,1821,0.0
Grey pea,organic,1911,0.0
Grey pea,organic,1912,0.0
Grey pea,organic,1921,0.0
Grey pea,organic,1922,0.0
Grey pea,organic,2011,0.0
Grey pea,organic,2012,0.0
Grey pea,organic,2019,0.0
Grey pea,organic,2111,0.0
Grey pea,organic,2121,0.0
Grey pea,organic,2122,0.0
Grey pea,organic,2211,0.0
Grey pea,organic,2212,0.0
Grey pea,organic,2221,0.0
Grey pea,organic,2311,0.0
Grey pea,organic,2312,0.0
Grey pea,organic,2319,0.0
Grey pea,organic,2331,0.0
Grey pea,organic,2411,0.0
Grey pea,organic,2412,0.0
Grey pea,organic,2413,0.0
Grey pea,organic,2414,0.0
Grey pea,organic,2415,0.0
Grey pea,organic,2419,0.0
Grey pea,organic,2511,0.0
Grey pea,organic,2512,0.0
Grey pea,organic,2519,0.0
Grey pea,organic,2521,0.0
Grey pea,organic,311,0.0
Grey pea,organic,312,0.0
Grey pea,organic,321,0.0
Grey pea,organic,322,0.0
Grey pea,organic,411,0.0
Grey pea,organic,421,0.0
Grey pea,organic,422,0.0
Grey pea,organic,431,0.0
Grey pea,organic,511,0.0
Grey pea,organic,512,0.0
Grey pea,organic,513,0.0
Grey pea,organic,514,0.0
Grey pea,organic,515,0.0
Grey pea,organic,521,0.0
Grey pea,organic,611,0.0
Grey pea,organic,612,0.0
Grey pea,organic,621,0.0
Grey pea,organic,622,0.0
Grey pea,organic,711,0.0
Grey pea,organic,731,0.0
Grey pea,organic,811,0.0
Grey pea,organic,812,0.0
Grey pea,organic,813,0.0
Grey pea,organic,814,0.0
Grey pea,organic,821,0.0
Grey pea,organic,831,0.0
Grey pea,organic,911,0.0
Grey pea,organic,912,0.0
Grey pea,organic,913,0.0
Hazelnuts,conventional,1011,0.0
Hazelnuts,conventional,111,0.0
Hazelnuts,conventional,1111,0.0
Hazelnuts,conventional,1112,0.0
Hazelnuts,conventional,112,0.0
Hazelnuts,conventional,1121,0.0
Hazelnuts,conventional,1122,0.0
Hazelnuts,conventional,1123,0.0
Hazelnuts,conventional,1124,0.0
Hazelnuts,conventional,1131,0.0
Hazelnuts,conventional,1211,0.0
Hazelnuts,conventional,1212,0.0
Hazelnuts,conventional,1213,0.0
Hazelnuts,conventional,1214,0.0
Hazelnuts,conventional,1215,0.0
Hazelnuts,conventional,1216,0.0
Hazelnuts,conventional,1221,0.0
Hazelnuts,conventional,1222,0.0
Hazelnuts,conventional,1311,0.0
Hazelnuts,conventional,1321,0.0
Hazelnuts,conventional,1322,0.0
Hazelnuts,conventional,1331,0.0
Hazelnuts,conventional,1411,0.0
Hazelnuts,conventional,1412,0.0
Hazelnuts,conventional,1421,0.0
Hazelnuts,conventional,1511,0.0
Hazelnuts,conventional,1512,0.0
Hazelnuts,conventional,1521,0.0
Hazelnuts,conventional,1522,0.0
Hazelnuts,conventional,1611,0.0
Hazelnuts,conventional,1612,0.0
Hazelnuts,conventional,1613,0.0
Hazelnuts,conventional,1614,0.0
Hazelnuts,conventional,1615,0.0
Hazelnuts,conventional,1616,0.0
Hazelnuts,conventional,1617,0.0
Hazelnuts,conventional,1621,0.0
Hazelnuts,conventional,1622,0.0
Hazelnuts,conventional,1623,0.0
Hazelnuts,conventional,1711,0.0
Hazelnuts,conventional,1712,0.0
Hazelnuts,conventional,1713,0.0
Hazelnuts,conventional,1721,0.0
Hazelnuts,conventional,1722,0.0
Hazelnuts,conventional,1723,0.0
Hazelnuts,conventional,1724,0.0
Hazelnuts,conventional,1811,0.0
Hazelnuts,conventional,1812,0.0
Hazelnuts,conventional,1813,0.0
Hazelnuts,conventional,1821,0.0
Hazelnuts,conventional,1911,0.0
Hazelnuts,conventional,1912,0.0
Hazelnuts,conventional,1921,0.0
Hazelnuts,conventional,1922,0.0
Hazelnuts,conventional,2011,0.0
Hazelnuts,conventional,2012,0.0
Hazelnuts,conventional,2019,0.0
Hazelnuts,conventional,2111,0.0
Hazelnuts,conventional,2121,0.0
Hazelnuts,conventional,2122,0.0
Hazelnuts,conventional,2211,0.0
Hazelnuts,conventional,2212,0.0
Hazelnuts,conventional,2221,0.0
Hazelnuts,conventional,2311,0.0
Hazelnuts,conventional,2312,0.0
Hazelnuts,conventional,2319,0.0
Hazelnuts,conventional,2331,0.0
Hazelnuts,conventional,2411,0.0
Hazelnuts,conventional,2412,0.0
Hazelnuts,conventional,2413,0.0
Hazelnuts,conventional,2414,0.0
Hazelnuts,conventional,2415,0.0
Hazelnuts,conventional,2419,0.0
Hazelnuts,conventional,2511,0.0
Hazelnuts,conventional,2512,0.0
Hazelnuts,conventional,2519,0.0
Hazelnuts,conventional,2521,0.0
Hazelnuts,conventional,311,0.0
Hazelnuts,conventional,312,0.0
Hazelnuts,conventional,321,0.0
Hazelnuts,conventional,322,0.0
Hazelnuts,conventional,411,0.0
Hazelnuts,conventional,421,0.0
Hazelnuts,conventional,422,0.0
Hazelnuts,conventional,431,0.0
Hazelnuts,conventional,511,0.0
Hazelnuts,conventional,512,0.0
Hazelnuts,conventional,513,0.0
Hazelnuts,conventional,514,0.0
Hazelnuts,conventional,515,0.0
Hazelnuts,conventional,521,0.0
Hazelnuts,conventional,611,0.0
Hazelnuts,conventional,612,0.0
Hazelnuts,conventional,621,0.0
Hazelnuts,conventional,622,0.0
Hazelnuts,conventional,711,0.0
Hazelnuts,conventional,731,0.0
Hazelnuts,conventional,811,0.0
Hazelnuts,conventional,812,0.0
Hazelnuts,conventional,813,0.0
Hazelnuts,conventional,814,0.0
Hazelnuts,conventional,821,0.0
Hazelnuts,conventional,831,0.0
Hazelnuts,conventional,911,0.0
Hazelnuts,conventional,912,0.0
Hazelnuts,conventional,913,0.0
Hazelnuts,organic,1011,0.0
Hazelnuts,organic,111,0.0
Hazelnuts,organic,1111,0.0
Hazelnuts,organic,1112,0.0
Hazelnuts,organic,112,0.0
Hazelnuts,organic,1121,0.0
Hazelnuts,organic,1122,0.0
Hazelnuts,organic,1123,0.0
Hazelnuts,organic,1124,0.0
Hazelnuts,organic,1131,0.0
Hazelnuts,organic,1211,0.0
Hazelnuts,organic,1212,0.0
Hazelnuts,organic,1213,0.0
Hazelnuts,organic,1214,0.0
Hazelnuts,organic,1215,0.0
Hazelnuts,organic,1216,0.0
Hazelnuts,organic,1221,0.0
Hazelnuts,organic,1222,0.0
Hazelnuts,organic,1311,0.0
Hazelnuts,organic,1321,0.0
Hazelnuts,organic,1322,0.0
Hazelnuts,organic,1331,0.0
Hazelnuts,organic,1411,0.0
Hazelnuts,organic,1412,0.0
Hazelnuts,organic,1421,0.0
Hazelnuts,organic,1511,0.0
Hazelnuts,organic,1512,0.0
Hazelnuts,organic,1521,0.0
Hazelnuts,organic,1522,0.0
Hazelnuts,organic,1611,0.0
Hazelnuts,organic,1612,0.0
Hazelnuts,organic,1613,0.0
Hazelnuts,organic,1614,0.0
Hazelnuts,organic,1615,0.0
Hazelnuts,organic,1616,0.0
Hazelnuts,organic,1617,0.0
Hazelnuts,organic,1621,0.0
Hazelnuts,organic,1622,0.0
Hazelnuts,organic,1623,0.0
Hazelnuts,organic,1711,0.0
Hazelnuts,organic,1712,0.0
Hazelnuts,organic,1713,0.0
Hazelnuts,organic,1721,0.0
Hazelnuts,organic,1722,0.0
Hazelnuts,organic,1723,0.0
Hazelnuts,organic,1724,0.0
Hazelnuts,organic,1811,0.0
Hazelnuts,organic,1812,0.0
Hazelnuts,organic,1813,0.0
Hazelnuts,organic,1821,0.0
Hazelnuts,organic,1911,0.0
Hazelnuts,organic,1912,0.0
Hazelnuts,organic,1921,0.0
Hazelnuts,organic,1922,0.0
Hazelnuts,organic,2011,0.0
Hazelnuts,organic,2012,0.0
Hazelnuts,organic,2019,0.0
Hazelnuts,organic,2111,0.0
Hazelnuts,organic,2121,0.0
Hazelnuts,organic,2122,0.0
Hazelnuts,organic,2211,0.0
Hazelnuts,organic,2212,0.0
Hazelnuts,organic,2221,0.0
Hazelnuts,organic,2311,0.0
Hazelnuts,organic,2312,0.0
Hazelnuts,organic,2319,0.0
Hazelnuts,organic,2331,0.0
Hazelnuts,organic,2411,0.0
Hazelnuts,organic,2412,0.0
Hazelnuts,organic,2413,0.0
Hazelnuts,organic,2414,0.0
Hazelnuts,organic,2415,0.0
Hazelnuts,organic,2419,0.0
Hazelnuts,organic,2511,0.0
Hazelnuts,organic,2512,0.0
Hazelnuts,organic,2519,0.0
Hazelnuts,organic,2521,0.0
Hazelnuts,organic,311,0.0
Hazelnuts,organic,312,0.0
Hazelnuts,organic,321,0.0
Hazelnuts,organic,322,0.0
Hazelnuts,organic,411,0.0
Hazelnuts,organic,421,0.0
Hazelnuts,organic,422,0.0
Hazelnuts,organic,431,0.0
Hazelnuts,organic,511,0.0
Hazelnuts,organic,512,0.0
Hazelnuts,organic,513,0.0
Hazelnuts,organic,514,0.0
Hazelnuts,organic,515,0.0
Hazelnuts,organic,521,0.0
Hazelnuts,organic,611,0.0
Hazelnuts,organic,612,0.0
Hazelnuts,organic,621,0.0
Hazelnuts,organic,622,0.0
Hazelnuts,organic,711,0.0
Hazelnuts,organic,731,0.0
Hazelnuts,organic,811,0.0
Hazelnuts,organic,812,0.0
Hazelnuts,organic,813,0.0
Hazelnuts,organic,814,0.0
Hazelnuts,organic,821,0.0
Hazelnuts,organic,831,0.0
Hazelnuts,organic,911,0.0
Hazelnuts,organic,912,0.0
Hazelnuts,organic,913,0.0
Herbs,conventional,1011,3.2293031088341095
Herbs,conventional,111,0.11933139503627385
Herbs,conventional,1111,37.05271615776609
Herbs,conventional,1112,0.8464856861977078
Herbs,conventional,112,0.25681588467922506
Herbs,conventional,1121,10.172013770869505
Herbs,conventional,1122,0.034614823886988236
Herbs,conventional,1123,2.4451404275615287
Herbs,conventional,1124,0.4774664931183211
Herbs,conventional,1131,0.01814981489629949
Herbs,conventional,1211,27.388439569118074
Herbs,conventional,1212,1.672529847084281
Herbs,conventional,1213,0.24122383976508122
Herbs,conventional,1214,2.8407284854072277
Herbs,conventional,1215,0.5604691619830589
Herbs,conventional,1216,4.640857046942677
Herbs,conventional,1221,0.037064520457655264
Herbs,conventional,1222,11.760481120184972
Herbs,conventional,1311,3.3837951347855024
Herbs,conventional,1321,4.216375126289297
Herbs,conventional,1322,0.02135545087405409
Herbs,conventional,1331,4.014701038427084
Herbs,conventional,1411,0.08201304405414024
Herbs,conventional,1412,0.3318220488067266
Herbs,conventional,1421,0.10242384286577032
Herbs,conventional,1511,0.1623870024636445
Herbs,conventional,1512,0.02386240174976379
Herbs,conventional,1521,0.05814749317251923
Herbs,conventional,1522,0.00871533038484247
Herbs,conventional,1611,0.041128926986394344
Herbs,conventional,1612,0.9665906043127616
Herbs,conventional,1613,0.3341849069224752
Herbs,conventional,1614,0.5921311447652735
Herbs,conventional,1615,5.769352611058088
Herbs,conventional,1616,0.5965843457244709
Herbs,conventional,1617,0.07743269672137362
Herbs,conventional,1621,0.08677141343183933
Herbs,conventional,1622,1.5999963217943467
Herbs,conventional,1623,6.194844765403745
Herbs,conventional,1711,0.25594605441155016
Herbs,conventional,1712,0.05950880715344631
Herbs,conventional,1713,0.04579421238006875
Herbs,conventional,1721,0.0
Herbs,conventional,1722,0.06838065261729309
Herbs,conventional,1723,0.39944467368706843
Herbs,conventional,1724,0.014316286199557094
Herbs,conventional,1811,0.6095083615958377
Herbs,conventional,1812,2.956164696450696
Herbs,conventional,1813,0.07455247258545895
Herbs,conventional,1821,0.45712825135963886
Herbs,conventional,1911,0.0335153444520932
Herbs,conventional,1912,0.00013490181305024447
Herbs,conventional,1921,0.0
Herbs,conventional,1922,0.0
Herbs,conventional,2011,0.0
Herbs,conventional,2012,0.02009951053990356
Herbs,conventional,2019,0.0
Herbs,conventional,2111,0.0
Herbs,conventional,2121,0.0
Herbs,conventional,2122,0.0
Herbs,conventional,2211,0.0
Herbs,conventional,2212,0.0
Herbs,conventional,2221,0.0
Herbs,conventional,2311,0.0
Herbs,conventional,2312,0.0
Herbs,conventional,2319,0.0
Herbs,conventional,2331,0.0
Herbs,conventional,2411,0.0
Herbs,conventional,2412,0.0
Herbs,conventional,2413,0.0
Herbs,conventional,2414,0.0
Herbs,conventional,2415,0.0
Herbs,conventional,2419,0.0
Herbs,conventional,2511,0.0
Herbs,conventional,2512,0.0
Herbs,conventional,2519,0.0
Herbs,conventional,2521,0.0
Herbs,conventional,311,0.018447958742766977
Herbs,conventional,312,0.0005183993067701404
Herbs,conventional,321,0.7510127118947905
Herbs,conventional,322,0.31328656423317935
Herbs,conventional,411,0.1154602574715703
Herbs,conventional,421,1.9559216896415177
Herbs,conventional,422,0.2439211437570774
Herbs,conventional,431,0.17253202304240312
Herbs,conventional,511,0.012252912117221376
Herbs,conventional,512,0.15538723458957562
Herbs,conventional,513,14.61172343960867
Herbs,conventional,514,2.162808130618723
Herbs,conventional,515,3.1534930522373017
Herbs,conventional,521,0.05267480679957136
Herbs,conventional,611,0.000709053109458576
Herbs,conventional,612,0.015065336044843135
Herbs,conventional,621,0.0009845178568846664
Herbs,conventional,622,0.0003281788286212166
Herbs,conventional,711,0.0
Herbs,conventional,731,0.05876636294772333
Herbs,conventional,811,0.9734087599495951
Herbs,conventional,812,0.6160606405478907
Herbs,conventional,813,0.0013559045941198508
Herbs,conventional,814,0.0027867823955881428
Herbs,conventional,821,0.08136853087446366
Herbs,conventional,831,0.050136790335299025
Herbs,conventional,911,0.07626915009003174
Herbs,conventional,912,1.583521391052268
Herbs,conventional,913,0.16784776746343238
Herbs,organic,1011,0.05632297709230946
Herbs,organic,111,0.0014822801351785306
Herbs,organic,1111,15.360101007578198
Herbs,organic,1112,0.3477195409865458
Herbs,organic,112,0.00310687312806784
Herbs,organic,1121,4.216780176270129
Herbs,organic,1122,0.014349479509135269
Herbs,organic,1123,1.0136262017915818
Herbs,organic,1124,0.0947417619919336
Herbs,organic,1131,0.002789557997431166
Herbs,organic,1211,11.353801875963969
Herbs,organic,1212,0.6933426224414405
Herbs,organic,1213,0.09999867562882853
Herbs,organic,1214,1.1776161371050842
Herbs,organic,1215,0.23234094102675137
Herbs,organic,1216,1.923854453726188
Herbs,organic,1221,0.015364994447450441
Herbs,organic,1222,4.875274922750723
Herbs,organic,1311,0.14135821908894955
Herbs,organic,1321,0.21087394775517992
Herbs,organic,1322,0.0003516380998332612
Herbs,organic,1331,0.23087616977742245
Herbs,organic,1411,0.009992657672786122
Herbs,organic,1412,0.04042996062698588
Herbs,organic,1421,0.012479556283915443
Herbs,organic,1511,0.01904121284972589
Herbs,organic,1512,0.0029074498414968244
Herbs,organic,1521,0.0064834539068549905
Herbs,organic,1522,0.0010618958733377931
Herbs,organic,1611,0.002044337532365063
Herbs,organic,1612,0.1173019517837816
Herbs,organic,1613,0.0407178566873303
Herbs,organic,1614,0.06761871888746597
Herbs,organic,1615,0.7029511744234284
Herbs,organic,1616,0.07268920704653167
Herbs,organic,1617,0.008094392061848917
Herbs,organic,1621,0.01057242832781298
Herbs,organic,1622,0.19494722706370177
Herbs,organic,1623,0.7547941158709576
Herbs,organic,1711,0.003162999344161732
Herbs,organic,1712,0.0009254346202689287
Herbs,organic,1713,0.0005664210069582233
Herbs,organic,1721,0.0
Herbs,organic,1722,0.002851501426112048
Herbs,organic,1723,0.00479385060521858
Herbs,organic,1724,0.0003633738887818189
Herbs,organic,1811,0.007697433397622005
Herbs,organic,1812,0.03426276929413349
Herbs,organic,1813,0.0008605941769974482
Herbs,organic,1821,0.005062122063591937
Herbs,organic,1911,0.0003245950155077686
Herbs,organic,1912,1.2991962639726993e-06
Herbs,organic,1921,0.0
Herbs,organic,1922,0.0
Herbs,organic,2011,0.0
Herbs,organic,2012,0.0006588213356594852
Herbs,organic,2019,0.0
Herbs,organic,2111,0.0
Herbs,organic,2121,0.0
Herbs,organic,2122,0.0
Herbs,organic,2211,0.0
Herbs,organic,2212,0.0
Herbs,organic,2221,0.0
Herbs,organic,2311,0.0
Herbs,organic,2312,0.0
Herbs,organic,2319,0.0
Herbs,organic,2331,0.0
Herbs,organic,2411,0.0
Herbs,organic,2412,0.0
Herbs,organic,2413,0.0
Herbs,organic,2414,0.0
Herbs,organic,2415,0.0
Herbs,organic,2419,0.0
Herbs,organic,2511,0.0
Herbs,organic,2512,0.0
Herbs,organic,2519,0.0
Herbs,organic,2521,0.0
Herbs,organic,311,0.00026586426296337643
Herbs,organic,312,7.4694067060972305e-06
Herbs,organic,321,0.010310264517914126
Herbs,organic,322,0.004240638339633915
Herbs,organic,411,0.0006453861982998991
Herbs,organic,421,0.016007484258145785
Herbs,organic,422,0.0015547140539726298
Herbs,organic,431,0.0011626699984793065
Herbs,organic,511,0.00015857284199878948
Herbs,organic,512,0.0019095702391833847
Herbs,organic,513,0.17479712416009188
Herbs,organic,514,0.02587324095646462
Herbs,organic,515,0.03772460646878172
Herbs,organic,521,0.0005629927172865663
Herbs,organic,611,3.0536835599838832e-06
Herbs,organic,612,4.9667442489485764e-05
Herbs,organic,621,3.5104386206744184e-06
Herbs,organic,622,1.2471714613322152e-06
Herbs,organic,711,0.0
Herbs,organic,731,0.00641481705360738
Herbs,organic,811,0.03048401924776406
Herbs,organic,812,0.019490960161393872
Herbs,organic,813,4.289818353455827e-05
Herbs,organic,814,8.731150798203059e-05
Herbs,organic,821,0.0023068146568480104
Herbs,organic,831,0.0008096240543830416
Herbs,organic,911,0.007192823464479615
Herbs,organic,912,0.14933940924503378
Herbs,organic,913,0.015829458684754463
"Herbs, greenhouse",conventional,1011,0.0
"Herbs, greenhouse",conventional,111,0.0
"Herbs, greenhouse",conventional,1111,0.0
"Herbs, greenhouse",conventional,1112,0.0
"Herbs, greenhouse",conventional,112,0.0
"Herbs, greenhouse",conventional,1121,0.0
"Herbs, greenhouse",conventional,1122,0.0
"Herbs, greenhouse",conventional,1123,0.0
"Herbs, greenhouse",conventional,1124,0.0
"Herbs, greenhouse",conventional,1131,0.0
"Herbs, greenhouse",conventional,1211,0.0
"Herbs, greenhouse",conventional,1212,0.0
"Herbs, greenhouse",conventional,1213,0.0
"Herbs, greenhouse",conventional,1214,0.0
"Herbs, greenhouse",conventional,1215,0.0
"Herbs, greenhouse",conventional,1216,0.0
"Herbs, greenhouse",conventional,1221,0.0
"Herbs, greenhouse",conventional,1222,0.0
"Herbs, greenhouse",conventional,1311,0.0
"Herbs, greenhouse",conventional,1321,0.0
"Herbs, greenhouse",conventional,1322,0.0
"Herbs, greenhouse",conventional,1331,0.0
"Herbs, greenhouse",conventional,1411,0.0
"Herbs, greenhouse",conventional,1412,0.0
"Herbs, greenhouse",conventional,1421,0.0
"Herbs, greenhouse",conventional,1511,0.0
"Herbs, greenhouse",conventional,1512,0.0
"Herbs, greenhouse",conventional,1521,0.0
"Herbs, greenhouse",conventional,1522,0.0
"Herbs, greenhouse",conventional,1611,0.0
"Herbs, greenhouse",conventional,1612,0.0
"Herbs, greenhouse",conventional,1613,0.0
"Herbs, greenhouse",conventional,1614,0.0
"Herbs, greenhouse",conventional,1615,0.0
"Herbs, greenhouse",conventional,1616,0.0
"Herbs, greenhouse",conventional,1617,0.0
"Herbs, greenhouse",conventional,1621,0.0
"Herbs, greenhouse",conventional,1622,0.0
"Herbs, greenhouse",conventional,1623,0.0
"Herbs, greenhouse",conventional,1711,0.0
"Herbs, greenhouse",conventional,1712,0.0
"Herbs, greenhouse",conventional,1713,0.0
"Herbs, greenhouse",conventional,1721,0.0
"Herbs, greenhouse",conventional,1722,0.0
"Herbs, greenhouse",conventional,1723,0.0
"Herbs, greenhouse",conventional,1724,0.0
"Herbs, greenhouse",conventional,1811,0.0
"Herbs, greenhouse",conventional,1812,0.0
"Herbs, greenhouse",conventional,1813,0.0
"Herbs, greenhouse",conventional,1821,0.0
"Herbs, greenhouse",conventional,1911,0.0
"Herbs, greenhouse",conventional,1912,0.0
"Herbs, greenhouse",conventional,1921,0.0
"Herbs, greenhouse",conventional,1922,0.0
"Herbs, greenhouse",conventional,2011,0.0
"Herbs, greenhouse",conventional,2012,0.0
"Herbs, greenhouse",conventional,2019,0.0
"Herbs, greenhouse",conventional,2111,0.0
"Herbs, greenhouse",conventional,2121,0.0
"Herbs, greenhouse",conventional,2122,0.0
"Herbs, greenhouse",conventional,2211,0.0
"Herbs, greenhouse",conventional,2212,0.0
"Herbs, greenhouse",conventional,2221,0.0
"Herbs, greenhouse",conventional,2311,0.0
"Herbs, greenhouse",conventional,2312,0.0
"Herbs, greenhouse",conventional,2319,0.0
"Herbs, greenhouse",conventional,2331,0.0
"Herbs, greenhouse",conventional,2411,0.0
"Herbs, greenhouse",conventional,2412,0.0
"Herbs, greenhouse",conventional,2413,0.0
"Herbs, greenhouse",conventional,2414,0.0
"Herbs, greenhouse",conventional,2415,0.0
"Herbs, greenhouse",conventional,2419,0.0
"Herbs, greenhouse",conventional,2511,0.0
"Herbs, greenhouse",conventional,2512,0.0
"Herbs, greenhouse",conventional,2519,0.0
"Herbs, greenhouse",conventional,2521,0.0
"Herbs, greenhouse",conventional,311,0.0
"Herbs, greenhouse",conventional,312,0.0
"Herbs, greenhouse",conventional,321,0.0
"Herbs, greenhouse",conventional,322,0.0
"Herbs, greenhouse",conventional,411,0.0
"Herbs, greenhouse",conventional,421,0.0
"Herbs, greenhouse",conventional,422,0.0
"Herbs, greenhouse",conventional,431,0.0
"Herbs, greenhouse",conventional,511,0.0
"Herbs, greenhouse",conventional,512,0.0
"Herbs, greenhouse",conventional,513,0.0
"Herbs, greenhouse",conventional,514,0.0
"Herbs, greenhouse",conventional,515,0.0
"Herbs, greenhouse",conventional,521,0.0
"Herbs, greenhouse",conventional,611,0.0
"Herbs, greenhouse",conventional,612,0.0
"Herbs, greenhouse",conventional,621,0.0
"Herbs, greenhouse",conventional,622,0.0
"Herbs, greenhouse",conventional,711,0.0
"Herbs, greenhouse",conventional,731,0.0
"Herbs, greenhouse",conventional,811,0.0
"Herbs, greenhouse",conventional,812,0.0
"Herbs, greenhouse",conventional,813,0.0
"Herbs, greenhouse",conventional,814,0.0
"Herbs, greenhouse",conventional,821,0.0
"Herbs, greenhouse",conventional,831,0.0
"Herbs, greenhouse",conventional,911,0.0
"Herbs, greenhouse",conventional,912,0.0
"Herbs, greenhouse",conventional,913,0.0
"Herbs, greenhouse",organic,1011,3.106655261136987
"Herbs, greenhouse",organic,111,2142.9476427426175
"Herbs, greenhouse",organic,1111,5503.531006662089
"Herbs, greenhouse",organic,1112,124.63721088106128
"Herbs, greenhouse",organic,112,4609.610906145952
"Herbs, greenhouse",organic,1121,1510.8742082445278
"Herbs, greenhouse",organic,1122,5.141424875332883
"Herbs, greenhouse",organic,1123,363.18271787228633
"Herbs, greenhouse",organic,1124,97.35224330733845
"Herbs, greenhouse",organic,1131,3.3376725594370877
"Herbs, greenhouse",organic,1211,4068.072250113279
"Herbs, greenhouse",organic,1212,248.42496927359133
"Herbs, greenhouse",organic,1213,35.82956984963046
"Herbs, greenhouse",organic,1214,421.94038446139876
"Herbs, greenhouse",organic,1215,83.24786226515732
"Herbs, greenhouse",organic,1216,689.3179044306572
"Herbs, greenhouse",organic,1221,5.505284328339651
"Herbs, greenhouse",organic,1222,1746.8131680985057
"Herbs, greenhouse",organic,1311,822.0016684261791
"Herbs, greenhouse",organic,1321,1015.7287873396917
"Herbs, greenhouse",organic,1322,5.3226940899520105
"Herbs, greenhouse",organic,1331,1935.8517114704737
"Herbs, greenhouse",organic,1411,83.74314090354727
"Herbs, greenhouse",organic,1412,338.82196312310447
"Herbs, greenhouse",organic,1421,104.58451340165789
"Herbs, greenhouse",organic,1511,163.4889229389754
"Herbs, greenhouse",organic,1512,24.365788333723504
"Herbs, greenhouse",organic,1521,55.81367961008721
"Herbs, greenhouse",organic,1522,8.899183646409051
"Herbs, greenhouse",organic,1611,39.29609476368447
"Herbs, greenhouse",organic,1612,986.5537172783122
"Herbs, greenhouse",organic,1613,341.2346666436762
"Herbs, greenhouse",organic,1614,600.5011076047057
"Herbs, greenhouse",organic,1615,5891.059333331688
"Herbs, greenhouse",organic,1616,609.1695229831288
"Herbs, greenhouse",organic,1617,60.20200715646298
"Herbs, greenhouse",organic,1621,88.60188992162695
"Herbs, greenhouse",organic,1622,1633.7488623484064
"Herbs, greenhouse",organic,1623,6325.527409058764
"Herbs, greenhouse",organic,1711,0.0
"Herbs, greenhouse",organic,1712,2.477612206896753
"Herbs, greenhouse",organic,1713,0.0
"Herbs, greenhouse",organic,1721,0.0
"Herbs, greenhouse",organic,1722,25.44120257762999
"Herbs, greenhouse",organic,1723,0.0
"Herbs, greenhouse",organic,1724,0.0
"Herbs, greenhouse",organic,1811,9.232709608312717
"Herbs, greenhouse",organic,1812,0.0
"Herbs, greenhouse",organic,1813,0.0
"Herbs, greenhouse",organic,1821,0.0
"Herbs, greenhouse",organic,1911,0.13858272520395248
"Herbs, greenhouse",organic,1912,0.0
"Herbs, greenhouse",organic,1921,2.620472118720539
"Herbs, greenhouse",organic,1922,27.731397601289057
"Herbs, greenhouse",organic,2011,0.0
"Herbs, greenhouse",organic,2012,0.0
"Herbs, greenhouse",organic,2019,0.0
"Herbs, greenhouse",organic,2111,0.0
"Herbs, greenhouse",organic,2121,0.889406311899119
"Herbs, greenhouse",organic,2122,0.0
"Herbs, greenhouse",organic,2211,0.0
"Herbs, greenhouse",organic,2212,0.0
"Herbs, greenhouse",organic,2221,0.0
"Herbs, greenhouse",organic,2311,0.0
"Herbs, greenhouse",organic,2312,0.0
"Herbs, greenhouse",organic,2319,0.0
"Herbs, greenhouse",organic,2331,0.0
"Herbs, greenhouse",organic,2411,6906.962379804979
"Herbs, greenhouse",organic,2412,2976.8007731158255
"Herbs, greenhouse",organic,2413,53.68767832792111
"Herbs, greenhouse",organic,2414,2322.1237717186154
"Herbs, greenhouse",organic,2415,0.0
"Herbs, greenhouse",organic,2419,0.0
"Herbs, greenhouse",organic,2511,90.42539703265948
"Herbs, greenhouse",organic,2512,0.0
"Herbs, greenhouse",organic,2519,0.0
"Herbs, greenhouse",organic,2521,0.0
"Herbs, greenhouse",organic,311,362.2694922170654
"Herbs, greenhouse",organic,312,10.095012165045613
"Herbs, greenhouse",organic,321,13554.784515434016
"Herbs, greenhouse",organic,322,5640.913422209509
"Herbs, greenhouse",organic,411,54.39518599655775
"Herbs, greenhouse",organic,421,25973.305619781207
"Herbs, greenhouse",organic,422,115.37365317119351
"Herbs, greenhouse",organic,431,1297.1873487881987
"Herbs, greenhouse",organic,511,0.0
"Herbs, greenhouse",organic,512,0.0
"Herbs, greenhouse",organic,513,0.0
"Herbs, greenhouse",organic,514,0.0
"Herbs, greenhouse",organic,515,0.0
"Herbs, greenhouse",organic,521,1.9393975496796156
"Herbs, greenhouse",organic,611,0.64815612931382
"Herbs, greenhouse",organic,612,0.0
"Herbs, greenhouse",organic,621,0.2303902343610181
"Herbs, greenhouse",organic,622,0.0
"Herbs, greenhouse",organic,711,0.0
"Herbs, greenhouse",organic,731,3.93667742730445
"Herbs, greenhouse",organic,811,0.0
"Herbs, greenhouse",organic,812,0.0
"Herbs, greenhouse",organic,813,0.0
"Herbs, greenhouse",organic,814,0.0
"Herbs, greenhouse",organic,821,0.0
"Herbs, greenhouse",organic,831,0.0
"Herbs, greenhouse",organic,911,8.76350722322369
"Herbs, greenhouse",organic,912,181.9503840312167
"Herbs, greenhouse",organic,913,19.28610874555962
"Lentils, dry",conventional,1011,0.0
"Lentils, dry",conventional,111,0.0
"Lentils, dry",conventional,1111,0.0
"Lentils, dry",conventional,1112,0.0
"Lentils, dry",conventional,112,0.0
"Lentils, dry",conventional,1121,0.0
"Lentils, dry",conventional,1122,0.0
"Lentils, dry",conventional,1123,0.0
"Lentils, dry",conventional,1124,0.0
"Lentils, dry",conventional,1131,0.0
"Lentils, dry",conventional,1211,0.0
"Lentils, dry",conventional,1212,0.0
"Lentils, dry",conventional,1213,0.0
"Lentils, dry",conventional,1214,0.0
"Lentils, dry",conventional,1215,0.0
"Lentils, dry",conventional,1216,0.0
"Lentils, dry",conventional,1221,0.0
"Lentils, dry",conventional,1222,0.0
"Lentils, dry",conventional,1311,0.0
"Lentils, dry",conventional,1321,0.0
"Lentils, dry",conventional,1322,0.0
"Lentils, dry",conventional,1331,0.0
"Lentils, dry",conventional,1411,0.0
"Lentils, dry",conventional,1412,0.0
"Lentils, dry",conventional,1421,0.0
"Lentils, dry",conventional,1511,0.0
"Lentils, dry",conventional,1512,0.0
"Lentils, dry",conventional,1521,0.0
"Lentils, dry",conventional,1522,0.0
"Lentils, dry",conventional,1611,0.0
"Lentils, dry",conventional,1612,0.0
"Lentils, dry",conventional,1613,0.0
"Lentils, dry",conventional,1614,0.0
"Lentils, dry",conventional,1615,0.0
"Lentils, dry",conventional,1616,0.0
"Lentils, dry",conventional,1617,0.0
"Lentils, dry",conventional,1621,0.0
"Lentils, dry",conventional,1622,0.0
"Lentils, dry",conventional,1623,0.0
"Lentils, dry",conventional,1711,0.0
"Lentils, dry",conventional,1712,0.0
"Lentils, dry",conventional,1713,0.0
"Lentils, dry",conventional,1721,0.0
"Lentils, dry",conventional,1722,0.0
"Lentils, dry",conventional,1723,0.0
"Lentils, dry",conventional,1724,0.0
"Lentils, dry",conventional,1811,0.0
"Lentils, dry",conventional,1812,0.0
"Lentils, dry",conventional,1813,0.0
"Lentils, dry",conventional,1821,0.0
"Lentils, dry",conventional,1911,0.0
"Lentils, dry",conventional,1912,0.0
"Lentils, dry",conventional,1921,0.0
"Lentils, dry",conventional,1922,0.0
"Lentils, dry",conventional,2011,0.0
"Lentils, dry",conventional,2012,0.0
"Lentils, dry",conventional,2019,0.0
"Lentils, dry",conventional,2111,0.0
"Lentils, dry",conventional,2121,0.0
"Lentils, dry",conventional,2122,0.0
"Lentils, dry",conventional,2211,0.0
"Lentils, dry",conventional,2212,0.0
"Lentils, dry",conventional,2221,0.0
"Lentils, dry",conventional,2311,0.0
"Lentils, dry",conventional,2312,0.0
"Lentils, dry",conventional,2319,0.0
"Lentils, dry",conventional,2331,0.0
"Lentils, dry",conventional,2411,0.0
"Lentils, dry",conventional,2412,0.0
"Lentils, dry",conventional,2413,0.0
"Lentils, dry",conventional,2414,0.0
"Lentils, dry",conventional,2415,0.0
"Lentils, dry",conventional,2419,0.0
"Lentils, dry",conventional,2511,0.0
"Lentils, dry",conventional,2512,0.0
"Lentils, dry",conventional,2519,0.0
"Lentils, dry",conventional,2521,0.0
"Lentils, dry",conventional,311,0.0
"Lentils, dry",conventional,312,0.0
"Lentils, dry",conventional,321,0.0
"Lentils, dry",conventional,322,0.0
"Lentils, dry",conventional,411,0.0
"Lentils, dry",conventional,421,0.0
"Lentils, dry",conventional,422,0.0
"Lentils, dry",conventional,431,0.0
"Lentils, dry",conventional,511,0.0
"Lentils, dry",conventional,512,0.0
"Lentils, dry",conventional,513,0.0
"Lentils, dry",conventional,514,0.0
"Lentils, dry",conventional,515,0.0
"Lentils, dry",conventional,521,0.0
"Lentils, dry",conventional,611,0.0
"Lentils, dry",conventional,612,0.0
"Lentils, dry",conventional,621,0.0
"Lentils, dry",conventional,622,0.0
"Lentils, dry",conventional,711,0.0
"Lentils, dry",conventional,731,0.0
"Lentils, dry",conventional,811,0.0
"Lentils, dry",conventional,812,0.0
"Lentils, dry",conventional,813,0.0
"Lentils, dry",conventional,814,0.0
"Lentils, dry",conventional,821,0.0
"Lentils, dry",conventional,831,0.0
"Lentils, dry",conventional,911,0.0
"Lentils, dry",conventional,912,0.0
"Lentils, dry",conventional,913,0.0
"Lentils, dry",organic,1011,0.0
"Lentils, dry",organic,111,0.0
"Lentils, dry",organic,1111,0.0
"Lentils, dry",organic,1112,0.0
"Lentils, dry",organic,112,0.0
"Lentils, dry",organic,1121,0.0
"Lentils, dry",organic,1122,0.0
"Lentils, dry",organic,1123,0.0
"Lentils, dry",organic,1124,0.0
"Lentils, dry",organic,1131,0.0
"Lentils, dry",organic,1211,0.0
"Lentils, dry",organic,1212,0.0
"Lentils, dry",organic,1213,0.0
"Lentils, dry",organic,1214,0.0
"Lentils, dry",organic,1215,0.0
"Lentils, dry",organic,1216,0.0
"Lentils, dry",organic,1221,0.0
"Lentils, dry",organic,1222,0.0
"Lentils, dry",organic,1311,0.0
"Lentils, dry",organic,1321,0.0
"Lentils, dry",organic,1322,0.0
"Lentils, dry",organic,1331,0.0
"Lentils, dry",organic,1411,0.0
"Lentils, dry",organic,1412,0.0
"Lentils, dry",organic,1421,0.0
"Lentils, dry",organic,1511,0.0
"Lentils, dry",organic,1512,0.0
"Lentils, dry",organic,1521,0.0
"Lentils, dry",organic,1522,0.0
"Lentils, dry",organic,1611,0.0
"Lentils, dry",organic,1612,0.0
"Lentils, dry",organic,1613,0.0
"Lentils, dry",organic,1614,0.0
"Lentils, dry",organic,1615,0.0
"Lentils, dry",organic,1616,0.0
"Lentils, dry",organic,1617,0.0
"Lentils, dry",organic,1621,0.0
"Lentils, dry",organic,1622,0.0
"Lentils, dry",organic,1623,0.0
"Lentils, dry",organic,1711,0.0
"Lentils, dry",organic,1712,0.0
"Lentils, dry",organic,1713,0.0
"Lentils, dry",organic,1721,0.0
"Lentils, dry",organic,1722,0.0
"Lentils, dry",organic,1723,0.0
"Lentils, dry",organic,1724,0.0
"Lentils, dry",organic,1811,0.0
"Lentils, dry",organic,1812,0.0
"Lentils, dry",organic,1813,0.0
"Lentils, dry",organic,1821,0.0
"Lentils, dry",organic,1911,0.0
"Lentils, dry",organic,1912,0.0
"Lentils, dry",organic,1921,0.0
"Lentils, dry",organic,1922,0.0
"Lentils, dry",organic,2011,0.0
"Lentils, dry",organic,2012,0.0
"Lentils, dry",organic,2019,0.0
"Lentils, dry",organic,2111,0.0
"Lentils, dry",organic,2121,0.0
"Lentils, dry",organic,2122,0.0
"Lentils, dry",organic,2211,0.0
"Lentils, dry",organic,2212,0.0
"Lentils, dry",organic,2221,0.0
"Lentils, dry",organic,2311,0.0
"Lentils, dry",organic,2312,0.0
"Lentils, dry",organic,2319,0.0
"Lentils, dry",organic,2331,0.0
"Lentils, dry",organic,2411,0.0
"Lentils, dry",organic,2412,0.0
"Lentils, dry",organic,2413,0.0
"Lentils, dry",organic,2414,0.0
"Lentils, dry",organic,2415,0.0
"Lentils, dry",organic,2419,0.0
"Lentils, dry",organic,2511,0.0
"Lentils, dry",organic,2512,0.0
"Lentils, dry",organic,2519,0.0
"Lentils, dry",organic,2521,0.0
"Lentils, dry",organic,311,0.0
"Lentils, dry",organic,312,0.0
"Lentils, dry",organic,321,0.0
"Lentils, dry",organic,322,0.0
"Lentils, dry",organic,411,0.0
"Lentils, dry",organic,421,0.0
"Lentils, dry",organic,422,0.0
"Lentils, dry",organic,431,0.0
"Lentils, dry",organic,511,0.0
"Lentils, dry",organic,512,0.0
"Lentils, dry",organic,513,0.0
"Lentils, dry",organic,514,0.0
"Lentils, dry",organic,515,0.0
"Lentils, dry",organic,521,0.0
"Lentils, dry",organic,611,0.0
"Lentils, dry",organic,612,0.0
"Lentils, dry",organic,621,0.0
"Lentils, dry",organic,622,0.0
"Lentils, dry",organic,711,0.0
"Lentils, dry",organic,731,0.0
"Lentils, dry",organic,811,0.0
"Lentils, dry",organic,812,0.0
"Lentils, dry",organic,813,0.0
"Lentils, dry",organic,814,0.0
"Lentils, dry",organic,821,0.0
"Lentils, dry",organic,831,0.0
"Lentils, dry",organic,911,0.0
"Lentils, dry",organic,912,0.0
"Lentils, dry",organic,913,0.0
Lettuce and spinach,conventional,1011,18.47126588039325
Lettuce and spinach,conventional,111,0.23661883331101874
Lettuce and spinach,conventional,1111,639.5534682698337
Lettuce and spinach,conventional,1112,14.527407867035462
Lettuce and spinach,conventional,112,0.4773820130329183
Lettuce and spinach,conventional,1121,175.57543308696324
Lettuce and spinach,conventional,1122,0.597473895738485
Lettuce and spinach,conventional,1123,42.20468033153878
Lettuce and spinach,conventional,1124,3.800409460487164
Lettuce and spinach,conventional,1131,0.16023186915354662
Lettuce and spinach,conventional,1211,472.74190216840174
Lettuce and spinach,conventional,1212,28.86892987636935
Lettuce and spinach,conventional,1213,4.163677035017818
Lettuce and spinach,conventional,1214,49.0327820373382
Lettuce and spinach,conventional,1215,9.674054524864381
Lettuce and spinach,conventional,1216,80.10414695319417
Lettuce and spinach,conventional,1221,0.6397572180004195
Lettuce and spinach,conventional,1222,202.99339073850143
Lettuce and spinach,conventional,1311,3.504539939957928
Lettuce and spinach,conventional,1321,5.923388990315466
Lettuce and spinach,conventional,1322,0.02149333900330431
Lettuce and spinach,conventional,1331,3.6025633725445934
Lettuce and spinach,conventional,1411,0.05073782689806534
Lettuce and spinach,conventional,1412,0.2052835602858855
Lettuce and spinach,conventional,1421,0.06336508136592879
Lettuce and spinach,conventional,1511,0.10116120988541169
Lettuce and spinach,conventional,1512,0.014762607867016317
Lettuce and spinach,conventional,1521,0.03761380000181224
Lettuce and spinach,conventional,1522,0.005391787727494589
Lettuce and spinach,conventional,1611,0.024047022822766908
Lettuce and spinach,conventional,1612,0.5977654198631128
Lettuce and spinach,conventional,1613,0.20674535563129914
Lettuce and spinach,conventional,1614,0.36419228038202095
Lettuce and spinach,conventional,1615,3.5692421549494853
Lettuce and spinach,conventional,1616,0.3690802312310428
Lettuce and spinach,conventional,1617,0.036508042710953745
Lettuce and spinach,conventional,1621,0.05368161863982014
Lettuce and spinach,conventional,1622,0.9898466438966987
Lettuce and spinach,conventional,1623,3.8324752482050317
Lettuce and spinach,conventional,1711,0.48607138577200726
Lettuce and spinach,conventional,1712,0.09254326910472248
Lettuce and spinach,conventional,1713,0.0925441795043
Lettuce and spinach,conventional,1721,0.0
Lettuce and spinach,conventional,1722,0.1016024621451325
Lettuce and spinach,conventional,1723,0.1026572150435667
Lettuce and spinach,conventional,1724,0.1363963381091538
Lettuce and spinach,conventional,1811,0.0036423269611084797
Lettuce and spinach,conventional,1812,0.0
Lettuce and spinach,conventional,1813,4.205873811623337e-05
Lettuce and spinach,conventional,1821,0.0
Lettuce and spinach,conventional,1911,0.005163549224454252
Lettuce and spinach,conventional,1912,0.0001464765713965486
Lettuce and spinach,conventional,1921,0.1039153634901906
Lettuce and spinach,conventional,1922,1.0978198000903583
Lettuce and spinach,conventional,2011,1.716917310370653
Lettuce and spinach,conventional,2012,1.5994666235717763
Lettuce and spinach,conventional,2019,0.0
Lettuce and spinach,conventional,2111,0.14061014549941175
Lettuce and spinach,conventional,2121,0.33852084714242786
Lettuce and spinach,conventional,2122,0.03532431232191989
Lettuce and spinach,conventional,2211,0.003362530494007733
Lettuce and spinach,conventional,2212,0.0
Lettuce and spinach,conventional,2221,0.05536113975502009
Lettuce and spinach,conventional,2311,0.993937130952488
Lettuce and spinach,conventional,2312,0.0
Lettuce and spinach,conventional,2319,0.0
Lettuce and spinach,conventional,2331,0.0
Lettuce and spinach,conventional,2411,0.0
Lettuce and spinach,conventional,2412,0.0
Lettuce and spinach,conventional,2413,0.0
Lettuce and spinach,conventional,2414,0.0
Lettuce and spinach,conventional,2415,0.0
Lettuce and spinach,conventional,2419,0.0
Lettuce and spinach,conventional,2511,0.0
Lettuce and spinach,conventional,2512,0.0
Lettuce and spinach,conventional,2519,0.0
Lettuce and spinach,conventional,2521,0.0
Lettuce and spinach,conventional,311,1.2372549950893181
Lettuce and spinach,conventional,312,0.03140447818624183
Lettuce and spinach,conventional,321,3.4988092495608347
Lettuce and spinach,conventional,322,0.9675058160500556
Lettuce and spinach,conventional,411,0.17346932735627518
Lettuce and spinach,conventional,421,3.4355936481729166
Lettuce and spinach,conventional,422,0.3679593601862433
Lettuce and spinach,conventional,431,0.2836843737575534
Lettuce and spinach,conventional,511,0.0006471345757834285
Lettuce and spinach,conventional,512,0.007805837459020442
Lettuce and spinach,conventional,513,0.7200062613956661
Lettuce and spinach,conventional,514,0.10657438204870938
Lettuce and spinach,conventional,515,0.15539130289885889
Lettuce and spinach,conventional,521,0.008571491207353463
Lettuce and spinach,conventional,611,0.0003994012515250092
Lettuce and spinach,conventional,612,0.0007372961721902168
Lettuce and spinach,conventional,621,0.0009879904933035337
Lettuce and spinach,conventional,622,0.00015387106378943606
Lettuce and spinach,conventional,711,0.0
Lettuce and spinach,conventional,731,0.6262650439958036
Lettuce and spinach,conventional,811,2.0284607471749
Lettuce and spinach,conventional,812,0.8441511138169534
Lettuce and spinach,conventional,813,0.0018579151109830061
Lettuce and spinach,conventional,814,0.0029293374485936676
Lettuce and spinach,conventional,821,0.023039125400822643
Lettuce and spinach,conventional,831,0.2578593448775009
Lettuce and spinach,conventional,911,0.04118160236100848
Lettuce and spinach,conventional,912,0.8550239274921279
Lettuce and spinach,conventional,913,0.09062956659019475
Lettuce and spinach,organic,1011,0.04822654936246058
Lettuce and spinach,organic,111,0.000652905575680793
Lettuce and spinach,organic,1111,35.14580004588795
Lettuce and spinach,organic,1112,0.7926011559677977
Lettuce and spinach,organic,112,0.0012890061276953609
Lettuce and spinach,organic,1121,9.648511610668173
Lettuce and spinach,organic,1122,0.03283337377415792
Lettuce and spinach,organic,1123,2.3193014025014342
Lettuce and spinach,organic,1124,0.11344596732160847
Lettuce and spinach,organic,1131,0.0038172643043013653
Lettuce and spinach,organic,1211,25.978894949739196
Lettuce and spinach,organic,1212,1.586453185405226
Lettuce and spinach,organic,1213,0.22880926738505525
Lettuce and spinach,organic,1214,2.694530541504029
Lettuce and spinach,organic,1215,0.5316246456824011
Lettuce and spinach,organic,1216,4.402015580150954
Lettuce and spinach,organic,1221,0.03515699683809665
Lettuce and spinach,organic,1222,11.155228570384544
Lettuce and spinach,organic,1311,0.0206134139165246
Lettuce and spinach,organic,1321,0.04380539878895569
Lettuce and spinach,organic,1322,4.450153727868543e-05
Lettuce and spinach,organic,1331,0.029649609820087165
Lettuce and spinach,organic,1411,0.0008751277292348182
Lettuce and spinach,organic,1412,0.003540737689123931
Lettuce and spinach,organic,1421,0.0010929230351144422
Lettuce and spinach,organic,1511,0.001683078892344057
Lettuce and spinach,organic,1512,0.0002546259524713438
Lettuce and spinach,organic,1521,0.0005964924606599001
Lettuce and spinach,organic,1522,9.29977344114125e-05
Lettuce and spinach,organic,1611,0.00017212556580543974
Lettuce and spinach,organic,1612,0.010271867703240643
Lettuce and spinach,organic,1613,0.0035659507839576523
Lettuce and spinach,organic,1614,0.005911301667076851
Lettuce and spinach,organic,1615,0.06156240763770737
Lettuce and spinach,organic,1616,0.006365908128300228
Lettuce and spinach,organic,1617,0.00477450654794502
Lettuce and spinach,organic,1621,0.0009259023473018827
Lettuce and spinach,organic,1622,0.017072907901718865
Lettuce and spinach,organic,1623,0.06610266080272748
Lettuce and spinach,organic,1711,0.007752066438282536
Lettuce and spinach,organic,1712,0.005273339156172766
Lettuce and spinach,organic,1713,0.00017708726975395445
Lettuce and spinach,organic,1721,0.0
Lettuce and spinach,organic,1722,0.0006391396851750566
Lettuce and spinach,organic,1723,0.09210249397399717
Lettuce and spinach,organic,1724,0.0005244206468867923
Lettuce and spinach,organic,1811,0.015976234049989133
Lettuce and spinach,organic,1812,0.0
Lettuce and spinach,organic,1813,0.0008174515080884981
Lettuce and spinach,organic,1821,0.0
Lettuce and spinach,organic,1911,0.00025409656615077333
Lettuce and spinach,organic,1912,7.842859321323628e-07
Lettuce and spinach,organic,1921,7.162534792602797e-05
Lettuce and spinach,organic,1922,0.002632485675080613
Lettuce and spinach,organic,2011,0.008262434735256712
Lettuce and spinach,organic,2012,0.03369391857020494
Lettuce and spinach,organic,2019,0.0
Lettuce and spinach,organic,2111,0.00016544495480792253
Lettuce and spinach,organic,2121,0.000442202284233259
Lettuce and spinach,organic,2122,0.00011567945291769457
Lettuce and spinach,organic,2211,1.3557424623774898e-07
Lettuce and spinach,organic,2212,0.0
Lettuce and spinach,organic,2221,2.586268593556522e-05
Lettuce and spinach,organic,2311,0.0027002029792579543
Lettuce and spinach,organic,2312,0.0
Lettuce and spinach,organic,2319,0.0
Lettuce and spinach,organic,2331,0.0
Lettuce and spinach,organic,2411,0.0
Lettuce and spinach,organic,2412,0.0
Lettuce and spinach,organic,2413,0.0
Lettuce and spinach,organic,2414,0.0
Lettuce and spinach,organic,2415,0.0
Lettuce and spinach,organic,2419,0.0
Lettuce and spinach,organic,2511,0.0
Lettuce and spinach,organic,2512,0.0
Lettuce and spinach,organic,2519,0.0
Lettuce and spinach,organic,2521,0.0
Lettuce and spinach,organic,311,0.0030980094863247926
Lettuce and spinach,organic,312,7.870614905403317e-05
Lettuce and spinach,organic,321,0.009214516943395805
Lettuce and spinach,organic,322,0.0027293482850755005
Lettuce and spinach,organic,411,0.00015043765902652038
Lettuce and spinach,organic,421,0.0058886074161834025
Lettuce and spinach,organic,422,0.0002544265303316712
Lettuce and spinach,organic,431,0.00032706983634193444
Lettuce and spinach,organic,511,1.2149602921020441e-06
Lettuce and spinach,organic,512,1.4229061450769973e-05
Lettuce and spinach,organic,513,0.0012874246418345416
Lettuce and spinach,organic,514,0.00019056290617783668
Lettuce and spinach,organic,515,0.000277851184364673
Lettuce and spinach,organic,521,1.3754550393479964e-05
Lettuce and spinach,organic,611,7.329090003667208e-08
Lettuce and spinach,organic,612,2.1071094301397375e-08
Lettuce and spinach,organic,621,3.780220180708623e-08
Lettuce and spinach,organic,622,1.2866879511093667e-08
Lettuce and spinach,organic,711,0.0
Lettuce and spinach,organic,731,0.010621944064470631
Lettuce and spinach,organic,811,0.00775008240062814
Lettuce and spinach,organic,812,0.003251020462092607
Lettuce and spinach,organic,813,7.155259222872454e-06
Lettuce and spinach,organic,814,1.1185218205225448e-05
Lettuce and spinach,organic,821,8.089902314810225e-05
Lettuce and spinach,organic,831,0.000495934893890782
Lettuce and spinach,organic,911,0.0005493844162471953
Lettuce and spinach,organic,912,0.011406472656523017
Lettuce and spinach,organic,913,0.00120904648389867
"Lettuce, greenhouse",conventional,1011,1.6313655618967036
"Lettuce, greenhouse",conventional,111,106.21911241933255
"Lettuce, greenhouse",conventional,1111,2890.011989876637
"Lettuce, greenhouse",conventional,1112,65.44944207546392
"Lettuce, greenhouse",conventional,112,228.52350607408385
"Lettuce, greenhouse",conventional,1121,793.3896568832677
"Lettuce, greenhouse",conventional,1122,2.6998629637545966
"Lettuce, greenhouse",conventional,1123,190.71436281477034
"Lettuce, greenhouse",conventional,1124,15.519220090977594
"Lettuce, greenhouse",conventional,1131,0.6646278785824454
"Lettuce, greenhouse",conventional,1211,2136.22446467188
"Lettuce, greenhouse",conventional,1212,130.45282000161825
"Lettuce, greenhouse",conventional,1213,18.81480931645676
"Lettuce, greenhouse",conventional,1214,221.56916507429267
"Lettuce, greenhouse",conventional,1215,43.715083968214216
"Lettuce, greenhouse",conventional,1216,361.97434087856175
"Lettuce, greenhouse",conventional,1221,2.89093269345115
"Lettuce, greenhouse",conventional,1222,917.285828637658
"Lettuce, greenhouse",conventional,1311,0.0
"Lettuce, greenhouse",conventional,1321,7.151787438165088
"Lettuce, greenhouse",conventional,1322,0.0031684769085543914
"Lettuce, greenhouse",conventional,1331,11.482708277789428
"Lettuce, greenhouse",conventional,1411,0.7561871265779594
"Lettuce, greenhouse",conventional,1412,3.059507966278236
"Lettuce, greenhouse",conventional,1421,0.944381376438244
"Lettuce, greenhouse",conventional,1511,1.4711590042542522
"Lettuce, greenhouse",conventional,1512,0.22001915939726446
"Lettuce, greenhouse",conventional,1521,0.4946174828809493
"Lettuce, greenhouse",conventional,1522,0.08035820053869724
"Lettuce, greenhouse",conventional,1611,0.3548374310358242
"Lettuce, greenhouse",conventional,1612,8.908421783973132
"Lettuce, greenhouse",conventional,1613,3.0812942919739363
"Lettuce, greenhouse",conventional,1614,5.422428657046581
"Lettuce, greenhouse",conventional,1615,53.19532061620657
"Lettuce, greenhouse",conventional,1616,5.500703057149913
"Lettuce, greenhouse",conventional,1617,0.5436144657901547
"Lettuce, greenhouse",conventional,1621,0.800060850671696
"Lettuce, greenhouse",conventional,1622,14.752490107723204
"Lettuce, greenhouse",conventional,1623,57.1184976338003
"Lettuce, greenhouse",conventional,1711,0.0
"Lettuce, greenhouse",conventional,1712,0.02237244071924191
"Lettuce, greenhouse",conventional,1713,0.0
"Lettuce, greenhouse",conventional,1721,0.0
"Lettuce, greenhouse",conventional,1722,0.22972997747987378
"Lettuce, greenhouse",conventional,1723,0.0
"Lettuce, greenhouse",conventional,1724,0.0
"Lettuce, greenhouse",conventional,1811,0.04004521251990051
"Lettuce, greenhouse",conventional,1812,0.0
"Lettuce, greenhouse",conventional,1813,0.0
"Lettuce, greenhouse",conventional,1821,0.0
"Lettuce, greenhouse",conventional,1911,0.0
"Lettuce, greenhouse",conventional,1912,0.0
"Lettuce, greenhouse",conventional,1921,0.0
"Lettuce, greenhouse",conventional,1922,0.0
"Lettuce, greenhouse",conventional,2011,0.0
"Lettuce, greenhouse",conventional,2012,0.0
"Lettuce, greenhouse",conventional,2019,0.0
"Lettuce, greenhouse",conventional,2111,0.0
"Lettuce, greenhouse",conventional,2121,0.0
"Lettuce, greenhouse",conventional,2122,0.0
"Lettuce, greenhouse",conventional,2211,0.0
"Lettuce, greenhouse",conventional,2212,0.0
"Lettuce, greenhouse",conventional,2221,0.0
"Lettuce, greenhouse",conventional,2311,0.0
"Lettuce, greenhouse",conventional,2312,0.0
"Lettuce, greenhouse",conventional,2319,0.0
"Lettuce, greenhouse",conventional,2331,0.0
"Lettuce, greenhouse",conventional,2411,0.0
"Lettuce, greenhouse",conventional,2412,0.0
"Lettuce, greenhouse",conventional,2413,0.0
"Lettuce, greenhouse",conventional,2414,0.0
"Lettuce, greenhouse",conventional,2415,0.0
"Lettuce, greenhouse",conventional,2419,0.0
"Lettuce, greenhouse",conventional,2511,0.0
"Lettuce, greenhouse",conventional,2512,0.0
"Lettuce, greenhouse",conventional,2519,0.0
"Lettuce, greenhouse",conventional,2521,0.0
"Lettuce, greenhouse",conventional,311,16.45315124153148
"Lettuce, greenhouse",conventional,312,0.46234259420775425
"Lettuce, greenhouse",conventional,321,669.3534544350188
"Lettuce, greenhouse",conventional,322,279.16920479749996
"Lettuce, greenhouse",conventional,411,0.0
"Lettuce, greenhouse",conventional,421,1275.5097619837866
"Lettuce, greenhouse",conventional,422,0.0
"Lettuce, greenhouse",conventional,431,61.90274226355604
"Lettuce, greenhouse",conventional,511,0.0
"Lettuce, greenhouse",conventional,512,0.0
"Lettuce, greenhouse",conventional,513,0.0
"Lettuce, greenhouse",conventional,514,0.0
"Lettuce, greenhouse",conventional,515,0.0
"Lettuce, greenhouse",conventional,521,0.0
"Lettuce, greenhouse",conventional,611,0.005852745857290252
"Lettuce, greenhouse",conventional,612,0.0
"Lettuce, greenhouse",conventional,621,0.0
"Lettuce, greenhouse",conventional,622,0.0
"Lettuce, greenhouse",conventional,711,0.0
"Lettuce, greenhouse",conventional,731,2.067226468137371
"Lettuce, greenhouse",conventional,811,0.0
"Lettuce, greenhouse",conventional,812,0.0
"Lettuce, greenhouse",conventional,813,0.0
"Lettuce, greenhouse",conventional,814,0.0
"Lettuce, greenhouse",conventional,821,0.0
"Lettuce, greenhouse",conventional,831,0.0
"Lettuce, greenhouse",conventional,911,0.0
"Lettuce, greenhouse",conventional,912,0.0
"Lettuce, greenhouse",conventional,913,0.0
"Lettuce, greenhouse",organic,1011,10.181158935204797
"Lettuce, greenhouse",organic,111,662.900879334662
"Lettuce, greenhouse",organic,1111,18036.22197306418
"Lettuce, greenhouse",organic,1112,408.46220341690093
"Lettuce, greenhouse",organic,112,1426.1880905867772
"Lettuce, greenhouse",organic,1121,4951.45072505068
"Lettuce, greenhouse",organic,1122,16.849524459312523
"Lettuce, greenhouse",organic,1123,1190.2257129824309
"Lettuce, greenhouse",organic,1124,96.85361146950025
"Lettuce, greenhouse",organic,1131,4.147863742292441
"Lettuce, greenhouse",organic,1211,13331.92345363137
"Lettuce, greenhouse",organic,1212,814.1405733966549
"Lettuce, greenhouse",organic,1213,117.42099285441905
"Lettuce, greenhouse",organic,1214,1382.7868734333615
"Lettuce, greenhouse",organic,1215,272.8206529189888
"Lettuce, greenhouse",organic,1216,2259.0389186994416
"Lettuce, greenhouse",organic,1221,18.041967974845296
"Lettuce, greenhouse",organic,1222,5724.672034582499
"Lettuce, greenhouse",organic,1311,0.0
"Lettuce, greenhouse",organic,1321,44.633456951306144
"Lettuce, greenhouse",organic,1322,0.019774088494925093
"Lettuce, greenhouse",organic,1331,71.66222011383148
"Lettuce, greenhouse",organic,1411,4.719274146926927
"Lettuce, greenhouse",organic,1412,19.09402625367929
"Lettuce, greenhouse",organic,1421,5.8937721339332985
"Lettuce, greenhouse",organic,1511,9.181328815017952
"Lettuce, greenhouse",organic,1512,1.3731134718875135
"Lettuce, greenhouse",organic,1521,3.086849031854665
"Lettuce, greenhouse",organic,1522,0.5015059962895917
"Lettuce, greenhouse",organic,1611,2.214498311056199
"Lettuce, greenhouse",organic,1612,55.59640350567481
"Lettuce, greenhouse",organic,1613,19.229992127731563
"Lettuce, greenhouse",organic,1614,33.84073396033597
"Lettuce, greenhouse",organic,1615,331.9856851539129
"Lettuce, greenhouse",organic,1616,34.32923520531951
"Lettuce, greenhouse",organic,1617,3.3926333894477914
"Lettuce, greenhouse",organic,1621,4.9930848540490755
"Lettuce, greenhouse",organic,1622,92.06854060480457
"Lettuce, greenhouse",organic,1623,356.4697674957185
"Lettuce, greenhouse",organic,1711,0.0
"Lettuce, greenhouse",organic,1712,0.13962374838060476
"Lettuce, greenhouse",organic,1713,0.0
"Lettuce, greenhouse",organic,1721,0.0
"Lettuce, greenhouse",organic,1722,1.4337175355009177
"Lettuce, greenhouse",organic,1723,0.0
"Lettuce, greenhouse",organic,1724,0.0
"Lettuce, greenhouse",organic,1811,0.24991742058422556
"Lettuce, greenhouse",organic,1812,0.0
"Lettuce, greenhouse",organic,1813,0.0
"Lettuce, greenhouse",organic,1821,0.0
"Lettuce, greenhouse",organic,1911,0.0
"Lettuce, greenhouse",organic,1912,0.0
"Lettuce, greenhouse",organic,1921,0.0
"Lettuce, greenhouse",organic,1922,0.0
"Lettuce, greenhouse",organic,2011,0.0
"Lettuce, greenhouse",organic,2012,0.0
"Lettuce, greenhouse",organic,2019,0.0
"Lettuce, greenhouse",organic,2111,0.0
"Lettuce, greenhouse",organic,2121,0.0
"Lettuce, greenhouse",organic,2122,0.0
"Lettuce, greenhouse",organic,2211,0.0
"Lettuce, greenhouse",organic,2212,0.0
"Lettuce, greenhouse",organic,2221,0.0
"Lettuce, greenhouse",organic,2311,0.0
"Lettuce, greenhouse",organic,2312,0.0
"Lettuce, greenhouse",organic,2319,0.0
"Lettuce, greenhouse",organic,2331,0.0
"Lettuce, greenhouse",organic,2411,0.0
"Lettuce, greenhouse",organic,2412,0.0
"Lettuce, greenhouse",organic,2413,0.0
"Lettuce, greenhouse",organic,2414,0.0
"Lettuce, greenhouse",organic,2415,0.0
"Lettuce, greenhouse",organic,2419,0.0
"Lettuce, greenhouse",organic,2511,0.0
"Lettuce, greenhouse",organic,2512,0.0
"Lettuce, greenhouse",organic,2519,0.0
"Lettuce, greenhouse",organic,2521,0.0
"Lettuce, greenhouse",organic,311,102.6821649834489
"Lettuce, greenhouse",organic,312,2.8854252805675547
"Lettuce, greenhouse",organic,321,4177.355500570995
"Lettuce, greenhouse",organic,322,1742.261887981458
"Lettuce, greenhouse",organic,411,0.0
"Lettuce, greenhouse",organic,421,7960.305104800561
"Lettuce, greenhouse",organic,422,0.0
"Lettuce, greenhouse",organic,431,386.3276706525138
"Lettuce, greenhouse",organic,511,0.0
"Lettuce, greenhouse",organic,512,0.0
"Lettuce, greenhouse",organic,513,0.0
"Lettuce, greenhouse",organic,514,0.0
"Lettuce, greenhouse",organic,515,0.0
"Lettuce, greenhouse",organic,521,0.0
"Lettuce, greenhouse",organic,611,0.03652629255649722
"Lettuce, greenhouse",organic,612,0.0
"Lettuce, greenhouse",organic,621,0.0
"Lettuce, greenhouse",organic,622,0.0
"Lettuce, greenhouse",organic,711,0.0
"Lettuce, greenhouse",organic,731,12.901315142817328
"Lettuce, greenhouse",organic,811,0.0
"Lettuce, greenhouse",organic,812,0.0
"Lettuce, greenhouse",organic,813,0.0
"Lettuce, greenhouse",organic,814,0.0
"Lettuce, greenhouse",organic,821,0.0
"Lettuce, greenhouse",organic,831,0.0
"Lettuce, greenhouse",organic,911,0.0
"Lettuce, greenhouse",organic,912,0.0
"Lettuce, greenhouse",organic,913,0.0
Ley for fodder,conventional,1011,7713.599080516447
Ley for fodder,conventional,111,6810.110432747611
Ley for fodder,conventional,1111,3749.414415391503
Ley for fodder,conventional,1112,5293.292818558601
Ley for fodder,conventional,112,7590.387980204064
Ley for fodder,conventional,1121,1690.4383861243098
Ley for fodder,conventional,1122,5753.39508084963
Ley for fodder,conventional,1123,2649.2590673299005
Ley for fodder,conventional,1124,5779.636402209401
Ley for fodder,conventional,1131,5603.773487568988
Ley for fodder,conventional,1211,1123.682165098428
Ley for fodder,conventional,1212,1791.955801406338
Ley for fodder,conventional,1213,4422.2436574278745
Ley for fodder,conventional,1214,867.7428622880075
Ley for fodder,conventional,1215,7062.356074460803
Ley for fodder,conventional,1216,1452.0355931945937
Ley for fodder,conventional,1221,7124.512370335887
Ley for fodder,conventional,1222,1915.5047433129375
Ley for fodder,conventional,1311,7340.890139356419
Ley for fodder,conventional,1321,6622.176567514606
Ley for fodder,conventional,1322,5134.2640698199575
Ley for fodder,conventional,1331,7767.755597959165
Ley for fodder,conventional,1411,5355.717013577201
Ley for fodder,conventional,1412,5367.786121405477
Ley for fodder,conventional,1421,4235.453064929574
Ley for fodder,conventional,1511,12233.54555639323
Ley for fodder,conventional,1512,3582.336262615719
Ley for fodder,conventional,1521,4883.422201998512
Ley for fodder,conventional,1522,5490.898060298515
Ley for fodder,conventional,1611,3194.0895153521096
Ley for fodder,conventional,1612,5198.315695083794
Ley for fodder,conventional,1613,6752.972123483918
Ley for fodder,conventional,1614,5153.651517513368
Ley for fodder,conventional,1615,3013.3132139798877
Ley for fodder,conventional,1616,5415.762917711817
Ley for fodder,conventional,1617,2618.712305545737
Ley for fodder,conventional,1621,6143.186348038091
Ley for fodder,conventional,1622,2046.5109011333252
Ley for fodder,conventional,1623,1784.4938804348224
Ley for fodder,conventional,1711,5049.682904910713
Ley for fodder,conventional,1712,8068.55171060774
Ley for fodder,conventional,1713,6321.697730055911
Ley for fodder,conventional,1721,4740.422154558495
Ley for fodder,conventional,1722,3926.797119438955
Ley for fodder,conventional,1723,2550.92143384168
Ley for fodder,conventional,1724,2932.1442303065
Ley for fodder,conventional,1811,3879.7926101015464
Ley for fodder,conventional,1812,4540.4214914266495
Ley for fodder,conventional,1813,4013.4006834531197
Ley for fodder,conventional,1821,3696.4573914092125
Ley for fodder,conventional,1911,4430.711441173948
Ley for fodder,conventional,1912,4558.689771942582
Ley for fodder,conventional,1921,3864.385143952264
Ley for fodder,conventional,1922,4364.693155288338
Ley for fodder,conventional,2011,9467.225926357598
Ley for fodder,conventional,2012,5662.915209949942
Ley for fodder,conventional,2019,32.19389718361925
Ley for fodder,conventional,2111,12968.120839323014
Ley for fodder,conventional,2121,7406.807751029936
Ley for fodder,conventional,2122,2595.9905538552885
Ley for fodder,conventional,2211,5862.365519437888
Ley for fodder,conventional,2212,8540.801800571753
Ley for fodder,conventional,2221,7720.555547362291
Ley for fodder,conventional,2311,10961.607581359302
Ley for fodder,conventional,2312,5161.315039236354
Ley for fodder,conventional,2319,1392.986757247919
Ley for fodder,conventional,2331,1510.3257824537695
Ley for fodder,conventional,2411,8606.254757503457
Ley for fodder,conventional,2412,4442.1256812483225
Ley for fodder,conventional,2413,7478.81956330309
Ley for fodder,conventional,2414,9144.38432079466
Ley for fodder,conventional,2415,1904.6266853945808
Ley for fodder,conventional,2419,200.90161112977103
Ley for fodder,conventional,2511,10503.741829711184
Ley for fodder,conventional,2512,6212.21080753303
Ley for fodder,conventional,2519,205.86380115040834
Ley for fodder,conventional,2521,1182.0062581147145
Ley for fodder,conventional,311,6605.18976526943
Ley for fodder,conventional,312,5293.560090158354
Ley for fodder,conventional,321,5124.258220425657
Ley for fodder,conventional,322,3964.647874234802
Ley for fodder,conventional,411,6326.819730902232
Ley for fodder,conventional,421,6838.892376651126
Ley for fodder,conventional,422,2281.6290109289075
Ley for fodder,conventional,431,8701.31195280189
Ley for fodder,conventional,511,4400.7798916019065
Ley for fodder,conventional,512,5771.149424453049
Ley for fodder,conventional,513,2024.5348760704649
Ley for fodder,conventional,514,6296.788979717867
Ley for fodder,conventional,515,8046.9443377682155
Ley for fodder,conventional,521,7314.467512121513
Ley for fodder,conventional,611,7114.7306181326885
Ley for fodder,conventional,612,8848.95347595407
Ley for fodder,conventional,621,9140.803325700179
Ley for fodder,conventional,622,14304.913986113723
Ley for fodder,conventional,711,7972.096833009595
Ley for fodder,conventional,731,5636.091064189189
Ley for fodder,conventional,811,9146.062370064166
Ley for fodder,conventional,812,11801.715212956537
Ley for fodder,conventional,813,4886.063884013612
Ley for fodder,conventional,814,7904.8648905967975
Ley for fodder,conventional,821,13670.713657260794
Ley for fodder,conventional,831,9206.666638593375
Ley for fodder,conventional,911,6674.128159299912
Ley for fodder,conventional,912,9928.183027238356
Ley for fodder,conventional,913,7570.902157481791
Ley for fodder,organic,1011,843.013191292522
Ley for fodder,organic,111,1832.614964036105
Ley for fodder,organic,1111,528.0879368960366
Ley for fodder,organic,1112,744.2939588420676
Ley for fodder,organic,112,1937.2682897876832
Ley for fodder,organic,1121,238.0905445164134
Ley for fodder,organic,1122,810.3394828593355
Ley for fodder,organic,1123,373.1360687754975
Ley for fodder,organic,1124,823.9221067566549
Ley for fodder,organic,1131,828.9259694775678
Ley for fodder,organic,1211,158.26551310459482
Ley for fodder,organic,1212,252.38880991359986
Ley for fodder,organic,1213,622.8528700151226
Ley for fodder,organic,1214,122.21762844374383
Ley for fodder,organic,1215,994.7006747713081
Ley for fodder,organic,1216,204.51259737040257
Ley for fodder,organic,1221,1003.455105841672
Ley for fodder,organic,1222,269.7901154532895
Ley for fodder,organic,1311,1056.9663244165115
Ley for fodder,organic,1321,952.9642020092134
Ley for fodder,organic,1322,1039.3237009419895
Ley for fodder,organic,1331,1482.0593341342437
Ley for fodder,organic,1411,2249.502772232164
Ley for fodder,organic,1412,2254.5720265354157
Ley for fodder,organic,1421,1778.9706564153498
Ley for fodder,organic,1511,4986.665047543186
Ley for fodder,organic,1512,1504.6492063327742
Ley for fodder,organic,1521,1847.8562667420886
Ley for fodder,organic,1522,2306.2813769608956
Ley for fodder,organic,1611,983.9630778813213
Ley for fodder,organic,1612,2179.476113790564
Ley for fodder,organic,1613,2836.3764317781433
Ley for fodder,organic,1614,2103.5294623391806
Ley for fodder,organic,1615,1265.6487285021967
Ley for fodder,organic,1616,2274.7231913599076
Ley for fodder,organic,1617,1105.948975276358
Ley for fodder,organic,1621,2580.254835200932
Ley for fodder,organic,1622,859.5734117079296
Ley for fodder,organic,1623,749.5212911535583
Ley for fodder,organic,1711,2136.411572085423
Ley for fodder,organic,1712,3419.8904293601418
Ley for fodder,organic,1713,2672.6148953265974
Ley for fodder,organic,1721,2001.5641331404029
Ley for fodder,organic,1722,1657.874637702865
Ley for fodder,organic,1723,1103.116450365126
Ley for fodder,organic,1724,1073.3616283930971
Ley for fodder,organic,1811,1702.355668514507
Ley for fodder,organic,1812,2002.2478392668315
Ley for fodder,organic,1813,1757.7632655628984
Ley for fodder,organic,1821,1546.0294433361687
Ley for fodder,organic,1911,1581.5304977885598
Ley for fodder,organic,1912,1610.3058623815657
Ley for fodder,organic,1921,1374.8089387673097
Ley for fodder,organic,1922,1584.6760158403022
Ley for fodder,organic,2011,3158.8724827759165
Ley for fodder,organic,2012,1895.6378184979899
Ley for fodder,organic,2019,10.690140130754532
Ley for fodder,organic,2111,4913.671061144495
Ley for fodder,organic,2121,2795.2022443052565
Ley for fodder,organic,2122,921.191124276287
Ley for fodder,organic,2211,1623.747155782409
Ley for fodder,organic,2212,2349.175884222532
Ley for fodder,organic,2221,2455.798475895992
Ley for fodder,organic,2311,4424.616907314956
Ley for fodder,organic,2312,2090.8669941738717
Ley for fodder,organic,2319,565.2496751721876
Ley for fodder,organic,2331,591.2747399650156
Ley for fodder,organic,2411,815.3825346434814
Ley for fodder,organic,2412,420.8603857587707
Ley for fodder,organic,2413,708.5659236790121
Ley for fodder,organic,2414,882.4845212384837
Ley for fodder,organic,2415,198.78500466318485
Ley for fodder,organic,2419,19.03402461496167
Ley for fodder,organic,2511,806.8439709684735
Ley for fodder,organic,2512,476.2452394213723
Ley for fodder,organic,2519,15.848233196971684
Ley for fodder,organic,2521,95.02560924162565
Ley for fodder,organic,311,2391.420289367261
Ley for fodder,organic,312,1915.7468357334867
Ley for fodder,organic,321,1737.4189960466258
Ley for fodder,organic,322,1266.3773974726694
Ley for fodder,organic,411,2482.919542847711
Ley for fodder,organic,421,2280.3514756923564
Ley for fodder,organic,422,876.7759856717581
Ley for fodder,organic,431,3216.0110709680393
Ley for fodder,organic,511,1903.4732942381718
Ley for fodder,organic,512,2663.1416449982703
Ley for fodder,organic,513,954.7588251447447
Ley for fodder,organic,514,2969.528912304377
Ley for fodder,organic,515,3794.891959008824
Ley for fodder,organic,521,3331.5976275038156
Ley for fodder,organic,611,1691.5654352748072
Ley for fodder,organic,612,2116.5130123063173
Ley for fodder,organic,621,1773.4805548676272
Ley for fodder,organic,622,3159.0376091690755
Ley for fodder,organic,711,1284.9891064850553
Ley for fodder,organic,731,789.7373277827505
Ley for fodder,organic,811,887.1090037667941
Ley for fodder,organic,812,1141.6892172097537
Ley for fodder,organic,813,472.67421305439814
Ley for fodder,organic,814,789.5886715937295
Ley for fodder,organic,821,1865.815752126578
Ley for fodder,organic,831,1135.1693260608272
Ley for fodder,organic,911,1502.1348513127045
Ley for fodder,organic,912,2234.5195326591343
Ley for fodder,organic,913,1703.970273748066
Ley for grazing,conventional,1011,1602.1766514141023
Ley for grazing,conventional,111,2017.0360843180833
Ley for grazing,conventional,1111,1797.3483350930237
Ley for grazing,conventional,1112,2525.6010376093272
Ley for grazing,conventional,112,2307.8199737449
Ley for grazing,conventional,1121,810.3416379916531
Ley for grazing,conventional,1122,2757.9920286346146
Ley for grazing,conventional,1123,1269.969346239444
Ley for grazing,conventional,1124,2682.39300154177
Ley for grazing,conventional,1131,2530.1406147776925
Ley for grazing,conventional,1211,538.6569860943201
Ley for grazing,conventional,1212,859.0058124800975
Ley for grazing,conventional,1213,2119.8809719260485
Ley for grazing,conventional,1214,415.9679395320597
Ley for grazing,conventional,1215,3385.4657090341425
Ley for grazing,conventional,1216,696.0590286341037
Ley for grazing,conventional,1221,3415.2614324537867
Ley for grazing,conventional,1222,918.2311902155549
Ley for grazing,conventional,1311,3492.729434727325
Ley for grazing,conventional,1321,3156.6135871306415
Ley for grazing,conventional,1322,2072.6477297714173
Ley for grazing,conventional,1331,3540.5869811216526
Ley for grazing,conventional,1411,2032.9046989862654
Ley for grazing,conventional,1412,2037.4858495501358
Ley for grazing,conventional,1421,1607.6787508009363
Ley for grazing,conventional,1511,4653.0742987592
Ley for grazing,conventional,1512,1359.7709145495398
Ley for grazing,conventional,1521,1891.475339985836
Ley for grazing,conventional,1522,2084.216257158024
Ley for grazing,conventional,1611,1133.357962209294
Ley for grazing,conventional,1612,1972.3675570795597
Ley for grazing,conventional,1613,2563.2700023454745
Ley for grazing,conventional,1614,1943.8704063038113
Ley for grazing,conventional,1615,1143.783096957466
Ley for grazing,conventional,1616,2055.6967173772105
Ley for grazing,conventional,1617,987.7241095964531
Ley for grazing,conventional,1621,2331.8096086883374
Ley for grazing,conventional,1622,776.8075902617113
Ley for grazing,conventional,1623,677.352068014729
Ley for grazing,conventional,1711,1492.933524840953
Ley for grazing,conventional,1712,2420.5982459779834
Ley for grazing,conventional,1713,1862.2110951918796
Ley for grazing,conventional,1721,1507.3953026339734
Ley for grazing,conventional,1722,1226.06461579437
Ley for grazing,conventional,1723,848.8107345731561
Ley for grazing,conventional,1724,932.9964033427862
Ley for grazing,conventional,1811,1393.867879442676
Ley for grazing,conventional,1812,1717.7745210409378
Ley for grazing,conventional,1813,1499.1900674283365
Ley for grazing,conventional,1821,1293.7128578624183
Ley for grazing,conventional,1911,1217.2589743959047
Ley for grazing,conventional,1912,1235.558075529822
Ley for grazing,conventional,1921,1052.411368763512
Ley for grazing,conventional,1922,1210.2030451538028
Ley for grazing,conventional,2011,3105.2078769712957
Ley for grazing,conventional,2012,1868.7023013037674
Ley for grazing,conventional,2019,10.680457973204305
Ley for grazing,conventional,2111,3048.5346633181416
Ley for grazing,conventional,2121,1765.6017188347366
Ley for grazing,conventional,2122,737.1596301266562
Ley for grazing,conventional,2211,1754.8244812776477
Ley for grazing,conventional,2212,2576.193832230463
Ley for grazing,conventional,2221,2121.3937496752133
Ley for grazing,conventional,2311,1713.9728528996125
Ley for grazing,conventional,2312,798.7069759726796
Ley for grazing,conventional,2319,214.5151470092467
Ley for grazing,conventional,2331,271.83798689382104
Ley for grazing,conventional,2411,1280.8629971845326
Ley for grazing,conventional,2412,661.1185206890881
Ley for grazing,conventional,2413,1113.0675899296216
Ley for grazing,conventional,2414,1378.9681593770822
Ley for grazing,conventional,2415,286.15894854477176
Ley for grazing,conventional,2419,29.900049094703622
Ley for grazing,conventional,2511,1531.5486789444772
Ley for grazing,conventional,2512,905.8273051440611
Ley for grazing,conventional,2519,30.017797179028907
Ley for grazing,conventional,2521,172.7916946353223
Ley for grazing,conventional,311,1836.2012415838112
Ley for grazing,conventional,312,1472.0485859542443
Ley for grazing,conventional,321,1454.5624435307645
Ley for grazing,conventional,322,1160.4479404838976
Ley for grazing,conventional,411,2001.2966260272426
Ley for grazing,conventional,421,2159.422057298521
Ley for grazing,conventional,422,698.9679554258564
Ley for grazing,conventional,431,2715.1308967998343
Ley for grazing,conventional,511,1080.8009004162432
Ley for grazing,conventional,512,1425.9319626144752
Ley for grazing,conventional,513,502.7366306382128
Ley for grazing,conventional,514,1563.6314853945773
Ley for grazing,conventional,515,1998.233634361966
Ley for grazing,conventional,521,1911.7182033083102
Ley for grazing,conventional,611,2427.5294073028103
Ley for grazing,conventional,612,3001.991180468855
Ley for grazing,conventional,621,3441.125939670277
Ley for grazing,conventional,622,4966.720783978231
Ley for grazing,conventional,711,3222.9708976899383
Ley for grazing,conventional,731,2024.146330138048
Ley for grazing,conventional,811,1874.299633873716
Ley for grazing,conventional,812,2418.824222728969
Ley for grazing,conventional,813,1001.4247474365689
Ley for grazing,conventional,814,1623.1312321987502
Ley for grazing,conventional,821,2872.267222710841
Ley for grazing,conventional,831,2491.2878997679613
Ley for grazing,conventional,911,1175.0240651171496
Ley for grazing,conventional,912,1747.921781159863
Ley for grazing,conventional,913,1332.907013074439
Ley for grazing,organic,1011,239.45443034369873
Ley for grazing,organic,111,609.316320589015
Ley for grazing,organic,1111,268.25737061943624
Ley for grazing,organic,1112,376.74946692338403
Ley for grazing,organic,112,656.771457371542
Ley for grazing,organic,1121,120.94490136762334
Ley for grazing,organic,1122,411.6351156564177
Ley for grazing,organic,1123,189.54513765515864
Ley for grazing,organic,1124,436.2020532591238
Ley for grazing,organic,1131,398.9464809095257
Ley for grazing,organic,1211,80.39549370265712
Ley for grazing,organic,1212,128.20811419996497
Ley for grazing,organic,1213,316.395928630954
Ley for grazing,organic,1214,62.083939736188995
Ley for grazing,organic,1215,505.28665573374263
Ley for grazing,organic,1216,103.88802280089988
Ley for grazing,organic,1221,509.7337193686522
Ley for grazing,organic,1222,137.04760501821784
Ley for grazing,organic,1311,613.4348304081816
Ley for grazing,organic,1321,551.6991005681257
Ley for grazing,organic,1322,478.1507770105432
Ley for grazing,organic,1331,830.3370992728726
Ley for grazing,organic,1411,1090.9698696752655
Ley for grazing,organic,1412,1093.4283701825057
Ley for grazing,organic,1421,862.7699459377561
Ley for grazing,organic,1511,2413.006006183444
Ley for grazing,organic,1512,729.7287955377733
Ley for grazing,organic,1521,909.3364791355813
Ley for grazing,organic,1522,1118.5065092232944
Ley for grazing,organic,1611,408.19661997829576
Ley for grazing,organic,1612,1055.9395094664847
Ley for grazing,organic,1613,1375.5934263892668
Ley for grazing,organic,1614,1004.0636202714464
Ley for grazing,organic,1615,613.8177047092794
Ley for grazing,organic,1616,1103.2013359835507
Ley for grazing,organic,1617,518.9852806794032
Ley for grazing,organic,1621,1251.3788896089482
Ley for grazing,organic,1622,416.8782117199986
Ley for grazing,organic,1623,363.5048400128141
Ley for grazing,organic,1711,998.7127663132856
Ley for grazing,organic,1712,1574.1656756765346
Ley for grazing,organic,1713,1255.4184369941
Ley for grazing,organic,1721,949.5397402351085
Ley for grazing,organic,1722,773.0812936134776
Ley for grazing,organic,1723,439.5377096794642
Ley for grazing,organic,1724,457.6877936487497
Ley for grazing,organic,1811,553.1695274218825
Ley for grazing,organic,1812,662.7592804391459
Ley for grazing,organic,1813,590.3233349857841
Ley for grazing,organic,1821,540.405161083329
Ley for grazing,organic,1911,631.9512559272451
Ley for grazing,organic,1912,650.7809711354779
Ley for grazing,organic,1921,524.6182092837508
Ley for grazing,organic,1922,518.1237127186455
Ley for grazing,organic,2011,1252.2822209135538
Ley for grazing,organic,2012,748.9009704973355
Ley for grazing,organic,2019,4.234758814062568
Ley for grazing,organic,2111,1437.4788449409616
Ley for grazing,organic,2121,824.9235432583284
Ley for grazing,organic,2122,315.0880782695947
Ley for grazing,organic,2211,367.6221047197682
Ley for grazing,organic,2212,531.6909965752519
Ley for grazing,organic,2221,616.9611519957616
Ley for grazing,organic,2311,1033.0314473213211
Ley for grazing,organic,2312,488.26136472034267
Ley for grazing,organic,2319,132.00950558765047
Ley for grazing,organic,2331,144.64123876650194
Ley for grazing,organic,2411,233.14663346852927
Ley for grazing,organic,2412,120.33883230381792
Ley for grazing,organic,2413,202.60399588827661
Ley for grazing,organic,2414,251.36663344618697
Ley for grazing,organic,2415,56.132831230400654
Ley for grazing,organic,2419,5.442499160563677
Ley for grazing,organic,2511,60.13638983682034
Ley for grazing,organic,2512,34.49429583112282
Ley for grazing,organic,2519,1.2182751600945416
Ley for grazing,organic,2521,11.645129173738853
Ley for grazing,organic,311,776.431295254382
Ley for grazing,organic,312,622.1353364498086
Ley for grazing,organic,321,576.6220160831859
Ley for grazing,organic,322,423.9989717113109
Ley for grazing,organic,411,684.5185422187801
Ley for grazing,organic,421,701.8345740385183
Ley for grazing,organic,422,264.0927266139178
Ley for grazing,organic,431,952.6856913715261
Ley for grazing,organic,511,593.169904474589
Ley for grazing,organic,512,819.749248149781
Ley for grazing,organic,513,292.79995648890844
Ley for grazing,organic,514,910.6780826911565
Ley for grazing,organic,515,1163.795684537861
Ley for grazing,organic,521,1001.9335850913684
Ley for grazing,organic,611,638.3698534348725
Ley for grazing,organic,612,794.0700369177467
Ley for grazing,organic,621,669.7907364063246
Ley for grazing,organic,622,1187.1590958101904
Ley for grazing,organic,711,485.68050841541225
Ley for grazing,organic,731,298.3211853823603
Ley for grazing,organic,811,335.68989886255173
Ley for grazing,organic,812,434.3666412223856
Ley for grazing,organic,813,179.83344961306787
Ley for grazing,organic,814,299.4112540575765
Ley for grazing,organic,821,686.8581857593373
Ley for grazing,organic,831,386.47719963602043
Ley for grazing,organic,911,374.8536934087523
Ley for grazing,organic,912,557.6183117509637
Ley for grazing,organic,913,425.2211777224893
Ley for seed,conventional,1011,23.77197661382268
Ley for seed,conventional,111,28.165556732246873
Ley for seed,conventional,1111,0.0
Ley for seed,conventional,1112,84.74811233126215
Ley for seed,conventional,112,25.175347786195275
Ley for seed,conventional,1121,570.7930275993826
Ley for seed,conventional,1122,105.62266786400829
Ley for seed,conventional,1123,396.3320965031046
Ley for seed,conventional,1124,15.549193138716415
Ley for seed,conventional,1131,34.30842164653417
Ley for seed,conventional,1211,560.5024747156971
Ley for seed,conventional,1212,865.173038651767
Ley for seed,conventional,1213,377.9250512041178
Ley for seed,conventional,1214,431.64093398963433
Ley for seed,conventional,1215,969.884172729031
Ley for seed,conventional,1216,754.9438073214153
Ley for seed,conventional,1221,18.43323879860582
Ley for seed,conventional,1222,80.5554887285416
Ley for seed,conventional,1311,69.77962419674941
Ley for seed,conventional,1321,243.84125416234903
Ley for seed,conventional,1322,0.0
Ley for seed,conventional,1331,124.08858361889943
Ley for seed,conventional,1411,9.556642729543523
Ley for seed,conventional,1412,64.33532439296204
Ley for seed,conventional,1421,257.74693226977024
Ley for seed,conventional,1511,39.437341557027686
Ley for seed,conventional,1512,1124.5702842853614
Ley for seed,conventional,1521,44.49096508949165
Ley for seed,conventional,1522,41.91743134363591
Ley for seed,conventional,1611,0.0
Ley for seed,conventional,1612,22.82604628162416
Ley for seed,conventional,1613,11.552974587576514
Ley for seed,conventional,1614,15.689564641892774
Ley for seed,conventional,1615,57.40077080288765
Ley for seed,conventional,1616,222.1064556031951
Ley for seed,conventional,1617,50.83252961345306
Ley for seed,conventional,1621,182.62283244709178
Ley for seed,conventional,1622,366.7505280909116
Ley for seed,conventional,1623,388.51774432104526
Ley for seed,conventional,1711,21.353560934997784
Ley for seed,conventional,1712,57.48840646658681
Ley for seed,conventional,1713,35.100070758151816
Ley for seed,conventional,1721,0.0
Ley for seed,conventional,1722,95.44773400379077
Ley for seed,conventional,1723,20.39482754201311
Ley for seed,conventional,1724,0.0
Ley for seed,conventional,1811,124.81972295830576
Ley for seed,conventional,1812,260.29724367942845
Ley for seed,conventional,1813,37.518435059641035
Ley for seed,conventional,1821,273.9027031348467
Ley for seed,conventional,1911,367.84313110862183
Ley for seed,conventional,1912,84.90435168505275
Ley for seed,conventional,1921,298.5726617491975
Ley for seed,conventional,1922,124.611313490145
Ley for seed,conventional,2011,84.06057370983368
Ley for seed,conventional,2012,14.863678527537367
Ley for seed,conventional,2019,0.0
Ley for seed,conventional,2111,6.386613504023553
Ley for seed,conventional,2121,40.090607500129046
Ley for seed,conventional,2122,9.4437445574592
Ley for seed,conventional,2211,0.0
Ley for seed,conventional,2212,13.28475504550851
Ley for seed,conventional,2221,2.5567942809262476
Ley for seed,conventional,2311,0.0
Ley for seed,conventional,2312,0.0
Ley for seed,conventional,2319,0.0
Ley for seed,conventional,2331,0.0
Ley for seed,conventional,2411,2.1904130726923787
Ley for seed,conventional,2412,0.0
Ley for seed,conventional,2413,0.0
Ley for seed,conventional,2414,0.0
Ley for seed,conventional,2415,0.0
Ley for seed,conventional,2419,0.0
Ley for seed,conventional,2511,36.513387533426375
Ley for seed,conventional,2512,14.762001127358335
Ley for seed,conventional,2519,0.0
Ley for seed,conventional,2521,0.0
Ley for seed,conventional,311,134.44587407892342
Ley for seed,conventional,312,30.701554188390894
Ley for seed,conventional,321,407.02606165051805
Ley for seed,conventional,322,12.030231837243361
Ley for seed,conventional,411,120.32738688086788
Ley for seed,conventional,421,565.9888599793098
Ley for seed,conventional,422,231.66763998455178
Ley for seed,conventional,431,42.3952400810981
Ley for seed,conventional,511,0.0
Ley for seed,conventional,512,0.0
Ley for seed,conventional,513,439.7398737251905
Ley for seed,conventional,514,431.04047090352867
Ley for seed,conventional,515,267.09029001932606
Ley for seed,conventional,521,75.02358687580559
Ley for seed,conventional,611,10.627006600909825
Ley for seed,conventional,612,6.532156511011673
Ley for seed,conventional,621,9.165174531758352
Ley for seed,conventional,622,13.333972824184839
Ley for seed,conventional,711,16.830883326637668
Ley for seed,conventional,731,10.799233561359687
Ley for seed,conventional,811,229.78436591155184
Ley for seed,conventional,812,0.0
Ley for seed,conventional,813,16.803547976537423
Ley for seed,conventional,814,0.0
Ley for seed,conventional,821,11.214225768155629
Ley for seed,conventional,831,18.863632372083888
Ley for seed,conventional,911,18.019194767376746
Ley for seed,conventional,912,53.59003651188316
Ley for seed,conventional,913,5.892072844566898
Ley for seed,organic,1011,2.8180233861773156
Ley for seed,organic,111,7.226443267753128
Ley for seed,organic,1111,0.0
Ley for seed,organic,1112,12.299887668737867
Ley for seed,organic,112,6.1386522138047255
Ley for seed,organic,1121,82.94897240061734
Ley for seed,organic,1122,15.349332135991691
Ley for seed,organic,1123,57.59590349689546
Ley for seed,organic,1124,2.354806861283585
Ley for seed,organic,1131,5.225578353465838
Ley for seed,organic,1211,81.45352528430286
Ley for seed,organic,1212,125.72896134823299
Ley for seed,organic,1213,54.92094879588219
Ley for seed,organic,1214,62.72706601036554
Ley for seed,organic,1215,140.9458272709689
Ley for seed,organic,1216,109.71019267858482
Ley for seed,organic,1221,2.6787612013941793
Ley for seed,organic,1222,11.706511271458401
Ley for seed,organic,1311,10.992375803250594
Ley for seed,organic,1321,38.322745837650956
Ley for seed,organic,1322,0.0
Ley for seed,organic,1331,25.75541638110057
Ley for seed,organic,1411,4.249357270456479
Ley for seed,organic,1412,28.606675607037964
Ley for seed,organic,1421,114.60706773022974
Ley for seed,organic,1511,17.022658442972315
Ley for seed,organic,1512,500.03971571463853
Ley for seed,organic,1521,17.909034910508343
Ley for seed,organic,1522,18.638568656364082
Ley for seed,organic,1611,0.0
Ley for seed,organic,1612,10.129953718375843
Ley for seed,organic,1613,5.137025412423486
Ley for seed,organic,1614,6.764435358107226
Ley for seed,organic,1615,25.523229197112347
Ley for seed,organic,1616,98.7595443968049
Ley for seed,organic,1617,22.52747038654694
Ley for seed,organic,1621,81.20316755290824
Ley for seed,organic,1622,163.0754719090884
Ley for seed,organic,1623,172.75425567895476
Ley for seed,organic,1711,9.928439065002216
Ley for seed,organic,1712,26.5915935334132
Ley for seed,organic,1713,16.341929241848177
Ley for seed,organic,1721,0.0
Ley for seed,organic,1722,43.85626599620922
Ley for seed,organic,1723,9.065172457986892
Ley for seed,organic,1724,0.0
Ley for seed,organic,1811,52.88427704169425
Ley for seed,organic,1812,109.73675632057157
Ley for seed,organic,1813,15.73956494035896
Ley for seed,organic,1821,108.95929686515323
Ley for seed,organic,1911,123.15486889137814
Ley for seed,organic,1912,28.12764831494724
Ley for seed,organic,1921,99.65333825080253
Ley for seed,organic,1922,42.56268650985499
Ley for seed,organic,2011,31.58742629016633
Ley for seed,organic,2012,5.614321472462634
Ley for seed,organic,2019,0.0
Ley for seed,organic,2111,2.4773864959764476
Ley for seed,organic,2121,15.389392499870953
Ley for seed,organic,2122,3.616255442540799
Ley for seed,organic,2211,0.0
Ley for seed,organic,2212,3.1472449544914918
Ley for seed,organic,2221,0.7492057190737522
Ley for seed,organic,2311,0.0
Ley for seed,organic,2312,0.0
Ley for seed,organic,2319,0.0
Ley for seed,organic,2331,0.0
Ley for seed,organic,2411,0.2895869273076213
Ley for seed,organic,2412,0.0
Ley for seed,organic,2413,0.0
Ley for seed,organic,2414,0.0
Ley for seed,organic,2415,0.0
Ley for seed,organic,2419,0.0
Ley for seed,organic,2511,4.460612466573631
Ley for seed,organic,2512,1.8019988726416658
Ley for seed,organic,2519,0.0
Ley for seed,organic,2521,0.0
Ley for seed,organic,311,45.80812592107656
Ley for seed,organic,312,10.4564458116091
Ley for seed,organic,321,130.25593834948194
Ley for seed,organic,322,3.637768162756639
Ley for seed,organic,411,45.330613119132124
Ley for seed,organic,421,180.81114002069015
Ley for seed,organic,422,85.04236001544822
Ley for seed,organic,431,15.0027599189019
Ley for seed,organic,511,0.0
Ley for seed,organic,512,0.0
Ley for seed,organic,513,216.68012627480945
Ley for seed,organic,514,212.3935290964714
Ley for seed,organic,515,131.60770998067395
Ley for seed,organic,521,35.120413124194414
Ley for seed,organic,611,2.5969933990901763
Ley for seed,organic,612,1.6058434889883269
Ley for seed,organic,621,1.7728254682416476
Ley for seed,organic,622,3.016027175815162
Ley for seed,organic,711,2.641116673362328
Ley for seed,organic,731,1.5427664386403126
Ley for seed,organic,811,30.007634088448167
Ley for seed,organic,812,0.0
Ley for seed,organic,813,2.198452023462574
Ley for seed,organic,814,0.0
Ley for seed,organic,821,1.9937742318443703
Ley for seed,organic,831,2.5983676279161108
Ley for seed,organic,911,4.256805232623256
Ley for seed,organic,912,12.659963488116837
Ley for seed,organic,913,1.3919271554331027
Ley not harvested,conventional,1011,182.0524473616407
Ley not harvested,conventional,111,785.2298914614322
Ley not harvested,conventional,1111,180.51055186134153
Ley not harvested,conventional,1112,253.73934507779262
Ley not harvested,conventional,112,847.7084369477811
Ley not harvested,conventional,1121,81.38389950021907
Ley not harvested,conventional,1122,276.9895258462787
Ley not harvested,conventional,1123,127.5450412481142
Ley not harvested,conventional,1124,213.45462241296505
Ley not harvested,conventional,1131,170.2860132877481
Ley not harvested,conventional,1211,54.098177813050505
Ley not harvested,conventional,1212,86.2713199413608
Ley not harvested,conventional,1213,212.9030175460802
Ley not harvested,conventional,1214,41.77632173769535
Ley not harvested,conventional,1215,340.00770552569156
Ley not harvested,conventional,1216,69.90631528323553
Ley not harvested,conventional,1221,343.00013741692516
Ley not harvested,conventional,1222,92.21941882152058
Ley not harvested,conventional,1311,195.8270295935052
Ley not harvested,conventional,1321,180.9416660643312
Ley not harvested,conventional,1322,71.83056657186701
Ley not harvested,conventional,1331,273.9757092758391
Ley not harvested,conventional,1411,406.1446299272706
Ley not harvested,conventional,1412,407.05987681579023
Ley not harvested,conventional,1421,321.19070392802223
Ley not harvested,conventional,1511,891.367704462767
Ley not harvested,conventional,1512,271.6623436164923
Ley not harvested,conventional,1521,334.13979858408476
Ley not harvested,conventional,1522,416.3959288765292
Ley not harvested,conventional,1611,109.6272265350403
Ley not harvested,conventional,1612,392.7364643858423
Ley not harvested,conventional,1613,512.1038615461971
Ley not harvested,conventional,1614,367.89351586557643
Ley not harvested,conventional,1615,228.51113623895253
Ley not harvested,conventional,1616,410.6981418943104
Ley not harvested,conventional,1617,201.49517558236911
Ley not harvested,conventional,1621,465.8614597397693
Ley not harvested,conventional,1622,155.19479660254802
Ley not harvested,conventional,1623,135.3250376820405
Ley not harvested,conventional,1711,463.6724477651186
Ley not harvested,conventional,1712,731.975726945812
Ley not harvested,conventional,1713,581.6395827307076
Ley not harvested,conventional,1721,416.50293680984896
Ley not harvested,conventional,1722,341.80169717228773
Ley not harvested,conventional,1723,218.8668377196803
Ley not harvested,conventional,1724,299.0084728613899
Ley not harvested,conventional,1811,294.9719960441098
Ley not harvested,conventional,1812,358.80030186669944
Ley not harvested,conventional,1813,337.2629605043746
Ley not harvested,conventional,1821,436.79220483767165
Ley not harvested,conventional,1911,978.0725812752706
Ley not harvested,conventional,1912,1036.942420759817
Ley not harvested,conventional,1921,788.3835845785691
Ley not harvested,conventional,1922,635.4900354035643
Ley not harvested,conventional,2011,1131.5621594512
Ley not harvested,conventional,2012,656.9933369656521
Ley not harvested,conventional,2019,3.6183697004700885
Ley not harvested,conventional,2111,386.6595042898032
Ley not harvested,conventional,2121,288.6602858244886
Ley not harvested,conventional,2122,184.43207095339295
Ley not harvested,conventional,2211,1028.1974697799549
Ley not harvested,conventional,2212,1510.5779738459835
Ley not harvested,conventional,2221,890.2001108104209
Ley not harvested,conventional,2311,976.9033599573045
Ley not harvested,conventional,2312,455.4452031783113
Ley not harvested,conventional,2319,122.3509149829966
Ley not harvested,conventional,2331,124.25521484329231
Ley not harvested,conventional,2411,1141.3170671381858
Ley not harvested,conventional,2412,589.0917707219076
Ley not harvested,conventional,2413,991.8024332480774
Ley not harvested,conventional,2414,1213.6599674874958
Ley not harvested,conventional,2415,243.26140013890995
Ley not harvested,conventional,2419,26.642534303095722
Ley not harvested,conventional,2511,604.190991581203
Ley not harvested,conventional,2512,353.3650029434538
Ley not harvested,conventional,2519,11.987960623205323
Ley not harvested,conventional,2521,85.76273858962313
Ley not harvested,conventional,311,940.7342704220306
Ley not harvested,conventional,312,753.7314155209483
Ley not harvested,conventional,321,716.2564654843011
Ley not harvested,conventional,322,517.9981605245134
Ley not harvested,conventional,411,743.0380275617024
Ley not harvested,conventional,421,805.2325711965804
Ley not harvested,conventional,422,320.1947318434944
Ley not harvested,conventional,431,1103.3860681807657
Ley not harvested,conventional,511,47.07209399342072
Ley not harvested,conventional,512,75.58577862344056
Ley not harvested,conventional,513,28.59776843264187
Ley not harvested,conventional,514,88.9459180178209
Ley not harvested,conventional,515,113.6679113221878
Ley not harvested,conventional,521,240.03169749622754
Ley not harvested,conventional,611,62.19934942909542
Ley not harvested,conventional,612,72.47722439648842
Ley not harvested,conventional,621,91.92846981164641
Ley not harvested,conventional,622,121.08326669089388
Ley not harvested,conventional,711,88.77065439999998
Ley not harvested,conventional,731,141.87897925727492
Ley not harvested,conventional,811,134.9617199712999
Ley not harvested,conventional,812,171.75865459867453
Ley not harvested,conventional,813,71.11032115738645
Ley not harvested,conventional,814,109.9704897986679
Ley not harvested,conventional,821,108.34949830201911
Ley not harvested,conventional,831,138.75767898879363
Ley not harvested,conventional,911,96.20123086148311
Ley not harvested,conventional,912,143.10534719168498
Ley not harvested,conventional,913,109.12737797321607
Ley not harvested,organic,1011,43.44219907158772
Ley not harvested,organic,111,24.318306847752407
Ley not harvested,organic,1111,35.95539013865847
Ley not harvested,organic,1112,50.575372988828235
Ley not harvested,organic,112,26.199861944029713
Ley not harvested,organic,1121,16.210630499780923
Ley not harvested,organic,1122,55.172766153721284
Ley not harvested,organic,1123,25.40533875188581
Ley not harvested,organic,1124,53.71181382008692
Ley not harvested,organic,1131,36.9554339784779
Ley not harvested,organic,1211,10.775664186949498
Ley not harvested,organic,1212,17.18414205863921
Ley not harvested,organic,1213,42.407554453919836
Ley not harvested,organic,1214,8.32130826230466
Ley not harvested,organic,1215,67.7251804743083
Ley not harvested,organic,1216,13.92444271676449
Ley not harvested,organic,1221,68.32123458307484
Ley not harvested,organic,1222,18.368927178479424
Ley not harvested,organic,1311,67.0662414980582
Ley not harvested,organic,1321,60.63487671308233
Ley not harvested,organic,1322,27.725155884226563
Ley not harvested,organic,1331,91.5912782362273
Ley not harvested,organic,1411,125.46701560183537
Ley not harvested,organic,1412,125.74975551067519
Ley not harvested,organic,1421,99.2228779883611
Ley not harvested,organic,1511,273.98538665816614
Ley not harvested,organic,1512,83.92247734770056
Ley not harvested,organic,1521,104.4219135538984
Ley not harvested,organic,1522,128.63386748274294
Ley not harvested,organic,1611,27.309598043938966
Ley not harvested,organic,1612,121.14866019375523
Ley not harvested,organic,1613,158.20015445700375
Ley not harvested,organic,1614,111.06347770661712
Ley not harvested,organic,1615,70.59211961221772
Ley not harvested,organic,1616,126.87369567320314
Ley not harvested,organic,1617,62.62815331968022
Ley not harvested,organic,1621,143.9148587239237
Ley not harvested,organic,1622,47.94308857448745
Ley not harvested,organic,1623,41.804882702036394
Ley not harvested,organic,1711,122.48278408450773
Ley not harvested,organic,1712,196.34021143178663
Ley not harvested,organic,1713,153.0402597008064
Ley not harvested,organic,1721,113.86773262217041
Ley not harvested,organic,1722,93.72863627804433
Ley not harvested,organic,1723,65.75483382089324
Ley not harvested,organic,1724,183.22747144747765
Ley not harvested,organic,1811,103.82231847527892
Ley not harvested,organic,1812,124.60256595973516
Ley not harvested,organic,1813,106.01768806548444
Ley not harvested,organic,1821,72.42694147120034
Ley not harvested,organic,1911,4.935249439072335
Ley not harvested,organic,1912,1.9928982507328592
Ley not harvested,organic,1921,4.766754654594191
Ley not harvested,organic,1922,18.44203559534756
Ley not harvested,organic,2011,738.393333530435
Ley not harvested,organic,2012,448.4703627853118
Ley not harvested,organic,2019,2.6783761978892553
Ley not harvested,organic,2111,11.74508698358149
Ley not harvested,organic,2121,11.650456747255323
Ley not harvested,organic,2122,110.69454251878143
Ley not harvested,organic,2211,75.34926900233353
Ley not harvested,organic,2212,110.68751255401664
Ley not harvested,organic,2221,72.03296426031929
Ley not harvested,organic,2311,3.3058511475024
Ley not harvested,organic,2312,0.4964227184395145
Ley not harvested,organic,2319,0.0
Ley not harvested,organic,2331,2.381037077600091
Ley not harvested,organic,2411,409.50201006181385
Ley not harvested,organic,2412,211.36480927809225
Ley not harvested,organic,2413,355.85649395192235
Ley not harvested,organic,2414,434.8183976560911
Ley not harvested,organic,2415,92.62113002815194
Ley not harvested,organic,2419,9.55928169690427
Ley not harvested,organic,2511,677.1061389578441
Ley not harvested,organic,2512,401.29534912696045
Ley not harvested,organic,2519,13.23993269029128
Ley not harvested,organic,2521,72.42257024497513
Ley not harvested,organic,311,28.80713810308546
Ley not harvested,organic,312,23.08173618315803
Ley not harvested,organic,321,20.51985842946319
Ley not harvested,organic,322,16.013655572805266
Ley not harvested,organic,411,249.91353044233023
Ley not harvested,organic,421,149.66094512289513
Ley not harvested,organic,422,70.81158951606602
Ley not harvested,organic,431,261.8003198779458
Ley not harvested,organic,511,46.773915275668415
Ley not harvested,organic,512,42.27994116098483
Ley not harvested,organic,513,11.835943225026586
Ley not harvested,organic,514,36.81262187420066
Ley not harvested,organic,515,47.04447300094756
Ley not harvested,organic,521,97.84137447876617
Ley not harvested,organic,611,17.171336425724142
Ley not harvested,organic,612,20.63106995652155
Ley not harvested,organic,621,8.240973543947124
Ley not harvested,organic,622,40.265258237882726
Ley not harvested,organic,711,0.0
Ley not harvested,organic,731,26.543113250378845
Ley not harvested,organic,811,233.97937346146972
Ley not harvested,organic,812,306.9260512836783
Ley not harvested,organic,813,127.07138472496649
Ley not harvested,organic,814,208.57146175447926
Ley not harvested,organic,821,407.7616838404276
Ley not harvested,organic,831,108.79925695302047
Ley not harvested,organic,911,0.0
Ley not harvested,organic,912,0.0
Ley not harvested,organic,913,0.0
Maize (corn),conventional,1011,50.03930794137716
Maize (corn),conventional,111,0.0
Maize (corn),conventional,1111,159.23749623261295
Maize (corn),conventional,1112,90.07404885928786
Maize (corn),conventional,112,2.0231255806821924
Maize (corn),conventional,1121,89.13385711748522
Maize (corn),conventional,1122,236.3097362404715
Maize (corn),conventional,1123,39.82634363379174
Maize (corn),conventional,1124,38.27784666598058
Maize (corn),conventional,1131,6.412170650355694
Maize (corn),conventional,1211,50.77154129351668
Maize (corn),conventional,1212,49.23963518113948
Maize (corn),conventional,1213,55.30831268369351
Maize (corn),conventional,1214,50.307825310805505
Maize (corn),conventional,1215,122.15200700510803
Maize (corn),conventional,1216,51.11021829783889
Maize (corn),conventional,1221,58.44822005815322
Maize (corn),conventional,1222,68.96542715756382
Maize (corn),conventional,1311,50.09800977910063
Maize (corn),conventional,1321,60.43512379791133
Maize (corn),conventional,1322,1.1484226359743346
Maize (corn),conventional,1331,4.435294240298847
Maize (corn),conventional,1411,3.0005760000000024
Maize (corn),conventional,1412,0.0
Maize (corn),conventional,1421,0.0
Maize (corn),conventional,1511,6.416299178977697
Maize (corn),conventional,1512,0.0
Maize (corn),conventional,1521,6.665240416935191
Maize (corn),conventional,1522,0.0
Maize (corn),conventional,1611,0.0
Maize (corn),conventional,1612,6.893868130395446
Maize (corn),conventional,1613,2.912563199999994
Maize (corn),conventional,1614,8.985200511588248
Maize (corn),conventional,1615,0.0
Maize (corn),conventional,1616,0.0
Maize (corn),conventional,1617,3.2557058640601566
Maize (corn),conventional,1621,6.790963199999993
Maize (corn),conventional,1622,3.8567423999999946
Maize (corn),conventional,1623,0.0
Maize (corn),conventional,1711,2.5730176865964154
Maize (corn),conventional,1712,0.0
Maize (corn),conventional,1713,0.0
Maize (corn),conventional,1721,0.0
Maize (corn),conventional,1722,0.0
Maize (corn),conventional,1723,0.0
Maize (corn),conventional,1724,0.0
Maize (corn),conventional,1811,0.0
Maize (corn),conventional,1812,2.8631535629464278
Maize (corn),conventional,1813,0.0
Maize (corn),conventional,1821,0.0
Maize (corn),conventional,1911,0.0
Maize (corn),conventional,1912,0.0
Maize (corn),conventional,1921,3.81166836439635
Maize (corn),conventional,1922,0.0
Maize (corn),conventional,2011,0.0
Maize (corn),conventional,2012,0.0
Maize (corn),conventional,2019,0.0
Maize (corn),conventional,2111,0.0
Maize (corn),conventional,2121,0.0
Maize (corn),conventional,2122,0.0
Maize (corn),conventional,2211,0.0
Maize (corn),conventional,2212,0.0
Maize (corn),conventional,2221,0.0
Maize (corn),conventional,2311,0.0
Maize (corn),conventional,2312,0.0
Maize (corn),conventional,2319,0.0
Maize (corn),conventional,2331,0.0
Maize (corn),conventional,2411,0.0
Maize (corn),conventional,2412,0.0
Maize (corn),conventional,2413,0.0
Maize (corn),conventional,2414,0.0
Maize (corn),conventional,2415,0.0
Maize (corn),conventional,2419,0.0
Maize (corn),conventional,2511,0.0
Maize (corn),conventional,2512,0.0
Maize (corn),conventional,2519,0.0
Maize (corn),conventional,2521,0.0
Maize (corn),conventional,311,0.0
Maize (corn),conventional,312,0.5815302333155703
Maize (corn),conventional,321,3.1447014236495314
Maize (corn),conventional,322,0.0
Maize (corn),conventional,411,6.803934572987534
Maize (corn),conventional,421,0.3108863999999998
Maize (corn),conventional,422,0.35880959999999895
Maize (corn),conventional,431,2.4846335999999916
Maize (corn),conventional,511,1.654921835938554
Maize (corn),conventional,512,3.7455358952984072
Maize (corn),conventional,513,8.941961018867396
Maize (corn),conventional,514,33.713915517587765
Maize (corn),conventional,515,5.49323777386332
Maize (corn),conventional,521,0.0
Maize (corn),conventional,611,0.0
Maize (corn),conventional,612,2.4187166812217864
Maize (corn),conventional,621,3.3639534827721036
Maize (corn),conventional,622,1.253240428988081
Maize (corn),conventional,711,3.0502112779569828
Maize (corn),conventional,731,0.0
Maize (corn),conventional,811,65.9551959722769
Maize (corn),conventional,812,77.98387860575085
Maize (corn),conventional,813,8.045669256613419
Maize (corn),conventional,814,2.3158329097257426
Maize (corn),conventional,821,5.388633298772815
Maize (corn),conventional,831,2.5424200441706364
Maize (corn),conventional,911,10.278217831630062
Maize (corn),conventional,912,23.265515468720295
Maize (corn),conventional,913,8.177981944301235
Maize (corn),organic,1011,0.3522128748396689
Maize (corn),organic,111,0.0
Maize (corn),organic,1111,1.045573367387032
Maize (corn),organic,1112,0.591557762244932
Maize (corn),organic,112,9.361931781085887e-05
Maize (corn),organic,1121,0.585264082514735
Maize (corn),organic,1122,1.5516393595284868
Maize (corn),organic,1123,0.261504766208251
Maize (corn),organic,1124,0.3308779616274853
Maize (corn),organic,1131,0.10033232174397333
Maize (corn),organic,1211,0.33337230648329985
Maize (corn),organic,1212,0.323313618860511
Maize (corn),organic,1213,0.3631613163064831
Maize (corn),organic,1214,0.33032748919449784
Maize (corn),organic,1215,0.8020653948919438
Maize (corn),organic,1216,0.3355961021610998
Maize (corn),organic,1221,0.3837783418467575
Maize (corn),organic,1222,0.45283564243614904
Maize (corn),organic,1311,0.8895870208994907
Maize (corn),organic,1321,0.9917930784656086
Maize (corn),organic,1322,0.010246557363490866
Maize (corn),organic,1331,0.052347829898775955
Maize (corn),organic,1411,0.0
Maize (corn),organic,1412,0.0
Maize (corn),organic,1421,0.0
Maize (corn),organic,1511,0.0022397408944369174
Maize (corn),organic,1512,0.0
Maize (corn),organic,1521,0.007938693436060046
Maize (corn),organic,1522,0.0
Maize (corn),organic,1611,0.0
Maize (corn),organic,1612,0.00016066960454064715
Maize (corn),organic,1613,0.0
Maize (corn),organic,1614,0.003317888411741035
Maize (corn),organic,1615,0.0
Maize (corn),organic,1616,0.0
Maize (corn),organic,1617,0.04408293593983814
Maize (corn),organic,1621,0.0
Maize (corn),organic,1622,0.0
Maize (corn),organic,1623,0.0
Maize (corn),organic,1711,0.016985513403582564
Maize (corn),organic,1712,0.0
Maize (corn),organic,1713,0.0
Maize (corn),organic,1721,0.0
Maize (corn),organic,1722,0.0
Maize (corn),organic,1723,0.0
Maize (corn),organic,1724,0.0
Maize (corn),organic,1811,0.0
Maize (corn),organic,1812,0.42834083705356996
Maize (corn),organic,1813,0.0
Maize (corn),organic,1821,0.0
Maize (corn),organic,1911,0.0
Maize (corn),organic,1912,0.0
Maize (corn),organic,1921,0.004523635603650766
Maize (corn),organic,1922,0.0
Maize (corn),organic,2011,0.0
Maize (corn),organic,2012,0.0
Maize (corn),organic,2019,0.0
Maize (corn),organic,2111,0.0
Maize (corn),organic,2121,0.0
Maize (corn),organic,2122,0.0
Maize (corn),organic,2211,0.0
Maize (corn),organic,2212,0.0
Maize (corn),organic,2221,0.0
Maize (corn),organic,2311,0.0
Maize (corn),organic,2312,0.0
Maize (corn),organic,2319,0.0
Maize (corn),organic,2331,0.0
Maize (corn),organic,2411,0.0
Maize (corn),organic,2412,0.0
Maize (corn),organic,2413,0.0
Maize (corn),organic,2414,0.0
Maize (corn),organic,2415,0.0
Maize (corn),organic,2419,0.0
Maize (corn),organic,2511,0.0
Maize (corn),organic,2512,0.0
Maize (corn),organic,2519,0.0
Maize (corn),organic,2521,0.0
Maize (corn),organic,311,0.0
Maize (corn),organic,312,0.0024569666844298232
Maize (corn),organic,321,0.010088976350457413
Maize (corn),organic,322,0.0
Maize (corn),organic,411,8.462701245065605e-05
Maize (corn),organic,421,0.0
Maize (corn),organic,422,0.0
Maize (corn),organic,431,0.0
Maize (corn),organic,511,0.0202770710467719
Maize (corn),organic,512,0.04422542220126768
Maize (corn),organic,513,0.10369658113258895
Maize (corn),organic,514,0.3909676824121959
Maize (corn),organic,515,0.06370302613667289
Maize (corn),organic,521,0.0
Maize (corn),organic,611,0.0
Maize (corn),organic,612,0.015689718778210182
Maize (corn),organic,621,0.09293155234426842
Maize (corn),organic,622,0.01591690783615507
Maize (corn),organic,711,0.13883192204301054
Maize (corn),organic,731,0.0
Maize (corn),organic,811,2.5122886748056388
Maize (corn),organic,812,3.077521394249196
Maize (corn),organic,813,0.31751074338658203
Maize (corn),organic,814,0.08925374253470819
Maize (corn),organic,821,0.1665004740786329
Maize (corn),organic,831,0.08047923584192462
Maize (corn),organic,911,0.9878005683699449
Maize (corn),organic,912,2.2359605312798436
Maize (corn),organic,913,0.7859548556988205
Maize for forage and silage,conventional,1011,592.585036282951
Maize for forage and silage,conventional,111,0.0
Maize for forage and silage,conventional,1111,711.1979536691551
Maize for forage and silage,conventional,1112,404.26134285438184
Maize for forage and silage,conventional,112,24.318992623984926
Maize for forage and silage,conventional,1121,398.09604072141457
Maize for forage and silage,conventional,1122,1055.4235329147348
Maize for forage and silage,conventional,1123,177.87527915599216
Maize for forage and silage,conventional,1124,306.8713400349745
Maize for forage and silage,conventional,1131,51.67109926433831
Maize for forage and silage,conventional,1211,226.75950782239684
Maize for forage and silage,conventional,1212,219.917598610609
Maize for forage and silage,conventional,1213,247.0219623654224
Maize for forage and silage,conventional,1214,224.68842616267193
Maize for forage and silage,conventional,1215,545.5640755096267
Maize for forage and silage,conventional,1216,228.27213140746568
Maize for forage and silage,conventional,1221,261.0456424172888
Maize for forage and silage,conventional,1222,308.01834887387037
Maize for forage and silage,conventional,1311,1181.7168440721657
Maize for forage and silage,conventional,1321,1286.5473369364483
Maize for forage and silage,conventional,1322,16.6296164119957
Maize for forage and silage,conventional,1331,87.41648807329359
Maize for forage and silage,conventional,1411,36.069424000000005
Maize for forage and silage,conventional,1412,0.0
Maize for forage and silage,conventional,1421,0.0
Maize for forage and silage,conventional,1511,78.07268090354617
Maize for forage and silage,conventional,1512,0.0
Maize for forage and silage,conventional,1521,85.29318785570683
Maize for forage and silage,conventional,1522,0.0
Maize for forage and silage,conventional,1611,0.0
Maize for forage and silage,conventional,1612,82.8689023298148
Maize for forage and silage,conventional,1613,35.0114368
Maize for forage and silage,conventional,1614,107.98610826405513
Maize for forage and silage,conventional,1615,0.0
Maize for forage and silage,conventional,1616,0.0
Maize for forage and silage,conventional,1617,38.82420497131997
Maize for forage and silage,conventional,1621,81.63303680000001
Maize for forage and silage,conventional,1622,46.3612576
Maize for forage and silage,conventional,1623,0.0
Maize for forage and silage,conventional,1711,30.809564958557708
Maize for forage and silage,conventional,1712,0.0
Maize for forage and silage,conventional,1713,0.0
Maize for forage and silage,conventional,1721,0.0
Maize for forage and silage,conventional,1722,0.0
Maize for forage and silage,conventional,1723,0.0
Maize for forage and silage,conventional,1724,0.0
Maize for forage and silage,conventional,1811,0.0
Maize for forage and silage,conventional,1812,31.384980365624997
Maize for forage and silage,conventional,1813,0.0
Maize for forage and silage,conventional,1821,0.0
Maize for forage and silage,conventional,1911,0.0
Maize for forage and silage,conventional,1912,0.0
Maize for forage and silage,conventional,1921,45.78740428678655
Maize for forage and silage,conventional,1922,0.0
Maize for forage and silage,conventional,2011,0.0
Maize for forage and silage,conventional,2012,0.0
Maize for forage and silage,conventional,2019,0.0
Maize for forage and silage,conventional,2111,0.0
Maize for forage and silage,conventional,2121,0.0
Maize for forage and silage,conventional,2122,0.0
Maize for forage and silage,conventional,2211,0.0
Maize for forage and silage,conventional,2212,0.0
Maize for forage and silage,conventional,2221,0.0
Maize for forage and silage,conventional,2311,0.0
Maize for forage and silage,conventional,2312,0.0
Maize for forage and silage,conventional,2319,0.0
Maize for forage and silage,conventional,2331,0.0
Maize for forage and silage,conventional,2411,0.0
Maize for forage and silage,conventional,2412,0.0
Maize for forage and silage,conventional,2413,0.0
Maize for forage and silage,conventional,2414,0.0
Maize for forage and silage,conventional,2415,0.0
Maize for forage and silage,conventional,2419,0.0
Maize for forage and silage,conventional,2511,0.0
Maize for forage and silage,conventional,2512,0.0
Maize for forage and silage,conventional,2519,0.0
Maize for forage and silage,conventional,2521,0.0
Maize for forage and silage,conventional,311,0.0
Maize for forage and silage,conventional,312,6.973083501670766
Maize for forage and silage,conventional,321,37.730505081868905
Maize for forage and silage,conventional,322,0.0
Maize for forage and silage,conventional,411,81.78836438153607
Maize for forage and silage,conventional,421,3.7371136000000003
Maize for forage and silage,conventional,422,4.313190400000001
Maize for forage and silage,conventional,431,29.867366400000005
Maize for forage and silage,conventional,511,20.471498846538392
Maize for forage and silage,conventional,512,45.16951089462586
Maize for forage and silage,conventional,513,106.75568559153282
Maize for forage and silage,conventional,514,402.501437599755
Maize for forage and silage,conventional,515,65.58229938921862
Maize for forage and silage,conventional,521,0.0
Maize for forage and silage,conventional,611,0.0
Maize for forage and silage,conventional,612,28.963912087055395
Maize for forage and silage,conventional,621,39.91807561583556
Maize for forage and silage,conventional,622,15.142821725059054
Maize for forage and silage,conventional,711,35.68319732419356
Maize for forage and silage,conventional,731,0.0
Maize for forage and silage,conventional,811,1796.0525392075092
Maize for forage and silage,conventional,812,2176.196394876677
Maize for forage and silage,conventional,813,224.5202052481789
Maize for forage and silage,conventional,814,63.42212201419973
Maize for forage and silage,conventional,821,123.9286235036667
Maize for forage and silage,conventional,831,37.98390687357962
Maize for forage and silage,conventional,911,588.8784943619389
Maize for forage and silage,conventional,912,1332.9705542542977
Maize for forage and silage,conventional,913,468.54793050396364
Maize for forage and silage,organic,1011,6.727442900832098
Maize for forage and silage,organic,111,0.0
Maize for forage and silage,organic,1111,19.970976730844793
Maize for forage and silage,organic,1112,11.299050524085358
Maize for forage and silage,organic,112,0.0017881760150707257
Maize for forage and silage,organic,1121,11.17883807858546
Maize for forage and silage,organic,1122,29.637091485265227
Maize for forage and silage,organic,1123,4.994872444007859
Maize for forage and silage,organic,1124,6.3199353374174425
Maize for forage and silage,organic,1131,1.916397763562024
Maize for forage and silage,organic,1211,6.367578577603143
Maize for forage and silage,organic,1212,6.175452589390961
Maize for forage and silage,organic,1213,6.936563634577603
Maize for forage and silage,organic,1214,6.309421037328096
Maize for forage and silage,organic,1215,15.319852090373281
Maize for forage and silage,organic,1216,6.410054192534383
Maize for forage and silage,organic,1221,7.330359182711199
Maize for forage and silage,organic,1222,8.649388326129667
Maize for forage and silage,organic,1311,16.991559127833984
Maize for forage and silage,organic,1321,18.94374618717477
Maize for forage and silage,organic,1322,0.19571439466647625
Maize for forage and silage,organic,1331,0.9998698565087812
Maize for forage and silage,organic,1411,0.0
Maize for forage and silage,organic,1412,0.0
Maize for forage and silage,organic,1421,0.0
Maize for forage and silage,organic,1511,0.0427801765816821
Maize for forage and silage,organic,1512,0.0
Maize for forage and silage,organic,1521,0.15163303392193062
Maize for forage and silage,organic,1522,0.0
Maize for forage and silage,organic,1611,0.0
Maize for forage and silage,organic,1612,0.003068870185221116
Maize for forage and silage,organic,1613,0.0
Maize for forage and silage,organic,1614,0.06337333594486269
Maize for forage and silage,organic,1615,0.0
Maize for forage and silage,organic,1616,0.0
Maize for forage and silage,organic,1617,0.8420062286800244
Maize for forage and silage,organic,1621,0.0
Maize for forage and silage,organic,1622,0.0
Maize for forage and silage,organic,1623,0.0
Maize for forage and silage,organic,1711,0.32443184144229903
Maize for forage and silage,organic,1712,0.0
Maize for forage and silage,organic,1713,0.0
Maize for forage and silage,organic,1721,0.0
Maize for forage and silage,organic,1722,0.0
Maize for forage and silage,organic,1723,0.0
Maize for forage and silage,organic,1724,0.0
Maize for forage and silage,organic,1811,0.0
Maize for forage and silage,organic,1812,8.181525234375002
Maize for forage and silage,organic,1813,0.0
Maize for forage and silage,organic,1821,0.0
Maize for forage and silage,organic,1911,0.0
Maize for forage and silage,organic,1912,0.0
Maize for forage and silage,organic,1921,0.08640371321345047
Maize for forage and silage,organic,1922,0.0
Maize for forage and silage,organic,2011,0.0
Maize for forage and silage,organic,2012,0.0
Maize for forage and silage,organic,2019,0.0
Maize for forage and silage,organic,2111,0.0
Maize for forage and silage,organic,2121,0.0
Maize for forage and silage,organic,2122,0.0
Maize for forage and silage,organic,2211,0.0
Maize for forage and silage,organic,2212,0.0
Maize for forage and silage,organic,2221,0.0
Maize for forage and silage,organic,2311,0.0
Maize for forage and silage,organic,2312,0.0
Maize for forage and silage,organic,2319,0.0
Maize for forage and silage,organic,2331,0.0
Maize for forage and silage,organic,2411,0.0
Maize for forage and silage,organic,2412,0.0
Maize for forage and silage,organic,2413,0.0
Maize for forage and silage,organic,2414,0.0
Maize for forage and silage,organic,2415,0.0
Maize for forage and silage,organic,2419,0.0
Maize for forage and silage,organic,2511,0.0
Maize for forage and silage,organic,2512,0.0
Maize for forage and silage,organic,2519,0.0
Maize for forage and silage,organic,2521,0.0
Maize for forage and silage,organic,311,0.0
Maize for forage and silage,organic,312,0.0469292983292349
Maize for forage and silage,organic,321,0.19270451813109926
Maize for forage and silage,organic,322,0.0
Maize for forage and silage,organic,411,0.0016164184639444392
Maize for forage and silage,organic,421,0.0
Maize for forage and silage,organic,422,0.0
Maize for forage and silage,organic,431,0.0
Maize for forage and silage,organic,511,0.3873022464762812
Maize for forage and silage,organic,512,0.8447277878744653
Maize for forage and silage,organic,513,1.980656808467193
Maize for forage and silage,organic,514,7.467679200245031
Maize for forage and silage,organic,515,1.2167598107813775
Maize for forage and silage,organic,521,0.0
Maize for forage and silage,organic,611,0.0
Maize for forage and silage,organic,612,0.2996815129446078
Maize for forage and silage,organic,621,1.7750393490480674
Maize for forage and silage,organic,622,0.30402093811671027
Maize for forage and silage,organic,711,2.6517594758064518
Maize for forage and silage,organic,731,0.0
Maize for forage and silage,organic,811,47.98597614540829
Maize for forage and silage,organic,812,58.78220512332269
Maize for forage and silage,organic,813,6.064614751821086
Maize for forage and silage,organic,814,1.7047913335398288
Maize for forage and silage,organic,821,3.180242723481834
Maize for forage and silage,organic,831,1.5371938464078199
Maize for forage and silage,organic,911,18.867487238061127
Maize for forage and silage,organic,912,42.707969745702
Maize for forage and silage,organic,913,15.012132696036295
Mixed cereals,conventional,1011,37.0028202407174
Mixed cereals,conventional,111,31.00449677383746
Mixed cereals,conventional,1111,24.824347199943706
Mixed cereals,conventional,1112,43.30484734695085
Mixed cereals,conventional,112,26.69985001820003
Mixed cereals,conventional,1121,8.822406775646009
Mixed cereals,conventional,1122,56.61439708424254
Mixed cereals,conventional,1123,5.534008231042056
Mixed cereals,conventional,1124,16.564432724481794
Mixed cereals,conventional,1131,10.727403623966126
Mixed cereals,conventional,1211,3.974991280797161
Mixed cereals,conventional,1212,9.19430783289985
Mixed cereals,conventional,1213,17.761632957664812
Mixed cereals,conventional,1214,2.8566426155041373
Mixed cereals,conventional,1215,79.41021699742159
Mixed cereals,conventional,1216,1.7056652510048984
Mixed cereals,conventional,1221,25.03480668390474
Mixed cereals,conventional,1222,5.101052375510894
Mixed cereals,conventional,1311,144.15748815932136
Mixed cereals,conventional,1321,55.311056909097765
Mixed cereals,conventional,1322,50.87352127528011
Mixed cereals,conventional,1331,139.67369136106083
Mixed cereals,conventional,1411,119.71209393606767
Mixed cereals,conventional,1412,281.9794104735661
Mixed cereals,conventional,1421,119.67114741329033
Mixed cereals,conventional,1511,274.4339245585928
Mixed cereals,conventional,1512,193.45897093278091
Mixed cereals,conventional,1521,136.525305408146
Mixed cereals,conventional,1522,174.39481020732242
Mixed cereals,conventional,1611,184.5822188323118
Mixed cereals,conventional,1612,259.795880867927
Mixed cereals,conventional,1613,251.25527419642623
Mixed cereals,conventional,1614,410.41045113965583
Mixed cereals,conventional,1615,241.91964565057896
Mixed cereals,conventional,1616,314.12818568514024
Mixed cereals,conventional,1617,109.41857715102657
Mixed cereals,conventional,1621,258.6485567626049
Mixed cereals,conventional,1622,78.98614291676861
Mixed cereals,conventional,1623,126.65208535885643
Mixed cereals,conventional,1711,61.07559276975488
Mixed cereals,conventional,1712,92.84267628266255
Mixed cereals,conventional,1713,54.85531493294215
Mixed cereals,conventional,1721,24.763759084594227
Mixed cereals,conventional,1722,76.77965764534324
Mixed cereals,conventional,1723,15.04311125060457
Mixed cereals,conventional,1724,43.00172113515326
Mixed cereals,conventional,1811,85.54850403665189
Mixed cereals,conventional,1812,48.57197258004511
Mixed cereals,conventional,1813,61.78418962657422
Mixed cereals,conventional,1821,35.551596670623745
Mixed cereals,conventional,1911,55.06035220057322
Mixed cereals,conventional,1912,52.826679647521026
Mixed cereals,conventional,1921,35.32236645455267
Mixed cereals,conventional,1922,74.0725382520656
Mixed cereals,conventional,2011,173.8118401950273
Mixed cereals,conventional,2012,53.946797625982796
Mixed cereals,conventional,2019,0.0
Mixed cereals,conventional,2111,62.85149926359379
Mixed cereals,conventional,2121,54.690776891997714
Mixed cereals,conventional,2122,22.153986083148684
Mixed cereals,conventional,2211,31.24997919796183
Mixed cereals,conventional,2212,48.65161504473954
Mixed cereals,conventional,2221,30.20956636487735
Mixed cereals,conventional,2311,10.542615517845183
Mixed cereals,conventional,2312,3.385567192591059
Mixed cereals,conventional,2319,0.5791472397304709
Mixed cereals,conventional,2331,3.883296839608729
Mixed cereals,conventional,2411,53.09246892264258
Mixed cereals,conventional,2412,53.685292121447425
Mixed cereals,conventional,2413,37.662678848135585
Mixed cereals,conventional,2414,50.26879024822838
Mixed cereals,conventional,2415,10.717476557254248
Mixed cereals,conventional,2419,0.15040080933241418
Mixed cereals,conventional,2511,2.2965926023125727
Mixed cereals,conventional,2512,2.6287678351808146
Mixed cereals,conventional,2519,0.0
Mixed cereals,conventional,2521,1.850462686748708
Mixed cereals,conventional,311,47.135739314962
Mixed cereals,conventional,312,169.40296492673616
Mixed cereals,conventional,321,61.18037907860274
Mixed cereals,conventional,322,46.49676813424241
Mixed cereals,conventional,411,108.20069097235495
Mixed cereals,conventional,421,76.46937084751906
Mixed cereals,conventional,422,13.992105614995443
Mixed cereals,conventional,431,112.30210067439924
Mixed cereals,conventional,511,81.9560508016016
Mixed cereals,conventional,512,67.08162255009395
Mixed cereals,conventional,513,20.168980987189308
Mixed cereals,conventional,514,99.65475008191598
Mixed cereals,conventional,515,73.25425779284967
Mixed cereals,conventional,521,88.06192859822761
Mixed cereals,conventional,611,98.99345819220625
Mixed cereals,conventional,612,230.61615275595898
Mixed cereals,conventional,621,107.1248084426672
Mixed cereals,conventional,622,179.57700262373817
Mixed cereals,conventional,711,42.67370711642319
Mixed cereals,conventional,731,15.274863233823357
Mixed cereals,conventional,811,76.28888883356538
Mixed cereals,conventional,812,94.92771100446672
Mixed cereals,conventional,813,85.89611502040158
Mixed cereals,conventional,814,59.64152218478969
Mixed cereals,conventional,821,164.0226888875076
Mixed cereals,conventional,831,58.219683577673315
Mixed cereals,conventional,911,48.503603874023256
Mixed cereals,conventional,912,101.68299827053555
Mixed cereals,conventional,913,70.53331992018614
Mixed cereals,organic,1011,6.440058878028409
Mixed cereals,organic,111,36.40583798634084
Mixed cereals,organic,1111,11.8195772000563
Mixed cereals,organic,1112,20.408193982817203
Mixed cereals,organic,112,35.885493065223145
Mixed cereals,organic,1121,4.193672424353995
Mixed cereals,organic,1122,26.920280915757477
Mixed cereals,organic,1123,2.6218861689579462
Mixed cereals,organic,1124,7.743497247142668
Mixed cereals,organic,1131,3.142719840931295
Mixed cereals,organic,1211,1.913541919202837
Mixed cereals,organic,1212,4.360314967100151
Mixed cereals,organic,1213,8.378878642335192
Mixed cereals,organic,1214,1.3751741844958625
Mixed cereals,organic,1215,37.687368202578405
Mixed cereals,organic,1216,0.8210991489951024
Mixed cereals,organic,1221,11.750097716095258
Mixed cereals,organic,1222,2.365248424489107
Mixed cereals,organic,1311,71.0692678406786
Mixed cereals,organic,1321,26.8088495184357
Mixed cereals,organic,1322,11.714990865714295
Mixed cereals,organic,1331,69.63198158624681
Mixed cereals,organic,1411,59.841761663932324
Mixed cereals,organic,1412,139.82451472643388
Mixed cereals,organic,1421,58.90202498670966
Mixed cereals,organic,1511,132.4600360511908
Mixed cereals,organic,1512,96.22039666721915
Mixed cereals,organic,1521,66.62854535094044
Mixed cereals,organic,1522,84.89995979267756
Mixed cereals,organic,1611,47.90838661527384
Mixed cereals,organic,1612,128.11971454035333
Mixed cereals,organic,1613,126.51858100357379
Mixed cereals,organic,1614,194.77252473404917
Mixed cereals,organic,1615,117.23781034942107
Mixed cereals,organic,1616,156.6151475148598
Mixed cereals,organic,1617,57.38342955912589
Mixed cereals,organic,1621,127.10223243739506
Mixed cereals,organic,1622,39.71324068323138
Mixed cereals,organic,1623,62.47290664114357
Mixed cereals,organic,1711,63.44466429952806
Mixed cereals,organic,1712,92.56466648395332
Mixed cereals,organic,1713,59.65302426705783
Mixed cereals,organic,1721,18.58889506019719
Mixed cereals,organic,1722,59.95568457966394
Mixed cereals,organic,1723,11.727347533087151
Mixed cereals,organic,1724,26.768550548251003
Mixed cereals,organic,1811,55.00039873769306
Mixed cereals,organic,1812,31.90773475328822
Mixed cereals,organic,1813,40.10186282264186
Mixed cereals,organic,1821,22.941967032800704
Mixed cereals,organic,1911,36.698329520652905
Mixed cereals,organic,1912,34.90776673018787
Mixed cereals,organic,1921,23.927629680342626
Mixed cereals,organic,1922,60.93836512360801
Mixed cereals,organic,2011,85.82686739912285
Mixed cereals,organic,2012,27.00613170764558
Mixed cereals,organic,2019,0.0
Mixed cereals,organic,2111,42.38944830602791
Mixed cereals,organic,2121,38.745828739813135
Mixed cereals,organic,2122,11.808549526672259
Mixed cereals,organic,2211,6.783796152314585
Mixed cereals,organic,2212,9.072009355260477
Mixed cereals,organic,2221,10.746642026721288
Mixed cereals,organic,2311,1.7648895015522665
Mixed cereals,organic,2312,0.5385055869739888
Mixed cereals,organic,2319,0.08951676026952882
Mixed cereals,organic,2331,1.6878237862268897
Mixed cereals,organic,2411,3.203435077357393
Mixed cereals,organic,2412,4.339429878552532
Mixed cereals,organic,2413,3.0463643518643995
Mixed cereals,organic,2414,3.940414833590777
Mixed cereals,organic,2415,0.9511133007202197
Mixed cereals,organic,2419,0.012788790667585759
Mixed cereals,organic,2511,10.621493700562995
Mixed cereals,organic,2512,11.984736664819177
Mixed cereals,organic,2519,0.0
Mixed cereals,organic,2521,1.8955093804856613
Mixed cereals,organic,311,41.471545466681484
Mixed cereals,organic,312,141.5915787894522
Mixed cereals,organic,321,60.63210595439455
Mixed cereals,organic,322,48.543933155869226
Mixed cereals,organic,411,66.00872107442028
Mixed cereals,organic,421,62.743295949574474
Mixed cereals,organic,422,9.05804560306848
Mixed cereals,organic,431,75.77138609970558
Mixed cereals,organic,511,32.5051114599392
Mixed cereals,organic,512,29.18350845543012
Mixed cereals,organic,513,8.5874158128107
Mixed cereals,organic,514,42.683176318084065
Mixed cereals,organic,515,32.00228620715036
Mixed cereals,organic,521,42.818059142570235
Mixed cereals,organic,611,14.143350155934199
Mixed cereals,organic,612,31.15816282850607
Mixed cereals,organic,621,9.614487243510299
Mixed cereals,organic,622,21.44415479721125
Mixed cereals,organic,711,2.403966883576802
Mixed cereals,organic,731,2.6387294896303337
Mixed cereals,organic,811,5.949970719921115
Mixed cereals,organic,812,7.1489389955332685
Mixed cereals,organic,813,6.598884979598424
Mixed cereals,organic,814,4.83175787496983
Mixed cereals,organic,821,18.694747651427505
Mixed cereals,organic,831,5.873811683097482
Mixed cereals,organic,911,7.962181725976745
Mixed cereals,organic,912,16.54930892946445
Mixed cereals,organic,913,11.420932879813858
Oats,conventional,1011,481.3269097731641
Oats,conventional,111,858.4761224575501
Oats,conventional,1111,201.1973041465131
Oats,conventional,1112,474.91364986128565
Oats,conventional,112,803.0797143405641
Oats,conventional,1121,196.04766138233668
Oats,conventional,1122,196.53686934546386
Oats,conventional,1123,1872.9456459837095
Oats,conventional,1124,331.7312297224415
Oats,conventional,1131,171.97152138472484
Oats,conventional,1211,263.5648398695567
Oats,conventional,1212,251.07059808280212
Oats,conventional,1213,243.9446847391054
Oats,conventional,1214,171.70065580021299
Oats,conventional,1215,1617.5304924137977
Oats,conventional,1216,1290.7881698623778
Oats,conventional,1221,282.26813504262384
Oats,conventional,1222,699.0020442945961
Oats,conventional,1311,2305.1029147552003
Oats,conventional,1321,1483.1965568424578
Oats,conventional,1322,303.02321373116376
Oats,conventional,1331,2156.0372823440507
Oats,conventional,1411,1110.558654807553
Oats,conventional,1412,2363.6192108505948
Oats,conventional,1421,1767.0857173158179
Oats,conventional,1511,1068.6816257194664
Oats,conventional,1512,5300.3765467813855
Oats,conventional,1521,1027.9776544543631
Oats,conventional,1522,1347.467987543719
Oats,conventional,1611,507.5991797651105
Oats,conventional,1612,2920.7684463740466
Oats,conventional,1613,1936.2587133151299
Oats,conventional,1614,2638.3261743754792
Oats,conventional,1615,2919.3388408374058
Oats,conventional,1616,3562.5006901868887
Oats,conventional,1617,1286.2839588241995
Oats,conventional,1621,6421.995852291839
Oats,conventional,1622,7963.813712258394
Oats,conventional,1623,4286.9873634368805
Oats,conventional,1711,2695.495126795583
Oats,conventional,1712,2215.27154091652
Oats,conventional,1713,564.10956812566
Oats,conventional,1721,294.5707370602953
Oats,conventional,1722,2422.975389910668
Oats,conventional,1723,323.5888132770364
Oats,conventional,1724,238.1214227393044
Oats,conventional,1811,1466.0578256305853
Oats,conventional,1812,4447.326773599541
Oats,conventional,1813,910.8615064386885
Oats,conventional,1821,4085.798164876275
Oats,conventional,1911,3954.6765179561776
Oats,conventional,1912,2509.025851616404
Oats,conventional,1921,4373.348029191217
Oats,conventional,1922,1526.434499153881
Oats,conventional,2011,3265.5702450989975
Oats,conventional,2012,341.19030889612674
Oats,conventional,2019,0.0
Oats,conventional,2111,686.7281464997538
Oats,conventional,2121,1238.5116946852002
Oats,conventional,2122,208.51263150271234
Oats,conventional,2211,86.75400371194323
Oats,conventional,2212,130.75749612492228
Oats,conventional,2221,146.4182087662007
Oats,conventional,2311,84.01685559659518
Oats,conventional,2312,11.033151810686254
Oats,conventional,2319,0.0
Oats,conventional,2331,11.427607556974756
Oats,conventional,2411,115.18637066166795
Oats,conventional,2412,78.21014291752104
Oats,conventional,2413,210.59627073603673
Oats,conventional,2414,77.48130637569476
Oats,conventional,2415,25.989759943575347
Oats,conventional,2419,0.0
Oats,conventional,2511,373.8640444924001
Oats,conventional,2512,24.65836935361471
Oats,conventional,2519,0.0
Oats,conventional,2521,0.0
Oats,conventional,311,1161.6520088698458
Oats,conventional,312,679.8560166289665
Oats,conventional,321,1170.7349724320904
Oats,conventional,322,448.3934086526756
Oats,conventional,411,1146.8848173976291
Oats,conventional,421,1323.6607702232834
Oats,conventional,422,1263.649560271949
Oats,conventional,431,1480.326880963984
Oats,conventional,511,226.99519681594404
Oats,conventional,512,268.62820214868736
Oats,conventional,513,557.1836252455969
Oats,conventional,514,1373.0294831545843
Oats,conventional,515,1876.566387746057
Oats,conventional,521,1028.2205659114838
Oats,conventional,611,317.0639164929468
Oats,conventional,612,829.9873874713926
Oats,conventional,621,945.3425292366404
Oats,conventional,622,882.1840306133112
Oats,conventional,711,1227.3610906972249
Oats,conventional,731,132.98472455079443
Oats,conventional,811,394.7406275702588
Oats,conventional,812,119.25681702640992
Oats,conventional,813,402.8109722539203
Oats,conventional,814,221.95767103532222
Oats,conventional,821,1143.2687266335993
Oats,conventional,831,272.4911475205472
Oats,conventional,911,172.0618659658494
Oats,conventional,912,383.5124592444314
Oats,conventional,913,236.42361731379617
Oats,organic,1011,30.712179178583565
Oats,organic,111,226.58790265777853
Oats,organic,1111,31.80939985348691
Oats,organic,1112,74.77671703944087
Oats,organic,112,198.44205694192163
Oats,organic,1121,30.995238617663308
Oats,organic,1122,31.072582654536134
Oats,organic,1123,296.1136940162907
Oats,organic,1124,38.066522068389226
Oats,organic,1131,18.98472264626349
Oats,organic,1211,41.669740130443365
Oats,organic,1212,39.69439391719787
Oats,organic,1213,38.567783260894615
Oats,organic,1214,27.145964199787006
Oats,organic,1215,255.73242358620232
Oats,organic,1216,204.0742901376223
Oats,organic,1221,44.62674095737614
Oats,organic,1222,110.51259170540396
Oats,organic,1311,170.7688628448
Oats,organic,1321,113.41961634823058
Oats,organic,1322,37.403401903055226
Oats,organic,1331,229.9159722683334
Oats,organic,1411,275.864422792447
Oats,organic,1412,587.1265299494055
Oats,organic,1421,438.94672228418165
Oats,organic,1511,258.0323058097805
Oats,organic,1512,1316.6214232186142
Oats,organic,1521,230.90389148013423
Oats,organic,1522,334.7130536562814
Oats,organic,1611,93.50794011667136
Oats,organic,1612,724.3050294682561
Oats,organic,1613,480.96954628487015
Oats,organic,1614,637.9916014391972
Oats,organic,1615,725.1681131625944
Oats,organic,1616,884.9304738131118
Oats,organic,1617,316.0437546466144
Oats,organic,1621,1595.2333281081624
Oats,organic,1622,1978.2231793416072
Oats,organic,1623,1064.8940417631204
Oats,organic,1711,1199.8000136614505
Oats,organic,1712,938.1593412843696
Oats,organic,1713,254.0515814743399
Oats,organic,1721,114.67898663093577
Oats,organic,1722,932.6348861740793
Oats,organic,1723,94.8094439682104
Oats,organic,1724,92.61091634478808
Oats,organic,1811,263.60727078174557
Oats,organic,1812,702.922319200458
Oats,organic,1813,149.997454341271
Oats,organic,1821,725.4780354898337
Oats,organic,1911,953.2123000640399
Oats,organic,1912,611.4912876651017
Oats,organic,1921,1221.1176965308753
Oats,organic,1922,578.9288353263067
Oats,organic,2011,1131.1030351132197
Oats,organic,2012,117.87974974875362
Oats,organic,2019,0.0
Oats,organic,2111,253.0949287482347
Oats,organic,2121,459.28198077366596
Oats,organic,2122,75.41656505878221
Oats,organic,2211,44.50205268805674
Oats,organic,2212,67.36970347507776
Oats,organic,2221,66.13402496446122
Oats,organic,2311,31.683844803404817
Oats,organic,2312,4.14504778931375
Oats,organic,2319,0.0
Oats,organic,2331,4.378134017329592
Oats,organic,2411,22.605904538332055
Oats,organic,2412,15.349133882478961
Oats,organic,2413,41.33057726396328
Oats,organic,2414,15.560842292939657
Oats,organic,2415,5.376684934058897
Oats,organic,2419,0.0
Oats,organic,2511,41.54145489014299
Oats,organic,2512,2.7245506463852904
Oats,organic,2519,0.0
Oats,organic,2521,0.0
Oats,organic,311,444.7928376550021
Oats,organic,312,260.1782294082154
Oats,organic,321,405.249699102693
Oats,organic,322,146.64471280238206
Oats,organic,411,296.484064320115
Oats,organic,421,335.3076015821475
Oats,organic,422,323.0947217518213
Oats,organic,431,378.5075888388882
Oats,organic,511,69.76392603751191
Oats,organic,512,86.743729288723
Oats,organic,513,182.59969475440312
Oats,organic,514,449.9679336454158
Oats,organic,515,614.9865754539433
Oats,organic,521,322.37023280170587
Oats,organic,611,44.58286531356638
Oats,organic,612,117.80232542445698
Oats,organic,621,95.88492370248301
Oats,organic,622,112.27315861508477
Oats,organic,711,95.61337810277462
Oats,organic,731,13.534776341639848
Oats,organic,811,44.70435044448873
Oats,organic,812,13.579632573590095
Oats,organic,813,45.86760854607978
Oats,organic,814,25.74410132750576
Oats,organic,821,161.00601873429432
Oats,organic,831,24.863113258058938
Oats,organic,911,95.13854363415068
Oats,organic,912,212.05638235556867
Oats,organic,913,130.72622748620387
Onions,conventional,1011,24.26275644329981
Onions,conventional,111,0.0447573342243128
Onions,conventional,1111,360.7885824173675
Onions,conventional,1112,8.225362503104742
Onions,conventional,112,0.08680602237285018
Onions,conventional,1121,99.04662354834531
Onions,conventional,1122,0.3370504118412856
Onions,conventional,1123,23.808747108177084
Onions,conventional,1124,2.792116673299159
Onions,conventional,1131,0.1482229053911735
Onions,conventional,1211,266.6858819389072
Onions,conventional,1212,16.285706829451907
Onions,conventional,1213,2.348837446182108
Onions,conventional,1214,27.660655130349838
Onions,conventional,1215,5.45738330165939
Onions,conventional,1216,45.188812286765604
Onions,conventional,1221,0.3609035228877317
Onions,conventional,1222,114.5137995776438
Onions,conventional,1311,9.299439858263765
Onions,conventional,1321,12.307646056910857
Onions,conventional,1322,0.11462028158413207
Onions,conventional,1331,7.632440480423001
Onions,conventional,1411,0.010695876098436037
Onions,conventional,1412,0.043275158990843166
Onions,conventional,1421,0.013357786501556597
Onions,conventional,1511,0.029663824270360878
Onions,conventional,1512,0.0031120573010079864
Onions,conventional,1521,0.018444898301941123
Onions,conventional,1522,0.0011366252164920591
Onions,conventional,1611,0.05004925734159374
Onions,conventional,1612,0.12893737743388112
Onions,conventional,1613,0.043583315308361965
Onions,conventional,1614,0.10666206861815046
Onions,conventional,1615,0.7524203181060994
Onions,conventional,1616,0.0778046019109242
Onions,conventional,1617,0.015431616698252519
Onions,conventional,1621,0.01131644725125002
Onions,conventional,1622,0.2086663483014785
Onions,conventional,1623,0.8079116294727822
Onions,conventional,1711,0.4932711968141581
Onions,conventional,1712,0.09797483860569238
Onions,conventional,1713,0.09211027585227441
Onions,conventional,1721,0.0
Onions,conventional,1722,0.08833530894377943
Onions,conventional,1723,0.2613835041938703
Onions,conventional,1724,0.07464241292398563
Onions,conventional,1811,0.1820148018837644
Onions,conventional,1812,0.6610478551302276
Onions,conventional,1813,0.018469972581623112
Onions,conventional,1821,0.17009786212502584
Onions,conventional,1911,0.30983795458319496
Onions,conventional,1912,0.011377520504414209
Onions,conventional,1921,0.25900215869121446
Onions,conventional,1922,0.36096372791007014
Onions,conventional,2011,0.763955711010955
Onions,conventional,2012,0.7151868518700911
Onions,conventional,2019,0.0
Onions,conventional,2111,0.27987602248224247
Onions,conventional,2121,0.6055730030275132
Onions,conventional,2122,0.026530567569007322
Onions,conventional,2211,0.0
Onions,conventional,2212,0.0
Onions,conventional,2221,0.04406182724706324
Onions,conventional,2311,0.0
Onions,conventional,2312,0.0
Onions,conventional,2319,0.0
Onions,conventional,2331,0.0
Onions,conventional,2411,0.0
Onions,conventional,2412,0.0
Onions,conventional,2413,0.0
Onions,conventional,2414,0.0
Onions,conventional,2415,0.0
Onions,conventional,2419,0.0
Onions,conventional,2511,0.2759644401226949
Onions,conventional,2512,0.21631466459655796
Onions,conventional,2519,0.0
Onions,conventional,2521,0.0
Onions,conventional,311,0.36597015048816783
Onions,conventional,312,0.009278258318994719
Onions,conventional,321,0.9922002451477165
Onions,conventional,322,0.22103047193992403
Onions,conventional,411,0.2312428340367905
Onions,conventional,421,1.5199541263856107
Onions,conventional,422,0.6524758255075865
Onions,conventional,431,0.2569729389170257
Onions,conventional,511,0.01711060210035284
Onions,conventional,512,0.1917372155223032
Onions,conventional,513,17.221780297635384
Onions,conventional,514,2.549145321932859
Onions,conventional,515,3.7167938977364687
Onions,conventional,521,0.06544020397005554
Onions,conventional,611,0.049849285472677037
Onions,conventional,612,0.6608751310543893
Onions,conventional,621,0.4598950500092942
Onions,conventional,622,0.11717711363285915
Onions,conventional,711,0.49935691096376894
Onions,conventional,731,0.6909388363998291
Onions,conventional,811,64.44640012450817
Onions,conventional,812,47.883392826253335
Onions,conventional,813,0.10538785963898194
Onions,conventional,814,0.16511641523551623
Onions,conventional,821,1.197757062662077
Onions,conventional,831,1.1237051428720295
Onions,conventional,911,0.9566753280213046
Onions,conventional,912,19.862760295944067
Onions,conventional,913,2.1053836027564423
Onions,organic,1011,0.19538763405987367
Onions,organic,111,0.0002478911545490334
Onions,organic,1111,56.10629899319784
Onions,organic,1112,1.2696256136364223
Onions,organic,112,0.0004786858504204553
Onions,organic,1121,15.402758695510938
Onions,organic,1122,0.052414771708799296
Onions,organic,1123,3.702502653921331
Onions,organic,1124,0.22633750604182737
Onions,organic,1131,0.009580296390152461
Onions,organic,1211,41.472370686109365
Onions,organic,1212,2.532593272676713
Onions,organic,1213,0.3652681444599085
Onions,organic,1214,4.301513580869996
Onions,organic,1215,0.8486786837649315
Onions,organic,1216,7.027320533042223
Onions,organic,1221,0.05612417340694304
Onions,organic,1222,17.808062092491355
Onions,organic,1311,0.15438049985408417
Onions,organic,1321,0.24926088850878314
Onions,organic,1322,0.0008038013808473783
Onions,organic,1331,0.1770165843472693
Onions,organic,1411,0.0005243314292379099
Onions,organic,1412,0.0021214275254632406
Onions,organic,1421,0.0006548231508441044
Onions,organic,1511,0.001402456904917477
Onions,organic,1512,0.00015255874670672245
Onions,organic,1521,0.0008297842431814189
Onions,organic,1522,5.571944913968042e-05
Onions,organic,1611,0.0010553451604352095
Onions,organic,1612,0.006297417032756791
Onions,organic,1613,0.002136533912346027
Onions,organic,1614,0.004923885336929392
Onions,organic,1615,0.03688502158676845
Onions,organic,1616,0.003814124036759051
Onions,organic,1617,0.000656579057131986
Onions,organic,1621,0.0005547529633417269
Onions,organic,1622,0.010229206437307911
Onions,organic,1623,0.039605307268035184
Onions,organic,1711,0.0032627726518132403
Onions,organic,1712,0.0007727996145871897
Onions,organic,1713,0.0006109909217795325
Onions,organic,1721,0.0
Onions,organic,1722,0.0016349587743747528
Onions,organic,1723,0.0015670203311391332
Onions,organic,1724,0.0008146666438476772
Onions,organic,1811,0.001038960255996253
Onions,organic,1812,0.0034915817019566912
Onions,organic,1813,9.724244512962338e-05
Onions,organic,1821,0.0008373502301053174
Onions,organic,1911,0.0012190157341270115
Onions,organic,1912,4.4255169106690194e-05
Onions,organic,1921,0.0011276751984240128
Onions,organic,1922,0.0020306325471545483
Onions,organic,2011,0.010046270157799441
Onions,organic,2012,0.009464068758114185
Onions,organic,2019,0.0
Onions,organic,2111,0.0008046223828321221
Onions,organic,2121,0.0019169914445589424
Onions,organic,2122,0.0002294155191872631
Onions,organic,2211,0.0
Onions,organic,2212,0.0
Onions,organic,2221,0.06671217763484807
Onions,organic,2311,0.0
Onions,organic,2312,0.0
Onions,organic,2319,0.0
Onions,organic,2331,0.0
Onions,organic,2411,0.0
Onions,organic,2412,0.0
Onions,organic,2413,0.0
Onions,organic,2414,0.0
Onions,organic,2415,0.0
Onions,organic,2419,0.0
Onions,organic,2511,0.005481146512044946
Onions,organic,2512,0.002239748768702187
Onions,organic,2519,0.0
Onions,organic,2521,0.0
Onions,organic,311,0.0020810892332834476
Onions,organic,312,5.275876034085456e-05
Onions,organic,321,0.005523817867724261
Onions,organic,322,0.0012425168031724085
Onions,organic,411,0.000660624451804985
Onions,organic,421,0.005961747715690761
Onions,organic,422,0.0019920289578728373
Onions,organic,431,0.0008425856786201668
Onions,organic,511,9.564590176868746e-05
Onions,organic,512,0.001019524334066744
Onions,organic,513,0.08926816726463005
Onions,organic,514,0.013213356984434193
Onions,organic,515,0.019265800260897043
Onions,organic,521,0.00030885019649464233
Onions,organic,611,0.00011573280239788293
Onions,organic,612,0.0012472311521587061
Onions,organic,621,0.0009564580877230197
Onions,organic,622,0.0002481099184307041
Onions,organic,711,0.001052716454945248
Onions,organic,731,0.03289457652261218
Onions,organic,811,0.8407868703544494
Onions,organic,812,0.6303793612220487
Onions,organic,813,0.001387419055304619
Onions,organic,814,0.002153439075225886
Onions,organic,821,0.01418587333969915
Onions,organic,831,0.008096464992986023
Onions,organic,911,0.04486835463283155
Onions,organic,912,0.9315693076235555
Onions,organic,913,0.09874311102179999
Other berries,conventional,1011,27.18772177400961
Other berries,conventional,111,0.0
Other berries,conventional,1111,10.137425736697736
Other berries,conventional,1112,7.948951250218934
Other berries,conventional,112,0.3307323304212317
Other berries,conventional,1121,4.459296481762262
Other berries,conventional,1122,2.8965702927486574
Other berries,conventional,1123,0.7527445348187385
Other berries,conventional,1124,0.382359875622193
Other berries,conventional,1131,1.0415032919467202
Other berries,conventional,1211,7.449302062494429
Other berries,conventional,1212,2.383399495935146
Other berries,conventional,1213,0.16773563883894846
Other berries,conventional,1214,0.135903369576235
Other berries,conventional,1215,0.7937619906585711
Other berries,conventional,1216,2.284680441000358
Other berries,conventional,1221,0.44722412712281423
Other berries,conventional,1222,9.246492573450213
Other berries,conventional,1311,11.285541157327259
Other berries,conventional,1321,2.528159782682054
Other berries,conventional,1322,2.9956466784295372
Other berries,conventional,1331,1.0081079377897013
Other berries,conventional,1411,2.599436097843803
Other berries,conventional,1412,8.02258175284554
Other berries,conventional,1421,0.7980947232120122
Other berries,conventional,1511,0.7369295220930092
Other berries,conventional,1512,8.842135605769965
Other berries,conventional,1521,2.642619939982403
Other berries,conventional,1522,0.0
Other berries,conventional,1611,0.0
Other berries,conventional,1612,0.0
Other berries,conventional,1613,0.0
Other berries,conventional,1614,4.12753180455723
Other berries,conventional,1615,1.8924866487799032
Other berries,conventional,1616,0.4313609796208548
Other berries,conventional,1617,0.0
Other berries,conventional,1621,4.326637487964044
Other berries,conventional,1622,0.0
Other berries,conventional,1623,0.0
Other berries,conventional,1711,0.0
Other berries,conventional,1712,0.0
Other berries,conventional,1713,0.0
Other berries,conventional,1721,0.0
Other berries,conventional,1722,0.0
Other berries,conventional,1723,0.0
Other berries,conventional,1724,0.0
Other berries,conventional,1811,0.0
Other berries,conventional,1812,0.0
Other berries,conventional,1813,0.0
Other berries,conventional,1821,0.0
Other berries,conventional,1911,0.0
Other berries,conventional,1912,0.28232455505984067
Other berries,conventional,1921,0.0
Other berries,conventional,1922,0.02615491283540804
Other berries,conventional,2011,0.8169724896770947
Other berries,conventional,2012,5.5731134990160465
Other berries,conventional,2019,0.0
Other berries,conventional,2111,0.0
Other berries,conventional,2121,0.0
Other berries,conventional,2122,0.0
Other berries,conventional,2211,0.03063678623454012
Other berries,conventional,2212,0.0
Other berries,conventional,2221,0.0
Other berries,conventional,2311,3.7646984960268757
Other berries,conventional,2312,0.0
Other berries,conventional,2319,0.0
Other berries,conventional,2331,3.0711226188838783
Other berries,conventional,2411,2.1473016113064802
Other berries,conventional,2412,0.0
Other berries,conventional,2413,0.2013281759193124
Other berries,conventional,2414,0.0
Other berries,conventional,2415,0.0
Other berries,conventional,2419,0.0
Other berries,conventional,2511,0.6721169108504961
Other berries,conventional,2512,0.35393430049881225
Other berries,conventional,2519,0.0
Other berries,conventional,2521,0.03816379997119579
Other berries,conventional,311,2.0779763371193316
Other berries,conventional,312,0.0
Other berries,conventional,321,1.9965443253463793
Other berries,conventional,322,1.6013571710593926
Other berries,conventional,411,1.5886000194816787
Other berries,conventional,421,1.1565201269098153
Other berries,conventional,422,2.3850785223262916
Other berries,conventional,431,1.6477233524945685
Other berries,conventional,511,0.0
Other berries,conventional,512,0.0
Other berries,conventional,513,3.4020714886439087
Other berries,conventional,514,0.0
Other berries,conventional,515,1.9541757809496199
Other berries,conventional,521,0.0
Other berries,conventional,611,0.036915449982155984
Other berries,conventional,612,1.70154333442064
Other berries,conventional,621,0.0
Other berries,conventional,622,0.0
Other berries,conventional,711,0.0
Other berries,conventional,731,0.0
Other berries,conventional,811,21.56126795049251
Other berries,conventional,812,31.54581337818429
Other berries,conventional,813,0.0
Other berries,conventional,814,0.0
Other berries,conventional,821,0.0
Other berries,conventional,831,1.5869186906655894
Other berries,conventional,911,5.945911573517327
Other berries,conventional,912,10.045832638930573
Other berries,conventional,913,0.18982055685708868
Other berries,organic,1011,0.7896415078395344
Other berries,organic,111,0.0
Other berries,organic,1111,9.770674491888176
Other berries,organic,1112,7.5649610780187775
Other berries,organic,112,0.005899684913926466
Other berries,organic,1121,4.297968292719079
Other berries,organic,1122,2.7917783279899577
Other berries,organic,1123,0.725511783394579
Other berries,organic,1124,0.14544001521557898
Other berries,organic,1131,0.29600809819593077
Other berries,organic,1211,7.179801611853176
Other berries,organic,1212,2.2971729967511987
Other berries,organic,1213,0.16166730788975914
Other berries,organic,1214,0.13098666475782472
Other berries,organic,1215,0.7650453119160865
Other berries,organic,1216,2.2020253944932664
Other berries,organic,1221,0.4310444766285665
Other berries,organic,1222,8.91197346085547
Other berries,organic,1311,0.7682078818677255
Other berries,organic,1321,0.20926536220255249
Other berries,organic,1322,0.08348058811483744
Other berries,organic,1331,0.09655009966001424
Other berries,organic,1411,0.560166416775541
Other berries,organic,1412,1.7288291401000477
Other berries,organic,1421,0.1719857094082733
Other berries,organic,1511,0.15234643288453414
Other berries,organic,1512,1.9054391923833371
Other berries,organic,1521,0.5166784911323389
Other berries,organic,1522,0.0
Other berries,organic,1611,0.0
Other berries,organic,1612,0.0
Other berries,organic,1613,0.0
Other berries,organic,1614,0.8299688466410464
Other berries,organic,1615,0.40782209099963457
Other berries,organic,1616,0.09295628943963402
Other berries,organic,1617,0.0
Other berries,organic,1621,0.9323703015165177
Other berries,organic,1622,0.0
Other berries,organic,1623,0.0
Other berries,organic,1711,0.0
Other berries,organic,1712,0.0
Other berries,organic,1713,0.0
Other berries,organic,1721,0.0
Other berries,organic,1722,0.0
Other berries,organic,1723,0.0
Other berries,organic,1724,0.0
Other berries,organic,1811,0.0
Other berries,organic,1812,0.0
Other berries,organic,1813,0.0
Other berries,organic,1821,0.0
Other berries,organic,1911,0.0
Other berries,organic,1912,8.820565737308427e-05
Other berries,organic,1921,0.0
Other berries,organic,1922,0.0005637390216921112
Other berries,organic,2011,0.04107047630080903
Other berries,organic,2012,0.2838808239585216
Other berries,organic,2019,0.0
Other berries,organic,2111,0.0
Other berries,organic,2121,0.0
Other berries,organic,2122,0.0
Other berries,organic,2211,9.564683391556943e-06
Other berries,organic,2212,0.0
Other berries,organic,2221,0.0
Other berries,organic,2311,0.08064790693678094
Other berries,organic,2312,0.0
Other berries,organic,2319,0.0
Other berries,organic,2331,0.05543457756484865
Other berries,organic,2411,0.01851591221228784
Other berries,organic,2412,0.0
Other berries,organic,2413,0.0017360275852975984
Other berries,organic,2414,0.0
Other berries,organic,2415,0.0
Other berries,organic,2419,0.0
Other berries,organic,2511,0.04242879233803749
Other berries,organic,2512,0.0225342853676396
Other berries,organic,2519,0.0
Other berries,organic,2521,0.0019401839504407914
Other berries,organic,311,0.046290773672212335
Other berries,organic,312,0.0
Other berries,organic,321,0.040632399049744
Other berries,organic,322,0.032980078121160314
Other berries,organic,411,0.01544276257023252
Other berries,organic,421,0.01497220320753537
Other berries,organic,422,0.01845417157163759
Other berries,organic,431,0.01641902481545264
Other berries,organic,511,0.0
Other berries,organic,512,0.0
Other berries,organic,513,0.0666318564144679
Other berries,organic,514,0.0
Other berries,organic,515,0.03827384594342212
Other berries,organic,521,0.0
Other berries,organic,611,0.00033245995437968136
Other berries,organic,612,0.012474663938848135
Other berries,organic,621,0.0
Other berries,organic,622,0.0
Other berries,organic,711,0.0
Other berries,organic,731,0.0
Other berries,organic,811,1.082235850234418
Other berries,organic,812,1.5992496105122465
Other berries,organic,813,0.0
Other berries,organic,814,0.0
Other berries,organic,821,0.0
Other berries,organic,831,0.039642985393901604
Other berries,organic,911,1.0356332589779704
Other berries,organic,912,1.7497398449954624
Other berries,organic,913,0.03306212672157678
"Other berries, greenhouse",conventional,1011,1191.4317612521802
"Other berries, greenhouse",conventional,111,46.7101378471359
"Other berries, greenhouse",conventional,1111,3631.3740032401433
"Other berries, greenhouse",conventional,1112,84.87797074250089
"Other berries, greenhouse",conventional,112,100.13795233739985
"Other berries, greenhouse",conventional,1121,996.9144019255423
"Other berries, greenhouse",conventional,1122,3.3924468871521305
"Other berries, greenhouse",conventional,1123,239.6374761059825
"Other berries, greenhouse",conventional,1124,34.44923205700388
"Other berries, greenhouse",conventional,1131,1.6446601949167738
"Other berries, greenhouse",conventional,1211,2684.220692948124
"Other berries, greenhouse",conventional,1212,163.91730583216838
"Other berries, greenhouse",conventional,1213,23.641289263515468
"Other berries, greenhouse",conventional,1214,278.4073245331953
"Other berries, greenhouse",conventional,1215,54.929121411156885
"Other berries, greenhouse",conventional,1216,454.83002005209835
"Other berries, greenhouse",conventional,1221,3.6325308908367635
"Other berries, greenhouse",conventional,1222,1152.5931114900218
"Other berries, greenhouse",conventional,1311,181.243526483896
"Other berries, greenhouse",conventional,1321,229.9419753628794
"Other berries, greenhouse",conventional,1322,3.6419657175275235
"Other berries, greenhouse",conventional,1331,186.809491537937
"Other berries, greenhouse",conventional,1411,2.6577015001751625
"Other berries, greenhouse",conventional,1412,10.752971884846326
"Other berries, greenhouse",conventional,1421,3.319130559991949
"Other berries, greenhouse",conventional,1511,5.414796357476693
"Other berries, greenhouse",conventional,1512,0.7732811488653442
"Other berries, greenhouse",conventional,1521,1.96720976608177
"Other berries, greenhouse",conventional,1522,0.282427593140273
"Other berries, greenhouse",conventional,1611,3.2590812763826698
"Other berries, greenhouse",conventional,1612,31.443603379152847
"Other berries, greenhouse",conventional,1613,10.829542284486422
"Other berries, greenhouse",conventional,1614,20.42399516446767
"Other berries, greenhouse",conventional,1615,186.96071175368726
"Other berries, greenhouse",conventional,1616,19.33281624769666
"Other berries, greenhouse",conventional,1617,2.2991517197483535
"Other berries, greenhouse",conventional,1621,2.8119004520534765
"Other berries, greenhouse",conventional,1622,51.849223178454984
"Other berries, greenhouse",conventional,1623,200.74914199620702
"Other berries, greenhouse",conventional,1711,10.742992141471273
"Other berries, greenhouse",conventional,1712,2.297847116033653
"Other berries, greenhouse",conventional,1713,1.977475485032841
"Other berries, greenhouse",conventional,1721,0.0
"Other berries, greenhouse",conventional,1722,2.653517769916657
"Other berries, greenhouse",conventional,1723,9.46627720207618
"Other berries, greenhouse",conventional,1724,2.140266952041216
"Other berries, greenhouse",conventional,1811,11.793018389751301
"Other berries, greenhouse",conventional,1812,51.773015130218724
"Other berries, greenhouse",conventional,1813,1.323004420035191
"Other berries, greenhouse",conventional,1821,8.425940446212284
"Other berries, greenhouse",conventional,1911,2.5234327688177154
"Other berries, greenhouse",conventional,1912,0.07484560358997039
"Other berries, greenhouse",conventional,1921,2.586564287848227
"Other berries, greenhouse",conventional,1922,12.517799637100858
"Other berries, greenhouse",conventional,2011,24.500271530716724
"Other berries, greenhouse",conventional,2012,23.468391674319548
"Other berries, greenhouse",conventional,2019,0.0
"Other berries, greenhouse",conventional,2111,9.84518650298401
"Other berries, greenhouse",conventional,2121,21.326692988097754
"Other berries, greenhouse",conventional,2122,0.9118272976829456
"Other berries, greenhouse",conventional,2211,28.447556227874312
"Other berries, greenhouse",conventional,2212,58.54332774433089
"Other berries, greenhouse",conventional,2221,74.30427167630205
"Other berries, greenhouse",conventional,2311,2.0832894820374888
"Other berries, greenhouse",conventional,2312,0.0
"Other berries, greenhouse",conventional,2319,0.0
"Other berries, greenhouse",conventional,2331,0.0
"Other berries, greenhouse",conventional,2411,99.23788672559397
"Other berries, greenhouse",conventional,2412,42.77009221750964
"Other berries, greenhouse",conventional,2413,0.7713740784290757
"Other berries, greenhouse",conventional,2414,34.014914513384895
"Other berries, greenhouse",conventional,2415,0.0
"Other berries, greenhouse",conventional,2419,0.0
"Other berries, greenhouse",conventional,2511,45.562298172098224
"Other berries, greenhouse",conventional,2512,34.37215844446335
"Other berries, greenhouse",conventional,2519,0.0
"Other berries, greenhouse",conventional,2521,0.0
"Other berries, greenhouse",conventional,311,20.703051239844854
"Other berries, greenhouse",conventional,312,0.5440425064056822
"Other berries, greenhouse",conventional,321,317.557973901142
"Other berries, greenhouse",conventional,322,126.64401474919904
"Other berries, greenhouse",conventional,411,12.998983460526645
"Other berries, greenhouse",conventional,421,617.2907567503619
"Other berries, greenhouse",conventional,422,28.571810044092707
"Other berries, greenhouse",conventional,431,38.88585511691354
"Other berries, greenhouse",conventional,511,0.26094975943431403
"Other berries, greenhouse",conventional,512,3.166793875918954
"Other berries, greenhouse",conventional,513,295.9967422465099
"Other berries, greenhouse",conventional,514,43.81304939238238
"Other berries, greenhouse",conventional,515,63.88183255843523
"Other berries, greenhouse",conventional,521,1.4463118269460924
"Other berries, greenhouse",conventional,611,2.2097972242800528
"Other berries, greenhouse",conventional,612,28.587418017314057
"Other berries, greenhouse",conventional,621,7.60734434074934
"Other berries, greenhouse",conventional,622,3.4188650439761137
"Other berries, greenhouse",conventional,711,4.632383929163296
"Other berries, greenhouse",conventional,731,14.74909841035068
"Other berries, greenhouse",conventional,811,209.0840814458153
"Other berries, greenhouse",conventional,812,112.7911858235657
"Other berries, greenhouse",conventional,813,0.24824518394550793
"Other berries, greenhouse",conventional,814,0.40300438404956096
"Other berries, greenhouse",conventional,821,4.00859926722462
"Other berries, greenhouse",conventional,831,20.636441129458422
"Other berries, greenhouse",conventional,911,11.665935941380758
"Other berries, greenhouse",conventional,912,242.21141953221183
"Other berries, greenhouse",conventional,913,25.67356920616972
"Other berries, greenhouse",organic,1011,218.7964357344906
"Other berries, greenhouse",organic,111,8.577924482119696
"Other berries, greenhouse",organic,1111,666.8713346140687
"Other berries, greenhouse",organic,1112,15.587126409419938
"Other berries, greenhouse",organic,112,18.389493855818003
"Other berries, greenhouse",organic,1121,183.0749565081656
"Other berries, greenhouse",organic,1122,0.6229943765703816
"Other berries, greenhouse",organic,1123,44.00740969444436
"Other berries, greenhouse",organic,1124,6.326312117062515
"Other berries, greenhouse",organic,1131,0.3020280307652611
"Other berries, greenhouse",organic,1211,492.93458462494823
"Other berries, greenhouse",organic,1212,30.102036421780205
"Other berries, greenhouse",organic,1213,4.3415242024343
"Other berries, greenhouse",organic,1214,51.12716671764592
"Other berries, greenhouse",organic,1215,10.087271779759451
"Other berries, greenhouse",organic,1216,83.5257129185953
"Other berries, greenhouse",organic,1221,0.667083787304116
"Other berries, greenhouse",organic,1222,211.66404392401083
"Other berries, greenhouse",organic,1311,33.28385131595687
"Other berries, greenhouse",organic,1321,42.226912418609984
"Other berries, greenhouse",organic,1322,0.668816413979723
"Other berries, greenhouse",organic,1331,34.30599404779658
"Other berries, greenhouse",organic,1411,0.4880645576154436
"Other berries, greenhouse",organic,1412,1.9746929689744814
"Other berries, greenhouse",organic,1421,0.6095304488948828
"Other berries, greenhouse",organic,1511,0.9943818704302942
"Other berries, greenhouse",organic,1512,0.14200658795145052
"Other berries, greenhouse",organic,1521,0.36126155031187657
"Other berries, greenhouse",organic,1522,0.0518654552798036
"Other berries, greenhouse",organic,1611,0.5985029023333311
"Other berries, greenhouse",organic,1612,5.774353655619433
"Other berries, greenhouse",organic,1613,1.9887544797289127
"Other berries, greenhouse",organic,1614,3.7506951642345427
"Other berries, greenhouse",organic,1615,34.33376437027178
"Other berries, greenhouse",organic,1616,3.5503093213330574
"Other berries, greenhouse",organic,1617,0.42221990201525994
"Other berries, greenhouse",organic,1621,0.5163818999611864
"Other berries, greenhouse",organic,1622,9.521674338381942
"Other berries, greenhouse",organic,1623,36.86589377083962
"Other berries, greenhouse",organic,1711,1.9728602729267348
"Other berries, greenhouse",organic,1712,0.42198032250084244
"Other berries, greenhouse",organic,1713,0.3631467633721577
"Other berries, greenhouse",organic,1721,0.0
"Other berries, greenhouse",organic,1722,0.48729625069396826
"Other berries, greenhouse",organic,1723,1.7384022978472062
"Other berries, greenhouse",organic,1724,0.3930420489502314
"Other berries, greenhouse",organic,1811,2.1656887739143817
"Other berries, greenhouse",organic,1812,9.50767937041932
"Other berries, greenhouse",organic,1813,0.24295864939881123
"Other berries, greenhouse",organic,1821,1.5473531907566116
"Other berries, greenhouse",organic,1911,0.46340723286801044
"Other berries, greenhouse",organic,1912,0.013744766446943793
"Other berries, greenhouse",organic,1921,0.4750008060759824
"Other berries, greenhouse",organic,1922,2.2987887623187664
"Other berries, greenhouse",organic,2011,4.499269080936817
"Other berries, greenhouse",organic,2012,4.309773012401061
"Other berries, greenhouse",organic,2019,0.0
"Other berries, greenhouse",organic,2111,1.8079858083775533
"Other berries, greenhouse",organic,2121,3.9164680374941643
"Other berries, greenhouse",organic,2122,0.16744942448803277
"Other berries, greenhouse",organic,2211,5.224154761053059
"Other berries, greenhouse",organic,2212,10.750990415962669
"Other berries, greenhouse",organic,2221,13.645355387819865
"Other berries, greenhouse",organic,2311,0.38257861515618674
"Other berries, greenhouse",organic,2312,0.0
"Other berries, greenhouse",organic,2319,0.0
"Other berries, greenhouse",organic,2331,0.0
"Other berries, greenhouse",organic,2411,18.2242043661511
"Other berries, greenhouse",organic,2412,7.854368195952322
"Other berries, greenhouse",organic,2413,0.1416563704839292
"Other berries, greenhouse",organic,2414,6.246553348149959
"Other berries, greenhouse",organic,2415,0.0
"Other berries, greenhouse",organic,2419,0.0
"Other berries, greenhouse",organic,2511,8.367133366874514
"Other berries, greenhouse",organic,2512,6.3121581954855674
"Other berries, greenhouse",organic,2519,0.0
"Other berries, greenhouse",organic,2521,0.0
"Other berries, greenhouse",organic,311,3.8019414685956203
"Other berries, greenhouse",organic,312,0.0999088367129966
"Other berries, greenhouse",organic,321,58.316854635143386
"Other berries, greenhouse",organic,322,23.25710958478135
"Other berries, greenhouse",organic,411,2.387154129872849
"Other berries, greenhouse",organic,421,113.36026265312765
"Other berries, greenhouse",organic,422,5.2469729307537065
"Other berries, greenhouse",organic,431,7.1410606773875065
"Other berries, greenhouse",organic,511,0.04792123151895385
"Other berries, greenhouse",organic,512,0.5815550963897991
"Other berries, greenhouse",organic,513,54.357315541506054
"Other berries, greenhouse",organic,514,8.045898520984146
"Other berries, greenhouse",organic,515,11.7313619852499
"Other berries, greenhouse",organic,521,0.2656030189793342
"Other berries, greenhouse",organic,611,0.40581069943972126
"Other berries, greenhouse",organic,612,5.249839203939408
"Other berries, greenhouse",organic,621,1.3970248916409418
"Other berries, greenhouse",organic,622,0.6278458491764899
"Other berries, greenhouse",organic,711,0.8506983997047689
"Other berries, greenhouse",organic,731,2.7085480406283446
"Other berries, greenhouse",organic,811,38.39653539291662
"Other berries, greenhouse",organic,812,20.71315390696499
"Other berries, greenhouse",organic,813,0.04558814294026
"Other berries, greenhouse",organic,814,0.07400837016695434
"Other berries, greenhouse",organic,821,0.7361455859082106
"Other berries, greenhouse",organic,831,3.7897090813029433
"Other berries, greenhouse",organic,911,2.142351149677585
"Other berries, greenhouse",organic,912,44.48009278529072
"Other berries, greenhouse",organic,913,4.7147353441283215
Other crops for fodder,conventional,1011,146.16068530452426
Other crops for fodder,conventional,111,38.17005114371615
Other crops for fodder,conventional,1111,65.59743342455836
Other crops for fodder,conventional,1112,212.79486543123517
Other crops for fodder,conventional,112,37.945478094504736
Other crops for fodder,conventional,1121,55.85539544301305
Other crops for fodder,conventional,1122,131.36587537710076
Other crops for fodder,conventional,1123,46.16460651363026
Other crops for fodder,conventional,1124,128.54877494711275
Other crops for fodder,conventional,1131,203.24592715874803
Other crops for fodder,conventional,1211,28.083563495246548
Other crops for fodder,conventional,1212,39.54618551190458
Other crops for fodder,conventional,1213,27.239569502081622
Other crops for fodder,conventional,1214,13.114960458835988
Other crops for fodder,conventional,1215,110.32276402079665
Other crops for fodder,conventional,1216,20.789676122438955
Other crops for fodder,conventional,1221,163.15628362750624
Other crops for fodder,conventional,1222,23.004378332701936
Other crops for fodder,conventional,1311,94.67844380051127
Other crops for fodder,conventional,1321,73.51256241966485
Other crops for fodder,conventional,1322,281.5666739947571
Other crops for fodder,conventional,1331,115.59889618056982
Other crops for fodder,conventional,1411,39.394789390522085
Other crops for fodder,conventional,1412,64.0336357174203
Other crops for fodder,conventional,1421,35.67981331261237
Other crops for fodder,conventional,1511,920.7457899551324
Other crops for fodder,conventional,1512,154.90296364805417
Other crops for fodder,conventional,1521,86.66384993565457
Other crops for fodder,conventional,1522,86.07570276793312
Other crops for fodder,conventional,1611,148.53543613782148
Other crops for fodder,conventional,1612,114.22699327670806
Other crops for fodder,conventional,1613,293.1066742395711
Other crops for fodder,conventional,1614,178.07748516198754
Other crops for fodder,conventional,1615,40.080343425113995
Other crops for fodder,conventional,1616,52.23502363272627
Other crops for fodder,conventional,1617,151.39055502339684
Other crops for fodder,conventional,1621,146.19954466425727
Other crops for fodder,conventional,1622,55.75817305016909
Other crops for fodder,conventional,1623,28.18366317296961
Other crops for fodder,conventional,1711,82.46065193719768
Other crops for fodder,conventional,1712,84.83588528374003
Other crops for fodder,conventional,1713,101.03984086696248
Other crops for fodder,conventional,1721,127.85204585071064
Other crops for fodder,conventional,1722,43.86033575611939
Other crops for fodder,conventional,1723,9.395219046633613
Other crops for fodder,conventional,1724,46.62121629147465
Other crops for fodder,conventional,1811,49.83352857739224
Other crops for fodder,conventional,1812,41.60595147331532
Other crops for fodder,conventional,1813,15.841834060131669
Other crops for fodder,conventional,1821,2.6657425921964446
Other crops for fodder,conventional,1911,28.16429728641769
Other crops for fodder,conventional,1912,47.483990781217024
Other crops for fodder,conventional,1921,13.935256845032196
Other crops for fodder,conventional,1922,45.24989522675907
Other crops for fodder,conventional,2011,255.7740397859809
Other crops for fodder,conventional,2012,175.49394219084206
Other crops for fodder,conventional,2019,0.0
Other crops for fodder,conventional,2111,776.1246179314037
Other crops for fodder,conventional,2121,200.12584447899428
Other crops for fodder,conventional,2122,83.68350919910938
Other crops for fodder,conventional,2211,251.86718830293634
Other crops for fodder,conventional,2212,350.28959753632944
Other crops for fodder,conventional,2221,386.09341892274296
Other crops for fodder,conventional,2311,581.6572662459904
Other crops for fodder,conventional,2312,266.94401394969054
Other crops for fodder,conventional,2319,47.421125031195416
Other crops for fodder,conventional,2331,66.6583809195968
Other crops for fodder,conventional,2411,530.5067344993516
Other crops for fodder,conventional,2412,462.0671210131664
Other crops for fodder,conventional,2413,523.8726121912295
Other crops for fodder,conventional,2414,642.1256304113649
Other crops for fodder,conventional,2415,67.67906507855065
Other crops for fodder,conventional,2419,0.0
Other crops for fodder,conventional,2511,570.3074400864862
Other crops for fodder,conventional,2512,299.70670417070806
Other crops for fodder,conventional,2519,0.0
Other crops for fodder,conventional,2521,36.14123791338834
Other crops for fodder,conventional,311,78.84503259410236
Other crops for fodder,conventional,312,111.14391437424345
Other crops for fodder,conventional,321,49.29802200220648
Other crops for fodder,conventional,322,55.23031895143316
Other crops for fodder,conventional,411,63.76390265993109
Other crops for fodder,conventional,421,69.10161026221023
Other crops for fodder,conventional,422,6.564567743507911
Other crops for fodder,conventional,431,52.268802689613416
Other crops for fodder,conventional,511,315.81551057969466
Other crops for fodder,conventional,512,185.24284185263886
Other crops for fodder,conventional,513,45.52546984955955
Other crops for fodder,conventional,514,115.76932173769413
Other crops for fodder,conventional,515,142.39250604477547
Other crops for fodder,conventional,521,93.0385633749023
Other crops for fodder,conventional,611,365.4017042491453
Other crops for fodder,conventional,612,533.6938135756421
Other crops for fodder,conventional,621,507.0690961075562
Other crops for fodder,conventional,622,801.3774862781321
Other crops for fodder,conventional,711,527.0292222684784
Other crops for fodder,conventional,731,241.09948148949803
Other crops for fodder,conventional,811,417.6620762393975
Other crops for fodder,conventional,812,779.7116406208547
Other crops for fodder,conventional,813,705.8320713717648
Other crops for fodder,conventional,814,820.3538445495402
Other crops for fodder,conventional,821,448.82873707503757
Other crops for fodder,conventional,831,557.1385097470377
Other crops for fodder,conventional,911,134.62274607668292
Other crops for fodder,conventional,912,171.1449103905885
Other crops for fodder,conventional,913,175.63966019123498
Other crops for fodder,organic,1011,29.85153930382082
Other crops for fodder,organic,111,26.84386269611256
Other crops for fodder,organic,1111,21.27388457544164
Other crops for fodder,organic,1112,69.69367826596718
Other crops for fodder,organic,112,31.48546895512479
Other crops for fodder,organic,1121,17.165282556986952
Other crops for fodder,organic,1122,42.85268862289923
Other crops for fodder,organic,1123,9.133941486369746
Other crops for fodder,organic,1124,45.12111398122236
Other crops for fodder,organic,1131,63.45007284125196
Other crops for fodder,organic,1211,7.8299445047534535
Other crops for fodder,organic,1212,11.469404488095416
Other crops for fodder,organic,1213,8.762106497918383
Other crops for fodder,organic,1214,3.372545541164011
Other crops for fodder,organic,1215,33.62081797920336
Other crops for fodder,organic,1216,3.440805877561045
Other crops for fodder,organic,1221,54.56296637249374
Other crops for fodder,organic,1222,6.466477667298064
Other crops for fodder,organic,1311,29.95372819948872
Other crops for fodder,organic,1321,22.6217094026733
Other crops for fodder,organic,1322,114.05727587204198
Other crops for fodder,organic,1331,45.699685286685195
Other crops for fodder,organic,1411,23.79281620947791
Other crops for fodder,organic,1412,37.902839082579696
Other crops for fodder,organic,1421,22.867762687387636
Other crops for fodder,organic,1511,538.6879546584858
Other crops for fodder,organic,1512,97.94189475194584
Other crops for fodder,organic,1521,49.868865899015354
Other crops for fodder,organic,1522,51.2342448320669
Other crops for fodder,organic,1611,73.04345186217851
Other crops for fodder,organic,1612,67.23959592653279
Other crops for fodder,organic,1613,174.2764201604289
Other crops for fodder,organic,1614,104.19046184795097
Other crops for fodder,organic,1615,25.467606574886005
Other crops for fodder,organic,1616,37.73580956727374
Other crops for fodder,organic,1617,98.83675896400082
Other crops for fodder,organic,1621,89.50935133574269
Other crops for fodder,organic,1622,44.314095749830905
Other crops for fodder,organic,1623,20.903122027030392
Other crops for fodder,organic,1711,66.45805476935861
Other crops for fodder,organic,1712,72.85017677779159
Other crops for fodder,organic,1713,94.16498863303752
Other crops for fodder,organic,1721,108.46195414928937
Other crops for fodder,organic,1722,22.89937864079865
Other crops for fodder,organic,1723,9.635874911955735
Other crops for fodder,organic,1724,39.29685370852535
Other crops for fodder,organic,1811,51.908287219039345
Other crops for fodder,organic,1812,51.658428326684685
Other crops for fodder,organic,1813,17.939648882312106
Other crops for fodder,organic,1821,6.2929485849854965
Other crops for fodder,organic,1911,20.385431616330536
Other crops for fodder,organic,1912,45.03827273075949
Other crops for fodder,organic,1921,12.73626166700575
Other crops for fodder,organic,1922,33.34701045307138
Other crops for fodder,organic,2011,198.68657716574324
Other crops for fodder,organic,2012,137.58192314702265
Other crops for fodder,organic,2019,0.0
Other crops for fodder,organic,2111,518.9848097207586
Other crops for fodder,organic,2121,137.15414383162852
Other crops for fodder,organic,2122,60.60866299117393
Other crops for fodder,organic,2211,122.04693969706365
Other crops for fodder,organic,2212,169.61273846367047
Other crops for fodder,organic,2221,213.0684210772571
Other crops for fodder,organic,2311,333.5803977540096
Other crops for fodder,organic,2312,153.3759860503094
Other crops for fodder,organic,2319,27.270874968804595
Other crops for fodder,organic,2331,39.049619080403225
Other crops for fodder,organic,2411,140.42686550064838
Other crops for fodder,organic,2412,122.32071898683363
Other crops for fodder,organic,2413,138.68601180877062
Other crops for fodder,organic,2414,171.7559995886352
Other crops for fodder,organic,2415,18.768934921449365
Other crops for fodder,organic,2419,0.0
Other crops for fodder,organic,2511,165.00948231351387
Other crops for fodder,organic,2512,86.60929582929195
Other crops for fodder,organic,2519,0.0
Other crops for fodder,organic,2521,10.244762086611669
Other crops for fodder,organic,311,69.0631842657077
Other crops for fodder,organic,312,78.34614132227846
Other crops for fodder,organic,321,42.28597029104615
Other crops for fodder,organic,322,45.05182012502224
Other crops for fodder,organic,411,58.90108694483989
Other crops for fodder,organic,421,60.66983916169635
Other crops for fodder,organic,422,9.89114818663867
Other crops for fodder,organic,431,45.25086666467903
Other crops for fodder,organic,511,167.43027088383425
Other crops for fodder,organic,512,103.23228791077328
Other crops for fodder,organic,513,40.87326015044046
Other crops for fodder,organic,514,73.72519426230583
Other crops for fodder,organic,515,85.3981599552245
Other crops for fodder,organic,521,57.52477732228834
Other crops for fodder,organic,611,155.57229575085466
Other crops for fodder,organic,612,227.54958887114083
Other crops for fodder,organic,621,157.18668985124364
Other crops for fodder,organic,622,306.9921207984078
Other crops for fodder,organic,711,121.29478333152156
Other crops for fodder,organic,731,60.569739104907676
Other crops for fodder,organic,811,61.1257193745968
Other crops for fodder,organic,812,111.9443937791451
Other crops for fodder,organic,813,101.44411782823515
Other crops for fodder,organic,814,121.32215545045975
Other crops for fodder,organic,821,88.95647779290441
Other crops for fodder,organic,831,105.43102381320494
Other crops for fodder,organic,911,47.62962352331708
Other crops for fodder,organic,912,57.738080809411464
Other crops for fodder,organic,913,62.67388620876498
Other fruit,conventional,1011,3.802462858841331
Other fruit,conventional,111,0.0
Other fruit,conventional,1111,8.168505504253899
Other fruit,conventional,1112,4.134388539578134
Other fruit,conventional,112,0.2630817801708853
Other fruit,conventional,1121,2.7989767200441706
Other fruit,conventional,1122,13.248529845591934
Other fruit,conventional,1123,0.35650342118417866
Other fruit,conventional,1124,0.4831973507097337
Other fruit,conventional,1131,0.0
Other fruit,conventional,1211,0.5014064142260758
Other fruit,conventional,1212,0.0018572477316108316
Other fruit,conventional,1213,0.0
Other fruit,conventional,1214,0.6593301630383958
Other fruit,conventional,1215,0.1304428576442668
Other fruit,conventional,1216,2.0723763079111164
Other fruit,conventional,1221,0.19584760864333184
Other fruit,conventional,1222,1.9512645585129618
Other fruit,conventional,1311,0.0
Other fruit,conventional,1321,0.0006780930675464671
Other fruit,conventional,1322,0.02970527551265446
Other fruit,conventional,1331,1.9019205598971525
Other fruit,conventional,1411,1.0225472160305191
Other fruit,conventional,1412,1.364485630740531
Other fruit,conventional,1421,0.0
Other fruit,conventional,1511,0.05401507959289689
Other fruit,conventional,1512,0.0
Other fruit,conventional,1521,0.6535671735231348
Other fruit,conventional,1522,0.0
Other fruit,conventional,1611,0.0
Other fruit,conventional,1612,0.0
Other fruit,conventional,1613,2.1574774920260698
Other fruit,conventional,1614,0.0
Other fruit,conventional,1615,0.0
Other fruit,conventional,1616,0.0
Other fruit,conventional,1617,0.0
Other fruit,conventional,1621,0.4443931268364449
Other fruit,conventional,1622,0.0
Other fruit,conventional,1623,3.3724577942285636
Other fruit,conventional,1711,0.0
Other fruit,conventional,1712,0.0
Other fruit,conventional,1713,0.0
Other fruit,conventional,1721,0.0
Other fruit,conventional,1722,0.0
Other fruit,conventional,1723,0.0
Other fruit,conventional,1724,0.0
Other fruit,conventional,1811,0.0
Other fruit,conventional,1812,0.0
Other fruit,conventional,1813,0.0
Other fruit,conventional,1821,0.0
Other fruit,conventional,1911,0.0
Other fruit,conventional,1912,0.0
Other fruit,conventional,1921,0.0
Other fruit,conventional,1922,0.0
Other fruit,conventional,2011,0.0
Other fruit,conventional,2012,0.0
Other fruit,conventional,2019,0.0
Other fruit,conventional,2111,0.0
Other fruit,conventional,2121,0.0
Other fruit,conventional,2122,0.0
Other fruit,conventional,2211,0.0
Other fruit,conventional,2212,0.0
Other fruit,conventional,2221,0.0
Other fruit,conventional,2311,0.0
Other fruit,conventional,2312,0.0
Other fruit,conventional,2319,0.0
Other fruit,conventional,2331,0.0
Other fruit,conventional,2411,0.0
Other fruit,conventional,2412,0.0
Other fruit,conventional,2413,0.0
Other fruit,conventional,2414,0.0
Other fruit,conventional,2415,0.0
Other fruit,conventional,2419,0.0
Other fruit,conventional,2511,0.0
Other fruit,conventional,2512,0.0
Other fruit,conventional,2519,0.0
Other fruit,conventional,2521,0.0
Other fruit,conventional,311,0.0011174977581617956
Other fruit,conventional,312,0.0
Other fruit,conventional,321,0.7088950300516158
Other fruit,conventional,322,0.0
Other fruit,conventional,411,0.0
Other fruit,conventional,421,0.015244212778322119
Other fruit,conventional,422,0.0
Other fruit,conventional,431,0.009303765098695542
Other fruit,conventional,511,0.0
Other fruit,conventional,512,0.0
Other fruit,conventional,513,0.0
Other fruit,conventional,514,0.0
Other fruit,conventional,515,0.0
Other fruit,conventional,521,0.0
Other fruit,conventional,611,0.0
Other fruit,conventional,612,2.439316233979011
Other fruit,conventional,621,0.08062498801006303
Other fruit,conventional,622,0.1637907966989402
Other fruit,conventional,711,0.0
Other fruit,conventional,731,4.232825418466932
Other fruit,conventional,811,0.0032520825801397105
Other fruit,conventional,812,0.0
Other fruit,conventional,813,0.0
Other fruit,conventional,814,1.308095176663759e-05
Other fruit,conventional,821,0.0
Other fruit,conventional,831,0.13363347967612063
Other fruit,conventional,911,0.0
Other fruit,conventional,912,1.904566894584811
Other fruit,conventional,913,0.0
Other fruit,organic,1011,0.018759757752673377
Other fruit,organic,111,0.0
Other fruit,organic,1111,0.8887991985877867
Other fruit,organic,1112,0.4466157921333527
Other fruit,organic,112,0.0014923565036678438
Other fruit,organic,1121,0.30455121372515453
Other fruit,organic,1122,1.4415467680221665
Other fruit,organic,1123,0.03879044396521389
Other fruit,organic,1124,0.02867897066021319
Other fruit,organic,1131,0.0
Other fruit,organic,1211,0.05455705684458825
Other fruit,organic,1212,0.00020208351387840148
Other fruit,organic,1213,0.0
Other fruit,organic,1214,0.07174043283781889
Other fruit,organic,1215,0.014193233667449755
Other fruit,organic,1216,0.2254912359041075
Other fruit,organic,1221,0.02130979743073908
Other fruit,organic,1222,0.2123133019786682
Other fruit,organic,1311,0.0
Other fruit,organic,1321,1.1780599129806064e-05
Other fruit,organic,1322,0.00018167170766373244
Other fruit,organic,1331,0.04303627189271861
Other fruit,organic,1411,0.05467000543781981
Other fruit,organic,1412,0.07295158177828867
Other fruit,organic,1421,0.0
Other fruit,organic,1511,0.0027795164483521463
Other fruit,organic,1512,0.0
Other fruit,organic,1521,0.031781819117828666
Other fruit,organic,1522,0.0
Other fruit,organic,1611,0.0
Other fruit,organic,1612,0.0
Other fruit,organic,1613,0.11534851826100787
Other fruit,organic,1614,0.0
Other fruit,organic,1615,0.0
Other fruit,organic,1616,0.0
Other fruit,organic,1617,0.0
Other fruit,organic,1621,0.0237592692834177
Other fruit,organic,1622,0.0
Other fruit,organic,1623,0.18030686804372523
Other fruit,organic,1711,0.0
Other fruit,organic,1712,0.0
Other fruit,organic,1713,0.0
Other fruit,organic,1721,0.0
Other fruit,organic,1722,0.0
Other fruit,organic,1723,0.0
Other fruit,organic,1724,0.0
Other fruit,organic,1811,0.0
Other fruit,organic,1812,0.0
Other fruit,organic,1813,0.0
Other fruit,organic,1821,0.0
Other fruit,organic,1911,0.0
Other fruit,organic,1912,0.0
Other fruit,organic,1921,0.0
Other fruit,organic,1922,0.0
Other fruit,organic,2011,0.0
Other fruit,organic,2012,0.0
Other fruit,organic,2019,0.0
Other fruit,organic,2111,0.0
Other fruit,organic,2121,0.0
Other fruit,organic,2122,0.0
Other fruit,organic,2211,0.0
Other fruit,organic,2212,0.0
Other fruit,organic,2221,0.0
Other fruit,organic,2311,0.0
Other fruit,organic,2312,0.0
Other fruit,organic,2319,0.0
Other fruit,organic,2331,0.0
Other fruit,organic,2411,0.0
Other fruit,organic,2412,0.0
Other fruit,organic,2413,0.0
Other fruit,organic,2414,0.0
Other fruit,organic,2415,0.0
Other fruit,organic,2419,0.0
Other fruit,organic,2511,0.0
Other fruit,organic,2512,0.0
Other fruit,organic,2519,0.0
Other fruit,organic,2521,0.0
Other fruit,organic,311,7.351977136749741e-08
Other fruit,organic,312,0.0
Other fruit,organic,321,0.0008233107408736502
Other fruit,organic,322,0.0
Other fruit,organic,411,0.0
Other fruit,organic,421,3.5062260607641645e-05
Other fruit,organic,422,0.0
Other fruit,organic,431,6.911117398947553e-06
Other fruit,organic,511,0.0
Other fruit,organic,512,0.0
Other fruit,organic,513,0.0
Other fruit,organic,514,0.0
Other fruit,organic,515,0.0
Other fruit,organic,521,0.0
Other fruit,organic,611,0.0
Other fruit,organic,612,0.003294455285162975
Other fruit,organic,621,0.00012443539179543984
Other fruit,organic,622,0.00022359558553554143
Other fruit,organic,711,0.0
Other fruit,organic,731,0.1439634616080879
Other fruit,organic,811,2.5905368520678034e-07
Other fruit,organic,812,0.0
Other fruit,organic,813,0.0
Other fruit,organic,814,2.50996953518908e-11
Other fruit,organic,821,0.0
Other fruit,organic,831,0.0002242837272425616
Other fruit,organic,911,0.0
Other fruit,organic,912,0.09543310541518886
Other fruit,organic,913,0.0
Other root vegetables,conventional,1011,8.833220729566497
Other root vegetables,conventional,111,0.14857179727480635
Other root vegetables,conventional,1111,184.87079581189306
Other root vegetables,conventional,1112,4.21180501579903
Other root vegetables,conventional,112,0.3008907195341097
Other root vegetables,conventional,1121,50.75223831967399
Other root vegetables,conventional,1122,0.17270717783896605
Other root vegetables,conventional,1123,12.199781921261055
Other root vegetables,conventional,1124,2.373814979678786
Other root vegetables,conventional,1131,0.09028822890884887
Other root vegetables,conventional,1211,136.65186103037007
Other root vegetables,conventional,1212,8.34491923704242
Other root vegetables,conventional,1213,1.2035620556476843
Other root vegetables,conventional,1214,14.173528697508852
Other root vegetables,conventional,1215,2.7964044407069935
Other root vegetables,conventional,1216,23.15508887025816
Other root vegetables,conventional,1221,0.1849296921774178
Other root vegetables,conventional,1222,58.67773618975683
Other root vegetables,conventional,1311,16.765166804164537
Other root vegetables,conventional,1321,20.894527565609245
Other root vegetables,conventional,1322,0.10444548560618111
Other root vegetables,conventional,1331,15.149882675039484
Other root vegetables,conventional,1411,0.11201781626906959
Other root vegetables,conventional,1412,0.4532203593457729
Other root vegetables,conventional,1421,0.13989598049958873
Other root vegetables,conventional,1511,0.2296069663670435
Other root vegetables,conventional,1512,0.03259254873138469
Other root vegetables,conventional,1521,0.09379047741891564
Other root vegetables,conventional,1522,0.011903865891492157
Other root vegetables,conventional,1611,0.05617609539605081
Other root vegetables,conventional,1612,1.3202213132076743
Other root vegetables,conventional,1613,0.4564476777477711
Other root vegetables,conventional,1614,0.8087644904111055
Other root vegetables,conventional,1615,7.880091371201291
Other root vegetables,conventional,1616,0.8148469112334237
Other root vegetables,conventional,1617,0.11349164275793173
Other root vegetables,conventional,1621,0.11851705249226836
Other root vegetables,conventional,1622,2.185360829767889
Other root vegetables,conventional,1623,8.46125138689292
Other root vegetables,conventional,1711,3.4185828539763374
Other root vegetables,conventional,1712,0.6705070329147789
Other root vegetables,conventional,1713,0.6411189733209625
Other root vegetables,conventional,1721,0.0
Other root vegetables,conventional,1722,0.6183240620023109
Other root vegetables,conventional,1723,1.4482236372931825
Other root vegetables,conventional,1724,0.335298033612679
Other root vegetables,conventional,1811,0.3347105663277555
Other root vegetables,conventional,1812,0.9853882321502319
Other root vegetables,conventional,1813,0.03220635581529813
Other root vegetables,conventional,1821,0.25359457664905843
Other root vegetables,conventional,1911,0.4629160846914422
Other root vegetables,conventional,1912,0.017063002874763675
Other root vegetables,conventional,1921,0.4014244393433294
Other root vegetables,conventional,1922,0.6995758418028608
Other root vegetables,conventional,2011,2.1983759185552363
Other root vegetables,conventional,2012,2.0752574780837465
Other root vegetables,conventional,2019,0.0
Other root vegetables,conventional,2111,0.557509561581773
Other root vegetables,conventional,2121,1.208088021387991
Other root vegetables,conventional,2122,0.06417653769017495
Other root vegetables,conventional,2211,0.17250343452233935
Other root vegetables,conventional,2212,0.3602750613533639
Other root vegetables,conventional,2221,0.6536018203636871
Other root vegetables,conventional,2311,0.00020975844406093298
Other root vegetables,conventional,2312,0.0
Other root vegetables,conventional,2319,0.0
Other root vegetables,conventional,2331,0.0
Other root vegetables,conventional,2411,1.1131114501320867
Other root vegetables,conventional,2412,0.47973491719102596
Other root vegetables,conventional,2413,0.008652192699434484
Other root vegetables,conventional,2414,0.378219416948451
Other root vegetables,conventional,2415,0.0
Other root vegetables,conventional,2419,0.0
Other root vegetables,conventional,2511,0.00013585461466934963
Other root vegetables,conventional,2512,0.0
Other root vegetables,conventional,2519,0.0
Other root vegetables,conventional,2521,0.0
Other root vegetables,conventional,311,0.7348687696984558
Other root vegetables,conventional,312,0.01865615943223101
Other root vegetables,conventional,321,2.2895425482021756
Other root vegetables,conventional,322,0.5952522605029159
Other root vegetables,conventional,411,0.40412440634535196
Other root vegetables,conventional,421,3.488085757247024
Other root vegetables,conventional,422,1.0974447745022473
Other root vegetables,conventional,431,0.48205681963660263
Other root vegetables,conventional,511,0.04342570304664278
Other root vegetables,conventional,512,0.549856496224244
Other root vegetables,conventional,513,51.67560728642091
Other root vegetables,conventional,514,7.648955583895484
Other root vegetables,conventional,515,11.152597379863627
Other root vegetables,conventional,521,0.18613958230011118
Other root vegetables,conventional,611,0.0009684627836507381
Other root vegetables,conventional,612,0.05327984698785987
Other root vegetables,conventional,621,0.0048778384727467565
Other root vegetables,conventional,622,0.0014595480188489098
Other root vegetables,conventional,711,0.0
Other root vegetables,conventional,731,0.2364103379042373
Other root vegetables,conventional,811,5.587235653186128
Other root vegetables,conventional,812,3.9017173901366404
Other root vegetables,conventional,813,0.008587395762759057
Other root vegetables,conventional,814,0.015767382887250016
Other root vegetables,conventional,821,0.3280744991713433
Other root vegetables,conventional,831,0.15750558925836558
Other root vegetables,conventional,911,8.504010235038539
Other root vegetables,conventional,912,176.56263510232787
Other root vegetables,conventional,913,18.715026072172712
Other root vegetables,organic,1011,0.15406212177534068
Other root vegetables,organic,111,0.0018454910686435374
Other root vegetables,organic,1111,76.63767711201561
Other root vegetables,organic,1112,1.7301260147669058
Other root vegetables,organic,112,0.003640075816077996
Other root vegetables,organic,1121,21.039200031425523
Other root vegetables,organic,1122,0.07159528292190459
Other root vegetables,organic,1123,5.057385854875313
Other root vegetables,organic,1124,0.47102658942369346
Other root vegetables,organic,1131,0.01387695976326056
Other root vegetables,organic,1211,56.648651056046376
Other root vegetables,organic,1212,3.459363190414537
Other root vegetables,organic,1213,0.49893332151203484
Other root vegetables,organic,1214,5.875597122234554
Other root vegetables,organic,1215,1.1592417269603283
Other root vegetables,organic,1216,9.598878051806988
Other root vegetables,organic,1221,0.07666209243745592
Other root vegetables,organic,1222,24.324693254148485
Other root vegetables,organic,1311,0.7003657218497955
Other root vegetables,organic,1321,1.0449998831382765
Other root vegetables,organic,1322,0.001719795677053179
Other root vegetables,organic,1331,0.8712347074194161
Other root vegetables,organic,1411,0.013648508040878606
Other root vegetables,organic,1412,0.05522140963685876
Other root vegetables,organic,1421,0.01704524760729914
Other root vegetables,organic,1511,0.026923306989138727
Other root vegetables,organic,1512,0.003971151003020054
Other root vegetables,organic,1521,0.010457651810428306
Other root vegetables,organic,1522,0.001450394363583327
Other root vegetables,organic,1611,0.0027922658978644763
Other root vegetables,organic,1612,0.16021729999736023
Other root vegetables,organic,1613,0.05561463352415845
Other root vegetables,organic,1614,0.0923572745780023
Other root vegetables,organic,1615,0.960128433358829
Other root vegetables,organic,1616,0.09928281938062862
Other root vegetables,organic,1617,0.011863797738203053
Other root vegetables,organic,1621,0.014440389911159195
Other root vegetables,organic,1622,0.2662693833065195
Other root vegetables,organic,1623,1.0309383046042344
Other root vegetables,organic,1711,0.04224708737921352
Other root vegetables,organic,1712,0.010427203149831565
Other root vegetables,organic,1713,0.007929894097415126
Other root vegetables,organic,1721,0.0
Other root vegetables,organic,1722,0.025784368488947298
Other root vegetables,organic,1723,0.017380549090932923
Other root vegetables,organic,1724,0.008510485797532153
Other root vegetables,organic,1811,0.004227033547238928
Other root vegetables,organic,1812,0.011420923098044497
Other root vegetables,organic,1813,0.0003717730789570008
Other root vegetables,organic,1821,0.0028082418836382584
Other root vegetables,organic,1911,0.0044833271489719
Other root vegetables,organic,1912,0.0001643283295146805
Other root vegetables,organic,1921,0.004368359816845759
Other root vegetables,organic,1922,0.009983541747791952
Other root vegetables,organic,2011,0.07167117505169426
Other root vegetables,organic,2012,0.0680227461675805
Other root vegetables,organic,2019,0.0
Other root vegetables,organic,2111,0.004089147069293887
Other root vegetables,organic,2121,0.009738278164151043
Other root vegetables,organic,2122,0.0013761558847998198
Other root vegetables,organic,2211,0.0051341313922317324
Other root vegetables,organic,2212,0.005292165502206127
Other root vegetables,organic,2221,0.007666848890254894
Other root vegetables,organic,2311,0.012799108458958099
Other root vegetables,organic,2312,0.0
Other root vegetables,organic,2319,0.0
Other root vegetables,organic,2331,0.0
Other root vegetables,organic,2411,0.005424967650096241
Other root vegetables,organic,2412,0.002338082503844593
Other root vegetables,organic,2413,4.2168163386749e-05
Other root vegetables,organic,2414,0.0018986965552517461
Other root vegetables,organic,2415,0.0
Other root vegetables,organic,2419,0.0
Other root vegetables,organic,2511,0.014507934378473884
Other root vegetables,organic,2512,0.0
Other root vegetables,organic,2519,0.0
Other root vegetables,organic,2521,0.0
Other root vegetables,organic,311,0.010590621247312
Other root vegetables,organic,312,0.0002688090831782569
Other root vegetables,organic,321,0.03143194372492929
Other root vegetables,organic,322,0.008057318269683662
Other root vegetables,organic,411,0.0022589271838030583
Other root vegetables,organic,421,0.028546888224562715
Other root vegetables,organic,422,0.006994936101466855
Other root vegetables,organic,431,0.0032485157935931742
Other root vegetables,organic,511,0.0005620000439098248
Other root vegetables,organic,512,0.006757244916448931
Other root vegetables,organic,513,0.618184951297886
Other root vegetables,organic,514,0.0915029253338383
Other root vegetables,organic,515,0.1334162911700817
Other root vegetables,organic,521,0.001989475341266535
Other root vegetables,organic,611,4.170884862417011e-06
Other root vegetables,organic,612,0.00017565315026769356
Other root vegetables,organic,621,1.739262771152326e-05
Other root vegetables,organic,622,5.546691245136136e-06
Other root vegetables,organic,711,0.0
Other root vegetables,organic,731,0.02580607325633271
Other root vegetables,organic,811,0.17497417960604658
Other root vegetables,organic,812,0.12344274768882785
Other root vegetables,organic,813,0.000271688495718869
Other root vegetables,organic,814,0.0004940012463819656
Other root vegetables,organic,821,0.009300979814839426
Other root vegetables,organic,831,0.0025434478934637096
Other root vegetables,organic,911,0.801999816289477
Other root vegetables,organic,912,16.65134413082127
Other root vegetables,organic,913,1.7649846433501226
Other vegetables,conventional,1011,17.886390412746966
Other vegetables,conventional,111,0.24022142947240666
Other vegetables,conventional,1111,65.85694779984574
Other vegetables,conventional,1112,1.5239590782778725
Other vegetables,conventional,112,0.5138438005931746
Other vegetables,conventional,1121,18.079586313594916
Other vegetables,conventional,1122,0.06152387425849852
Other vegetables,conventional,1123,4.345956307644695
Other vegetables,conventional,1124,0.9247069239171037
Other vegetables,conventional,1131,0.045681532659353444
Other vegetables,conventional,1211,48.67980601860916
Other vegetables,conventional,1212,2.972729728209871
Other vegetables,conventional,1213,0.4287476727980065
Other vegetables,conventional,1214,5.049068650741469
Other vegetables,conventional,1215,0.9961695705917973
Other vegetables,conventional,1216,8.248590440325678
Other vegetables,conventional,1221,0.06587792858728128
Other vegetables,conventional,1222,20.902904605841137
Other vegetables,conventional,1311,7.0752080090969605
Other vegetables,conventional,1321,8.777328781612322
Other vegetables,conventional,1322,0.044675184196574555
Other vegetables,conventional,1331,7.823153680907871
Other vegetables,conventional,1411,0.13602163404101308
Other vegetables,conventional,1412,0.5503390077770101
Other vegetables,conventional,1421,0.16987369060664345
Other vegetables,conventional,1511,0.27026575866460667
Other vegetables,conventional,1512,0.0395766663166814
Other vegetables,conventional,1521,0.09817101117568121
Other vegetables,conventional,1522,0.014454694296811905
Other vegetables,conventional,1611,0.06821383012377598
Other vegetables,conventional,1612,1.6031258803236048
Other vegetables,conventional,1613,0.5542578944080078
Other vegetables,conventional,1614,0.9820711669277709
Other vegetables,conventional,1615,9.568682379315854
Other vegetables,conventional,1616,0.9894569636405861
Other vegetables,conventional,1617,0.10673123932496593
Other vegetables,conventional,1621,0.14391356374061157
Other vegetables,conventional,1622,2.653652436146722
Other vegetables,conventional,1623,10.274376684084258
Other vegetables,conventional,1711,0.7330315811011586
Other vegetables,conventional,1712,0.14771493468800068
Other vegetables,conventional,1713,0.13738263714020624
Other vegetables,conventional,1721,0.0
Other vegetables,conventional,1722,0.16914721054456544
Other vegetables,conventional,1723,0.3223661620980332
Other vegetables,conventional,1724,0.04294885859867128
Other vegetables,conventional,1811,0.12331721589772802
Other vegetables,conventional,1812,0.3284627440500773
Other vegetables,conventional,1813,0.009510955023217669
Other vegetables,conventional,1821,0.05079202792884876
Other vegetables,conventional,1911,0.0042710539829732075
Other vegetables,conventional,1912,1.4989090338916054e-05
Other vegetables,conventional,1921,0.010286756881771376
Other vegetables,conventional,1922,0.10849688581749022
Other vegetables,conventional,2011,0.0
Other vegetables,conventional,2012,0.004080438750295905
Other vegetables,conventional,2019,0.0
Other vegetables,conventional,2111,0.0
Other vegetables,conventional,2121,0.003501167560840956
Other vegetables,conventional,2122,0.0
Other vegetables,conventional,2211,0.0
Other vegetables,conventional,2212,0.0
Other vegetables,conventional,2221,0.0
Other vegetables,conventional,2311,0.0
Other vegetables,conventional,2312,0.0
Other vegetables,conventional,2319,0.0
Other vegetables,conventional,2331,0.0
Other vegetables,conventional,2411,0.0
Other vegetables,conventional,2412,0.0
Other vegetables,conventional,2413,0.0
Other vegetables,conventional,2414,0.0
Other vegetables,conventional,2415,0.0
Other vegetables,conventional,2419,0.0
Other vegetables,conventional,2511,0.0
Other vegetables,conventional,2512,0.0
Other vegetables,conventional,2519,0.0
Other vegetables,conventional,2521,0.0
Other vegetables,conventional,311,0.15578694267973858
Other vegetables,conventional,312,0.004045358653706811
Other vegetables,conventional,321,1.7103913732387845
Other vegetables,conventional,322,0.6648650066159487
Other vegetables,conventional,411,0.2880699203001211
Other vegetables,conventional,421,4.170309904854161
Other vegetables,conventional,422,0.6098028593926935
Other vegetables,conventional,431,0.39636159927447384
Other vegetables,conventional,511,0.011831466643657756
Other vegetables,conventional,512,0.14564662782140847
Other vegetables,conventional,513,13.542572944027548
Other vegetables,conventional,514,2.0045538771588167
Other vegetables,conventional,515,2.9227496581711576
Other vegetables,conventional,521,0.05524340142963804
Other vegetables,conventional,611,0.0011759905230044674
Other vegetables,conventional,612,0.013962994383025343
Other vegetables,conventional,621,0.12245945930594392
Other vegetables,conventional,622,0.01514934866425299
Other vegetables,conventional,711,0.16622843239663937
Other vegetables,conventional,731,0.2652641963754768
Other vegetables,conventional,811,13.367367681971844
Other vegetables,conventional,812,9.446263155067657
Other vegetables,conventional,813,0.02079053710983771
Other vegetables,conventional,814,0.033034944148978944
Other vegetables,conventional,821,0.28304648514625114
Other vegetables,conventional,831,0.44812999037467094
Other vegetables,conventional,911,1.9448633272958094
Other vegetables,conventional,912,40.379795471832836
Other vegetables,conventional,913,4.280118070317525
Other vegetables,organic,1011,0.31196042103491567
Other vegetables,organic,111,0.002983920977735159
Other vegetables,organic,1111,27.300815571773263
Other vegetables,organic,1112,0.6260121816841846
Other vegetables,organic,112,0.0062163113394688215
Other vegetables,organic,1121,7.494842504112633
Other vegetables,organic,1122,0.025504551919063746
Other vegetables,organic,1123,1.8016041678486416
Other vegetables,organic,1124,0.18348588761879264
Other vegetables,organic,1131,0.007021079029891042
Other vegetables,organic,1211,20.180078952685072
Other vegetables,organic,1212,1.2323368872369067
Other vegetables,organic,1213,0.17773616198339487
Other vegetables,organic,1214,2.093077445101969
Other vegetables,organic,1215,0.4129593404115051
Other vegetables,organic,1216,3.4194303541493727
Other vegetables,organic,1221,0.027309513099178707
Other vegetables,organic,1222,8.665241293793688
Other vegetables,organic,1311,0.2955671853678037
Other vegetables,organic,1321,0.43898133242064813
Other vegetables,organic,1322,0.0007356200050859497
Other vegetables,organic,1331,0.44989147140475355
Other vegetables,organic,1411,0.016573188335352592
Other vegetables,organic,1412,0.06705456884475705
Other vegetables,organic,1421,0.0206978006660061
Other vegetables,organic,1511,0.03169088509948672
Other vegetables,organic,1512,0.004822111932238636
Other vegetables,organic,1521,0.010946081958485563
Other vegetables,organic,1522,0.0017611931557797546
Other vegetables,organic,1611,0.0033906085902640068
Other vegetables,organic,1612,0.19454957856822314
Other vegetables,organic,1613,0.06753205499362097
Other vegetables,organic,1614,0.11214811913043135
Other vegetables,organic,1615,1.1658702405071495
Other vegetables,organic,1616,0.1205577092479062
Other vegetables,organic,1617,0.011157102011466347
Other vegetables,organic,1621,0.017534759177836163
Other vegetables,organic,1622,0.32332710830077366
Other vegetables,organic,1623,1.2518536555908562
Other vegetables,organic,1711,0.009058855842116749
Other vegetables,organic,1712,0.0022971476161259743
Other vegetables,organic,1713,0.0016992630208746697
Other vegetables,organic,1721,0.0
Other vegetables,organic,1722,0.0070535084651813665
Other vegetables,organic,1723,0.0038688091820353572
Other vegetables,organic,1724,0.0010901216663454568
Other vegetables,organic,1811,0.001557363468595633
Other vegetables,organic,1812,0.0038069743660148325
Other vegetables,organic,1813,0.0001097894171287648
Other vegetables,organic,1821,0.0005624580070657708
Other vegetables,organic,1911,4.1365018217830674e-05
Other vegetables,organic,1912,1.4435514044141103e-07
Other vegetables,organic,1921,0.00011194200204028602
Other vegetables,organic,1922,0.0015483427590536625
Other vegetables,organic,2011,0.0
Other vegetables,organic,2012,0.00013374853592626674
Other vegetables,organic,2019,0.0
Other vegetables,organic,2111,0.0
Other vegetables,organic,2121,2.822256574284942e-05
Other vegetables,organic,2122,0.0
Other vegetables,organic,2211,0.0
Other vegetables,organic,2212,0.0
Other vegetables,organic,2221,0.0
Other vegetables,organic,2311,0.0
Other vegetables,organic,2312,0.0
Other vegetables,organic,2319,0.0
Other vegetables,organic,2331,0.0
Other vegetables,organic,2411,0.0
Other vegetables,organic,2412,0.0
Other vegetables,organic,2413,0.0
Other vegetables,organic,2414,0.0
Other vegetables,organic,2415,0.0
Other vegetables,organic,2419,0.0
Other vegetables,organic,2511,0.0
Other vegetables,organic,2512,0.0
Other vegetables,organic,2519,0.0
Other vegetables,organic,2521,0.0
Other vegetables,organic,311,0.002245136238235874
Other vegetables,organic,312,5.828794263794059e-05
Other vegetables,organic,321,0.023481077228051886
Other vegetables,organic,322,0.008999594491508512
Other vegetables,organic,411,0.0016102194363530509
Other vegetables,organic,421,0.03413028778558999
Other vegetables,organic,422,0.0038867851349315744
Other vegetables,organic,431,0.002671027278874763
Other vegetables,organic,511,0.00015311864418433036
Other vegetables,organic,512,0.0017898668874556224
Other vegetables,organic,513,0.16200709068496322
Other vegetables,organic,514,0.023980076984040387
Other vegetables,organic,515,0.03496426941009037
Other vegetables,organic,521,0.0005904460703836429
Other vegetables,organic,611,5.064645904363514e-06
Other vegetables,organic,612,4.603323938049901e-05
Other vegetables,organic,621,0.0004366466412044498
Other vegetables,organic,622,5.7571767780409963e-05
Other vegetables,organic,711,0.0005747767429320528
Other vegetables,organic,731,0.028955701957165077
Other vegetables,organic,811,0.41862279288535437
Other vegetables,organic,812,0.2988613891413727
Other vegetables,organic,813,0.0006577721475298935
Other vegetables,organic,814,0.0010350039509061776
Other vegetables,organic,821,0.008024426316754346
Other vegetables,organic,831,0.007236538623062429
Other vegetables,organic,911,0.1834169983442302
Other vegetables,organic,912,3.808154935748361
Other vegetables,organic,913,0.40365119646123887
"Other vegetables, greenhouse",conventional,1011,0.9345852426150687
"Other vegetables, greenhouse",conventional,111,24.39850731090083
"Other vegetables, greenhouse",conventional,1111,1416.8350825368275
"Other vegetables, greenhouse",conventional,1112,32.08674081277343
"Other vegetables, greenhouse",conventional,112,47.203911939369384
"Other vegetables, greenhouse",conventional,1121,388.9611198609777
"Other vegetables, greenhouse",conventional,1122,1.3236140813563386
"Other vegetables, greenhouse",conventional,1123,93.4981588056172
"Other vegetables, greenhouse",conventional,1124,25.250014016485753
"Other vegetables, greenhouse",conventional,1131,0.8649857022449889
"Other vegetables, greenhouse",conventional,1211,1047.2889996036897
"Other vegetables, greenhouse",conventional,1212,63.95479764152961
"Other vegetables, greenhouse",conventional,1213,9.2240039156151
"Other vegetables, greenhouse",conventional,1214,108.62479719298733
"Other vegetables, greenhouse",conventional,1215,21.43142132945024
"Other vegetables, greenhouse",conventional,1216,177.45876035510244
"Other vegetables, greenhouse",conventional,1221,1.4172864596001595
"Other vegetables, greenhouse",conventional,1222,449.7015054886241
"Other vegetables, greenhouse",conventional,1311,213.8908469933762
"Other vegetables, greenhouse",conventional,1321,264.2623863986439
"Other vegetables, greenhouse",conventional,1322,1.3181113946500995
"Other vegetables, greenhouse",conventional,1331,261.30107782797626
"Other vegetables, greenhouse",conventional,1411,5.826036819389118
"Other vegetables, greenhouse",conventional,1412,23.571951219819752
"Other vegetables, greenhouse",conventional,1421,7.2759777008810955
"Other vegetables, greenhouse",conventional,1511,11.482063508307736
"Other vegetables, greenhouse",conventional,1512,1.6951356067384122
"Other vegetables, greenhouse",conventional,1521,4.080816781464574
"Other vegetables, greenhouse",conventional,1522,0.6191190230875191
"Other vegetables, greenhouse",conventional,1611,2.7338417508738555
"Other vegetables, greenhouse",conventional,1612,68.63485437916243
"Other vegetables, greenhouse",conventional,1613,23.739803767424938
"Other vegetables, greenhouse",conventional,1614,41.77705212918241
"Other vegetables, greenhouse",conventional,1615,409.8428624826335
"Other vegetables, greenhouse",conventional,1616,42.3801165308224
"Other vegetables, greenhouse",conventional,1617,4.993582379971553
"Other vegetables, greenhouse",conventional,1621,6.1640615264884895
"Other vegetables, greenhouse",conventional,1622,113.66042547460404
"Other vegetables, greenhouse",conventional,1623,440.0689440306192
"Other vegetables, greenhouse",conventional,1711,0.567915388428561
"Other vegetables, greenhouse",conventional,1712,0.6178314744405469
"Other vegetables, greenhouse",conventional,1713,0.0
"Other vegetables, greenhouse",conventional,1721,0.0
"Other vegetables, greenhouse",conventional,1722,1.7699525160816023
"Other vegetables, greenhouse",conventional,1723,14.287536223942427
"Other vegetables, greenhouse",conventional,1724,0.0
"Other vegetables, greenhouse",conventional,1811,32.489440347665976
"Other vegetables, greenhouse",conventional,1812,139.23621832827968
"Other vegetables, greenhouse",conventional,1813,3.4912710206111397
"Other vegetables, greenhouse",conventional,1821,21.51987984338468
"Other vegetables, greenhouse",conventional,1911,2.476864017639979
"Other vegetables, greenhouse",conventional,1912,0.006341606237449062
"Other vegetables, greenhouse",conventional,1921,17.289557406250196
"Other vegetables, greenhouse",conventional,1922,182.96839999089056
"Other vegetables, greenhouse",conventional,2011,0.0
"Other vegetables, greenhouse",conventional,2012,0.9357744555961662
"Other vegetables, greenhouse",conventional,2019,0.0
"Other vegetables, greenhouse",conventional,2111,0.0
"Other vegetables, greenhouse",conventional,2121,5.868195039056248
"Other vegetables, greenhouse",conventional,2122,0.0
"Other vegetables, greenhouse",conventional,2211,0.0
"Other vegetables, greenhouse",conventional,2212,0.0
"Other vegetables, greenhouse",conventional,2221,0.0
"Other vegetables, greenhouse",conventional,2311,0.0
"Other vegetables, greenhouse",conventional,2312,0.0
"Other vegetables, greenhouse",conventional,2319,0.0
"Other vegetables, greenhouse",conventional,2331,0.0
"Other vegetables, greenhouse",conventional,2411,0.0
"Other vegetables, greenhouse",conventional,2412,0.0
"Other vegetables, greenhouse",conventional,2413,0.0
"Other vegetables, greenhouse",conventional,2414,0.0
"Other vegetables, greenhouse",conventional,2415,0.0
"Other vegetables, greenhouse",conventional,2419,0.0
"Other vegetables, greenhouse",conventional,2511,0.0
"Other vegetables, greenhouse",conventional,2512,0.0
"Other vegetables, greenhouse",conventional,2519,0.0
"Other vegetables, greenhouse",conventional,2521,0.0
"Other vegetables, greenhouse",conventional,311,203.89770523702362
"Other vegetables, greenhouse",conventional,312,5.1690837559299965
"Other vegetables, greenhouse",conventional,321,488.41584760855966
"Other vegetables, greenhouse",conventional,322,121.75780415224145
"Other vegetables, greenhouse",conventional,411,45.97426355040774
"Other vegetables, greenhouse",conventional,421,468.4218351787738
"Other vegetables, greenhouse",conventional,422,97.47346925382213
"Other vegetables, greenhouse",conventional,431,53.702965988813745
"Other vegetables, greenhouse",conventional,511,0.6248227078759268
"Other vegetables, greenhouse",conventional,512,7.852285619619455
"Other vegetables, greenhouse",conventional,513,735.832641731819
"Other vegetables, greenhouse",conventional,514,108.91698209933094
"Other vegetables, greenhouse",conventional,515,158.80694244599363
"Other vegetables, greenhouse",conventional,521,4.082468943333005
"Other vegetables, greenhouse",conventional,611,0.045092427073452346
"Other vegetables, greenhouse",conventional,612,0.7521791822426434
"Other vegetables, greenhouse",conventional,621,0.05994922426475112
"Other vegetables, greenhouse",conventional,622,0.03945521577305747
"Other vegetables, greenhouse",conventional,711,0.0
"Other vegetables, greenhouse",conventional,731,1.013462571735126
"Other vegetables, greenhouse",conventional,811,222.1713553977723
"Other vegetables, greenhouse",conventional,812,168.24307412106262
"Other vegetables, greenhouse",conventional,813,0.3702907508045256
"Other vegetables, greenhouse",conventional,814,0.611629437993266
"Other vegetables, greenhouse",conventional,821,7.349852213832983
"Other vegetables, greenhouse",conventional,831,1.5920949223824117
"Other vegetables, greenhouse",conventional,911,43.18913662114693
"Other vegetables, greenhouse",conventional,912,896.7049143714484
"Other vegetables, greenhouse",conventional,913,95.04760643032446
"Other vegetables, greenhouse",organic,1011,0.17162872992350064
"Other vegetables, greenhouse",organic,111,4.480580936718119
"Other vegetables, greenhouse",organic,1111,260.1898624532521
"Other vegetables, greenhouse",organic,1112,5.892460443385204
"Other vegetables, greenhouse",organic,112,8.668601946790586
"Other vegetables, greenhouse",organic,1121,71.4294426526244
"Other vegetables, greenhouse",organic,1122,0.243070608579698
"Other vegetables, greenhouse",organic,1123,17.170151543472617
"Other vegetables, greenhouse",organic,1124,4.6369529911194505
"Other vegetables, greenhouse",organic,1131,0.1588473589235135
"Other vegetables, greenhouse",organic,1211,192.32582825927102
"Other vegetables, greenhouse",organic,1212,11.744761409902928
"Other vegetables, greenhouse",organic,1213,1.693910843720069
"Other vegetables, greenhouse",organic,1214,19.948031629800596
"Other vegetables, greenhouse",organic,1215,3.935700517736445
"Other vegetables, greenhouse",organic,1216,32.588810805874836
"Other vegetables, greenhouse",organic,1221,0.26027275405967154
"Other vegetables, greenhouse",organic,1222,82.58390429506048
"Other vegetables, greenhouse",organic,1311,39.279257512152675
"Other vegetables, greenhouse",organic,1321,48.52956763713119
"Other vegetables, greenhouse",organic,1322,0.2420600863849369
"Other vegetables, greenhouse",organic,1331,47.98574819111346
"Other vegetables, greenhouse",organic,1411,1.0699027271192905
"Other vegetables, greenhouse",organic,1412,4.328790853102164
"Other vegetables, greenhouse",organic,1421,1.3361721914843772
"Other vegetables, greenhouse",organic,1511,2.108584521747569
"Other vegetables, greenhouse",organic,1512,0.3112974161870481
"Other vegetables, greenhouse",organic,1521,0.7494077258201937
"Other vegetables, greenhouse",organic,1522,0.11369600840974817
"Other vegetables, greenhouse",organic,1611,0.5020470751297459
"Other vegetables, greenhouse",organic,1612,12.604214520463838
"Other vegetables, greenhouse",organic,1613,4.359615563622195
"Other vegetables, greenhouse",organic,1614,7.672004724594876
"Other vegetables, greenhouse",organic,1615,75.26419929260308
"Other vegetables, greenhouse",organic,1616,7.782752436623728
"Other vegetables, greenhouse",organic,1617,0.9170294613734691
"Other vegetables, greenhouse",organic,1621,1.1319781253995982
"Other vegetables, greenhouse",organic,1622,20.872782467854115
"Other vegetables, greenhouse",organic,1623,80.81496529028705
"Other vegetables, greenhouse",organic,1711,0.10429289098046575
"Other vegetables, greenhouse",organic,1712,0.11345956091526792
"Other vegetables, greenhouse",organic,1713,0.0
"Other vegetables, greenhouse",organic,1721,0.0
"Other vegetables, greenhouse",organic,1722,0.32503691317658295
"Other vegetables, greenhouse",organic,1723,2.6237860219040763
"Other vegetables, greenhouse",organic,1724,0.0
"Other vegetables, greenhouse",organic,1811,5.966412830565002
"Other vegetables, greenhouse",organic,1812,25.569562006102007
"Other vegetables, greenhouse",organic,1813,0.6411425986243715
"Other vegetables, greenhouse",organic,1821,3.9519451808289277
"Other vegetables, greenhouse",organic,1911,0.45485527286017385
"Other vegetables, greenhouse",organic,1912,0.0011645827203122408
"Other vegetables, greenhouse",organic,1921,3.175081997091157
"Other vegetables, greenhouse",organic,1922,33.600609847747755
"Other vegetables, greenhouse",organic,2011,0.0
"Other vegetables, greenhouse",organic,2012,0.17184711889889598
"Other vegetables, greenhouse",organic,2019,0.0
"Other vegetables, greenhouse",organic,2111,0.0
"Other vegetables, greenhouse",organic,2121,1.0776447300606804
"Other vegetables, greenhouse",organic,2122,0.0
"Other vegetables, greenhouse",organic,2211,0.0
"Other vegetables, greenhouse",organic,2212,0.0
"Other vegetables, greenhouse",organic,2221,0.0
"Other vegetables, greenhouse",organic,2311,0.0
"Other vegetables, greenhouse",organic,2312,0.0
"Other vegetables, greenhouse",organic,2319,0.0
"Other vegetables, greenhouse",organic,2331,0.0
"Other vegetables, greenhouse",organic,2411,0.0
"Other vegetables, greenhouse",organic,2412,0.0
"Other vegetables, greenhouse",organic,2413,0.0
"Other vegetables, greenhouse",organic,2414,0.0
"Other vegetables, greenhouse",organic,2415,0.0
"Other vegetables, greenhouse",organic,2419,0.0
"Other vegetables, greenhouse",organic,2511,0.0
"Other vegetables, greenhouse",organic,2512,0.0
"Other vegetables, greenhouse",organic,2519,0.0
"Other vegetables, greenhouse",organic,2521,0.0
"Other vegetables, greenhouse",organic,311,37.44410096421785
"Other vegetables, greenhouse",organic,312,0.9492588149755999
"Other vegetables, greenhouse",organic,321,89.69346805114594
"Other vegetables, greenhouse",organic,322,22.35979804950817
"Other vegetables, greenhouse",organic,411,8.44278734837103
"Other vegetables, greenhouse",organic,421,86.02173560457211
"Other vegetables, greenhouse",organic,422,17.900183917371383
"Other vegetables, greenhouse",organic,431,9.86209863532083
"Other vegetables, greenhouse",organic,511,0.11474344221405186
"Other vegetables, greenhouse",organic,512,1.44200630016467
"Other vegetables, greenhouse",organic,513,135.12948415846316
"Other vegetables, greenhouse",organic,514,20.001688933695373
"Other vegetables, greenhouse",organic,515,29.163561109498836
"Other vegetables, greenhouse",organic,521,0.7497111314702909
"Other vegetables, greenhouse",organic,611,0.00828084548620704
"Other vegetables, greenhouse",organic,612,0.1381313890234123
"Other vegetables, greenhouse",organic,621,0.011009171503359717
"Other vegetables, greenhouse",organic,622,0.00724561897964463
"Other vegetables, greenhouse",organic,711,0.0
"Other vegetables, greenhouse",organic,731,0.18611388890028238
"Other vegetables, greenhouse",organic,811,40.79990332996035
"Other vegetables, greenhouse",organic,812,30.89642743451317
"Other vegetables, greenhouse",organic,813,0.06800078619385588
"Other vegetables, greenhouse",organic,814,0.11232060901462837
"Other vegetables, greenhouse",organic,821,1.3497386252921404
"Other vegetables, greenhouse",organic,831,0.2923748599769961
"Other vegetables, greenhouse",organic,911,7.931322180991267
"Other vegetables, greenhouse",organic,912,164.67232581064906
"Other vegetables, greenhouse",organic,913,17.454694585439974
Pears,conventional,1011,1.7086114323899837
Pears,conventional,111,0.0
Pears,conventional,1111,23.550756129147604
Pears,conventional,1112,11.650287608980113
Pears,conventional,112,0.5261635603417706
Pears,conventional,1121,8.069777037010466
Pears,conventional,1122,38.19706007430402
Pears,conventional,1123,1.0278410325050347
Pears,conventional,1124,2.2612442291303534
Pears,conventional,1131,0.0
Pears,conventional,1211,1.4456132981582965
Pears,conventional,1212,0.005354662291137722
Pears,conventional,1213,0.0
Pears,conventional,1214,1.9009259246042058
Pears,conventional,1215,0.37608200515619783
Pears,conventional,1216,5.974903121509972
Pears,conventional,1221,0.5646515469976581
Pears,conventional,1222,5.6257237920763306
Pears,conventional,1311,0.0416395732683362
Pears,conventional,1321,0.041030060330920326
Pears,conventional,1322,0.04885131489302959
Pears,conventional,1331,0.8661833595119087
Pears,conventional,1411,0.22229287305011283
Pears,conventional,1412,0.29662731103055023
Pears,conventional,1421,0.0
Pears,conventional,1511,0.011844674541198903
Pears,conventional,1512,0.0
Pears,conventional,1521,0.14772279906955607
Pears,conventional,1522,0.0
Pears,conventional,1611,0.0
Pears,conventional,1612,0.0
Pears,conventional,1613,0.4690168460926239
Pears,conventional,1614,0.0
Pears,conventional,1615,0.0
Pears,conventional,1616,0.0
Pears,conventional,1617,0.0
Pears,conventional,1621,0.09660720148618367
Pears,conventional,1622,0.0
Pears,conventional,1623,0.73314299874534
Pears,conventional,1711,0.0
Pears,conventional,1712,0.0
Pears,conventional,1713,0.0
Pears,conventional,1721,0.0
Pears,conventional,1722,0.0
Pears,conventional,1723,0.0
Pears,conventional,1724,0.0
Pears,conventional,1811,0.0
Pears,conventional,1812,0.0
Pears,conventional,1813,0.0
Pears,conventional,1821,0.0
Pears,conventional,1911,0.0
Pears,conventional,1912,0.0
Pears,conventional,1921,0.0
Pears,conventional,1922,0.0
Pears,conventional,2011,0.0
Pears,conventional,2012,0.0
Pears,conventional,2019,0.0
Pears,conventional,2111,0.0
Pears,conventional,2121,0.0
Pears,conventional,2122,0.0
Pears,conventional,2211,0.0
Pears,conventional,2212,0.0
Pears,conventional,2221,0.0
Pears,conventional,2311,0.0
Pears,conventional,2312,0.0
Pears,conventional,2319,0.0
Pears,conventional,2331,0.0
Pears,conventional,2411,0.0
Pears,conventional,2412,0.0
Pears,conventional,2413,0.0
Pears,conventional,2414,0.0
Pears,conventional,2415,0.0
Pears,conventional,2419,0.0
Pears,conventional,2511,0.0
Pears,conventional,2512,0.0
Pears,conventional,2519,0.0
Pears,conventional,2521,0.0
Pears,conventional,311,0.002234995516323591
Pears,conventional,312,0.0
Pears,conventional,321,1.4177900601032316
Pears,conventional,322,0.0
Pears,conventional,411,0.0
Pears,conventional,421,0.030488425556644237
Pears,conventional,422,0.0
Pears,conventional,431,0.018607530197391083
Pears,conventional,511,0.0
Pears,conventional,512,0.0
Pears,conventional,513,0.0
Pears,conventional,514,0.0
Pears,conventional,515,0.0
Pears,conventional,521,0.0
Pears,conventional,611,0.0
Pears,conventional,612,1.951452987183209
Pears,conventional,621,0.002317053275268386
Pears,conventional,622,0.024700106413068072
Pears,conventional,711,0.0
Pears,conventional,731,0.6869775399493736
Pears,conventional,811,0.001445370035617649
Pears,conventional,812,0.0
Pears,conventional,813,0.0
Pears,conventional,814,1.0464761413310072e-05
Pears,conventional,821,0.0
Pears,conventional,831,0.008025404178631982
Pears,conventional,911,0.0
Pears,conventional,912,0.0
Pears,conventional,913,0.0
Pears,organic,1011,0.008429572557311301
Pears,organic,111,0.0
Pears,organic,1111,2.562511975149203
Pears,organic,1112,1.2585180079850364
Pears,organic,112,0.0029847130073356876
Pears,organic,1121,0.8780567460647313
Pears,organic,1122,4.1561478246872845
Pears,organic,1123,0.1118373838997076
Pears,organic,1124,0.13421049765184367
Pears,organic,1131,0.0
Pears,organic,1211,0.15729437168179988
Pears,organic,1212,0.0005826303906624042
Pears,organic,1213,0.0
Pears,organic,1214,0.2068360531168285
Pears,organic,1215,0.04092075161264735
Pears,organic,1216,0.6501175892300243
Pears,organic,1221,0.06143863674836463
Pears,organic,1222,0.6121240654449914
Pears,organic,1311,0.0006164860753708957
Pears,organic,1321,0.0007128205790088065
Pears,organic,1322,0.0002987651736963254
Pears,organic,1331,0.01959982102034731
Pears,organic,1411,0.011884783790830392
Pears,organic,1412,0.015859039517019276
Pears,organic,1421,0.0
Pears,organic,1511,0.000609505122657815
Pears,organic,1512,0.0
Pears,organic,1521,0.0071834992175319095
Pears,organic,1522,0.0
Pears,organic,1611,0.0
Pears,organic,1612,0.0
Pears,organic,1613,0.025075764839349535
Pears,organic,1614,0.0
Pears,organic,1615,0.0
Pears,organic,1616,0.0
Pears,organic,1617,0.0
Pears,organic,1621,0.005165058539873412
Pears,organic,1622,0.0
Pears,organic,1623,0.03919714522689678
Pears,organic,1711,0.0
Pears,organic,1712,0.0
Pears,organic,1713,0.0
Pears,organic,1721,0.0
Pears,organic,1722,0.0
Pears,organic,1723,0.0
Pears,organic,1724,0.0
Pears,organic,1811,0.0
Pears,organic,1812,0.0
Pears,organic,1813,0.0
Pears,organic,1821,0.0
Pears,organic,1911,0.0
Pears,organic,1912,0.0
Pears,organic,1921,0.0
Pears,organic,1922,0.0
Pears,organic,2011,0.0
Pears,organic,2012,0.0
Pears,organic,2019,0.0
Pears,organic,2111,0.0
Pears,organic,2121,0.0
Pears,organic,2122,0.0
Pears,organic,2211,0.0
Pears,organic,2212,0.0
Pears,organic,2221,0.0
Pears,organic,2311,0.0
Pears,organic,2312,0.0
Pears,organic,2319,0.0
Pears,organic,2331,0.0
Pears,organic,2411,0.0
Pears,organic,2412,0.0
Pears,organic,2413,0.0
Pears,organic,2414,0.0
Pears,organic,2415,0.0
Pears,organic,2419,0.0
Pears,organic,2511,0.0
Pears,organic,2512,0.0
Pears,organic,2519,0.0
Pears,organic,2521,0.0
Pears,organic,311,1.4703954273499482e-07
Pears,organic,312,0.0
Pears,organic,321,0.0016466214817473005
Pears,organic,322,0.0
Pears,organic,411,0.0
Pears,organic,421,7.012452121528329e-05
Pears,organic,422,0.0
Pears,organic,431,1.3822234797895107e-05
Pears,organic,511,0.0
Pears,organic,512,0.0
Pears,organic,513,0.0
Pears,organic,514,0.0
Pears,organic,515,0.0
Pears,organic,521,0.0
Pears,organic,611,0.0
Pears,organic,612,0.00263556422813038
Pears,organic,621,3.576105116231984e-06
Pears,organic,622,3.371883443714803e-05
Pears,organic,711,0.0
Pears,organic,731,0.023364928840826214
Pears,organic,811,1.1513497120301349e-07
Pears,organic,812,0.0
Pears,organic,813,0.0
Pears,organic,814,2.0079756281512638e-11
Pears,organic,821,0.0
Pears,organic,831,1.3469435699602237e-05
Pears,organic,911,0.0
Pears,organic,912,0.0
Pears,organic,913,0.0
"Peas, dry",conventional,1011,46.538401281651566
"Peas, dry",conventional,111,590.2484895956527
"Peas, dry",conventional,1111,204.54622548847357
"Peas, dry",conventional,1112,18.837229270497527
"Peas, dry",conventional,112,311.3015678773593
"Peas, dry",conventional,1121,239.20932119845827
"Peas, dry",conventional,1122,124.5850283410661
"Peas, dry",conventional,1123,41.6234110380336
"Peas, dry",conventional,1124,0.0
"Peas, dry",conventional,1131,0.0
"Peas, dry",conventional,1211,207.11471702828882
"Peas, dry",conventional,1212,86.83084043778634
"Peas, dry",conventional,1213,74.9280747654716
"Peas, dry",conventional,1214,69.8850608885172
"Peas, dry",conventional,1215,152.47080138084505
"Peas, dry",conventional,1216,145.33408772496546
"Peas, dry",conventional,1221,7.01471855065086
"Peas, dry",conventional,1222,17.624995540542503
"Peas, dry",conventional,1311,91.11827572578083
"Peas, dry",conventional,1321,45.93913320944977
"Peas, dry",conventional,1322,0.0
"Peas, dry",conventional,1331,8.755101828050186
"Peas, dry",conventional,1411,3.946554521307223
"Peas, dry",conventional,1412,69.70505641950267
"Peas, dry",conventional,1421,16.672658879131504
"Peas, dry",conventional,1511,0.4781003935732977
"Peas, dry",conventional,1512,121.3066158006437
"Peas, dry",conventional,1521,0.0
"Peas, dry",conventional,1522,8.276928767809391
"Peas, dry",conventional,1611,0.0
"Peas, dry",conventional,1612,100.58088663164368
"Peas, dry",conventional,1613,29.785193980689485
"Peas, dry",conventional,1614,147.48708050008972
"Peas, dry",conventional,1615,127.15268630888508
"Peas, dry",conventional,1616,157.20550968979552
"Peas, dry",conventional,1617,39.899519603995145
"Peas, dry",conventional,1621,118.40316318556354
"Peas, dry",conventional,1622,270.3396374641794
"Peas, dry",conventional,1623,215.61791092924278
"Peas, dry",conventional,1711,141.61885752638278
"Peas, dry",conventional,1712,54.81719627995774
"Peas, dry",conventional,1713,30.595081256857853
"Peas, dry",conventional,1721,0.0
"Peas, dry",conventional,1722,80.48307613722187
"Peas, dry",conventional,1723,4.937900719435357
"Peas, dry",conventional,1724,0.0
"Peas, dry",conventional,1811,94.83878930221869
"Peas, dry",conventional,1812,656.1016236337741
"Peas, dry",conventional,1813,20.618927724445317
"Peas, dry",conventional,1821,246.84039232696972
"Peas, dry",conventional,1911,616.3669140549591
"Peas, dry",conventional,1912,214.47545833488
"Peas, dry",conventional,1921,1202.4131261103678
"Peas, dry",conventional,1922,216.81271330812314
"Peas, dry",conventional,2011,137.05580907653433
"Peas, dry",conventional,2012,0.2560977128399683
"Peas, dry",conventional,2019,0.0
"Peas, dry",conventional,2111,9.54914374723111
"Peas, dry",conventional,2121,86.39738884266175
"Peas, dry",conventional,2122,4.802194600152156
"Peas, dry",conventional,2211,0.0
"Peas, dry",conventional,2212,0.0
"Peas, dry",conventional,2221,0.5996852401597601
"Peas, dry",conventional,2311,0.0
"Peas, dry",conventional,2312,0.0
"Peas, dry",conventional,2319,0.0
"Peas, dry",conventional,2331,0.0
"Peas, dry",conventional,2411,0.0
"Peas, dry",conventional,2412,0.0
"Peas, dry",conventional,2413,0.0
"Peas, dry",conventional,2414,0.0
"Peas, dry",conventional,2415,0.0
"Peas, dry",conventional,2419,0.0
"Peas, dry",conventional,2511,0.0
"Peas, dry",conventional,2512,0.0
"Peas, dry",conventional,2519,0.0
"Peas, dry",conventional,2521,0.0
"Peas, dry",conventional,311,1744.0203255304366
"Peas, dry",conventional,312,110.49363616612548
"Peas, dry",conventional,321,1818.3609115674421
"Peas, dry",conventional,322,46.78037941799832
"Peas, dry",conventional,411,299.6809236699641
"Peas, dry",conventional,421,268.4481514948882
"Peas, dry",conventional,422,395.6436881500318
"Peas, dry",conventional,431,204.3558906738024
"Peas, dry",conventional,511,3.165904633289903
"Peas, dry",conventional,512,13.670968990433185
"Peas, dry",conventional,513,1466.730191886199
"Peas, dry",conventional,514,746.8820271814293
"Peas, dry",conventional,515,346.89871720021847
"Peas, dry",conventional,521,68.99227914547012
"Peas, dry",conventional,611,0.0
"Peas, dry",conventional,612,48.41990132667719
"Peas, dry",conventional,621,0.0
"Peas, dry",conventional,622,0.0
"Peas, dry",conventional,711,0.0
"Peas, dry",conventional,731,0.0
"Peas, dry",conventional,811,424.943488180621
"Peas, dry",conventional,812,66.92909214293448
"Peas, dry",conventional,813,0.0
"Peas, dry",conventional,814,0.0
"Peas, dry",conventional,821,93.55635812546589
"Peas, dry",conventional,831,0.0
"Peas, dry",conventional,911,358.0858531736926
"Peas, dry",conventional,912,1357.752313021176
"Peas, dry",conventional,913,166.69797900322408
"Peas, dry",organic,1011,11.748924261788597
"Peas, dry",organic,111,87.01464774569303
"Peas, dry",organic,1111,38.39066651152643
"Peas, dry",organic,1112,3.5434863637475504
"Peas, dry",organic,112,44.02191832615947
"Peas, dry",organic,1121,44.89647880154171
"Peas, dry",organic,1122,23.382989658933898
"Peas, dry",organic,1123,7.8121729619664055
"Peas, dry",organic,1124,0.0
"Peas, dry",organic,1131,0.0
"Peas, dry",organic,1211,38.87273897171115
"Peas, dry",organic,1212,16.29701956221366
"Peas, dry",organic,1213,14.063025234528402
"Peas, dry",organic,1214,13.116517111482805
"Peas, dry",organic,1215,28.616786619154976
"Peas, dry",organic,1216,27.277318275034546
"Peas, dry",organic,1221,1.3165714493491385
"Peas, dry",organic,1222,3.3079824594574943
"Peas, dry",organic,1311,11.245276274219162
"Peas, dry",organic,1321,5.7524057763224485
"Peas, dry",organic,1322,0.0
"Peas, dry",organic,1331,1.5839460424523018
"Peas, dry",organic,1411,1.908391878692777
"Peas, dry",organic,1412,33.706505980497326
"Peas, dry",organic,1421,8.062213920868492
"Peas, dry",organic,1511,0.22157054489105796
"Peas, dry",organic,1512,58.65890339935632
"Peas, dry",organic,1521,0.0
"Peas, dry",organic,1522,4.002383232190607
"Peas, dry",organic,1611,0.0
"Peas, dry",organic,1612,48.47435099415581
"Peas, dry",organic,1613,14.402898019310522
"Peas, dry",organic,1614,67.61525336095335
"Peas, dry",organic,1615,61.48582329111491
"Peas, dry",organic,1616,76.01813591020448
"Peas, dry",organic,1617,18.202277087354584
"Peas, dry",organic,1621,57.25491281443645
"Peas, dry",organic,1622,130.7251593358205
"Peas, dry",organic,1623,104.2639770707572
"Peas, dry",organic,1711,90.96087034611101
"Peas, dry",organic,1712,33.646004230870304
"Peas, dry",organic,1713,19.91119074314215
"Peas, dry",organic,1721,0.0
"Peas, dry",organic,1722,48.212902617890705
"Peas, dry",organic,1723,2.015005321975294
"Peas, dry",organic,1724,0.0
"Peas, dry",organic,1811,22.196336862853805
"Peas, dry",organic,1812,143.27756356622587
"Peas, dry",organic,1813,4.668071380428009
"Peas, dry",organic,1821,58.439725945458676
"Peas, dry",organic,1911,179.74886618378227
"Peas, dry",organic,1912,64.39348321496772
"Peas, dry",organic,1921,316.5390717906098
"Peas, dry",organic,1922,40.84204439337373
"Peas, dry",organic,2011,271.4770515604436
"Peas, dry",organic,2012,0.511476465744786
"Peas, dry",organic,2019,0.0
"Peas, dry",organic,2111,13.156705000606216
"Peas, dry",organic,2121,102.9320863438058
"Peas, dry",organic,2122,8.475633209564544
"Peas, dry",organic,2211,0.0
"Peas, dry",organic,2212,0.0
"Peas, dry",organic,2221,2.76559475984024
"Peas, dry",organic,2311,0.0
"Peas, dry",organic,2312,0.0
"Peas, dry",organic,2319,0.0
"Peas, dry",organic,2331,0.0
"Peas, dry",organic,2411,0.0
"Peas, dry",organic,2412,0.0
"Peas, dry",organic,2413,0.0
"Peas, dry",organic,2414,0.0
"Peas, dry",organic,2415,0.0
"Peas, dry",organic,2419,0.0
"Peas, dry",organic,2511,0.0
"Peas, dry",organic,2512,0.0
"Peas, dry",organic,2519,0.0
"Peas, dry",organic,2521,0.0
"Peas, dry",organic,311,321.7413554968272
"Peas, dry",organic,312,20.377989523908997
"Peas, dry",organic,321,328.25610655891256
"Peas, dry",organic,322,7.865934833053312
"Peas, dry",organic,411,83.21782824108952
"Peas, dry",organic,421,58.93066738203913
"Peas, dry",organic,422,111.39827792016293
"Peas, dry",organic,431,53.09476152243579
"Peas, dry",organic,511,0.9418644924145761
"Peas, dry",organic,512,4.236571815963956
"Peas, dry",organic,513,460.0674081138012
"Peas, dry",organic,514,234.2735428185707
"Peas, dry",organic,515,108.81128279978154
"Peas, dry",organic,521,21.12988302009856
"Peas, dry",organic,611,0.0
"Peas, dry",organic,612,7.6328655739782185
"Peas, dry",organic,621,0.0
"Peas, dry",organic,622,0.0
"Peas, dry",organic,711,0.0
"Peas, dry",organic,731,0.0
"Peas, dry",organic,811,54.53366340538475
"Peas, dry",organic,812,8.44490785706551
"Peas, dry",organic,813,0.0
"Peas, dry",organic,814,0.0
"Peas, dry",organic,821,14.28490031393591
"Peas, dry",organic,831,0.0
"Peas, dry",organic,911,54.47607482630744
"Peas, dry",organic,912,206.55665657882392
"Peas, dry",organic,913,25.35998419677591
"Peas, green",conventional,1011,0.0
"Peas, green",conventional,111,0.0
"Peas, green",conventional,1111,85.0750649850775
"Peas, green",conventional,1112,47.25942666368261
"Peas, green",conventional,112,0.0
"Peas, green",conventional,1121,76.30709540772118
"Peas, green",conventional,1122,28.841754115721574
"Peas, green",conventional,1123,143.51801867719263
"Peas, green",conventional,1124,83.2284707943414
"Peas, green",conventional,1131,0.0
"Peas, green",conventional,1211,232.15751612592666
"Peas, green",conventional,1212,86.52526234716473
"Peas, green",conventional,1213,47.119965341292
"Peas, green",conventional,1214,230.32377972465582
"Peas, green",conventional,1215,271.8814749205738
"Peas, green",conventional,1216,379.70364879175895
"Peas, green",conventional,1221,13.85701742562819
"Peas, green",conventional,1222,199.8677269664003
"Peas, green",conventional,1311,186.6097703549061
"Peas, green",conventional,1321,332.1643041524764
"Peas, green",conventional,1322,0.0
"Peas, green",conventional,1331,0.0
"Peas, green",conventional,1411,0.0
"Peas, green",conventional,1412,0.0
"Peas, green",conventional,1421,35.18250127925708
"Peas, green",conventional,1511,0.0
"Peas, green",conventional,1512,356.07123434094564
"Peas, green",conventional,1521,0.0
"Peas, green",conventional,1522,0.0
"Peas, green",conventional,1611,0.0
"Peas, green",conventional,1612,0.0
"Peas, green",conventional,1613,0.0
"Peas, green",conventional,1614,0.0
"Peas, green",conventional,1615,35.194194257557086
"Peas, green",conventional,1616,0.0
"Peas, green",conventional,1617,0.0
"Peas, green",conventional,1621,189.284262295082
"Peas, green",conventional,1622,727.6690734388326
"Peas, green",conventional,1623,391.30217795887427
"Peas, green",conventional,1711,0.0
"Peas, green",conventional,1712,0.0
"Peas, green",conventional,1713,0.0
"Peas, green",conventional,1721,0.0
"Peas, green",conventional,1722,0.0
"Peas, green",conventional,1723,0.0
"Peas, green",conventional,1724,0.0
"Peas, green",conventional,1811,0.0
"Peas, green",conventional,1812,0.0
"Peas, green",conventional,1813,0.0
"Peas, green",conventional,1821,0.0
"Peas, green",conventional,1911,0.0
"Peas, green",conventional,1912,0.0
"Peas, green",conventional,1921,0.0
"Peas, green",conventional,1922,0.0
"Peas, green",conventional,2011,0.0
"Peas, green",conventional,2012,0.0
"Peas, green",conventional,2019,0.0
"Peas, green",conventional,2111,0.0
"Peas, green",conventional,2121,0.0
"Peas, green",conventional,2122,0.0
"Peas, green",conventional,2211,0.0
"Peas, green",conventional,2212,0.0
"Peas, green",conventional,2221,0.0
"Peas, green",conventional,2311,0.0
"Peas, green",conventional,2312,0.0
"Peas, green",conventional,2319,0.0
"Peas, green",conventional,2331,0.0
"Peas, green",conventional,2411,0.0
"Peas, green",conventional,2412,0.0
"Peas, green",conventional,2413,0.0
"Peas, green",conventional,2414,0.0
"Peas, green",conventional,2415,0.0
"Peas, green",conventional,2419,0.0
"Peas, green",conventional,2511,0.0
"Peas, green",conventional,2512,0.0
"Peas, green",conventional,2519,0.0
"Peas, green",conventional,2521,0.0
"Peas, green",conventional,311,0.0
"Peas, green",conventional,312,0.0
"Peas, green",conventional,321,0.0
"Peas, green",conventional,322,0.0
"Peas, green",conventional,411,0.0
"Peas, green",conventional,421,0.0
"Peas, green",conventional,422,0.0
"Peas, green",conventional,431,0.0
"Peas, green",conventional,511,0.0
"Peas, green",conventional,512,0.0
"Peas, green",conventional,513,0.0
"Peas, green",conventional,514,0.0
"Peas, green",conventional,515,0.0
"Peas, green",conventional,521,0.0
"Peas, green",conventional,611,0.0
"Peas, green",conventional,612,0.0
"Peas, green",conventional,621,0.0
"Peas, green",conventional,622,0.0
"Peas, green",conventional,711,0.0
"Peas, green",conventional,731,0.0
"Peas, green",conventional,811,0.0
"Peas, green",conventional,812,0.0
"Peas, green",conventional,813,0.0
"Peas, green",conventional,814,0.0
"Peas, green",conventional,821,0.0
"Peas, green",conventional,831,0.0
"Peas, green",conventional,911,0.0
"Peas, green",conventional,912,0.0
"Peas, green",conventional,913,0.0
"Peas, green",organic,1011,0.0
"Peas, green",organic,111,0.0
"Peas, green",organic,1111,4.094935014922499
"Peas, green",organic,1112,2.258573336317392
"Peas, green",organic,112,0.0
"Peas, green",organic,1121,3.6729045922788095
"Peas, green",organic,1122,1.3882458842784249
"Peas, green",organic,1123,6.9079813228073546
"Peas, green",organic,1124,6.5135292056586
"Peas, green",organic,1131,0.0
"Peas, green",organic,1211,11.174483874073362
"Peas, green",organic,1212,4.164737652835274
"Peas, green",organic,1213,2.2680346587080003
"Peas, green",organic,1214,11.08622027534418
"Peas, green",organic,1215,13.086525079426206
"Peas, green",organic,1216,18.27635120824107
"Peas, green",organic,1221,0.666982574371811
"Peas, green",organic,1222,9.620273033599691
"Peas, green",organic,1311,20.46222964509395
"Peas, green",organic,1321,35.77969584752355
"Peas, green",organic,1322,0.0
"Peas, green",organic,1331,0.0
"Peas, green",organic,1411,0.0
"Peas, green",organic,1412,0.0
"Peas, green",organic,1421,6.941498720742918
"Peas, green",organic,1511,0.0
"Peas, green",organic,1512,70.2527656590543
"Peas, green",organic,1521,0.0
"Peas, green",organic,1522,0.0
"Peas, green",organic,1611,0.0
"Peas, green",organic,1612,0.0
"Peas, green",organic,1613,0.0
"Peas, green",organic,1614,0.0
"Peas, green",organic,1615,6.943805742442908
"Peas, green",organic,1616,0.0
"Peas, green",organic,1617,0.0
"Peas, green",organic,1621,37.345737704918044
"Peas, green",organic,1622,143.56892656116747
"Peas, green",organic,1623,77.20382204112576
"Peas, green",organic,1711,0.0
"Peas, green",organic,1712,0.0
"Peas, green",organic,1713,0.0
"Peas, green",organic,1721,0.0
"Peas, green",organic,1722,0.0
"Peas, green",organic,1723,0.0
"Peas, green",organic,1724,0.0
"Peas, green",organic,1811,0.0
"Peas, green",organic,1812,0.0
"Peas, green",organic,1813,0.0
"Peas, green",organic,1821,0.0
"Peas, green",organic,1911,0.0
"Peas, green",organic,1912,0.0
"Peas, green",organic,1921,0.0
"Peas, green",organic,1922,0.0
"Peas, green",organic,2011,0.0
"Peas, green",organic,2012,0.0
"Peas, green",organic,2019,0.0
"Peas, green",organic,2111,0.0
"Peas, green",organic,2121,0.0
"Peas, green",organic,2122,0.0
"Peas, green",organic,2211,0.0
"Peas, green",organic,2212,0.0
"Peas, green",organic,2221,0.0
"Peas, green",organic,2311,0.0
"Peas, green",organic,2312,0.0
"Peas, green",organic,2319,0.0
"Peas, green",organic,2331,0.0
"Peas, green",organic,2411,0.0
"Peas, green",organic,2412,0.0
"Peas, green",organic,2413,0.0
"Peas, green",organic,2414,0.0
"Peas, green",organic,2415,0.0
"Peas, green",organic,2419,0.0
"Peas, green",organic,2511,0.0
"Peas, green",organic,2512,0.0
"Peas, green",organic,2519,0.0
"Peas, green",organic,2521,0.0
"Peas, green",organic,311,0.0
"Peas, green",organic,312,0.0
"Peas, green",organic,321,0.0
"Peas, green",organic,322,0.0
"Peas, green",organic,411,0.0
"Peas, green",organic,421,0.0
"Peas, green",organic,422,0.0
"Peas, green",organic,431,0.0
"Peas, green",organic,511,0.0
"Peas, green",organic,512,0.0
"Peas, green",organic,513,0.0
"Peas, green",organic,514,0.0
"Peas, green",organic,515,0.0
"Peas, green",organic,521,0.0
"Peas, green",organic,611,0.0
"Peas, green",organic,612,0.0
"Peas, green",organic,621,0.0
"Peas, green",organic,622,0.0
"Peas, green",organic,711,0.0
"Peas, green",organic,731,0.0
"Peas, green",organic,811,0.0
"Peas, green",organic,812,0.0
"Peas, green",organic,813,0.0
"Peas, green",organic,814,0.0
"Peas, green",organic,821,0.0
"Peas, green",organic,831,0.0
"Peas, green",organic,911,0.0
"Peas, green",organic,912,0.0
"Peas, green",organic,913,0.0
"Potatoes, starch",conventional,1011,1925.4301664169232
"Potatoes, starch",conventional,111,0.0
"Potatoes, starch",conventional,1111,2598.150633178999
"Potatoes, starch",conventional,1112,832.332334824294
"Potatoes, starch",conventional,112,0.0
"Potatoes, starch",conventional,1121,349.7762788503538
"Potatoes, starch",conventional,1122,159.70308657290119
"Potatoes, starch",conventional,1123,4.690494103258495
"Potatoes, starch",conventional,1124,77.37458418251445
"Potatoes, starch",conventional,1131,0.0
"Potatoes, starch",conventional,1211,10.851854110247228
"Potatoes, starch",conventional,1212,11.39772202323753
"Potatoes, starch",conventional,1213,96.32682938761248
"Potatoes, starch",conventional,1214,70.77227116275007
"Potatoes, starch",conventional,1215,220.84227780204424
"Potatoes, starch",conventional,1216,14.391063160653447
"Potatoes, starch",conventional,1221,3.2930722460033195
"Potatoes, starch",conventional,1222,52.99087201886958
"Potatoes, starch",conventional,1311,0.0
"Potatoes, starch",conventional,1321,29.483403940810195
"Potatoes, starch",conventional,1322,0.0
"Potatoes, starch",conventional,1331,0.0
"Potatoes, starch",conventional,1411,0.0
"Potatoes, starch",conventional,1412,0.0
"Potatoes, starch",conventional,1421,0.0
"Potatoes, starch",conventional,1511,0.0
"Potatoes, starch",conventional,1512,0.0
"Potatoes, starch",conventional,1521,0.0
"Potatoes, starch",conventional,1522,0.0
"Potatoes, starch",conventional,1611,0.0
"Potatoes, starch",conventional,1612,0.0
"Potatoes, starch",conventional,1613,0.0
"Potatoes, starch",conventional,1614,0.0
"Potatoes, starch",conventional,1615,19.02
"Potatoes, starch",conventional,1616,0.0
"Potatoes, starch",conventional,1617,0.0
"Potatoes, starch",conventional,1621,0.0
"Potatoes, starch",conventional,1622,0.0
"Potatoes, starch",conventional,1623,42.708000000000006
"Potatoes, starch",conventional,1711,0.0
"Potatoes, starch",conventional,1712,0.0
"Potatoes, starch",conventional,1713,0.0
"Potatoes, starch",conventional,1721,0.0
"Potatoes, starch",conventional,1722,0.0
"Potatoes, starch",conventional,1723,0.0
"Potatoes, starch",conventional,1724,0.0
"Potatoes, starch",conventional,1811,0.0
"Potatoes, starch",conventional,1812,0.0
"Potatoes, starch",conventional,1813,0.0
"Potatoes, starch",conventional,1821,0.0
"Potatoes, starch",conventional,1911,0.0
"Potatoes, starch",conventional,1912,0.0
"Potatoes, starch",conventional,1921,0.0
"Potatoes, starch",conventional,1922,0.0
"Potatoes, starch",conventional,2011,0.0
"Potatoes, starch",conventional,2012,0.0
"Potatoes, starch",conventional,2019,0.0
"Potatoes, starch",conventional,2111,0.0
"Potatoes, starch",conventional,2121,0.0
"Potatoes, starch",conventional,2122,0.0
"Potatoes, starch",conventional,2211,0.0
"Potatoes, starch",conventional,2212,0.0
"Potatoes, starch",conventional,2221,0.0
"Potatoes, starch",conventional,2311,0.0
"Potatoes, starch",conventional,2312,0.0
"Potatoes, starch",conventional,2319,0.0
"Potatoes, starch",conventional,2331,0.0
"Potatoes, starch",conventional,2411,0.0
"Potatoes, starch",conventional,2412,0.0
"Potatoes, starch",conventional,2413,0.0
"Potatoes, starch",conventional,2414,0.0
"Potatoes, starch",conventional,2415,0.0
"Potatoes, starch",conventional,2419,0.0
"Potatoes, starch",conventional,2511,0.0
"Potatoes, starch",conventional,2512,0.0
"Potatoes, starch",conventional,2519,0.0
"Potatoes, starch",conventional,2521,0.0
"Potatoes, starch",conventional,311,0.0
"Potatoes, starch",conventional,312,0.0
"Potatoes, starch",conventional,321,0.0
"Potatoes, starch",conventional,322,0.0
"Potatoes, starch",conventional,411,0.0
"Potatoes, starch",conventional,421,0.0
"Potatoes, starch",conventional,422,0.0
"Potatoes, starch",conventional,431,0.0
"Potatoes, starch",conventional,511,0.0
"Potatoes, starch",conventional,512,0.0
"Potatoes, starch",conventional,513,0.0
"Potatoes, starch",conventional,514,0.0
"Potatoes, starch",conventional,515,0.0
"Potatoes, starch",conventional,521,0.0
"Potatoes, starch",conventional,611,0.0
"Potatoes, starch",conventional,612,0.0
"Potatoes, starch",conventional,621,0.0
"Potatoes, starch",conventional,622,0.0
"Potatoes, starch",conventional,711,0.0
"Potatoes, starch",conventional,731,0.0
"Potatoes, starch",conventional,811,818.9323021575875
"Potatoes, starch",conventional,812,0.0
"Potatoes, starch",conventional,813,0.0
"Potatoes, starch",conventional,814,0.0
"Potatoes, starch",conventional,821,0.0
"Potatoes, starch",conventional,831,0.0
"Potatoes, starch",conventional,911,0.0
"Potatoes, starch",conventional,912,0.0
"Potatoes, starch",conventional,913,0.0
"Potatoes, starch",organic,1011,15.623833583076909
"Potatoes, starch",organic,111,0.0
"Potatoes, starch",organic,1111,19.667366821001135
"Potatoes, starch",organic,1112,6.303665175706067
"Potatoes, starch",organic,112,0.0
"Potatoes, starch",organic,1121,2.647721149646195
"Potatoes, starch",organic,1122,1.208913427098803
"Potatoes, starch",organic,1123,0.03550589674150432
"Potatoes, starch",organic,1124,0.2894158174855533
"Potatoes, starch",organic,1131,0.0
"Potatoes, starch",organic,1211,0.08214588975277365
"Potatoes, starch",organic,1212,0.08627797676247051
"Potatoes, starch",organic,1213,0.729170612387525
"Potatoes, starch",organic,1214,0.5357288372499345
"Potatoes, starch",organic,1215,1.6717221979557964
"Potatoes, starch",organic,1216,0.10893683934655367
"Potatoes, starch",organic,1221,0.02492775399668035
"Potatoes, starch",organic,1222,0.40112798113042725
"Potatoes, starch",organic,1311,0.0
"Potatoes, starch",organic,1321,0.006596059189806594
"Potatoes, starch",organic,1322,0.0
"Potatoes, starch",organic,1331,0.0
"Potatoes, starch",organic,1411,0.0
"Potatoes, starch",organic,1412,0.0
"Potatoes, starch",organic,1421,0.0
"Potatoes, starch",organic,1511,0.0
"Potatoes, starch",organic,1512,0.0
"Potatoes, starch",organic,1521,0.0
"Potatoes, starch",organic,1522,0.0
"Potatoes, starch",organic,1611,0.0
"Potatoes, starch",organic,1612,0.0
"Potatoes, starch",organic,1613,0.0
"Potatoes, starch",organic,1614,0.0
"Potatoes, starch",organic,1615,0.0
"Potatoes, starch",organic,1616,0.0
"Potatoes, starch",organic,1617,0.0
"Potatoes, starch",organic,1621,0.0
"Potatoes, starch",organic,1622,0.0
"Potatoes, starch",organic,1623,0.0
"Potatoes, starch",organic,1711,0.0
"Potatoes, starch",organic,1712,0.0
"Potatoes, starch",organic,1713,0.0
"Potatoes, starch",organic,1721,0.0
"Potatoes, starch",organic,1722,0.0
"Potatoes, starch",organic,1723,0.0
"Potatoes, starch",organic,1724,0.0
"Potatoes, starch",organic,1811,0.0
"Potatoes, starch",organic,1812,0.0
"Potatoes, starch",organic,1813,0.0
"Potatoes, starch",organic,1821,0.0
"Potatoes, starch",organic,1911,0.0
"Potatoes, starch",organic,1912,0.0
"Potatoes, starch",organic,1921,0.0
"Potatoes, starch",organic,1922,0.0
"Potatoes, starch",organic,2011,0.0
"Potatoes, starch",organic,2012,0.0
"Potatoes, starch",organic,2019,0.0
"Potatoes, starch",organic,2111,0.0
"Potatoes, starch",organic,2121,0.0
"Potatoes, starch",organic,2122,0.0
"Potatoes, starch",organic,2211,0.0
"Potatoes, starch",organic,2212,0.0
"Potatoes, starch",organic,2221,0.0
"Potatoes, starch",organic,2311,0.0
"Potatoes, starch",organic,2312,0.0
"Potatoes, starch",organic,2319,0.0
"Potatoes, starch",organic,2331,0.0
"Potatoes, starch",organic,2411,0.0
"Potatoes, starch",organic,2412,0.0
"Potatoes, starch",organic,2413,0.0
"Potatoes, starch",organic,2414,0.0
"Potatoes, starch",organic,2415,0.0
"Potatoes, starch",organic,2419,0.0
"Potatoes, starch",organic,2511,0.0
"Potatoes, starch",organic,2512,0.0
"Potatoes, starch",organic,2519,0.0
"Potatoes, starch",organic,2521,0.0
"Potatoes, starch",organic,311,0.0
"Potatoes, starch",organic,312,0.0
"Potatoes, starch",organic,321,0.0
"Potatoes, starch",organic,322,0.0
"Potatoes, starch",organic,411,0.0
"Potatoes, starch",organic,421,0.0
"Potatoes, starch",organic,422,0.0
"Potatoes, starch",organic,431,0.0
"Potatoes, starch",organic,511,0.0
"Potatoes, starch",organic,512,0.0
"Potatoes, starch",organic,513,0.0
"Potatoes, starch",organic,514,0.0
"Potatoes, starch",organic,515,0.0
"Potatoes, starch",organic,521,0.0
"Potatoes, starch",organic,611,0.0
"Potatoes, starch",organic,612,0.0
"Potatoes, starch",organic,621,0.0
"Potatoes, starch",organic,622,0.0
"Potatoes, starch",organic,711,0.0
"Potatoes, starch",organic,731,0.0
"Potatoes, starch",organic,811,5.515697842412421
"Potatoes, starch",organic,812,0.0
"Potatoes, starch",organic,813,0.0
"Potatoes, starch",organic,814,0.0
"Potatoes, starch",organic,821,0.0
"Potatoes, starch",organic,831,0.0
"Potatoes, starch",organic,911,0.0
"Potatoes, starch",organic,912,0.0
"Potatoes, starch",organic,913,0.0
"Potatoes, table",conventional,1011,50.74796613821645
"Potatoes, table",conventional,111,6.935834358413097
"Potatoes, table",conventional,1111,1128.4151522906793
"Potatoes, table",conventional,1112,265.8512727784902
"Potatoes, table",conventional,112,68.60071002891695
"Potatoes, table",conventional,1121,686.0513895102686
"Potatoes, table",conventional,1122,5.066610616113744
"Potatoes, table",conventional,1123,302.03912556082145
"Potatoes, table",conventional,1124,100.08385129319015
"Potatoes, table",conventional,1131,1.9204200548603412
"Potatoes, table",conventional,1211,347.2553847077409
"Potatoes, table",conventional,1212,223.68043241706158
"Potatoes, table",conventional,1213,26.36065263823065
"Potatoes, table",conventional,1214,173.7751632227488
"Potatoes, table",conventional,1215,786.641550963665
"Potatoes, table",conventional,1216,37.301676082148504
"Potatoes, table",conventional,1221,23.170773206951026
"Potatoes, table",conventional,1222,1814.5191428751975
"Potatoes, table",conventional,1311,421.712929032258
"Potatoes, table",conventional,1321,1503.394242122857
"Potatoes, table",conventional,1322,3.4738577865532605
"Potatoes, table",conventional,1331,16.64135995918638
"Potatoes, table",conventional,1411,17.40815081339713
"Potatoes, table",conventional,1412,19.418629090909093
"Potatoes, table",conventional,1421,4.17929971291866
"Potatoes, table",conventional,1511,21.135027688329895
"Potatoes, table",conventional,1512,0.0
"Potatoes, table",conventional,1521,5.516067938840055
"Potatoes, table",conventional,1522,1.3803044976076553
"Potatoes, table",conventional,1611,19.604056811186588
"Potatoes, table",conventional,1612,353.94080866469733
"Potatoes, table",conventional,1613,13.243245933014354
"Potatoes, table",conventional,1614,37.25136209310953
"Potatoes, table",conventional,1615,454.5904109090909
"Potatoes, table",conventional,1616,4.28806066985646
"Potatoes, table",conventional,1617,24.651263360968322
"Potatoes, table",conventional,1621,295.89857818181815
"Potatoes, table",conventional,1622,165.85246220095695
"Potatoes, table",conventional,1623,213.59372401913873
"Potatoes, table",conventional,1711,99.58053664453062
"Potatoes, table",conventional,1712,7.6306921973606325
"Potatoes, table",conventional,1713,4.626840283241542
"Potatoes, table",conventional,1721,1.6016912222611643
"Potatoes, table",conventional,1722,54.68424978889446
"Potatoes, table",conventional,1723,21.369643307914348
"Potatoes, table",conventional,1724,35.4851175036752
"Potatoes, table",conventional,1811,51.847840295031176
"Potatoes, table",conventional,1812,350.5027195767196
"Potatoes, table",conventional,1813,4.059203645126173
"Potatoes, table",conventional,1821,5.110852895665612
"Potatoes, table",conventional,1911,0.04379562458146327
"Potatoes, table",conventional,1912,1.4000389441712473
"Potatoes, table",conventional,1921,2.6084375384140848
"Potatoes, table",conventional,1922,35.050797619193276
"Potatoes, table",conventional,2011,357.88235543115985
"Potatoes, table",conventional,2012,322.99865538455947
"Potatoes, table",conventional,2019,0.0
"Potatoes, table",conventional,2111,53.87407112107808
"Potatoes, table",conventional,2121,33.229537586608686
"Potatoes, table",conventional,2122,2.730416120109714
"Potatoes, table",conventional,2211,8.626608065574553
"Potatoes, table",conventional,2212,41.32680632411068
"Potatoes, table",conventional,2221,75.30957252485706
"Potatoes, table",conventional,2311,68.44479091860053
"Potatoes, table",conventional,2312,39.70960867052589
"Potatoes, table",conventional,2319,0.9562765273311897
"Potatoes, table",conventional,2331,8.871563694044744
"Potatoes, table",conventional,2411,84.87950413223142
"Potatoes, table",conventional,2412,1.4674380165289256
"Potatoes, table",conventional,2413,91.9296694214876
"Potatoes, table",conventional,2414,16.120741876633243
"Potatoes, table",conventional,2415,29.135771435200876
"Potatoes, table",conventional,2419,0.0
"Potatoes, table",conventional,2511,256.2507139172701
"Potatoes, table",conventional,2512,120.06507985574446
"Potatoes, table",conventional,2519,0.0
"Potatoes, table",conventional,2521,0.6920212140178327
"Potatoes, table",conventional,311,25.369185443971254
"Potatoes, table",conventional,312,36.65860767618748
"Potatoes, table",conventional,321,19.548338040015313
"Potatoes, table",conventional,322,22.45786186930207
"Potatoes, table",conventional,411,3.877331936959622
"Potatoes, table",conventional,421,8.990945723399367
"Potatoes, table",conventional,422,19.924783176659357
"Potatoes, table",conventional,431,4.2010419817243045
"Potatoes, table",conventional,511,1.149774976801786
"Potatoes, table",conventional,512,1.6326381362940134
"Potatoes, table",conventional,513,1257.0645784132842
"Potatoes, table",conventional,514,346.61704981549815
"Potatoes, table",conventional,515,51.359096863468636
"Potatoes, table",conventional,521,19.148300751783605
"Potatoes, table",conventional,611,7.0798026138820465
"Potatoes, table",conventional,612,10.372526346365426
"Potatoes, table",conventional,621,60.806774222890525
"Potatoes, table",conventional,622,12.492599269384607
"Potatoes, table",conventional,711,25.72114695340501
"Potatoes, table",conventional,731,1.493843780692477
"Potatoes, table",conventional,811,145.55461178707682
"Potatoes, table",conventional,812,37.22842280285035
"Potatoes, table",conventional,813,188.86263182897864
"Potatoes, table",conventional,814,1.1390852354752294
"Potatoes, table",conventional,821,2.1268210790766373
"Potatoes, table",conventional,831,6.091736004073517
"Potatoes, table",conventional,911,31.588349836423117
"Potatoes, table",conventional,912,391.9508676117775
"Potatoes, table",conventional,913,145.82228440567067
"Potatoes, table",organic,1011,29.334033861783546
"Potatoes, table",organic,111,0.5941656415869023
"Potatoes, table",organic,1111,72.91484770932068
"Potatoes, table",organic,1112,17.81072722150977
"Potatoes, table",organic,112,4.949289971083048
"Potatoes, table",organic,1121,44.330610489731434
"Potatoes, table",organic,1122,0.32738938388625594
"Potatoes, table",organic,1123,19.516874439178512
"Potatoes, table",organic,1124,3.842148706809858
"Potatoes, table",organic,1131,0.08757994513965892
"Potatoes, table",organic,1211,22.438615292259083
"Potatoes, table",organic,1212,14.453567582938385
"Potatoes, table",organic,1213,1.7033473617693524
"Potatoes, table",organic,1214,11.228836777251184
"Potatoes, table",organic,1215,50.83044903633491
"Potatoes, table",organic,1216,2.410323917851501
"Potatoes, table",organic,1221,1.497226793048973
"Potatoes, table",organic,1222,117.24885712480253
"Potatoes, table",organic,1311,5.823070967741935
"Potatoes, table",organic,1321,22.9277578771432
"Potatoes, table",organic,1322,0.2901422134467398
"Potatoes, table",organic,1331,0.9226400408136175
"Potatoes, table",organic,1411,4.3598491866028715
"Potatoes, table",organic,1412,4.863370909090909
"Potatoes, table",organic,1421,1.0467002870813398
"Potatoes, table",organic,1511,5.088972311670105
"Potatoes, table",organic,1512,0.0
"Potatoes, table",organic,1521,1.1919320611599449
"Potatoes, table",organic,1522,0.3456955023923445
"Potatoes, table",organic,1611,3.401943188813414
"Potatoes, table",organic,1612,88.46119133530263
"Potatoes, table",organic,1613,3.316754066985646
"Potatoes, table",organic,1614,9.026637906890471
"Potatoes, table",organic,1615,113.8515890909091
"Potatoes, table",organic,1616,1.0739393301435407
"Potatoes, table",organic,1617,5.620736639031678
"Potatoes, table",organic,1621,74.10742181818182
"Potatoes, table",organic,1622,41.537537799043065
"Potatoes, table",organic,1623,53.49427598086124
"Potatoes, table",organic,1711,11.337463355469378
"Potatoes, table",organic,1712,0.8973078026393678
"Potatoes, table",organic,1713,0.5271597167584579
"Potatoes, table",organic,1721,0.23630877773883555
"Potatoes, table",organic,1722,8.211750211105535
"Potatoes, table",organic,1723,2.374356692085652
"Potatoes, table",organic,1724,5.464882496324802
"Potatoes, table",organic,1811,6.422159704968828
"Potatoes, table",organic,1812,37.84128042328042
"Potatoes, table",organic,1813,0.4427963548738276
"Potatoes, table",organic,1821,0.595147104334388
"Potatoes, table",organic,1911,0.006204375418536733
"Potatoes, table",organic,1912,0.1999610558287528
"Potatoes, table",organic,1921,0.39756246158591474
"Potatoes, table",organic,1922,6.195202380806717
"Potatoes, table",organic,2011,64.20564456884016
"Potatoes, table",organic,2012,57.80334461544058
"Potatoes, table",organic,2019,0.0
"Potatoes, table",organic,2111,49.74392887892193
"Potatoes, table",organic,2121,27.266462413391316
"Potatoes, table",organic,2122,1.2015838798902867
"Potatoes, table",organic,2211,0.8993919344254476
"Potatoes, table",organic,2212,4.3311936758893275
"Potatoes, table",organic,2221,24.92642747514294
"Potatoes, table",organic,2311,4.743209081399458
"Potatoes, table",organic,2312,2.736391329474114
"Potatoes, table",organic,2319,0.06572347266881029
"Potatoes, table",organic,2331,1.5204363059552573
"Potatoes, table",organic,2411,4.4284958677685955
"Potatoes, table",organic,2412,0.07656198347107439
"Potatoes, table",organic,2413,4.796330578512396
"Potatoes, table",organic,2414,0.8532581233667559
"Potatoes, table",organic,2415,1.5522285647991234
"Potatoes, table",organic,2419,0.0
"Potatoes, table",organic,2511,7.665286082729896
"Potatoes, table",organic,2512,3.566920144255538
"Potatoes, table",organic,2519,0.0
"Potatoes, table",organic,2521,0.02397878598216732
"Potatoes, table",organic,311,4.480814556028748
"Potatoes, table",organic,312,6.469392323812523
"Potatoes, table",organic,321,2.9896619599846863
"Potatoes, table",organic,322,3.028138130697928
"Potatoes, table",organic,411,1.6266680630403774
"Potatoes, table",organic,421,2.2970542766006323
"Potatoes, table",organic,422,7.051216823340642
"Potatoes, table",organic,431,1.4169580182756951
"Potatoes, table",organic,511,0.04022502319821401
"Potatoes, table",organic,512,0.049361863705986504
"Potatoes, table",organic,513,36.39342158671587
"Potatoes, table",organic,514,10.034950184501843
"Potatoes, table",organic,515,1.4869031365313652
"Potatoes, table",organic,521,1.6956992482163968
"Potatoes, table",organic,611,0.8841973861179521
"Potatoes, table",organic,612,1.2654736536345748
"Potatoes, table",organic,621,5.039225777109463
"Potatoes, table",organic,622,1.393400730615392
"Potatoes, table",organic,711,1.358853046594982
"Potatoes, table",organic,731,0.23815621930752298
"Potatoes, table",organic,811,17.06138821292319
"Potatoes, table",organic,812,4.125577197149644
"Potatoes, table",organic,813,20.929368171021377
"Potatoes, table",organic,814,0.12491476452477032
"Potatoes, table",organic,821,0.20517892092336262
"Potatoes, table",organic,831,1.0762639959264844
"Potatoes, table",organic,911,19.283650163576883
"Potatoes, table",organic,912,239.27313238822245
"Potatoes, table",organic,913,89.01971559432934
Pumpkins and squash,conventional,1011,12.38822745284945
Pumpkins and squash,conventional,111,0.1789970925544108
Pumpkins and squash,conventional,1111,47.265125558139786
Pumpkins and squash,conventional,1112,1.0930117879243608
Pumpkins and squash,conventional,112,0.38522382701883756
Pumpkins and squash,conventional,1121,12.975607672381239
Pumpkins and squash,conventional,1122,0.04415530538234188
Pumpkins and squash,conventional,1123,3.119066057772833
Pumpkins and squash,conventional,1124,0.7186423695256897
Pumpkins and squash,conventional,1131,0.09267621927371379
Pumpkins and squash,conventional,1211,34.93719676484673
Pumpkins and squash,conventional,1212,2.1335098049378995
Pumpkins and squash,conventional,1213,0.3077095623858456
Pumpkins and squash,conventional,1214,3.6236854531166403
Pumpkins and squash,conventional,1215,0.7149447613988843
Pumpkins and squash,conventional,1216,5.9199625227784685
Pumpkins and squash,conventional,1221,0.04728018333997721
Pumpkins and squash,conventional,1222,15.001885810553974
Pumpkins and squash,conventional,1311,5.844737050993141
Pumpkins and squash,conventional,1321,7.227038789528841
Pumpkins and squash,conventional,1322,0.09417541786601491
Pumpkins and squash,conventional,1331,5.1036463758622945
Pumpkins and squash,conventional,1411,0.028004454067267398
Pumpkins and squash,conventional,1412,0.11330508983644323
Pumpkins and squash,conventional,1421,0.034973995124897184
Pumpkins and squash,conventional,1511,0.06089664068932959
Pumpkins and squash,conventional,1512,0.008148137182846172
Pumpkins and squash,conventional,1521,0.02540417234593387
Pumpkins and squash,conventional,1522,0.002975966472873039
Pumpkins and squash,conventional,1611,0.05771300183003405
Pumpkins and squash,conventional,1612,0.3327777236459736
Pumpkins and squash,conventional,1613,0.11411191943694277
Pumpkins and squash,conventional,1614,0.23012935533783752
Pumpkins and squash,conventional,1615,1.9700228428003228
Pumpkins and squash,conventional,1616,0.20371172780835595
Pumpkins and squash,conventional,1617,0.020447552943936752
Pumpkins and squash,conventional,1621,0.02962926312306709
Pumpkins and squash,conventional,1622,0.5463402074419721
Pumpkins and squash,conventional,1623,2.1153128467232296
Pumpkins and squash,conventional,1711,0.0
Pumpkins and squash,conventional,1712,0.0009152530286463343
Pumpkins and squash,conventional,1713,0.0
Pumpkins and squash,conventional,1721,0.0
Pumpkins and squash,conventional,1722,0.009162299314588989
Pumpkins and squash,conventional,1723,0.0
Pumpkins and squash,conventional,1724,0.014985558535431081
Pumpkins and squash,conventional,1811,0.015295020216657813
Pumpkins and squash,conventional,1812,0.0
Pumpkins and squash,conventional,1813,0.0
Pumpkins and squash,conventional,1821,0.0
Pumpkins and squash,conventional,1911,4.716127514947826e-06
Pumpkins and squash,conventional,1912,2.083659474540932e-05
Pumpkins and squash,conventional,1921,0.0
Pumpkins and squash,conventional,1922,0.0
Pumpkins and squash,conventional,2011,0.23867306022612397
Pumpkins and squash,conventional,2012,0.22572128704019356
Pumpkins and squash,conventional,2019,0.0
Pumpkins and squash,conventional,2111,7.85634038878959e-05
Pumpkins and squash,conventional,2121,0.0009411834161506493
Pumpkins and squash,conventional,2122,0.00392670761640897
Pumpkins and squash,conventional,2211,0.0
Pumpkins and squash,conventional,2212,0.0
Pumpkins and squash,conventional,2221,0.0
Pumpkins and squash,conventional,2311,0.0
Pumpkins and squash,conventional,2312,0.0
Pumpkins and squash,conventional,2319,0.0
Pumpkins and squash,conventional,2331,0.0
Pumpkins and squash,conventional,2411,0.0
Pumpkins and squash,conventional,2412,0.0
Pumpkins and squash,conventional,2413,0.0
Pumpkins and squash,conventional,2414,0.0
Pumpkins and squash,conventional,2415,0.0
Pumpkins and squash,conventional,2419,0.0
Pumpkins and squash,conventional,2511,0.0
Pumpkins and squash,conventional,2512,0.0
Pumpkins and squash,conventional,2519,0.0
Pumpkins and squash,conventional,2521,0.0
Pumpkins and squash,conventional,311,0.027671938114150463
Pumpkins and squash,conventional,312,0.0007775989601552108
Pumpkins and squash,conventional,321,1.126519067842186
Pumpkins and squash,conventional,322,0.46992984634976903
Pumpkins and squash,conventional,411,0.11513613279502814
Pumpkins and squash,conventional,421,2.675416008891151
Pumpkins and squash,conventional,422,0.2439211437570774
Pumpkins and squash,conventional,431,0.20750048137393715
Pumpkins and squash,conventional,511,0.0022686113106669585
Pumpkins and squash,conventional,512,0.02104683228533757
Pumpkins and squash,conventional,513,1.7819174926352037
Pumpkins and squash,conventional,514,0.2637570890998443
Pumpkins and squash,conventional,515,0.3845723234435734
Pumpkins and squash,conventional,521,0.01000860276089767
Pumpkins and squash,conventional,611,0.04990640217902032
Pumpkins and squash,conventional,612,0.6441464177437509
Pumpkins and squash,conventional,621,0.8194771136368683
Pumpkins and squash,conventional,622,0.15050143455791232
Pumpkins and squash,conventional,711,0.9973705943798362
Pumpkins and squash,conventional,731,0.5359811851232325
Pumpkins and squash,conventional,811,15.806342913271832
Pumpkins and squash,conventional,812,11.499798623560626
Pumpkins and squash,conventional,813,0.025310219090237212
Pumpkins and squash,conventional,814,0.03958834182445845
Pumpkins and squash,conventional,821,0.27719614052983454
Pumpkins and squash,conventional,831,0.9476388641839285
Pumpkins and squash,conventional,911,0.15253830018006348
Pumpkins and squash,conventional,912,3.167042782104536
Pumpkins and squash,conventional,913,0.33569553492686477
Pumpkins and squash,organic,1011,0.2160657663668703
Pumpkins and squash,organic,111,0.002223420202767796
Pumpkins and squash,organic,1111,19.593627080338266
Pumpkins and squash,organic,1112,0.44898757697501585
Pumpkins and squash,organic,112,0.00466030969210176
Pumpkins and squash,organic,1121,5.379002274323381
Pumpkins and squash,organic,1122,0.018304459727200822
Pumpkins and squash,organic,1123,1.293000207939085
Pumpkins and squash,organic,1124,0.14259732423579682
Pumpkins and squash,organic,1131,0.014243984862863955
Pumpkins and squash,organic,1211,14.483118294074178
Pumpkins and squash,organic,1212,0.8844405890507421
Pumpkins and squash,organic,1213,0.1275601480636293
Pumpkins and squash,organic,1214,1.5021887826676164
Pumpkins and squash,organic,1215,0.29637837353589136
Pumpkins and squash,organic,1216,2.454104091148954
Pumpkins and squash,organic,1221,0.019599869242154098
Pumpkins and squash,organic,1222,6.218990272484137
Pumpkins and squash,organic,1311,0.2441641966081856
Pumpkins and squash,organic,1321,0.3614465398549546
Pumpkins and squash,organic,1322,0.0015506891043748873
Pumpkins and squash,organic,1331,0.2934988971480574
Pumpkins and squash,organic,1411,0.0034121270102196516
Pumpkins and squash,organic,1412,0.01380535240921469
Pumpkins and squash,organic,1421,0.004261311901824785
Pumpkins and squash,organic,1511,0.007140632437367666
Pumpkins and squash,organic,1512,0.0009927877507550132
Pumpkins and squash,organic,1521,0.002832568894380191
Pumpkins and squash,organic,1522,0.0003625985908958318
Pumpkins and squash,organic,1611,0.0028686587370884285
Pumpkins and squash,organic,1612,0.04038470508575915
Pumpkins and squash,organic,1613,0.013903658381039612
Pumpkins and squash,organic,1614,0.026279739419063235
Pumpkins and squash,organic,1615,0.24003210833970726
Pumpkins and squash,organic,1616,0.02482070484515716
Pumpkins and squash,organic,1617,0.0021374757336580204
Pumpkins and squash,organic,1621,0.003610097477789798
Pumpkins and squash,organic,1622,0.06656734582662988
Pumpkins and squash,organic,1623,0.2577345761510586
Pumpkins and squash,organic,1711,0.0
Pumpkins and squash,organic,1712,1.4233302254425292e-05
Pumpkins and squash,organic,1713,0.0
Pumpkins and squash,organic,1721,0.0
Pumpkins and squash,organic,1722,0.0003820716615303075
Pumpkins and squash,organic,1723,0.0
Pumpkins and squash,organic,1724,0.0003803612616207432
Pumpkins and squash,organic,1811,0.00019315961330662344
Pumpkins and squash,organic,1812,0.0
Pumpkins and squash,organic,1813,0.0
Pumpkins and squash,organic,1821,0.0
Pumpkins and squash,organic,1911,4.567554082695682e-08
Pumpkins and squash,organic,1912,2.0067058725938973e-07
Pumpkins and squash,organic,1921,0.0
Pumpkins and squash,organic,1922,0.0
Pumpkins and squash,organic,2011,0.00778118907472025
Pumpkins and squash,organic,2012,0.007398687620744017
Pumpkins and squash,organic,2019,0.0
Pumpkins and squash,organic,2111,5.762364179915881e-07
Pumpkins and squash,organic,2121,7.586786515299242e-06
Pumpkins and squash,organic,2122,8.420151645290085e-05
Pumpkins and squash,organic,2211,0.0
Pumpkins and squash,organic,2212,0.0
Pumpkins and squash,organic,2221,0.0
Pumpkins and squash,organic,2311,0.0
Pumpkins and squash,organic,2312,0.0
Pumpkins and squash,organic,2319,0.0
Pumpkins and squash,organic,2331,0.0
Pumpkins and squash,organic,2411,0.0
Pumpkins and squash,organic,2412,0.0
Pumpkins and squash,organic,2413,0.0
Pumpkins and squash,organic,2414,0.0
Pumpkins and squash,organic,2415,0.0
Pumpkins and squash,organic,2419,0.0
Pumpkins and squash,organic,2511,0.0
Pumpkins and squash,organic,2512,0.0
Pumpkins and squash,organic,2519,0.0
Pumpkins and squash,organic,2521,0.0
Pumpkins and squash,organic,311,0.00039879639444506465
Pumpkins and squash,organic,312,1.1204110059145845e-05
Pumpkins and squash,organic,321,0.01546539677687119
Pumpkins and squash,organic,322,0.0063609575094508725
Pumpkins and squash,organic,411,0.0006435744442180218
Pumpkins and squash,organic,421,0.021895907117920256
Pumpkins and squash,organic,422,0.0015547140539726298
Pumpkins and squash,organic,431,0.0013983177158028094
Pumpkins and squash,organic,511,2.9359562810986483e-05
Pumpkins and squash,organic,512,0.00025864675864345986
Pumpkins and squash,organic,513,0.021316722458547793
Pumpkins and squash,organic,514,0.0031552732873737343
Pumpkins and squash,organic,515,0.004600561764485575
Pumpkins and squash,organic,521,0.00010697277896129772
Pumpkins and squash,organic,611,0.00021493222135135636
Pumpkins and squash,organic,612,0.0021236237321800243
Pumpkins and squash,organic,621,0.002921962347714595
Pumpkins and squash,organic,622,0.0005719476020399552
Pumpkins and squash,organic,711,0.003448660457592317
Pumpkins and squash,organic,731,0.05850661967628892
Pumpkins and squash,organic,811,0.49500362173634865
Pumpkins and squash,organic,812,0.363831256346019
Pumpkins and squash,organic,813,0.0008007660926450876
Pumpkins and squash,organic,814,0.0012403256991553055
Pumpkins and squash,organic,821,0.007858567838498386
Pumpkins and squash,organic,831,0.015302758995550624
Pumpkins and squash,organic,911,0.014385646928959231
Pumpkins and squash,organic,912,0.29867881849006755
Pumpkins and squash,organic,913,0.031658917369508925
Quinoa,conventional,1011,0.0
Quinoa,conventional,111,0.0
Quinoa,conventional,1111,0.0
Quinoa,conventional,1112,0.0
Quinoa,conventional,112,0.0
Quinoa,conventional,1121,0.0
Quinoa,conventional,1122,0.0
Quinoa,conventional,1123,0.0
Quinoa,conventional,1124,0.0
Quinoa,conventional,1131,0.0
Quinoa,conventional,1211,0.0
Quinoa,conventional,1212,0.0
Quinoa,conventional,1213,0.0
Quinoa,conventional,1214,0.0
Quinoa,conventional,1215,0.0
Quinoa,conventional,1216,0.0
Quinoa,conventional,1221,0.0
Quinoa,conventional,1222,0.0
Quinoa,conventional,1311,0.0
Quinoa,conventional,1321,0.0
Quinoa,conventional,1322,0.0
Quinoa,conventional,1331,0.0
Quinoa,conventional,1411,0.0
Quinoa,conventional,1412,0.0
Quinoa,conventional,1421,0.0
Quinoa,conventional,1511,0.0
Quinoa,conventional,1512,0.0
Quinoa,conventional,1521,0.0
Quinoa,conventional,1522,0.0
Quinoa,conventional,1611,0.0
Quinoa,conventional,1612,0.0
Quinoa,conventional,1613,0.0
Quinoa,conventional,1614,0.0
Quinoa,conventional,1615,0.0
Quinoa,conventional,1616,0.0
Quinoa,conventional,1617,0.0
Quinoa,conventional,1621,0.0
Quinoa,conventional,1622,0.0
Quinoa,conventional,1623,0.0
Quinoa,conventional,1711,0.0
Quinoa,conventional,1712,0.0
Quinoa,conventional,1713,0.0
Quinoa,conventional,1721,0.0
Quinoa,conventional,1722,0.0
Quinoa,conventional,1723,0.0
Quinoa,conventional,1724,0.0
Quinoa,conventional,1811,0.0
Quinoa,conventional,1812,0.0
Quinoa,conventional,1813,0.0
Quinoa,conventional,1821,0.0
Quinoa,conventional,1911,0.0
Quinoa,conventional,1912,0.0
Quinoa,conventional,1921,0.0
Quinoa,conventional,1922,0.0
Quinoa,conventional,2011,0.0
Quinoa,conventional,2012,0.0
Quinoa,conventional,2019,0.0
Quinoa,conventional,2111,0.0
Quinoa,conventional,2121,0.0
Quinoa,conventional,2122,0.0
Quinoa,conventional,2211,0.0
Quinoa,conventional,2212,0.0
Quinoa,conventional,2221,0.0
Quinoa,conventional,2311,0.0
Quinoa,conventional,2312,0.0
Quinoa,conventional,2319,0.0
Quinoa,conventional,2331,0.0
Quinoa,conventional,2411,0.0
Quinoa,conventional,2412,0.0
Quinoa,conventional,2413,0.0
Quinoa,conventional,2414,0.0
Quinoa,conventional,2415,0.0
Quinoa,conventional,2419,0.0
Quinoa,conventional,2511,0.0
Quinoa,conventional,2512,0.0
Quinoa,conventional,2519,0.0
Quinoa,conventional,2521,0.0
Quinoa,conventional,311,0.0
Quinoa,conventional,312,0.0
Quinoa,conventional,321,0.0
Quinoa,conventional,322,0.0
Quinoa,conventional,411,0.0
Quinoa,conventional,421,0.0
Quinoa,conventional,422,0.0
Quinoa,conventional,431,0.0
Quinoa,conventional,511,0.0
Quinoa,conventional,512,0.0
Quinoa,conventional,513,0.0
Quinoa,conventional,514,0.0
Quinoa,conventional,515,0.0
Quinoa,conventional,521,0.0
Quinoa,conventional,611,0.0
Quinoa,conventional,612,0.0
Quinoa,conventional,621,0.0
Quinoa,conventional,622,0.0
Quinoa,conventional,711,0.0
Quinoa,conventional,731,0.0
Quinoa,conventional,811,0.0
Quinoa,conventional,812,0.0
Quinoa,conventional,813,0.0
Quinoa,conventional,814,0.0
Quinoa,conventional,821,0.0
Quinoa,conventional,831,0.0
Quinoa,conventional,911,0.0
Quinoa,conventional,912,0.0
Quinoa,conventional,913,0.0
Quinoa,organic,1011,0.0
Quinoa,organic,111,0.0
Quinoa,organic,1111,0.0
Quinoa,organic,1112,0.0
Quinoa,organic,112,0.0
Quinoa,organic,1121,0.0
Quinoa,organic,1122,0.0
Quinoa,organic,1123,0.0
Quinoa,organic,1124,0.0
Quinoa,organic,1131,0.0
Quinoa,organic,1211,0.0
Quinoa,organic,1212,0.0
Quinoa,organic,1213,0.0
Quinoa,organic,1214,0.0
Quinoa,organic,1215,0.0
Quinoa,organic,1216,0.0
Quinoa,organic,1221,0.0
Quinoa,organic,1222,0.0
Quinoa,organic,1311,0.0
Quinoa,organic,1321,0.0
Quinoa,organic,1322,0.0
Quinoa,organic,1331,0.0
Quinoa,organic,1411,0.0
Quinoa,organic,1412,0.0
Quinoa,organic,1421,0.0
Quinoa,organic,1511,0.0
Quinoa,organic,1512,0.0
Quinoa,organic,1521,0.0
Quinoa,organic,1522,0.0
Quinoa,organic,1611,0.0
Quinoa,organic,1612,0.0
Quinoa,organic,1613,0.0
Quinoa,organic,1614,0.0
Quinoa,organic,1615,0.0
Quinoa,organic,1616,0.0
Quinoa,organic,1617,0.0
Quinoa,organic,1621,0.0
Quinoa,organic,1622,0.0
Quinoa,organic,1623,0.0
Quinoa,organic,1711,0.0
Quinoa,organic,1712,0.0
Quinoa,organic,1713,0.0
Quinoa,organic,1721,0.0
Quinoa,organic,1722,0.0
Quinoa,organic,1723,0.0
Quinoa,organic,1724,0.0
Quinoa,organic,1811,0.0
Quinoa,organic,1812,0.0
Quinoa,organic,1813,0.0
Quinoa,organic,1821,0.0
Quinoa,organic,1911,0.0
Quinoa,organic,1912,0.0
Quinoa,organic,1921,0.0
Quinoa,organic,1922,0.0
Quinoa,organic,2011,0.0
Quinoa,organic,2012,0.0
Quinoa,organic,2019,0.0
Quinoa,organic,2111,0.0
Quinoa,organic,2121,0.0
Quinoa,organic,2122,0.0
Quinoa,organic,2211,0.0
Quinoa,organic,2212,0.0
Quinoa,organic,2221,0.0
Quinoa,organic,2311,0.0
Quinoa,organic,2312,0.0
Quinoa,organic,2319,0.0
Quinoa,organic,2331,0.0
Quinoa,organic,2411,0.0
Quinoa,organic,2412,0.0
Quinoa,organic,2413,0.0
Quinoa,organic,2414,0.0
Quinoa,organic,2415,0.0
Quinoa,organic,2419,0.0
Quinoa,organic,2511,0.0
Quinoa,organic,2512,0.0
Quinoa,organic,2519,0.0
Quinoa,organic,2521,0.0
Quinoa,organic,311,0.0
Quinoa,organic,312,0.0
Quinoa,organic,321,0.0
Quinoa,organic,322,0.0
Quinoa,organic,411,0.0
Quinoa,organic,421,0.0
Quinoa,organic,422,0.0
Quinoa,organic,431,0.0
Quinoa,organic,511,0.0
Quinoa,organic,512,0.0
Quinoa,organic,513,0.0
Quinoa,organic,514,0.0
Quinoa,organic,515,0.0
Quinoa,organic,521,0.0
Quinoa,organic,611,0.0
Quinoa,organic,612,0.0
Quinoa,organic,621,0.0
Quinoa,organic,622,0.0
Quinoa,organic,711,0.0
Quinoa,organic,731,0.0
Quinoa,organic,811,0.0
Quinoa,organic,812,0.0
Quinoa,organic,813,0.0
Quinoa,organic,814,0.0
Quinoa,organic,821,0.0
Quinoa,organic,831,0.0
Quinoa,organic,911,0.0
Quinoa,organic,912,0.0
Quinoa,organic,913,0.0
"Rapeseed, spring",conventional,1011,9.616238806842189
"Rapeseed, spring",conventional,111,281.5687377570477
"Rapeseed, spring",conventional,1111,0.0
"Rapeseed, spring",conventional,1112,0.0
"Rapeseed, spring",conventional,112,210.9746642321355
"Rapeseed, spring",conventional,1121,4.501181881245197
"Rapeseed, spring",conventional,1122,0.0
"Rapeseed, spring",conventional,1123,36.98805845983859
"Rapeseed, spring",conventional,1124,2.034982583855647
"Rapeseed, spring",conventional,1131,0.0
"Rapeseed, spring",conventional,1211,10.319638774980783
"Rapeseed, spring",conventional,1212,11.083618901806302
"Rapeseed, spring",conventional,1213,0.0
"Rapeseed, spring",conventional,1214,6.976241209646426
"Rapeseed, spring",conventional,1215,49.461806149116065
"Rapeseed, spring",conventional,1216,52.66934126921599
"Rapeseed, spring",conventional,1221,5.37739620196003
"Rapeseed, spring",conventional,1222,9.872671020368946
"Rapeseed, spring",conventional,1311,74.26380283870968
"Rapeseed, spring",conventional,1321,24.026228320583133
"Rapeseed, spring",conventional,1322,0.0
"Rapeseed, spring",conventional,1331,58.50476668565089
"Rapeseed, spring",conventional,1411,0.0
"Rapeseed, spring",conventional,1412,73.34602732457027
"Rapeseed, spring",conventional,1421,0.0
"Rapeseed, spring",conventional,1511,0.0
"Rapeseed, spring",conventional,1512,45.42594636804853
"Rapeseed, spring",conventional,1521,34.17656994586591
"Rapeseed, spring",conventional,1522,42.85885373960353
"Rapeseed, spring",conventional,1611,0.0
"Rapeseed, spring",conventional,1612,29.615568867258023
"Rapeseed, spring",conventional,1613,0.0
"Rapeseed, spring",conventional,1614,24.443103870905823
"Rapeseed, spring",conventional,1615,6.756273518705763
"Rapeseed, spring",conventional,1616,42.59474603640041
"Rapeseed, spring",conventional,1617,0.0
"Rapeseed, spring",conventional,1621,129.55081352275025
"Rapeseed, spring",conventional,1622,16.538733617795753
"Rapeseed, spring",conventional,1623,1.984960012133468
"Rapeseed, spring",conventional,1711,88.11424673489088
"Rapeseed, spring",conventional,1712,0.0
"Rapeseed, spring",conventional,1713,23.868533333333335
"Rapeseed, spring",conventional,1721,0.0
"Rapeseed, spring",conventional,1722,89.77003160755086
"Rapeseed, spring",conventional,1723,0.0
"Rapeseed, spring",conventional,1724,0.5175879846711635
"Rapeseed, spring",conventional,1811,25.388118157628426
"Rapeseed, spring",conventional,1812,177.1427631640434
"Rapeseed, spring",conventional,1813,12.356461823987864
"Rapeseed, spring",conventional,1821,131.09321408279195
"Rapeseed, spring",conventional,1911,376.6606442032024
"Rapeseed, spring",conventional,1912,80.44964685547292
"Rapeseed, spring",conventional,1921,359.7985629515706
"Rapeseed, spring",conventional,1922,163.69135450615335
"Rapeseed, spring",conventional,2011,96.46450830942554
"Rapeseed, spring",conventional,2012,12.450124362769461
"Rapeseed, spring",conventional,2019,0.0
"Rapeseed, spring",conventional,2111,184.3109230011584
"Rapeseed, spring",conventional,2121,123.63976167009366
"Rapeseed, spring",conventional,2122,0.0
"Rapeseed, spring",conventional,2211,6.6517313786186385
"Rapeseed, spring",conventional,2212,14.796115868273084
"Rapeseed, spring",conventional,2221,5.860971091208758
"Rapeseed, spring",conventional,2311,0.02468037053193184
"Rapeseed, spring",conventional,2312,0.0
"Rapeseed, spring",conventional,2319,0.0
"Rapeseed, spring",conventional,2331,0.0
"Rapeseed, spring",conventional,2411,7.823957627811861
"Rapeseed, spring",conventional,2412,15.472190004089983
"Rapeseed, spring",conventional,2413,21.80390914355828
"Rapeseed, spring",conventional,2414,0.7117350962961615
"Rapeseed, spring",conventional,2415,0.0
"Rapeseed, spring",conventional,2419,0.0
"Rapeseed, spring",conventional,2511,7.909014903626044
"Rapeseed, spring",conventional,2512,0.0
"Rapeseed, spring",conventional,2519,0.0
"Rapeseed, spring",conventional,2521,0.0
"Rapeseed, spring",conventional,311,437.3858372938453
"Rapeseed, spring",conventional,312,85.77963538123427
"Rapeseed, spring",conventional,321,499.28724257672127
"Rapeseed, spring",conventional,322,0.235512990575744
"Rapeseed, spring",conventional,411,70.34598236431343
"Rapeseed, spring",conventional,421,195.3719850096742
"Rapeseed, spring",conventional,422,258.0663970198557
"Rapeseed, spring",conventional,431,54.08043002870541
"Rapeseed, spring",conventional,511,0.0
"Rapeseed, spring",conventional,512,0.0
"Rapeseed, spring",conventional,513,10.799685050535265
"Rapeseed, spring",conventional,514,109.39178577377203
"Rapeseed, spring",conventional,515,388.0709916742758
"Rapeseed, spring",conventional,521,82.4403394669295
"Rapeseed, spring",conventional,611,0.0
"Rapeseed, spring",conventional,612,11.221502101831874
"Rapeseed, spring",conventional,621,3.643810894684157
"Rapeseed, spring",conventional,622,4.498191177549222
"Rapeseed, spring",conventional,711,31.264328307692303
"Rapeseed, spring",conventional,731,0.0
"Rapeseed, spring",conventional,811,9.236713928323379
"Rapeseed, spring",conventional,812,0.0
"Rapeseed, spring",conventional,813,19.353754196791442
"Rapeseed, spring",conventional,814,0.0
"Rapeseed, spring",conventional,821,23.94682195978339
"Rapeseed, spring",conventional,831,0.0
"Rapeseed, spring",conventional,911,39.22636974692697
"Rapeseed, spring",conventional,912,407.6907070426609
"Rapeseed, spring",conventional,913,80.20580876355749
"Rapeseed, spring",organic,1011,0.49296119315781134
"Rapeseed, spring",organic,111,5.437329461777893
"Rapeseed, spring",organic,1111,0.0
"Rapeseed, spring",organic,1112,0.0
"Rapeseed, spring",organic,112,4.729224114716203
"Rapeseed, spring",organic,1121,0.047958118754804005
"Rapeseed, spring",organic,1122,0.0
"Rapeseed, spring",organic,1123,0.39409154016141434
"Rapeseed, spring",organic,1124,0.07441741614435318
"Rapeseed, spring",organic,1131,0.0
"Rapeseed, spring",organic,1211,0.10995122501921599
"Rapeseed, spring",organic,1212,0.11809109819369716
"Rapeseed, spring",organic,1213,0.0
"Rapeseed, spring",organic,1214,0.07432879035357419
"Rapeseed, spring",organic,1215,0.5269938508839355
"Rapeseed, spring",organic,1216,0.5611687307840124
"Rapeseed, spring",organic,1221,0.05729379803996926
"Rapeseed, spring",organic,1222,0.10518897963105306
"Rapeseed, spring",organic,1311,4.667557161290324
"Rapeseed, spring",organic,1321,1.471641679416866
"Rapeseed, spring",organic,1322,0.0
"Rapeseed, spring",organic,1331,3.153393314349099
"Rapeseed, spring",organic,1411,0.0
"Rapeseed, spring",organic,1412,1.5098126754297267
"Rapeseed, spring",organic,1421,0.0
"Rapeseed, spring",organic,1511,0.0
"Rapeseed, spring",organic,1512,0.9350836319514659
"Rapeseed, spring",organic,1521,0.8752900541340979
"Rapeseed, spring",organic,1522,8.705886260396472
"Rapeseed, spring",organic,1611,0.0
"Rapeseed, spring",organic,1612,0.6523311327419827
"Rapeseed, spring",organic,1613,0.0
"Rapeseed, spring",organic,1614,1.0726761290941784
"Rapeseed, spring",organic,1615,0.1390764812942366
"Rapeseed, spring",organic,1616,0.8768039635995956
"Rapeseed, spring",organic,1617,0.0
"Rapeseed, spring",organic,1621,2.666776477249747
"Rapeseed, spring",organic,1622,0.34044638220424667
"Rapeseed, spring",organic,1623,0.04085998786653185
"Rapeseed, spring",organic,1711,9.453463265109127
"Rapeseed, spring",organic,1712,0.0
"Rapeseed, spring",organic,1713,31.875066666666665
"Rapeseed, spring",organic,1721,0.0
"Rapeseed, spring",organic,1722,7.345948392449135
"Rapeseed, spring",organic,1723,0.0
"Rapeseed, spring",organic,1724,0.2923420153288366
"Rapeseed, spring",organic,1811,1.0888318423715753
"Rapeseed, spring",organic,1812,7.415806835956629
"Rapeseed, spring",organic,1813,0.5187725886038195
"Rapeseed, spring",organic,1821,4.316345351167041
"Rapeseed, spring",organic,1911,3.2082455094943176
"Rapeseed, spring",organic,1912,1.6839382482754282
"Rapeseed, spring",organic,1921,1.8414370484293892
"Rapeseed, spring",organic,1922,0.7979734938466947
"Rapeseed, spring",organic,2011,52.41379547410462
"Rapeseed, spring",organic,2012,6.438739637230541
"Rapeseed, spring",organic,2019,0.0
"Rapeseed, spring",organic,2111,19.08633899884162
"Rapeseed, spring",organic,2121,12.822288273053783
"Rapeseed, spring",organic,2122,0.0
"Rapeseed, spring",organic,2211,18.20214062138136
"Rapeseed, spring",organic,2212,39.71354813172692
"Rapeseed, spring",organic,2221,5.2779089087912405
"Rapeseed, spring",organic,2311,1.5536556294680681
"Rapeseed, spring",organic,2312,0.0
"Rapeseed, spring",organic,2319,0.0
"Rapeseed, spring",organic,2331,0.0
"Rapeseed, spring",organic,2411,1.3764423721881391
"Rapeseed, spring",organic,2412,2.721969995910021
"Rapeseed, spring",organic,2413,3.7574668564417184
"Rapeseed, spring",organic,2414,0.010634903703838407
"Rapeseed, spring",organic,2415,0.0
"Rapeseed, spring",organic,2419,0.0
"Rapeseed, spring",organic,2511,12.290365096373957
"Rapeseed, spring",organic,2512,0.0
"Rapeseed, spring",organic,2519,0.0
"Rapeseed, spring",organic,2521,0.0
"Rapeseed, spring",organic,311,0.2661112190807162
"Rapeseed, spring",organic,312,0.02487523220935357
"Rapeseed, spring",organic,321,2.465883862792355
"Rapeseed, spring",organic,322,0.0020336819172318017
"Rapeseed, spring",organic,411,4.613337635686582
"Rapeseed, spring",organic,421,9.359214990325809
"Rapeseed, spring",organic,422,13.754815758745327
"Rapeseed, spring",organic,431,2.968070356305026
"Rapeseed, spring",organic,511,0.0
"Rapeseed, spring",organic,512,0.0
"Rapeseed, spring",organic,513,0.37018494946473557
"Rapeseed, spring",organic,514,3.749664226227959
"Rapeseed, spring",organic,515,13.30205832572418
"Rapeseed, spring",organic,521,3.314730533070507
"Rapeseed, spring",organic,611,0.0
"Rapeseed, spring",organic,612,7.002917898168128
"Rapeseed, spring",organic,621,4.330525105315844
"Rapeseed, spring",organic,622,2.6180488224507794
"Rapeseed, spring",organic,711,12.280851692307692
"Rapeseed, spring",organic,731,0.0
"Rapeseed, spring",organic,811,1.7918660716766206
"Rapeseed, spring",organic,812,0.0
"Rapeseed, spring",organic,813,3.815815803208556
"Rapeseed, spring",organic,814,0.0
"Rapeseed, spring",organic,821,3.978848040216609
"Rapeseed, spring",organic,831,0.0
"Rapeseed, spring",organic,911,1.2940102530730297
"Rapeseed, spring",organic,912,13.44901295733912
"Rapeseed, spring",organic,913,2.6458512364425166
"Rapeseed, winter",conventional,1011,858.4446081231757
"Rapeseed, winter",conventional,111,787.049909921406
"Rapeseed, winter",conventional,1111,1138.557603105542
"Rapeseed, winter",conventional,1112,877.8951869222933
"Rapeseed, winter",conventional,112,327.1880586967042
"Rapeseed, winter",conventional,1121,5237.131447678543
"Rapeseed, winter",conventional,1122,2300.9920304795733
"Rapeseed, winter",conventional,1123,2881.958897385268
"Rapeseed, winter",conventional,1124,186.48432749378514
"Rapeseed, winter",conventional,1131,0.0
"Rapeseed, winter",conventional,1211,6450.376492489588
"Rapeseed, winter",conventional,1212,3337.275150078577
"Rapeseed, winter",conventional,1213,2086.7225673480184
"Rapeseed, winter",conventional,1214,4753.461466166402
"Rapeseed, winter",conventional,1215,4575.710162568829
"Rapeseed, winter",conventional,1216,6402.30795464173
"Rapeseed, winter",conventional,1221,201.4646164338324
"Rapeseed, winter",conventional,1222,1665.6110960240403
"Rapeseed, winter",conventional,1311,1286.01797113737
"Rapeseed, winter",conventional,1321,1556.7869816951768
"Rapeseed, winter",conventional,1322,0.0
"Rapeseed, winter",conventional,1331,344.9488034976845
"Rapeseed, winter",conventional,1411,3.025961735385245
"Rapeseed, winter",conventional,1412,34.042069523083995
"Rapeseed, winter",conventional,1421,6.803404034193977
"Rapeseed, winter",conventional,1511,13.197919280439823
"Rapeseed, winter",conventional,1512,997.3700136460759
"Rapeseed, winter",conventional,1521,55.844392765876734
"Rapeseed, winter",conventional,1522,3.278125213334015
"Rapeseed, winter",conventional,1611,78.93693409812647
"Rapeseed, winter",conventional,1612,634.6714003019332
"Rapeseed, winter",conventional,1613,211.49334985629125
"Rapeseed, winter",conventional,1614,663.693679728437
"Rapeseed, winter",conventional,1615,733.1978762937983
"Rapeseed, winter",conventional,1616,774.3522918604837
"Rapeseed, winter",conventional,1617,197.03463770678505
"Rapeseed, winter",conventional,1621,708.1301546547984
"Rapeseed, winter",conventional,1622,2878.481169878174
"Rapeseed, winter",conventional,1623,1780.2090260028224
"Rapeseed, winter",conventional,1711,76.33342651566863
"Rapeseed, winter",conventional,1712,42.07766852304856
"Rapeseed, winter",conventional,1713,0.0
"Rapeseed, winter",conventional,1721,0.0
"Rapeseed, winter",conventional,1722,120.77102214885787
"Rapeseed, winter",conventional,1723,0.0
"Rapeseed, winter",conventional,1724,0.0
"Rapeseed, winter",conventional,1811,177.51241747865052
"Rapeseed, winter",conventional,1812,1922.1338346772964
"Rapeseed, winter",conventional,1813,12.267850520779286
"Rapeseed, winter",conventional,1821,438.5451170673994
"Rapeseed, winter",conventional,1911,1220.6027175143104
"Rapeseed, winter",conventional,1912,90.81743916813937
"Rapeseed, winter",conventional,1921,612.3344702024724
"Rapeseed, winter",conventional,1922,125.97980465090136
"Rapeseed, winter",conventional,2011,227.1232007556444
"Rapeseed, winter",conventional,2012,2.8838223788431723
"Rapeseed, winter",conventional,2019,0.0
"Rapeseed, winter",conventional,2111,0.0
"Rapeseed, winter",conventional,2121,57.84249263539479
"Rapeseed, winter",conventional,2122,0.0
"Rapeseed, winter",conventional,2211,0.0
"Rapeseed, winter",conventional,2212,0.0
"Rapeseed, winter",conventional,2221,0.0
"Rapeseed, winter",conventional,2311,0.0
"Rapeseed, winter",conventional,2312,0.0
"Rapeseed, winter",conventional,2319,0.0
"Rapeseed, winter",conventional,2331,0.0
"Rapeseed, winter",conventional,2411,0.0
"Rapeseed, winter",conventional,2412,0.0
"Rapeseed, winter",conventional,2413,0.0
"Rapeseed, winter",conventional,2414,0.0
"Rapeseed, winter",conventional,2415,0.0
"Rapeseed, winter",conventional,2419,0.0
"Rapeseed, winter",conventional,2511,0.0
"Rapeseed, winter",conventional,2512,0.0
"Rapeseed, winter",conventional,2519,0.0
"Rapeseed, winter",conventional,2521,0.0
"Rapeseed, winter",conventional,311,1235.8929781056872
"Rapeseed, winter",conventional,312,125.58584225281535
"Rapeseed, winter",conventional,321,2226.8451648674486
"Rapeseed, winter",conventional,322,0.0
"Rapeseed, winter",conventional,411,1399.7879746305712
"Rapeseed, winter",conventional,421,1377.5857084466281
"Rapeseed, winter",conventional,422,1055.878089594564
"Rapeseed, winter",conventional,431,662.7980051302386
"Rapeseed, winter",conventional,511,117.6439918758412
"Rapeseed, winter",conventional,512,128.99588352699715
"Rapeseed, winter",conventional,513,4605.894716599112
"Rapeseed, winter",conventional,514,2613.1826274010436
"Rapeseed, winter",conventional,515,1630.3182403394685
"Rapeseed, winter",conventional,521,351.08376209388547
"Rapeseed, winter",conventional,611,0.0
"Rapeseed, winter",conventional,612,220.87916450858995
"Rapeseed, winter",conventional,621,21.08515880583179
"Rapeseed, winter",conventional,622,2.8651351249252404
"Rapeseed, winter",conventional,711,74.0851377340314
"Rapeseed, winter",conventional,731,0.0
"Rapeseed, winter",conventional,811,2739.564061781535
"Rapeseed, winter",conventional,812,469.97181939285446
"Rapeseed, winter",conventional,813,270.0097235078842
"Rapeseed, winter",conventional,814,0.0
"Rapeseed, winter",conventional,821,193.66584210682095
"Rapeseed, winter",conventional,831,8.422546192622198
"Rapeseed, winter",conventional,911,709.5843812299909
"Rapeseed, winter",conventional,912,2789.5893457221064
"Rapeseed, winter",conventional,913,367.58672798330406
"Rapeseed, winter",organic,1011,33.37224130260397
"Rapeseed, winter",organic,111,33.12409007859403
"Rapeseed, winter",organic,1111,24.546128894457887
"Rapeseed, winter",organic,1112,19.031087627021215
"Rapeseed, winter",organic,112,14.869941303295837
"Rapeseed, winter",organic,1121,112.90715832145726
"Rapeseed, winter",organic,1122,49.60701752042698
"Rapeseed, winter",organic,1123,62.132064614732506
"Rapeseed, winter",organic,1124,5.610343179288184
"Rapeseed, winter",organic,1131,0.0
"Rapeseed, winter",organic,1211,139.06347151041206
"Rapeseed, winter",organic,1212,71.94821392142289
"Rapeseed, winter",organic,1213,44.987588651981845
"Rapeseed, winter",organic,1214,102.47973183359733
"Rapeseed, winter",organic,1215,100.32891143117018
"Rapeseed, winter",organic,1216,138.02716335826995
"Rapeseed, winter",organic,1221,4.343369566167625
"Rapeseed, winter",organic,1222,37.07113997595969
"Rapeseed, winter",organic,1311,49.42202886262997
"Rapeseed, winter",organic,1321,62.29297423420229
"Rapeseed, winter",organic,1322,0.0
"Rapeseed, winter",organic,1331,23.22643562003439
"Rapeseed, winter",organic,1411,0.5944142646147553
"Rapeseed, winter",organic,1412,6.687160476915997
"Rapeseed, winter",organic,1421,1.3364479658060227
"Rapeseed, winter",organic,1511,2.5846651674777315
"Rapeseed, winter",organic,1512,195.92150035392405
"Rapeseed, winter",organic,1521,9.7399122170081
"Rapeseed, winter",organic,1522,0.6439487866659849
"Rapeseed, winter",organic,1611,25.846177901873524
"Rapeseed, winter",organic,1612,125.1520156980666
"Rapeseed, winter",organic,1613,41.545358143708775
"Rapeseed, winter",organic,1614,138.36346027156299
"Rapeseed, winter",organic,1615,144.02801970620175
"Rapeseed, winter",organic,1616,152.11231613951634
"Rapeseed, winter",organic,1617,38.6614596823529
"Rapeseed, winter",organic,1621,139.10376334520168
"Rapeseed, winter",organic,1622,565.4434581218263
"Rapeseed, winter",organic,1623,349.7009319971778
"Rapeseed, winter",organic,1711,36.19257348433137
"Rapeseed, winter",organic,1712,18.71035461376071
"Rapeseed, winter",organic,1713,0.0
"Rapeseed, winter",organic,1721,0.0
"Rapeseed, winter",organic,1722,46.77661864039689
"Rapeseed, winter",organic,1723,0.0
"Rapeseed, winter",organic,1724,0.0
"Rapeseed, winter",organic,1811,18.299464297887575
"Rapeseed, winter",organic,1812,214.2641653227032
"Rapeseed, winter",organic,1813,1.3561494792207145
"Rapeseed, winter",organic,1821,49.82488293260059
"Rapeseed, winter",organic,1911,188.9752824856896
"Rapeseed, winter",organic,1912,71.69214729884337
"Rapeseed, winter",organic,1921,171.5035297975275
"Rapeseed, winter",organic,1922,23.64419534909865
"Rapeseed, winter",organic,2011,155.15621242718615
"Rapeseed, winter",organic,2012,1.6518741047073815
"Rapeseed, winter",organic,2019,0.0
"Rapeseed, winter",organic,2111,0.0
"Rapeseed, winter",organic,2121,34.19422832436743
"Rapeseed, winter",organic,2122,0.0
"Rapeseed, winter",organic,2211,0.0
"Rapeseed, winter",organic,2212,0.0
"Rapeseed, winter",organic,2221,0.0
"Rapeseed, winter",organic,2311,0.0
"Rapeseed, winter",organic,2312,0.0
"Rapeseed, winter",organic,2319,0.0
"Rapeseed, winter",organic,2331,0.0
"Rapeseed, winter",organic,2411,0.0
"Rapeseed, winter",organic,2412,0.0
"Rapeseed, winter",organic,2413,0.0
"Rapeseed, winter",organic,2414,0.0
"Rapeseed, winter",organic,2415,0.0
"Rapeseed, winter",organic,2419,0.0
"Rapeseed, winter",organic,2511,0.0
"Rapeseed, winter",organic,2512,0.0
"Rapeseed, winter",organic,2519,0.0
"Rapeseed, winter",organic,2521,0.0
"Rapeseed, winter",organic,311,118.93302189431274
"Rapeseed, winter",organic,312,24.99815774718465
"Rapeseed, winter",organic,321,204.83683513255127
"Rapeseed, winter",organic,322,0.0
"Rapeseed, winter",organic,411,52.84690342288703
"Rapeseed, winter",organic,421,57.652291553371796
"Rapeseed, winter",organic,422,75.59591040543606
"Rapeseed, winter",organic,431,28.693994869761436
"Rapeseed, winter",organic,511,17.481580747266623
"Rapeseed, winter",organic,512,19.391782334197085
"Rapeseed, winter",organic,513,702.9143874008864
"Rapeseed, winter",organic,514,400.159188598956
"Rapeseed, winter",organic,515,248.80597966053153
"Rapeseed, winter",organic,521,44.866740369794044
"Rapeseed, winter",organic,611,0.0
"Rapeseed, winter",organic,612,95.6209408011569
"Rapeseed, winter",organic,621,5.182719235368318
"Rapeseed, winter",organic,622,1.053017798534902
"Rapeseed, winter",organic,711,9.359334265968585
"Rapeseed, winter",organic,731,0.0
"Rapeseed, winter",organic,811,77.84793821846468
"Rapeseed, winter",organic,812,13.166180607145593
"Rapeseed, winter",organic,813,7.564276492115773
"Rapeseed, winter",organic,814,0.0
"Rapeseed, winter",organic,821,9.125440815444138
"Rapeseed, winter",organic,831,0.5719202471351114
"Rapeseed, winter",organic,911,63.083618770009004
"Rapeseed, winter",organic,912,248.00065427789386
"Rapeseed, winter",organic,913,32.679272016695954
Rye,conventional,1011,92.59243919025697
Rye,conventional,111,68.98648916821028
Rye,conventional,1111,987.3763701201511
Rye,conventional,1112,610.2229012800892
Rye,conventional,112,12.92167658095843
Rye,conventional,1121,587.995709754853
Rye,conventional,1122,704.4593839676014
Rye,conventional,1123,303.47498718069977
Rye,conventional,1124,228.1590762562438
Rye,conventional,1131,18.003743352806502
Rye,conventional,1211,682.8862419989475
Rye,conventional,1212,616.6450360041938
Rye,conventional,1213,1313.4284643464434
Rye,conventional,1214,527.0779401049805
Rye,conventional,1215,2231.978278700429
Rye,conventional,1216,299.1462026931198
Rye,conventional,1221,215.5619190891332
Rye,conventional,1222,792.6592992240076
Rye,conventional,1311,124.26614273017356
Rye,conventional,1321,451.36206555137323
Rye,conventional,1322,3.127622207675373
Rye,conventional,1331,28.113612064607047
Rye,conventional,1411,5.936767325109514
Rye,conventional,1412,8.330000729805501
Rye,conventional,1421,6.457997246294025
Rye,conventional,1511,24.42656262287862
Rye,conventional,1512,108.33010409679343
Rye,conventional,1521,8.521457876409649
Rye,conventional,1522,1.653556991343964
Rye,conventional,1611,23.019646729155916
Rye,conventional,1612,252.4899138465118
Rye,conventional,1613,134.51050141124932
Rye,conventional,1614,281.01096771439956
Rye,conventional,1615,415.5239401391974
Rye,conventional,1616,314.55050556660245
Rye,conventional,1617,159.11446279974274
Rye,conventional,1621,1097.2774687484493
Rye,conventional,1622,490.4897989892412
Rye,conventional,1623,572.1970824963029
Rye,conventional,1711,114.09931194643477
Rye,conventional,1712,6.038458357818168
Rye,conventional,1713,0.0
Rye,conventional,1721,2.320690763377967
Rye,conventional,1722,55.79463645775594
Rye,conventional,1723,0.0
Rye,conventional,1724,0.0
Rye,conventional,1811,38.11918218911412
Rye,conventional,1812,250.14751548020914
Rye,conventional,1813,0.0
Rye,conventional,1821,17.040736102863328
Rye,conventional,1911,21.45270349753239
Rye,conventional,1912,43.44230998498783
Rye,conventional,1921,83.48291051182451
Rye,conventional,1922,80.80208198735264
Rye,conventional,2011,216.80812632865235
Rye,conventional,2012,9.154770143116046
Rye,conventional,2019,0.0
Rye,conventional,2111,9.462269406360981
Rye,conventional,2121,29.443913794058176
Rye,conventional,2122,1.8423390870547744
Rye,conventional,2211,0.0
Rye,conventional,2212,0.0
Rye,conventional,2221,0.0
Rye,conventional,2311,0.29580445283260637
Rye,conventional,2312,0.0
Rye,conventional,2319,0.0
Rye,conventional,2331,0.0
Rye,conventional,2411,0.0
Rye,conventional,2412,0.0
Rye,conventional,2413,0.0
Rye,conventional,2414,0.0
Rye,conventional,2415,0.0
Rye,conventional,2419,0.0
Rye,conventional,2511,0.0
Rye,conventional,2512,0.0
Rye,conventional,2519,0.0
Rye,conventional,2521,0.0
Rye,conventional,311,164.61633792344688
Rye,conventional,312,72.57733560761179
Rye,conventional,321,205.57902415976798
Rye,conventional,322,23.340509426474977
Rye,conventional,411,108.15926413173214
Rye,conventional,421,96.9079859252036
Rye,conventional,422,108.11793589533737
Rye,conventional,431,59.03395375169155
Rye,conventional,511,40.346149377923226
Rye,conventional,512,6.222036034556278
Rye,conventional,513,981.7496727577777
Rye,conventional,514,575.6347535666666
Rye,conventional,515,66.55774178222222
Rye,conventional,521,150.09397665116805
Rye,conventional,611,3.8427188437923308
Rye,conventional,612,17.055995199506004
Rye,conventional,621,14.78253386663242
Rye,conventional,622,5.802617430005537
Rye,conventional,711,2.655513384615384
Rye,conventional,731,3.410108180710366
Rye,conventional,811,308.0467766962396
Rye,conventional,812,130.78558281109724
Rye,conventional,813,7.238075291770574
Rye,conventional,814,1.8183317001082022
Rye,conventional,821,20.987418943942927
Rye,conventional,831,13.513385748060667
Rye,conventional,911,160.1142428048085
Rye,conventional,912,281.36993073740837
Rye,conventional,913,163.99624885810917
Rye,organic,1011,2.030549351182513
Rye,organic,111,25.824109252999982
Rye,organic,1111,64.11808827984889
Rye,organic,1112,39.43879719754418
Rye,organic,112,4.619612350657378
Rye,organic,1121,38.183171045146985
Rye,organic,1122,45.746070432398746
Rye,organic,1123,19.70701001930024
Rye,organic,1124,46.528541168013575
Rye,organic,1131,7.394737380693701
Rye,organic,1211,44.34515720105259
Rye,organic,1212,40.04359639580621
Rye,organic,1213,85.29120685355657
Rye,organic,1214,34.22730269501953
Rye,organic,1215,144.93984729957094
Rye,organic,1216,19.425908106880243
Rye,organic,1221,13.998125310866817
Rye,organic,1222,51.47358237599253
Rye,organic,1311,46.90871993649312
Rye,organic,1321,165.0981815694956
Rye,organic,1322,3.2335600107643736
Rye,organic,1331,10.968327711606056
Rye,organic,1411,2.620315874890485
Rye,organic,1412,3.676619270194498
Rye,organic,1421,2.8503715537059753
Rye,organic,1511,11.067545098868022
Rye,organic,1512,47.813747103206595
Rye,organic,1521,3.6914613156999105
Rye,organic,1522,0.7298318086560365
Rye,organic,1611,22.965109339656742
Rye,organic,1612,112.09155296056626
Rye,organic,1613,59.36901058875065
Rye,organic,1614,135.78050199683867
Rye,organic,1615,183.40014306080252
Rye,organic,1616,138.8334152333976
Rye,organic,1617,73.90517117755432
Rye,organic,1621,484.30625845155066
Rye,organic,1622,216.48788581075868
Rye,organic,1623,252.5510967036972
Rye,organic,1711,46.81229605356524
Rye,organic,1712,2.5456823462921663
Rye,organic,1713,0.0
Rye,organic,1721,0.9649687793301049
Rye,organic,1722,23.2392010706816
Rye,organic,1723,0.0
Rye,organic,1724,0.0
Rye,organic,1811,23.740858993659707
Rye,organic,1812,180.28851651979082
Rye,organic,1813,0.0
Rye,organic,1821,15.100879897136673
Rye,organic,1911,33.541030086302264
Rye,organic,1912,71.17557001501216
Rye,organic,1921,99.18494378425999
Rye,organic,1922,41.54397734405514
Rye,organic,2011,82.3306096713477
Rye,organic,2012,3.375045856883954
Rye,organic,2019,0.0
Rye,organic,2111,4.25117059363902
Rye,organic,2121,13.31101261605854
Rye,organic,2122,0.7165809129452256
Rye,organic,2211,0.0
Rye,organic,2212,0.0
Rye,organic,2221,0.0
Rye,organic,2311,0.7909955471673936
Rye,organic,2312,0.0
Rye,organic,2319,0.0
Rye,organic,2331,0.0
Rye,organic,2411,0.0
Rye,organic,2412,0.0
Rye,organic,2413,0.0
Rye,organic,2414,0.0
Rye,organic,2415,0.0
Rye,organic,2419,0.0
Rye,organic,2511,0.0
Rye,organic,2512,0.0
Rye,organic,2519,0.0
Rye,organic,2521,0.0
Rye,organic,311,80.55971659621397
Rye,organic,312,35.50406795725085
Rye,organic,321,100.98795903495441
Rye,organic,322,10.179554266249067
Rye,organic,411,58.54646719572996
Rye,organic,421,44.766556169446325
Rye,organic,422,73.84273556602268
Rye,organic,431,33.453674616592316
Rye,organic,511,6.518118446555834
Rye,organic,512,0.9224046668945274
Rye,organic,513,144.44766244222222
Rye,organic,514,84.69480243333332
Rye,organic,515,9.792832617777776
Rye,organic,521,30.364058107700178
Rye,organic,611,6.589544798030542
Rye,organic,612,28.533609010383056
Rye,organic,621,25.338844875221362
Rye,organic,622,9.680592534062948
Rye,organic,711,4.580598615384615
Rye,organic,731,1.3934788822499833
Rye,organic,811,68.7879875439453
Rye,organic,812,29.89246518890274
Rye,organic,813,1.6543407082294264
Rye,organic,814,0.4150918256150443
Rye,organic,821,4.463617598028157
Rye,organic,831,6.463317489484065
Rye,organic,911,46.7310938618582
Rye,organic,912,82.1208932625917
Rye,organic,913,47.86409980855745
Semi-natural meadows,conventional,1011,26.37374398648857
Semi-natural meadows,conventional,111,60.45886067902119
Semi-natural meadows,conventional,1111,487.5539996349031
Semi-natural meadows,conventional,1112,58.40609621406653
Semi-natural meadows,conventional,112,26.327375536402126
Semi-natural meadows,conventional,1121,179.60770719240597
Semi-natural meadows,conventional,1122,32.82451807228916
Semi-natural meadows,conventional,1123,98.42092552026286
Semi-natural meadows,conventional,1124,135.49654751622856
Semi-natural meadows,conventional,1131,121.51515353403356
Semi-natural meadows,conventional,1211,38.20667944505294
Semi-natural meadows,conventional,1212,36.0453943044907
Semi-natural meadows,conventional,1213,474.01088170865273
Semi-natural meadows,conventional,1214,82.87791712303759
Semi-natural meadows,conventional,1215,52.45502190580504
Semi-natural meadows,conventional,1216,31.940355969331875
Semi-natural meadows,conventional,1221,37.42602044541803
Semi-natural meadows,conventional,1222,60.46510952902519
Semi-natural meadows,conventional,1311,2.5030347003154576
Semi-natural meadows,conventional,1321,15.437899625606788
Semi-natural meadows,conventional,1322,20.509045632355914
Semi-natural meadows,conventional,1331,79.833666405042
Semi-natural meadows,conventional,1411,57.59114189756506
Semi-natural meadows,conventional,1412,39.37274559193954
Semi-natural meadows,conventional,1421,30.62549118387909
Semi-natural meadows,conventional,1511,80.92372766047814
Semi-natural meadows,conventional,1512,26.741750629722922
Semi-natural meadows,conventional,1521,29.89062563374664
Semi-natural meadows,conventional,1522,4.82816120906801
Semi-natural meadows,conventional,1611,5.209762863352602
Semi-natural meadows,conventional,1612,22.52198459743149
Semi-natural meadows,conventional,1613,197.05564231738035
Semi-natural meadows,conventional,1614,17.924429431240682
Semi-natural meadows,conventional,1615,68.52015952980688
Semi-natural meadows,conventional,1616,63.18022670025189
Semi-natural meadows,conventional,1617,34.14576809135031
Semi-natural meadows,conventional,1621,17.459156171284633
Semi-natural meadows,conventional,1622,37.81891267842149
Semi-natural meadows,conventional,1623,22.260382031905966
Semi-natural meadows,conventional,1711,53.28307038780914
Semi-natural meadows,conventional,1712,10.051546884182045
Semi-natural meadows,conventional,1713,34.68046771378708
Semi-natural meadows,conventional,1721,70.29080123258171
Semi-natural meadows,conventional,1722,37.055150643511816
Semi-natural meadows,conventional,1723,29.538233192852744
Semi-natural meadows,conventional,1724,40.14406115255623
Semi-natural meadows,conventional,1811,30.038861842735585
Semi-natural meadows,conventional,1812,35.20329981378026
Semi-natural meadows,conventional,1813,40.646331081234365
Semi-natural meadows,conventional,1821,56.212185325483105
Semi-natural meadows,conventional,1911,6.654290523762835
Semi-natural meadows,conventional,1912,379.04309548003846
Semi-natural meadows,conventional,1921,12.216580154277604
Semi-natural meadows,conventional,1922,107.47875097082313
Semi-natural meadows,conventional,2011,59.26088865877897
Semi-natural meadows,conventional,2012,67.7759318325534
Semi-natural meadows,conventional,2019,0.9859975520195838
Semi-natural meadows,conventional,2111,20.05241172554226
Semi-natural meadows,conventional,2121,158.8340528355391
Semi-natural meadows,conventional,2122,9.420380127914463
Semi-natural meadows,conventional,2211,19.269723251951724
Semi-natural meadows,conventional,2212,16.990425249169434
Semi-natural meadows,conventional,2221,21.224625314188355
Semi-natural meadows,conventional,2311,12.844050655967614
Semi-natural meadows,conventional,2312,27.781680872745845
Semi-natural meadows,conventional,2319,33.799435344827586
Semi-natural meadows,conventional,2331,22.49242979059576
Semi-natural meadows,conventional,2411,17.324157142857143
Semi-natural meadows,conventional,2412,0.0
Semi-natural meadows,conventional,2413,1.6873428571428573
Semi-natural meadows,conventional,2414,25.414719800424365
Semi-natural meadows,conventional,2415,37.24473990967382
Semi-natural meadows,conventional,2419,62.83811190476192
Semi-natural meadows,conventional,2511,52.64996177071348
Semi-natural meadows,conventional,2512,920.7419381966981
Semi-natural meadows,conventional,2519,1325.9766542005732
Semi-natural meadows,conventional,2521,1931.3418395077058
Semi-natural meadows,conventional,311,74.39135157948189
Semi-natural meadows,conventional,312,38.44027817148666
Semi-natural meadows,conventional,321,12.563180774968277
Semi-natural meadows,conventional,322,66.39353032712789
Semi-natural meadows,conventional,411,21.31180189016534
Semi-natural meadows,conventional,421,152.190530262037
Semi-natural meadows,conventional,422,14.32120435402674
Semi-natural meadows,conventional,431,101.4744999536203
Semi-natural meadows,conventional,511,37.54997018932432
Semi-natural meadows,conventional,512,13.429781624478366
Semi-natural meadows,conventional,513,27.523843199999995
Semi-natural meadows,conventional,514,67.1417856
Semi-natural meadows,conventional,515,17.2481184
Semi-natural meadows,conventional,521,11.89085547291073
Semi-natural meadows,conventional,611,34.09333549818523
Semi-natural meadows,conventional,612,42.07413087815581
Semi-natural meadows,conventional,621,45.03471876050492
Semi-natural meadows,conventional,622,60.823466522905555
Semi-natural meadows,conventional,711,27.35004680468047
Semi-natural meadows,conventional,731,110.68472482624443
Semi-natural meadows,conventional,811,208.34519518481756
Semi-natural meadows,conventional,812,395.0139596491228
Semi-natural meadows,conventional,813,104.37310263157894
Semi-natural meadows,conventional,814,33.76245739278526
Semi-natural meadows,conventional,821,44.48075400055826
Semi-natural meadows,conventional,831,144.1767490954865
Semi-natural meadows,conventional,911,61.9363100252738
Semi-natural meadows,conventional,912,57.63369839932603
Semi-natural meadows,conventional,913,40.36124684077505
Semi-natural meadows,organic,1011,0.9042560135114289
Semi-natural meadows,organic,111,9.109139320978818
Semi-natural meadows,organic,1111,68.28800036509674
Semi-natural meadows,organic,1112,8.133903785933462
Semi-natural meadows,organic,112,3.562624463597871
Semi-natural meadows,organic,1121,25.15629280759401
Semi-natural meadows,organic,1122,4.597481927710843
Semi-natural meadows,organic,1123,13.785074479737128
Semi-natural meadows,organic,1124,10.899452483771448
Semi-natural meadows,organic,1131,12.862846465966422
Semi-natural meadows,organic,1211,5.351320554947061
Semi-natural meadows,organic,1212,5.048605695509311
Semi-natural meadows,organic,1213,66.3911182913472
Semi-natural meadows,organic,1214,11.608082876962394
Semi-natural meadows,organic,1215,7.346978094194961
Semi-natural meadows,organic,1216,4.473644030668127
Semi-natural meadows,organic,1221,5.241979554581964
Semi-natural meadows,organic,1222,8.468890470974808
Semi-natural meadows,organic,1311,0.06896529968454258
Semi-natural meadows,organic,1321,0.4721003743932132
Semi-natural meadows,organic,1322,2.790954367644086
Semi-natural meadows,organic,1331,4.576333594958004
Semi-natural meadows,organic,1411,10.828858102434928
Semi-natural meadows,organic,1412,7.403254408060454
Semi-natural meadows,organic,1421,5.758508816120908
Semi-natural meadows,organic,1511,14.87627233952185
Semi-natural meadows,organic,1512,5.028249370277079
Semi-natural meadows,organic,1521,4.961374366253363
Semi-natural meadows,organic,1522,0.90783879093199
Semi-natural meadows,organic,1611,1.024237136647398
Semi-natural meadows,organic,1612,4.236015402568509
Semi-natural meadows,organic,1613,37.05235768261965
Semi-natural meadows,organic,1614,3.3855705687593147
Semi-natural meadows,organic,1615,12.883840470193116
Semi-natural meadows,organic,1616,11.879773299748113
Semi-natural meadows,organic,1617,6.296231908649689
Semi-natural meadows,organic,1621,3.2828438287153654
Semi-natural meadows,organic,1622,7.111087321578506
Semi-natural meadows,organic,1623,4.18561796809404
Semi-natural meadows,organic,1711,5.160929612190861
Semi-natural meadows,organic,1712,1.0364531158179568
Semi-natural meadows,organic,1713,3.315532286212914
Semi-natural meadows,organic,1721,8.361198767418282
Semi-natural meadows,organic,1722,4.474849356488192
Semi-natural meadows,organic,1723,4.141766807147256
Semi-natural meadows,organic,1724,6.117938847443757
Semi-natural meadows,organic,1811,7.079138157264418
Semi-natural meadows,organic,1812,6.85270018621974
Semi-natural meadows,organic,1813,7.993668918765639
Semi-natural meadows,organic,1821,12.915814674516898
Semi-natural meadows,organic,1911,2.2617094762371646
Semi-natural meadows,organic,1912,131.81490451996152
Semi-natural meadows,organic,1921,3.935419845722392
Semi-natural meadows,organic,1922,27.85324902917686
Semi-natural meadows,organic,2011,11.895111341221025
Semi-natural meadows,organic,2012,13.374068167446609
Semi-natural meadows,organic,2019,0.19000244798041613
Semi-natural meadows,organic,2111,3.9755882744577393
Semi-natural meadows,organic,2121,32.22794716446088
Semi-natural meadows,organic,2122,1.8396198720855377
Semi-natural meadows,organic,2211,2.454276748048277
Semi-natural meadows,organic,2212,2.1635747508305645
Semi-natural meadows,organic,2221,3.2813746858116404
Semi-natural meadows,organic,2311,1.6559493440323871
Semi-natural meadows,organic,2312,3.5823191272541517
Semi-natural meadows,organic,2319,4.358564655172414
Semi-natural meadows,organic,2331,3.185570209404235
Semi-natural meadows,organic,2411,0.6638428571428572
Semi-natural meadows,organic,2412,0.0
Semi-natural meadows,organic,2413,0.06465714285714286
Semi-natural meadows,organic,2414,1.0052801995756346
Semi-natural meadows,organic,2415,1.589260090326187
Semi-natural meadows,organic,2419,2.4078880952380954
Semi-natural meadows,organic,2511,0.1140382292865152
Semi-natural meadows,organic,2512,1.6920618033018202
Semi-natural meadows,organic,2519,3.3553457994268547
Semi-natural meadows,organic,2521,18.878160492293926
Semi-natural meadows,organic,311,18.942648420518104
Semi-natural meadows,organic,312,9.781721828513332
Semi-natural meadows,organic,321,2.928819225031724
Semi-natural meadows,organic,322,13.72446967287212
Semi-natural meadows,organic,411,13.406198109834653
Semi-natural meadows,organic,421,58.723469737963065
Semi-natural meadows,organic,422,8.076795645973263
Semi-natural meadows,organic,431,52.54150004637972
Semi-natural meadows,organic,511,12.744029810675679
Semi-natural meadows,organic,512,4.7822183755216345
Semi-natural meadows,organic,513,9.954156799999998
Semi-natural meadows,organic,514,24.2822144
Semi-natural meadows,organic,515,6.237881600000001
Semi-natural meadows,organic,521,4.84714452708927
Semi-natural meadows,organic,611,6.910664501814774
Semi-natural meadows,organic,612,8.62986912184418
Semi-natural meadows,organic,621,7.655281239495089
Semi-natural meadows,organic,622,11.650533477094449
Semi-natural meadows,organic,711,4.007953195319533
Semi-natural meadows,organic,731,12.449275173755579
Semi-natural meadows,organic,811,19.66080481518247
Semi-natural meadows,organic,812,37.77404035087719
Semi-natural meadows,organic,813,9.980897368421052
Semi-natural meadows,organic,814,3.3295426072147403
Semi-natural meadows,organic,821,5.871245999441738
Semi-natural meadows,organic,831,14.0932509045135
Semi-natural meadows,organic,911,29.961689974726198
Semi-natural meadows,organic,912,27.880301600673967
Semi-natural meadows,organic,913,19.524753159224932
Semi-natural pastures,conventional,1011,5784.157577197383
Semi-natural pastures,conventional,111,2820.6133924144524
Semi-natural pastures,conventional,1111,5730.264471679305
Semi-natural pastures,conventional,1112,4328.713162800927
Semi-natural pastures,conventional,112,2613.6330359320073
Semi-natural pastures,conventional,1121,2276.2487510075357
Semi-natural pastures,conventional,1122,4495.560036305128
Semi-natural pastures,conventional,1123,581.6249715339887
Semi-natural pastures,conventional,1124,3414.177098075658
Semi-natural pastures,conventional,1131,4312.145979996458
Semi-natural pastures,conventional,1211,1213.7024377887103
Semi-natural pastures,conventional,1212,1055.907267058029
Semi-natural pastures,conventional,1213,4629.2893830579305
Semi-natural pastures,conventional,1214,670.1755563488409
Semi-natural pastures,conventional,1215,3508.647936327827
Semi-natural pastures,conventional,1216,753.4518914401947
Semi-natural pastures,conventional,1221,6489.209052900229
Semi-natural pastures,conventional,1222,1229.8501232282792
Semi-natural pastures,conventional,1311,2982.154242128852
Semi-natural pastures,conventional,1321,1614.1276233000615
Semi-natural pastures,conventional,1322,4864.069150452961
Semi-natural pastures,conventional,1331,3202.1622043490074
Semi-natural pastures,conventional,1411,2681.2886393448985
Semi-natural pastures,conventional,1412,1650.3758030344623
Semi-natural pastures,conventional,1421,2372.8403409043544
Semi-natural pastures,conventional,1511,10337.011036515143
Semi-natural pastures,conventional,1512,412.7471227305761
Semi-natural pastures,conventional,1521,2365.0764631093048
Semi-natural pastures,conventional,1522,873.0855405653369
Semi-natural pastures,conventional,1611,2000.5323660551142
Semi-natural pastures,conventional,1612,3003.943105536665
Semi-natural pastures,conventional,1613,5444.90955149567
Semi-natural pastures,conventional,1614,1773.130637242837
Semi-natural pastures,conventional,1615,1633.695119773041
Semi-natural pastures,conventional,1616,1621.743288711252
Semi-natural pastures,conventional,1617,1101.9480752221823
Semi-natural pastures,conventional,1621,1297.6202020121864
Semi-natural pastures,conventional,1622,757.2091622962084
Semi-natural pastures,conventional,1623,1144.883574890658
Semi-natural pastures,conventional,1711,1095.2253197605792
Semi-natural pastures,conventional,1712,728.4928985594655
Semi-natural pastures,conventional,1713,800.6485520739182
Semi-natural pastures,conventional,1721,592.4355507495841
Semi-natural pastures,conventional,1722,477.0830393879245
Semi-natural pastures,conventional,1723,531.2638472902709
Semi-natural pastures,conventional,1724,2137.802706914203
Semi-natural pastures,conventional,1811,1475.1200561202156
Semi-natural pastures,conventional,1812,1573.6928249024759
Semi-natural pastures,conventional,1813,700.3687555278167
Semi-natural pastures,conventional,1821,900.1295325489153
Semi-natural pastures,conventional,1911,2225.987677349639
Semi-natural pastures,conventional,1912,1095.0570409837567
Semi-natural pastures,conventional,1921,863.2747197502741
Semi-natural pastures,conventional,1922,849.5943061457128
Semi-natural pastures,conventional,2011,1360.801346846933
Semi-natural pastures,conventional,2012,2535.306938801183
Semi-natural pastures,conventional,2019,278.83229978005215
Semi-natural pastures,conventional,2111,1225.2251910385721
Semi-natural pastures,conventional,2121,1106.5219432443319
Semi-natural pastures,conventional,2122,301.068933723748
Semi-natural pastures,conventional,2211,498.068750546247
Semi-natural pastures,conventional,2212,332.69055400644095
Semi-natural pastures,conventional,2221,268.6762308081221
Semi-natural pastures,conventional,2311,1945.9943287888757
Semi-natural pastures,conventional,2312,1370.4094695652554
Semi-natural pastures,conventional,2319,2026.1424569925603
Semi-natural pastures,conventional,2331,1090.6059113875162
Semi-natural pastures,conventional,2411,429.2991700328574
Semi-natural pastures,conventional,2412,116.67422387186136
Semi-natural pastures,conventional,2413,114.9422536601193
Semi-natural pastures,conventional,2414,334.1121406983568
Semi-natural pastures,conventional,2415,198.9554548478921
Semi-natural pastures,conventional,2419,197.3518018232969
Semi-natural pastures,conventional,2511,214.2986443712882
Semi-natural pastures,conventional,2512,245.54248477132106
Semi-natural pastures,conventional,2519,27.47516056545757
Semi-natural pastures,conventional,2521,55.02897826127957
Semi-natural pastures,conventional,311,2916.45216249208
Semi-natural pastures,conventional,312,2477.3100841144214
Semi-natural pastures,conventional,321,2245.4951744526415
Semi-natural pastures,conventional,322,2441.4739277180156
Semi-natural pastures,conventional,411,2546.324144903523
Semi-natural pastures,conventional,421,2812.302236264635
Semi-natural pastures,conventional,422,1032.604221862856
Semi-natural pastures,conventional,431,3968.415137202006
Semi-natural pastures,conventional,511,6372.673117862115
Semi-natural pastures,conventional,512,4583.777802441455
Semi-natural pastures,conventional,513,1436.803769254817
Semi-natural pastures,conventional,514,4138.5268502618865
Semi-natural pastures,conventional,515,4190.837931051261
Semi-natural pastures,conventional,521,2865.817998137424
Semi-natural pastures,conventional,611,6220.884070869548
Semi-natural pastures,conventional,612,7671.593125406919
Semi-natural pastures,conventional,621,6479.750016610091
Semi-natural pastures,conventional,622,12330.646602037414
Semi-natural pastures,conventional,711,5726.032185276924
Semi-natural pastures,conventional,731,7065.374949028099
Semi-natural pastures,conventional,811,5238.523959681752
Semi-natural pastures,conventional,812,3414.8143538083823
Semi-natural pastures,conventional,813,4216.033654840734
Semi-natural pastures,conventional,814,6772.13233095816
Semi-natural pastures,conventional,821,8307.046979674946
Semi-natural pastures,conventional,831,9511.986735920062
Semi-natural pastures,conventional,911,1034.3569049234402
Semi-natural pastures,conventional,912,586.1755913014608
Semi-natural pastures,conventional,913,1431.340116773673
Semi-natural pastures,organic,1011,567.3002450696648
Semi-natural pastures,organic,111,1122.412801358904
Semi-natural pastures,organic,1111,1203.371783419201
Semi-natural pastures,organic,1112,888.7715762135502
Semi-natural pastures,organic,112,1048.203190836121
Semi-natural pastures,organic,1121,474.83458667668964
Semi-natural pastures,organic,1122,941.8216966615828
Semi-natural pastures,organic,1123,117.31317772818852
Semi-natural pastures,organic,1124,737.5064679455912
Semi-natural pastures,organic,1131,897.3550407221486
Semi-natural pastures,organic,1211,248.50568967650221
Semi-natural pastures,organic,1212,220.5885858713515
Semi-natural pastures,organic,1213,973.3892677713413
Semi-natural pastures,organic,1214,136.5401949629767
Semi-natural pastures,organic,1215,729.02841312067
Semi-natural pastures,organic,1216,154.78716389857004
Semi-natural pastures,organic,1221,1356.0779535461606
Semi-natural pastures,organic,1222,254.96894286215243
Semi-natural pastures,organic,1311,606.8568144087708
Semi-natural pastures,organic,1321,328.4054686102073
Semi-natural pastures,organic,1322,1197.192535715598
Semi-natural pastures,organic,1331,814.5655217701277
Semi-natural pastures,organic,1411,1305.1396143179813
Semi-natural pastures,organic,1412,809.5673041781581
Semi-natural pastures,organic,1421,1161.1461646080056
Semi-natural pastures,organic,1511,4976.156294170909
Semi-natural pastures,organic,1512,192.80025979233804
Semi-natural pastures,organic,1521,1084.0511721826404
Semi-natural pastures,organic,1522,415.2941005318507
Semi-natural pastures,organic,1611,721.4917626478864
Semi-natural pastures,organic,1612,1499.086463633441
Semi-natural pastures,organic,1613,2692.0416275967077
Semi-natural pastures,organic,1614,843.862791385651
Semi-natural pastures,organic,1615,846.9417554316769
Semi-natural pastures,organic,1616,897.5159339388282
Semi-natural pastures,organic,1617,606.2817950177911
Semi-natural pastures,organic,1621,651.1779599440588
Semi-natural pastures,organic,1622,365.5771282010174
Semi-natural pastures,organic,1623,592.9633947724183
Semi-natural pastures,organic,1711,915.0932086097957
Semi-natural pastures,organic,1712,585.2284446269197
Semi-natural pastures,organic,1713,655.9274280174102
Semi-natural pastures,organic,1721,413.31829186272165
Semi-natural pastures,organic,1722,353.88177107988446
Semi-natural pastures,organic,1723,405.5578912136034
Semi-natural pastures,organic,1724,781.4721868776866
Semi-natural pastures,organic,1811,1045.8775243017344
Semi-natural pastures,organic,1812,1172.3851848377526
Semi-natural pastures,organic,1813,513.6008087187131
Semi-natural pastures,organic,1821,644.137892449182
Semi-natural pastures,organic,1911,1185.396615287167
Semi-natural pastures,organic,1912,566.6841066300568
Semi-natural pastures,organic,1921,444.14413420207694
Semi-natural pastures,organic,1922,402.75014553340645
Semi-natural pastures,organic,2011,675.2137574965656
Semi-natural pastures,organic,2012,1383.8232966810942
Semi-natural pastures,organic,2019,178.84570021994793
Semi-natural pastures,organic,2111,1100.8349363372286
Semi-natural pastures,organic,2121,794.2744870803684
Semi-natural pastures,organic,2122,221.98865360537266
Semi-natural pastures,organic,2211,272.07423641667333
Semi-natural pastures,organic,2212,182.02070233675755
Semi-natural pastures,organic,2221,157.4604137827255
Semi-natural pastures,organic,2311,1615.2363310297335
Semi-natural pastures,organic,2312,1224.360631448491
Semi-natural pastures,organic,2319,1701.6750948132385
Semi-natural pastures,organic,2331,1693.8086182456304
Semi-natural pastures,organic,2411,100.46365459817717
Semi-natural pastures,organic,2412,28.30149920491693
Semi-natural pastures,organic,2413,22.57716826062797
Semi-natural pastures,organic,2414,68.74991013190524
Semi-natural pastures,organic,2415,42.30048905590279
Semi-natural pastures,organic,2419,26.314984332214202
Semi-natural pastures,organic,2511,129.72183276690998
Semi-natural pastures,organic,2512,75.17041694880679
Semi-natural pastures,organic,2519,10.380839434542429
Semi-natural pastures,organic,2521,16.202913689539812
Semi-natural pastures,organic,311,1378.9964037761501
Semi-natural pastures,organic,312,1154.7715472202244
Semi-natural pastures,organic,321,1029.6113086938583
Semi-natural pastures,organic,322,1070.6475659258026
Semi-natural pastures,organic,411,1585.6767543399521
Semi-natural pastures,organic,421,1468.856323955253
Semi-natural pastures,organic,422,641.2033265183513
Semi-natural pastures,organic,431,2287.189033306643
Semi-natural pastures,organic,511,3303.64550289601
Semi-natural pastures,organic,512,2547.5436179682456
Semi-natural pastures,organic,513,780.9224011151507
Semi-natural pastures,organic,514,2304.4318862728555
Semi-natural pastures,organic,515,2362.4132962122176
Semi-natural pastures,organic,521,1589.5414813411962
Semi-natural pastures,organic,611,1708.1094673701036
Semi-natural pastures,organic,612,2128.6398826722107
Semi-natural pastures,organic,621,1506.7911525448603
Semi-natural pastures,organic,622,3174.526081817448
Semi-natural pastures,organic,711,1160.7643055682427
Semi-natural pastures,organic,731,1251.575589121917
Semi-natural pastures,organic,811,300.7420272093116
Semi-natural pastures,organic,812,448.3458366358675
Semi-natural pastures,organic,813,710.5401716828131
Semi-natural pastures,organic,814,1137.235247896452
Semi-natural pastures,organic,821,1993.771451659675
Semi-natural pastures,organic,831,1507.4952432104776
Semi-natural pastures,organic,911,620.3463445526172
Semi-natural pastures,organic,912,353.0192830634833
Semi-natural pastures,organic,913,763.2116873346363
"Semi-natural pastures, thin soils",conventional,1011,91.70372008121795
"Semi-natural pastures, thin soils",conventional,111,28.78129064841235
"Semi-natural pastures, thin soils",conventional,1111,0.0
"Semi-natural pastures, thin soils",conventional,1112,0.14790386779175282
"Semi-natural pastures, thin soils",conventional,112,16.078682000907612
"Semi-natural pastures, thin soils",conventional,1121,2.535178768864552
"Semi-natural pastures, thin soils",conventional,1122,14.977449081380744
"Semi-natural pastures, thin soils",conventional,1123,0.26976575485691756
"Semi-natural pastures, thin soils",conventional,1124,0.627260801768557
"Semi-natural pastures, thin soils",conventional,1131,0.0
"Semi-natural pastures, thin soils",conventional,1211,0.0
"Semi-natural pastures, thin soils",conventional,1212,0.0
"Semi-natural pastures, thin soils",conventional,1213,0.0
"Semi-natural pastures, thin soils",conventional,1214,0.0
"Semi-natural pastures, thin soils",conventional,1215,0.0
"Semi-natural pastures, thin soils",conventional,1216,0.0
"Semi-natural pastures, thin soils",conventional,1221,1.7540384200028505
"Semi-natural pastures, thin soils",conventional,1222,4.500684315165943
"Semi-natural pastures, thin soils",conventional,1311,4.236244779819744
"Semi-natural pastures, thin soils",conventional,1321,0.4303811383155922
"Semi-natural pastures, thin soils",conventional,1322,0.22628917743026272
"Semi-natural pastures, thin soils",conventional,1331,52.96652842124602
"Semi-natural pastures, thin soils",conventional,1411,223.27787159955648
"Semi-natural pastures, thin soils",conventional,1412,604.5479611380285
"Semi-natural pastures, thin soils",conventional,1421,339.37487471356405
"Semi-natural pastures, thin soils",conventional,1511,10.239540417304859
"Semi-natural pastures, thin soils",conventional,1512,12.87090712571895
"Semi-natural pastures, thin soils",conventional,1521,13.644998265778307
"Semi-natural pastures, thin soils",conventional,1522,3.333196590809583
"Semi-natural pastures, thin soils",conventional,1611,0.0
"Semi-natural pastures, thin soils",conventional,1612,2.3085213987602935
"Semi-natural pastures, thin soils",conventional,1613,24.654616481560453
"Semi-natural pastures, thin soils",conventional,1614,10.601951812398058
"Semi-natural pastures, thin soils",conventional,1615,29.84378658166105
"Semi-natural pastures, thin soils",conventional,1616,5.905186961839351
"Semi-natural pastures, thin soils",conventional,1617,0.9250783140601374
"Semi-natural pastures, thin soils",conventional,1621,3.0635334620423738
"Semi-natural pastures, thin soils",conventional,1622,0.0
"Semi-natural pastures, thin soils",conventional,1623,39.74396475681285
"Semi-natural pastures, thin soils",conventional,1711,37.888451734064326
"Semi-natural pastures, thin soils",conventional,1712,24.345566992467273
"Semi-natural pastures, thin soils",conventional,1713,5.657695794535346
"Semi-natural pastures, thin soils",conventional,1721,3.42381413944876
"Semi-natural pastures, thin soils",conventional,1722,12.931283097849255
"Semi-natural pastures, thin soils",conventional,1723,0.4993029160000591
"Semi-natural pastures, thin soils",conventional,1724,0.0
"Semi-natural pastures, thin soils",conventional,1811,8.87074814463742
"Semi-natural pastures, thin soils",conventional,1812,1.523655331514227
"Semi-natural pastures, thin soils",conventional,1813,3.426241709371911
"Semi-natural pastures, thin soils",conventional,1821,1.4977772469185406
"Semi-natural pastures, thin soils",conventional,1911,36.6993717441691
"Semi-natural pastures, thin soils",conventional,1912,8.502599233285096
"Semi-natural pastures, thin soils",conventional,1921,12.028120759015659
"Semi-natural pastures, thin soils",conventional,1922,0.3431793393229553
"Semi-natural pastures, thin soils",conventional,2011,15.124937489760237
"Semi-natural pastures, thin soils",conventional,2012,1.6060264870052035
"Semi-natural pastures, thin soils",conventional,2019,0.0
"Semi-natural pastures, thin soils",conventional,2111,7.20098321499941
"Semi-natural pastures, thin soils",conventional,2121,0.3762789926565305
"Semi-natural pastures, thin soils",conventional,2122,0.0
"Semi-natural pastures, thin soils",conventional,2211,0.0
"Semi-natural pastures, thin soils",conventional,2212,0.0
"Semi-natural pastures, thin soils",conventional,2221,0.0
"Semi-natural pastures, thin soils",conventional,2311,0.0
"Semi-natural pastures, thin soils",conventional,2312,0.0
"Semi-natural pastures, thin soils",conventional,2319,0.0
"Semi-natural pastures, thin soils",conventional,2331,0.0
"Semi-natural pastures, thin soils",conventional,2411,0.0
"Semi-natural pastures, thin soils",conventional,2412,0.0
"Semi-natural pastures, thin soils",conventional,2413,0.0
"Semi-natural pastures, thin soils",conventional,2414,0.0
"Semi-natural pastures, thin soils",conventional,2415,0.0
"Semi-natural pastures, thin soils",conventional,2419,0.0
"Semi-natural pastures, thin soils",conventional,2511,0.0
"Semi-natural pastures, thin soils",conventional,2512,0.0
"Semi-natural pastures, thin soils",conventional,2519,0.0
"Semi-natural pastures, thin soils",conventional,2521,0.0
"Semi-natural pastures, thin soils",conventional,311,40.01835366444624
"Semi-natural pastures, thin soils",conventional,312,20.571049117449625
"Semi-natural pastures, thin soils",conventional,321,28.7617799313921
"Semi-natural pastures, thin soils",conventional,322,51.14881946142802
"Semi-natural pastures, thin soils",conventional,411,6.249298427155524
"Semi-natural pastures, thin soils",conventional,421,48.487582290051094
"Semi-natural pastures, thin soils",conventional,422,24.174830835987752
"Semi-natural pastures, thin soils",conventional,431,21.65829960907063
"Semi-natural pastures, thin soils",conventional,511,20.98645196039954
"Semi-natural pastures, thin soils",conventional,512,80.91444845152567
"Semi-natural pastures, thin soils",conventional,513,0.6660389818462599
"Semi-natural pastures, thin soils",conventional,514,17.751456632677872
"Semi-natural pastures, thin soils",conventional,515,24.740969411685995
"Semi-natural pastures, thin soils",conventional,521,3.838888482419735
"Semi-natural pastures, thin soils",conventional,611,1.0862540597043806
"Semi-natural pastures, thin soils",conventional,612,2.118881338240817
"Semi-natural pastures, thin soils",conventional,621,14.556617762486171
"Semi-natural pastures, thin soils",conventional,622,5.39876527900656
"Semi-natural pastures, thin soils",conventional,711,12.740096695384757
"Semi-natural pastures, thin soils",conventional,731,11.004454286729318
"Semi-natural pastures, thin soils",conventional,811,20954.09583872701
"Semi-natural pastures, thin soils",conventional,812,13659.25741523353
"Semi-natural pastures, thin soils",conventional,813,27.070423437037515
"Semi-natural pastures, thin soils",conventional,814,1.3383064133724232
"Semi-natural pastures, thin soils",conventional,821,65.10509509094759
"Semi-natural pastures, thin soils",conventional,831,33.37705315773004
"Semi-natural pastures, thin soils",conventional,911,4137.427619693761
"Semi-natural pastures, thin soils",conventional,912,2344.7023652058433
"Semi-natural pastures, thin soils",conventional,913,5725.360467094692
"Semi-natural pastures, thin soils",organic,1011,8.994143430836825
"Semi-natural pastures, thin soils",organic,111,11.45300137561802
"Semi-natural pastures, thin soils",organic,1111,0.0
"Semi-natural pastures, thin soils",organic,1112,0.030367628614204403
"Semi-natural pastures, thin soils",organic,112,6.4483902468659755
"Semi-natural pastures, thin soils",organic,1121,0.528848423236909
"Semi-natural pastures, thin soils",organic,1122,3.1377818095122536
"Semi-natural pastures, thin soils",organic,1123,0.054411484192368666
"Semi-natural pastures, thin soils",organic,1124,0.13549645642394756
"Semi-natural pastures, thin soils",organic,1131,0.0
"Semi-natural pastures, thin soils",organic,1211,0.0
"Semi-natural pastures, thin soils",organic,1212,0.0
"Semi-natural pastures, thin soils",organic,1213,0.0
"Semi-natural pastures, thin soils",organic,1214,0.0
"Semi-natural pastures, thin soils",organic,1215,0.0
"Semi-natural pastures, thin soils",organic,1216,0.0
"Semi-natural pastures, thin soils",organic,1221,0.36654896022739947
"Semi-natural pastures, thin soils",organic,1222,0.9330687539241971
"Semi-natural pastures, thin soils",organic,1311,0.8620593716514131
"Semi-natural pastures, thin soils",organic,1321,0.08756402986311566
"Semi-natural pastures, thin soils",organic,1322,0.0556965178234575
"Semi-natural pastures, thin soils",organic,1331,13.473617233133194
"Semi-natural pastures, thin soils",organic,1411,108.68236673556447
"Semi-natural pastures, thin soils",organic,1412,296.55201090869116
"Semi-natural pastures, thin soils",organic,1421,166.072629221985
"Semi-natural pastures, thin soils",organic,1511,4.929234700146616
"Semi-natural pastures, thin soils",organic,1512,6.012190275694535
"Semi-natural pastures, thin soils",organic,1521,6.254290969096437
"Semi-natural pastures, thin soils",organic,1522,1.5854768127069983
"Semi-natural pastures, thin soils",organic,1611,0.0
"Semi-natural pastures, thin soils",organic,1612,1.1520435169065666
"Semi-natural pastures, thin soils",organic,1613,12.189597137120673
"Semi-natural pastures, thin soils",organic,1614,5.045647772720266
"Semi-natural pastures, thin soils",organic,1615,15.47164381547015
"Semi-natural pastures, thin soils",organic,1616,3.268087759654229
"Semi-natural pastures, thin soils",organic,1617,0.5089696632641497
"Semi-natural pastures, thin soils",organic,1621,1.5373569762089583
"Semi-natural pastures, thin soils",organic,1622,0.0
"Semi-natural pastures, thin soils",organic,1623,20.584377993339483
"Semi-natural pastures, thin soils",organic,1711,31.6569241424784
"Semi-natural pastures, thin soils",organic,1712,19.557799853280358
"Semi-natural pastures, thin soils",organic,1713,4.635039732978714
"Semi-natural pastures, thin soils",organic,1721,2.3886564707028413
"Semi-natural pastures, thin soils",organic,1722,9.591926325599946
"Semi-natural pastures, thin soils",organic,1723,0.3811594534855436
"Semi-natural pastures, thin soils",organic,1724,0.0
"Semi-natural pastures, thin soils",organic,1811,6.289465097925219
"Semi-natural pastures, thin soils",organic,1812,1.1351077600401682
"Semi-natural pastures, thin soils",organic,1813,2.5125628448017028
"Semi-natural pastures, thin soils",organic,1821,1.071818048738467
"Semi-natural pastures, thin soils",organic,1911,19.543374606862397
"Semi-natural pastures, thin soils",organic,1912,4.400033669678986
"Semi-natural pastures, thin soils",organic,1921,6.188318919076447
"Semi-natural pastures, thin soils",organic,1922,0.16268415154923763
"Semi-natural pastures, thin soils",organic,2011,7.50481758268749
"Semi-natural pastures, thin soils",organic,2012,0.8766026841923855
"Semi-natural pastures, thin soils",organic,2019,0.0
"Semi-natural pastures, thin soils",organic,2111,6.46990770107319
"Semi-natural pastures, thin soils",organic,2121,0.27009749396844096
"Semi-natural pastures, thin soils",organic,2122,0.0
"Semi-natural pastures, thin soils",organic,2211,0.0
"Semi-natural pastures, thin soils",organic,2212,0.0
"Semi-natural pastures, thin soils",organic,2221,0.0
"Semi-natural pastures, thin soils",organic,2311,0.0
"Semi-natural pastures, thin soils",organic,2312,0.0
"Semi-natural pastures, thin soils",organic,2319,0.0
"Semi-natural pastures, thin soils",organic,2331,0.0
"Semi-natural pastures, thin soils",organic,2411,0.0
"Semi-natural pastures, thin soils",organic,2412,0.0
"Semi-natural pastures, thin soils",organic,2413,0.0
"Semi-natural pastures, thin soils",organic,2414,0.0
"Semi-natural pastures, thin soils",organic,2415,0.0
"Semi-natural pastures, thin soils",organic,2419,0.0
"Semi-natural pastures, thin soils",organic,2511,0.0
"Semi-natural pastures, thin soils",organic,2512,0.0
"Semi-natural pastures, thin soils",organic,2519,0.0
"Semi-natural pastures, thin soils",organic,2521,0.0
"Semi-natural pastures, thin soils",organic,311,18.9220198767664
"Semi-natural pastures, thin soils",organic,312,9.588974093161344
"Semi-natural pastures, thin soils",organic,321,13.187939218236751
"Semi-natural pastures, thin soils",organic,322,22.430040490967368
"Semi-natural pastures, thin soils",organic,411,3.891636210852171
"Semi-natural pastures, thin soils",organic,421,25.32490674780391
"Semi-natural pastures, thin soils",organic,422,15.011542294577701
"Semi-natural pastures, thin soils",organic,431,12.482722606703511
"Semi-natural pastures, thin soils",organic,511,10.879547147394923
"Semi-natural pastures, thin soils",organic,512,44.970130673505224
"Semi-natural pastures, thin soils",organic,513,0.36200125032343744
"Semi-natural pastures, thin soils",organic,514,9.884440568397922
"Semi-natural pastures, thin soils",organic,515,13.946708524871333
"Semi-natural pastures, thin soils",organic,521,2.129260298112103
"Semi-natural pastures, thin soils",organic,611,0.29825999362995864
"Semi-natural pastures, thin soils",organic,612,0.5879268164381478
"Semi-natural pastures, thin soils",organic,621,3.3849736176961773
"Semi-natural pastures, thin soils",organic,622,1.3899126088801337
"Semi-natural pastures, thin soils",organic,711,2.582634713705396
"Semi-natural pastures, thin soils",organic,731,1.9493525051735616
"Semi-natural pastures, thin soils",organic,811,1202.9681088372467
"Semi-natural pastures, thin soils",organic,812,1793.3833465434702
"Semi-natural pastures, thin soils",organic,813,4.562255639111044
"Semi-natural pastures, thin soils",organic,814,0.2247400303764682
"Semi-natural pastures, thin soils",organic,821,15.625851192068136
"Semi-natural pastures, thin soils",organic,831,5.289720251359709
"Semi-natural pastures, thin soils",organic,911,2481.385378210469
"Semi-natural pastures, thin soils",organic,912,1412.077132253933
"Semi-natural pastures, thin soils",organic,913,3052.846749338546
"Semi-natural pastures, wooded",conventional,1011,56.05822022101514
"Semi-natural pastures, wooded",conventional,111,84.91078247506647
"Semi-natural pastures, wooded",conventional,1111,36.16995236823954
"Semi-natural pastures, wooded",conventional,1112,21.4059241955594
"Semi-natural pastures, wooded",conventional,112,162.48981049283003
"Semi-natural pastures, wooded",conventional,1121,13.627817854518685
"Semi-natural pastures, wooded",conventional,1122,2.6614593103582704
"Semi-natural pastures, wooded",conventional,1123,0.29930414973976494
"Semi-natural pastures, wooded",conventional,1124,46.07819078308007
"Semi-natural pastures, wooded",conventional,1131,41.71757622080432
"Semi-natural pastures, wooded",conventional,1211,3.7135274382865227
"Semi-natural pastures, wooded",conventional,1212,0.27474942812728126
"Semi-natural pastures, wooded",conventional,1213,13.7501409302502
"Semi-natural pastures, wooded",conventional,1214,0.8575360500499974
"Semi-natural pastures, wooded",conventional,1215,24.26571053250236
"Semi-natural pastures, wooded",conventional,1216,1.064298078725987
"Semi-natural pastures, wooded",conventional,1221,39.81259648264233
"Semi-natural pastures, wooded",conventional,1222,8.99447292927393
"Semi-natural pastures, wooded",conventional,1311,20.091996085398634
"Semi-natural pastures, wooded",conventional,1321,18.937913061294825
"Semi-natural pastures, wooded",conventional,1322,39.00582971752024
"Semi-natural pastures, wooded",conventional,1331,96.14801195222172
"Semi-natural pastures, wooded",conventional,1411,76.46535737444404
"Semi-natural pastures, wooded",conventional,1412,19.604315397122345
"Semi-natural pastures, wooded",conventional,1421,51.591675127122656
"Semi-natural pastures, wooded",conventional,1511,183.36258120499744
"Semi-natural pastures, wooded",conventional,1512,39.827505632220365
"Semi-natural pastures, wooded",conventional,1521,43.04504476795382
"Semi-natural pastures, wooded",conventional,1522,12.146195223753574
"Semi-natural pastures, wooded",conventional,1611,96.74338196416254
"Semi-natural pastures, wooded",conventional,1612,55.6382018238259
"Semi-natural pastures, wooded",conventional,1613,53.11820328253397
"Semi-natural pastures, wooded",conventional,1614,92.46115016488453
"Semi-natural pastures, wooded",conventional,1615,31.030719636006484
"Semi-natural pastures, wooded",conventional,1616,40.28996358623058
"Semi-natural pastures, wooded",conventional,1617,79.6121834918254
"Semi-natural pastures, wooded",conventional,1621,65.24126485093323
"Semi-natural pastures, wooded",conventional,1622,27.11480525705224
"Semi-natural pastures, wooded",conventional,1623,37.79284339213778
"Semi-natural pastures, wooded",conventional,1711,21.993704184667834
"Semi-natural pastures, wooded",conventional,1712,44.09109313578049
"Semi-natural pastures, wooded",conventional,1713,23.02673986302285
"Semi-natural pastures, wooded",conventional,1721,89.74337110196464
"Semi-natural pastures, wooded",conventional,1722,51.41346077381435
"Semi-natural pastures, wooded",conventional,1723,35.720993278297755
"Semi-natural pastures, wooded",conventional,1724,140.94482897744345
"Semi-natural pastures, wooded",conventional,1811,38.833088446560105
"Semi-natural pastures, wooded",conventional,1812,55.86120002487592
"Semi-natural pastures, wooded",conventional,1813,42.79950645496226
"Semi-natural pastures, wooded",conventional,1821,26.66170769053348
"Semi-natural pastures, wooded",conventional,1911,29.60664745861098
"Semi-natural pastures, wooded",conventional,1912,7.674645755903672
"Semi-natural pastures, wooded",conventional,1921,4.602683041818738
"Semi-natural pastures, wooded",conventional,1922,24.58782663509987
"Semi-natural pastures, wooded",conventional,2011,52.7909078171263
"Semi-natural pastures, wooded",conventional,2012,606.1072065762778
"Semi-natural pastures, wooded",conventional,2019,0.0
"Semi-natural pastures, wooded",conventional,2111,121.20196958931501
"Semi-natural pastures, wooded",conventional,2121,49.1667329972924
"Semi-natural pastures, wooded",conventional,2122,28.481791645488876
"Semi-natural pastures, wooded",conventional,2211,19.386806971217297
"Semi-natural pastures, wooded",conventional,2212,11.222643249133682
"Semi-natural pastures, wooded",conventional,2221,87.25606110669258
"Semi-natural pastures, wooded",conventional,2311,72.21698088563731
"Semi-natural pastures, wooded",conventional,2312,31.159322910198583
"Semi-natural pastures, wooded",conventional,2319,57.851398558442284
"Semi-natural pastures, wooded",conventional,2331,210.92541598303345
"Semi-natural pastures, wooded",conventional,2411,22.61812996954577
"Semi-natural pastures, wooded",conventional,2412,0.7937404421751147
"Semi-natural pastures, wooded",conventional,2413,6.797416971654417
"Semi-natural pastures, wooded",conventional,2414,34.10599400652072
"Semi-natural pastures, wooded",conventional,2415,18.83540639804469
"Semi-natural pastures, wooded",conventional,2419,33.8214459478323
"Semi-natural pastures, wooded",conventional,2511,54.82574407350957
"Semi-natural pastures, wooded",conventional,2512,5.938947812948533
"Semi-natural pastures, wooded",conventional,2519,0.0
"Semi-natural pastures, wooded",conventional,2521,6.297771466349511
"Semi-natural pastures, wooded",conventional,311,79.0768657362697
"Semi-natural pastures, wooded",conventional,312,129.8842119699029
"Semi-natural pastures, wooded",conventional,321,91.57743320704499
"Semi-natural pastures, wooded",conventional,322,374.25669622758704
"Semi-natural pastures, wooded",conventional,411,34.33233370748554
"Semi-natural pastures, wooded",conventional,421,142.79801256937898
"Semi-natural pastures, wooded",conventional,422,37.194114486815366
"Semi-natural pastures, wooded",conventional,431,149.643843312914
"Semi-natural pastures, wooded",conventional,511,206.55143738906898
"Semi-natural pastures, wooded",conventional,512,325.09738866359055
"Semi-natural pastures, wooded",conventional,513,47.92428715743629
"Semi-natural pastures, wooded",conventional,514,142.67723152442377
"Semi-natural pastures, wooded",conventional,515,180.22732145844273
"Semi-natural pastures, wooded",conventional,521,71.93000481272746
"Semi-natural pastures, wooded",conventional,611,138.11954629322182
"Semi-natural pastures, wooded",conventional,612,251.14647512573958
"Semi-natural pastures, wooded",conventional,621,68.20658465052017
"Semi-natural pastures, wooded",conventional,622,240.8720955055896
"Semi-natural pastures, wooded",conventional,711,12.8648528362273
"Semi-natural pastures, wooded",conventional,731,94.21262899892339
"Semi-natural pastures, wooded",conventional,811,69.70625138625694
"Semi-natural pastures, wooded",conventional,812,169.28666486937897
"Semi-natural pastures, wooded",conventional,813,76.60845334826435
"Semi-natural pastures, wooded",conventional,814,241.32070678454983
"Semi-natural pastures, wooded",conventional,821,435.6842075160626
"Semi-natural pastures, wooded",conventional,831,218.0429802323621
"Semi-natural pastures, wooded",conventional,911,442.1113854438269
"Semi-natural pastures, wooded",conventional,912,248.83990429198911
"Semi-natural pastures, wooded",conventional,913,611.5587975269204
"Semi-natural pastures, wooded",organic,1011,5.498093999880304
"Semi-natural pastures, wooded",organic,111,33.78873172754619
"Semi-natural pastures, wooded",organic,1111,7.595792533254633
"Semi-natural pastures, wooded",organic,1112,4.395065293558245
"Semi-natural pastures, wooded",organic,112,65.16689049126785
"Semi-natural pastures, wooded",organic,1121,2.842817269154503
"Semi-natural pastures, wooded",organic,1122,0.5575768320374979
"Semi-natural pastures, wooded",organic,1123,0.06036934903362126
"Semi-natural pastures, wooded",organic,1124,9.953485937477112
"Semi-natural pastures, wooded",organic,1131,8.681403060589323
"Semi-natural pastures, wooded",organic,1211,0.760345096501042
"Semi-natural pastures, wooded",organic,1212,0.05739764249224433
"Semi-natural pastures, wooded",organic,1213,2.8912082404768307
"Semi-natural pastures, wooded",organic,1214,0.17471263813247864
"Semi-natural pastures, wooded",organic,1215,5.041940019000767
"Semi-natural pastures, wooded",organic,1216,0.21864658250946709
"Semi-natural pastures, wooded",organic,1221,8.319809690737475
"Semi-natural pastures, wooded",organic,1222,1.864707911204191
"Semi-natural pastures, wooded",organic,1311,4.088643225507475
"Semi-natural pastures, wooded",organic,1321,3.853049860257389
"Semi-natural pastures, wooded",organic,1322,9.60049841866665
"Semi-natural pastures, wooded",organic,1331,24.458116274264132
"Semi-natural pastures, wooded",organic,1411,37.22015062755477
"Semi-natural pastures, wooded",organic,1412,9.616605343537799
"Semi-natural pastures, wooded",organic,1421,25.24631542496833
"Semi-natural pastures, wooded",organic,1511,88.26931299149297
"Semi-natural pastures, wooded",organic,1512,18.604014443452
"Semi-natural pastures, wooded",organic,1521,19.730030705226284
"Semi-natural pastures, wooded",organic,1522,5.777490275542501
"Semi-natural pastures, wooded",organic,1611,34.89048933283712
"Semi-natural pastures, wooded",organic,1612,27.765664090399603
"Semi-natural pastures, wooded",organic,1613,26.262404006407355
"Semi-natural pastures, wooded",organic,1614,44.003821621509516
"Semi-natural pastures, wooded",organic,1615,16.086974762144497
"Semi-natural pastures, wooded",organic,1616,22.297539042195158
"Semi-natural pastures, wooded",organic,1617,43.80189829087696
"Semi-natural pastures, wooded",organic,1621,32.739682754570545
"Semi-natural pastures, wooded",organic,1622,13.090904245721964
"Semi-natural pastures, wooded",organic,1623,19.573844194633168
"Semi-natural pastures, wooded",organic,1711,18.376391568414498
"Semi-natural pastures, wooded",organic,1712,35.42019683208647
"Semi-natural pastures, wooded",organic,1713,18.86454451813474
"Semi-natural pastures, wooded",organic,1721,62.610315675577986
"Semi-natural pastures, wooded",organic,1722,38.13651933492756
"Semi-natural pastures, wooded",organic,1723,27.268805848342247
"Semi-natural pastures, wooded",organic,1724,51.522277230667164
"Semi-natural pastures, wooded",organic,1811,27.533117888927034
"Semi-natural pastures, wooded",organic,1812,41.616027143341256
"Semi-natural pastures, wooded",organic,1813,31.386124744334545
"Semi-natural pastures, wooded",organic,1821,19.079272015711933
"Semi-natural pastures, wooded",organic,1911,15.766313553552228
"Semi-natural pastures, wooded",organic,1912,3.9715737273186855
"Semi-natural pastures, wooded",organic,1921,2.3680233277380363
"Semi-natural pastures, wooded",organic,1922,11.655858194909126
"Semi-natural pastures, wooded",organic,2011,26.194232766927247
"Semi-natural pastures, wooded",organic,2012,330.82592877024723
"Semi-natural pastures, wooded",organic,2019,0.0
"Semi-natural pastures, wooded",organic,2111,108.89701211881133
"Semi-natural pastures, wooded",organic,2121,35.29246019138256
"Semi-natural pastures, wooded",organic,2122,21.000621025390455
"Semi-natural pastures, wooded",organic,2211,10.590206065862429
"Semi-natural pastures, wooded",organic,2212,6.140100407667828
"Semi-natural pastures, wooded",organic,2221,51.13729430245994
"Semi-natural pastures, wooded",organic,2311,59.94235929575338
"Semi-natural pastures, wooded",organic,2312,27.83857607605473
"Semi-natural pastures, wooded",organic,2319,48.58704963575876
"Semi-natural pastures, wooded",organic,2331,327.5860543838202
"Semi-natural pastures, wooded",organic,2411,5.293045399419734
"Semi-natural pastures, wooded",organic,2412,0.19253648104658305
"Semi-natural pastures, wooded",organic,2413,1.335161107598303
"Semi-natural pastures, wooded",organic,2414,7.01795516321724
"Semi-natural pastures, wooded",organic,2415,4.004649698160373
"Semi-natural pastures, wooded",organic,2419,4.509767896656584
"Semi-natural pastures, wooded",organic,2511,33.18777878829221
"Semi-natural pastures, wooded",organic,2512,1.8181504669235475
"Semi-natural pastures, wooded",organic,2519,0.0
"Semi-natural pastures, wooded",organic,2521,1.854336582831094
"Semi-natural pastures, wooded",organic,311,37.39019445428724
"Semi-natural pastures, wooded",organic,312,60.544133484840266
"Semi-natural pastures, wooded",organic,321,41.99036449682586
"Semi-natural pastures, wooded",organic,322,164.12095017619953
"Semi-natural pastures, wooded",organic,411,21.37983241103205
"Semi-natural pastures, wooded",organic,421,74.58293817287878
"Semi-natural pastures, wooded",organic,422,23.09596400141184
"Semi-natural pastures, wooded",organic,431,86.2469639626647
"Semi-natural pastures, wooded",organic,511,107.07794274501009
"Semi-natural pastures, wooded",organic,512,180.68061180167786
"Semi-natural pastures, wooded",organic,513,26.047502240425832
"Semi-natural pastures, wooded",organic,514,79.44613473975915
"Semi-natural pastures, wooded",organic,515,101.5957733415224
"Semi-natural pastures, wooded",organic,521,39.89636692812041
"Semi-natural pastures, wooded",organic,611,37.92440141379108
"Semi-natural pastures, wooded",organic,612,69.68570864045103
"Semi-natural pastures, wooded",organic,621,15.86065481434607
"Semi-natural pastures, wooded",organic,622,62.01254275166497
"Semi-natural pastures, wooded",organic,711,2.6079249095172217
"Semi-natural pastures, wooded",organic,731,16.68902605915801
"Semi-natural pastures, wooded",organic,811,4.001814158417702
"Semi-natural pastures, wooded",organic,812,22.226382909369843
"Semi-natural pastures, wooded",organic,813,12.911041052039897
"Semi-natural pastures, wooded",organic,814,40.52466791709096
"Semi-natural pastures, wooded",organic,821,104.56841486630013
"Semi-natural pastures, wooded",organic,831,34.55626722800809
"Semi-natural pastures, wooded",organic,911,265.15236717588425
"Semi-natural pastures, wooded",organic,912,149.86172388329004
"Semi-natural pastures, wooded",organic,913,326.092181931533
Short rotation coppice,conventional,1011,0.7158690381381035
Short rotation coppice,conventional,111,120.4767500222496
Short rotation coppice,conventional,1111,203.09031846381095
Short rotation coppice,conventional,1112,69.69781633455106
Short rotation coppice,conventional,112,42.33864487354976
Short rotation coppice,conventional,1121,105.53368842934516
Short rotation coppice,conventional,1122,57.262056326932544
Short rotation coppice,conventional,1123,52.29164451009355
Short rotation coppice,conventional,1124,41.61590438729681
Short rotation coppice,conventional,1131,13.050124523340475
Short rotation coppice,conventional,1211,109.53402383062533
Short rotation coppice,conventional,1212,179.70616405711473
Short rotation coppice,conventional,1213,429.3326026587888
Short rotation coppice,conventional,1214,48.629753618906946
Short rotation coppice,conventional,1215,300.8063322501231
Short rotation coppice,conventional,1216,124.10091166912851
Short rotation coppice,conventional,1221,130.56677597242737
Short rotation coppice,conventional,1222,27.42384382077794
Short rotation coppice,conventional,1311,30.38169715142429
Short rotation coppice,conventional,1321,0.0
Short rotation coppice,conventional,1322,10.462476654403723
Short rotation coppice,conventional,1331,15.939048818701467
Short rotation coppice,conventional,1411,0.0
Short rotation coppice,conventional,1412,1.8013921775898518
Short rotation coppice,conventional,1421,0.0
Short rotation coppice,conventional,1511,24.82644422758905
Short rotation coppice,conventional,1512,10.481299154334039
Short rotation coppice,conventional,1521,0.0
Short rotation coppice,conventional,1522,4.0336649048625794
Short rotation coppice,conventional,1611,9.724743066822178
Short rotation coppice,conventional,1612,49.41536482644872
Short rotation coppice,conventional,1613,9.285562367864692
Short rotation coppice,conventional,1614,9.348546572989532
Short rotation coppice,conventional,1615,64.28426321353066
Short rotation coppice,conventional,1616,98.7633594080338
Short rotation coppice,conventional,1617,14.028266603162923
Short rotation coppice,conventional,1621,54.901795983086686
Short rotation coppice,conventional,1622,81.12667441860465
Short rotation coppice,conventional,1623,84.2656997885835
Short rotation coppice,conventional,1711,62.433255987084316
Short rotation coppice,conventional,1712,37.73026459378272
Short rotation coppice,conventional,1713,0.0
Short rotation coppice,conventional,1721,0.0
Short rotation coppice,conventional,1722,0.0
Short rotation coppice,conventional,1723,8.711701835956346
Short rotation coppice,conventional,1724,0.0
Short rotation coppice,conventional,1811,108.21974611627577
Short rotation coppice,conventional,1812,381.03084234793397
Short rotation coppice,conventional,1813,32.36199307500007
Short rotation coppice,conventional,1821,517.2484514518625
Short rotation coppice,conventional,1911,364.5303722960088
Short rotation coppice,conventional,1912,79.90614364376576
Short rotation coppice,conventional,1921,492.4013399705275
Short rotation coppice,conventional,1922,135.66635157153326
Short rotation coppice,conventional,2011,135.8746102005139
Short rotation coppice,conventional,2012,0.0
Short rotation coppice,conventional,2019,0.0
Short rotation coppice,conventional,2111,0.0
Short rotation coppice,conventional,2121,14.570852634051953
Short rotation coppice,conventional,2122,0.0
Short rotation coppice,conventional,2211,0.0
Short rotation coppice,conventional,2212,7.918511326860841
Short rotation coppice,conventional,2221,0.0
Short rotation coppice,conventional,2311,0.0
Short rotation coppice,conventional,2312,0.0
Short rotation coppice,conventional,2319,0.0
Short rotation coppice,conventional,2331,0.0
Short rotation coppice,conventional,2411,0.0
Short rotation coppice,conventional,2412,0.0
Short rotation coppice,conventional,2413,0.0
Short rotation coppice,conventional,2414,0.0
Short rotation coppice,conventional,2415,0.0
Short rotation coppice,conventional,2419,0.0
Short rotation coppice,conventional,2511,0.0
Short rotation coppice,conventional,2512,0.0
Short rotation coppice,conventional,2519,0.0
Short rotation coppice,conventional,2521,0.0
Short rotation coppice,conventional,311,329.2963550445005
Short rotation coppice,conventional,312,78.74213212431508
Short rotation coppice,conventional,321,624.602603323548
Short rotation coppice,conventional,322,0.0
Short rotation coppice,conventional,411,202.1290692236652
Short rotation coppice,conventional,421,342.8625324579733
Short rotation coppice,conventional,422,316.90803735551344
Short rotation coppice,conventional,431,290.1222493485173
Short rotation coppice,conventional,511,11.414582366898351
Short rotation coppice,conventional,512,95.53005294414598
Short rotation coppice,conventional,513,28.945823192360162
Short rotation coppice,conventional,514,145.29366548431108
Short rotation coppice,conventional,515,60.32427339699863
Short rotation coppice,conventional,521,33.20807746276749
Short rotation coppice,conventional,611,0.0
Short rotation coppice,conventional,612,0.0
Short rotation coppice,conventional,621,12.272570134630403
Short rotation coppice,conventional,622,39.60021044612317
Short rotation coppice,conventional,711,10.33416917293233
Short rotation coppice,conventional,731,27.358341457909155
Short rotation coppice,conventional,811,4.847263042639857
Short rotation coppice,conventional,812,0.0
Short rotation coppice,conventional,813,28.028592057761735
Short rotation coppice,conventional,814,0.6756140963604558
Short rotation coppice,conventional,821,320.669820543986
Short rotation coppice,conventional,831,15.493280786407173
Short rotation coppice,conventional,911,0.0
Short rotation coppice,conventional,912,24.668
Short rotation coppice,conventional,913,0.0
Short rotation coppice,organic,1011,0.0001309618618964376
Short rotation coppice,organic,111,9.037249977750399
Short rotation coppice,organic,1111,3.333681536189069
Short rotation coppice,organic,1112,1.136183665448911
Short rotation coppice,organic,112,3.52935512645024
Short rotation coppice,organic,1121,1.7323115706548498
Short rotation coppice,organic,1122,0.9399436730674545
Short rotation coppice,organic,1123,0.8583554899064499
Short rotation coppice,organic,1124,0.4160956127031922
Short rotation coppice,organic,1131,0.211875476659524
Short rotation coppice,organic,1211,1.7979761693746923
Short rotation coppice,organic,1212,2.949835942885278
Short rotation coppice,organic,1213,7.047397341211226
Short rotation coppice,organic,1214,0.7982463810930577
Short rotation coppice,organic,1215,4.9376677498769075
Short rotation coppice,organic,1216,2.0370883308714918
Short rotation coppice,organic,1221,2.143224027572624
Short rotation coppice,organic,1222,0.45015617922205803
Short rotation coppice,organic,1311,0.11430284857571216
Short rotation coppice,organic,1321,0.0
Short rotation coppice,organic,1322,1.2035233455962777
Short rotation coppice,organic,1331,0.5109511812985343
Short rotation coppice,organic,1411,0.0
Short rotation coppice,organic,1412,0.280607822410148
Short rotation coppice,organic,1421,0.0
Short rotation coppice,organic,1511,3.7755557724109474
Short rotation coppice,organic,1512,1.6327008456659624
Short rotation coppice,organic,1521,0.0
Short rotation coppice,organic,1522,0.6283350951374207
Short rotation coppice,organic,1611,1.6752569331778229
Short rotation coppice,organic,1612,7.702635173551273
Short rotation coppice,organic,1613,1.4464376321353065
Short rotation coppice,organic,1614,1.4714534270104678
Short rotation coppice,organic,1615,10.013736786469345
Short rotation coppice,organic,1616,15.384640591966171
Short rotation coppice,organic,1617,1.9557333968370776
Short rotation coppice,organic,1621,8.552204016913318
Short rotation coppice,organic,1622,12.637325581395348
Short rotation coppice,organic,1623,13.126300211416492
Short rotation coppice,organic,1711,7.060744012915686
Short rotation coppice,organic,1712,4.179735406217283
Short rotation coppice,organic,1713,0.0
Short rotation coppice,organic,1721,0.0
Short rotation coppice,organic,1722,0.0
Short rotation coppice,organic,1723,0.6182981640436541
Short rotation coppice,organic,1724,0.0
Short rotation coppice,organic,1811,3.474253883724231
Short rotation coppice,organic,1812,9.985157652065968
Short rotation coppice,organic,1813,0.8920069249999283
Short rotation coppice,organic,1821,12.66754854813741
Short rotation coppice,organic,1911,7.203627703991204
Short rotation coppice,organic,1912,1.5538563562342522
Short rotation coppice,organic,1921,10.418660029472491
Short rotation coppice,organic,1922,3.4816484284667704
Short rotation coppice,organic,2011,4.505389799486088
Short rotation coppice,organic,2012,0.0
Short rotation coppice,organic,2019,0.0
Short rotation coppice,organic,2111,0.0
Short rotation coppice,organic,2121,2.911147365948047
Short rotation coppice,organic,2122,0.0
Short rotation coppice,organic,2211,0.0
Short rotation coppice,organic,2212,2.4934886731391583
Short rotation coppice,organic,2221,0.0
Short rotation coppice,organic,2311,0.0
Short rotation coppice,organic,2312,0.0
Short rotation coppice,organic,2319,0.0
Short rotation coppice,organic,2331,0.0
Short rotation coppice,organic,2411,0.0
Short rotation coppice,organic,2412,0.0
Short rotation coppice,organic,2413,0.0
Short rotation coppice,organic,2414,0.0
Short rotation coppice,organic,2415,0.0
Short rotation coppice,organic,2419,0.0
Short rotation coppice,organic,2511,0.0
Short rotation coppice,organic,2512,0.0
Short rotation coppice,organic,2519,0.0
Short rotation coppice,organic,2521,0.0
Short rotation coppice,organic,311,8.733644955499532
Short rotation coppice,organic,312,2.093867875684939
Short rotation coppice,organic,321,23.043396676451998
Short rotation coppice,organic,322,0.0
Short rotation coppice,organic,411,7.222930776334793
Short rotation coppice,organic,421,18.727467542026712
Short rotation coppice,organic,422,10.255962644486543
Short rotation coppice,organic,431,11.719750651482725
Short rotation coppice,organic,511,0.7574176331016493
Short rotation coppice,organic,512,6.285947055854024
Short rotation coppice,organic,513,1.9201768076398362
Short rotation coppice,organic,514,9.63833451568895
Short rotation coppice,organic,515,4.001726603001364
Short rotation coppice,organic,521,1.995922537232508
Short rotation coppice,organic,611,0.0
Short rotation coppice,organic,612,0.0
Short rotation coppice,organic,621,1.1354298653695962
Short rotation coppice,organic,622,6.0817895538768285
Short rotation coppice,organic,711,0.29983082706766917
Short rotation coppice,organic,731,0.47165854209084723
Short rotation coppice,organic,811,0.16873695736014308
Short rotation coppice,organic,812,0.0
Short rotation coppice,organic,813,0.9954079422382672
Short rotation coppice,organic,814,0.024385903639544196
Short rotation coppice,organic,821,12.974179456013948
Short rotation coppice,organic,831,0.36871921359282583
Short rotation coppice,organic,911,0.0
Short rotation coppice,organic,912,0.0
Short rotation coppice,organic,913,0.0
Strawberries,conventional,1011,214.32444888120762
Strawberries,conventional,111,0.0
Strawberries,conventional,1111,430.3133478896717
Strawberries,conventional,1112,155.5520852393857
Strawberries,conventional,112,0.0
Strawberries,conventional,1121,220.1971600648931
Strawberries,conventional,1122,0.0
Strawberries,conventional,1123,8.580864610045651
Strawberries,conventional,1124,0.01320318915961788
Strawberries,conventional,1131,0.09466647833577016
Strawberries,conventional,1211,53.737461532840236
Strawberries,conventional,1212,0.0
Strawberries,conventional,1213,1.992806875507322
Strawberries,conventional,1214,15.757641988070235
Strawberries,conventional,1215,0.17142082835841815
Strawberries,conventional,1216,117.06641559458959
Strawberries,conventional,1221,2.2740163623643186
Strawberries,conventional,1222,13.173487564810936
Strawberries,conventional,1311,50.47558486518404
Strawberries,conventional,1321,23.342457764136398
Strawberries,conventional,1322,0.0
Strawberries,conventional,1331,0.08467927432501876
Strawberries,conventional,1411,22.039358372851822
Strawberries,conventional,1412,69.49668514286157
Strawberries,conventional,1421,0.0
Strawberries,conventional,1511,15.2613966424009
Strawberries,conventional,1512,0.0
Strawberries,conventional,1521,1.5618196376467022
Strawberries,conventional,1522,0.0
Strawberries,conventional,1611,6.937249456758401
Strawberries,conventional,1612,0.0
Strawberries,conventional,1613,0.0
Strawberries,conventional,1614,0.0
Strawberries,conventional,1615,0.0
Strawberries,conventional,1616,0.4396430176354488
Strawberries,conventional,1617,0.0
Strawberries,conventional,1621,27.16670581227291
Strawberries,conventional,1622,0.0
Strawberries,conventional,1623,0.0
Strawberries,conventional,1711,48.472517794972
Strawberries,conventional,1712,0.0
Strawberries,conventional,1713,0.8877891646928742
Strawberries,conventional,1721,0.0
Strawberries,conventional,1722,0.0
Strawberries,conventional,1723,0.0
Strawberries,conventional,1724,0.0
Strawberries,conventional,1811,0.0
Strawberries,conventional,1812,0.0
Strawberries,conventional,1813,0.0
Strawberries,conventional,1821,0.0
Strawberries,conventional,1911,0.0
Strawberries,conventional,1912,0.0
Strawberries,conventional,1921,0.0
Strawberries,conventional,1922,0.0
Strawberries,conventional,2011,0.0
Strawberries,conventional,2012,0.0
Strawberries,conventional,2019,0.0
Strawberries,conventional,2111,0.0
Strawberries,conventional,2121,0.0
Strawberries,conventional,2122,52.353365599474934
Strawberries,conventional,2211,2.4180460377215254
Strawberries,conventional,2212,0.0
Strawberries,conventional,2221,9.703884226400012
Strawberries,conventional,2311,27.128568388633013
Strawberries,conventional,2312,0.0
Strawberries,conventional,2319,0.0
Strawberries,conventional,2331,0.0
Strawberries,conventional,2411,0.0
Strawberries,conventional,2412,0.0
Strawberries,conventional,2413,8.760210489076218
Strawberries,conventional,2414,0.0
Strawberries,conventional,2415,0.0
Strawberries,conventional,2419,0.0
Strawberries,conventional,2511,13.045925923995705
Strawberries,conventional,2512,1.5810433082804425
Strawberries,conventional,2519,0.0
Strawberries,conventional,2521,0.0
Strawberries,conventional,311,43.1908862827667
Strawberries,conventional,312,0.0
Strawberries,conventional,321,0.0
Strawberries,conventional,322,0.0
Strawberries,conventional,411,4.156973086890893
Strawberries,conventional,421,18.455933066837357
Strawberries,conventional,422,0.0
Strawberries,conventional,431,15.092882886426198
Strawberries,conventional,511,0.0
Strawberries,conventional,512,0.0
Strawberries,conventional,513,31.855031891043947
Strawberries,conventional,514,0.0
Strawberries,conventional,515,61.012604896276805
Strawberries,conventional,521,7.211296077021452
Strawberries,conventional,611,0.0
Strawberries,conventional,612,16.321982490101078
Strawberries,conventional,621,0.0
Strawberries,conventional,622,1.7075815555223002
Strawberries,conventional,711,0.0
Strawberries,conventional,731,15.39718224014064
Strawberries,conventional,811,388.68722916516754
Strawberries,conventional,812,65.7721990127306
Strawberries,conventional,813,3.4654574886785756
Strawberries,conventional,814,0.20873461854570527
Strawberries,conventional,821,0.0
Strawberries,conventional,831,0.0
Strawberries,conventional,911,6.4256500054003
Strawberries,conventional,912,17.94594271352682
Strawberries,conventional,913,2.07602949933149
Strawberries,organic,1011,0.8697873977942105
Strawberries,organic,111,0.0
Strawberries,organic,1111,32.34498732584153
Strawberries,organic,1112,11.611255265726367
Strawberries,organic,112,0.0
Strawberries,organic,1121,16.55136747770917
Strawberries,organic,1122,0.0
Strawberries,organic,1123,0.6449903504453907
Strawberries,organic,1124,0.0005384363426303894
Strawberries,organic,1131,0.0030800161669523973
Strawberries,organic,1211,4.039236804358334
Strawberries,organic,1212,0.0
Strawberries,organic,1213,0.14979157269288432
Strawberries,organic,1214,1.184440903097334
Strawberries,organic,1215,0.01288503958296891
Strawberries,organic,1216,8.799428944647849
Strawberries,organic,1221,0.17092900041364378
Strawberries,organic,1222,0.9902000261218663
Strawberries,organic,1311,0.4553416510734415
Strawberries,organic,1321,0.25379129750738305
Strawberries,organic,1322,0.0
Strawberries,organic,1331,0.0010711972343681664
Strawberries,organic,1411,0.5878326177255832
Strawberries,organic,1412,1.8536119636359807
Strawberries,organic,1421,0.0
Strawberries,organic,1511,0.392829797826801
Strawberries,organic,1512,0.0
Strawberries,organic,1521,0.03826808541511064
Strawberries,organic,1522,0.0
Strawberries,organic,1611,0.08072100790503865
Strawberries,organic,1612,0.0
Strawberries,organic,1613,0.0
Strawberries,organic,1614,0.0
Strawberries,organic,1615,0.0
Strawberries,organic,1616,0.011726135650108752
Strawberries,organic,1617,0.0
Strawberries,organic,1621,0.7245889613683341
Strawberries,organic,1622,0.0
Strawberries,organic,1623,0.0
Strawberries,organic,1711,0.13714588365434333
Strawberries,organic,1712,0.0
Strawberries,organic,1713,0.0025471566807813003
Strawberries,organic,1721,0.0
Strawberries,organic,1722,0.0
Strawberries,organic,1723,0.0
Strawberries,organic,1724,0.0
Strawberries,organic,1811,0.0
Strawberries,organic,1812,0.0
Strawberries,organic,1813,0.0
Strawberries,organic,1821,0.0
Strawberries,organic,1911,0.0
Strawberries,organic,1912,0.0
Strawberries,organic,1921,0.0
Strawberries,organic,1922,0.0
Strawberries,organic,2011,0.0
Strawberries,organic,2012,0.0
Strawberries,organic,2019,0.0
Strawberries,organic,2111,0.0
Strawberries,organic,2121,0.0
Strawberries,organic,2122,0.25297229079401434
Strawberries,organic,2211,0.008526763324723826
Strawberries,organic,2212,0.0
Strawberries,organic,2221,0.026521286425634366
Strawberries,organic,2311,0.10811540722614245
Strawberries,organic,2312,0.0
Strawberries,organic,2319,0.0
Strawberries,organic,2331,0.0
Strawberries,organic,2411,0.0
Strawberries,organic,2412,0.0
Strawberries,organic,2413,0.010102557529449505
Strawberries,organic,2414,0.0
Strawberries,organic,2415,0.0
Strawberries,organic,2419,0.0
Strawberries,organic,2511,0.09153659866332621
Strawberries,organic,2512,0.011181122454856893
Strawberries,organic,2519,0.0
Strawberries,organic,2521,0.0
Strawberries,organic,311,0.13530254840553335
Strawberries,organic,312,0.0
Strawberries,organic,321,0.0
Strawberries,organic,322,0.0
Strawberries,organic,411,0.005719326305497658
Strawberries,organic,421,0.035939608648424305
Strawberries,organic,422,0.0
Strawberries,organic,431,0.021866915542621365
Strawberries,organic,511,0.0
Strawberries,organic,512,0.0
Strawberries,organic,513,0.08821116683696713
Strawberries,organic,514,0.0
Strawberries,organic,515,0.1689526818893746
Strawberries,organic,521,0.0179673726168951
Strawberries,organic,611,0.0
Strawberries,organic,612,0.017685647898296044
Strawberries,organic,621,0.0
Strawberries,organic,622,0.0018884506379756348
Strawberries,organic,711,0.0
Strawberries,organic,731,0.3680254869935733
Strawberries,organic,811,2.774524588800579
Strawberries,organic,812,0.4741595785199648
Strawberries,organic,813,0.024982893789101412
Strawberries,organic,814,0.0014906133687411023
Strawberries,organic,821,0.0
Strawberries,organic,831,0.0
Strawberries,organic,911,0.13420436313473927
Strawberries,organic,912,0.37481403604262187
Strawberries,organic,913,0.04335938256403019
"Strawberries, greenhouse",conventional,1011,3517.5146637079933
"Strawberries, greenhouse",conventional,111,137.9043266803977
"Strawberries, greenhouse",conventional,1111,10721.059922374827
"Strawberries, greenhouse",conventional,1112,250.58884312328766
"Strawberries, greenhouse",conventional,112,295.6415358360932
"Strawberries, greenhouse",conventional,1121,2943.2327903944088
"Strawberries, greenhouse",conventional,1122,10.01566523530205
"Strawberries, greenhouse",conventional,1123,707.4919131674482
"Strawberries, greenhouse",conventional,1124,101.70593302518346
"Strawberries, greenhouse",conventional,1131,4.8556002455033695
"Strawberries, greenhouse",conventional,1211,7924.738919290061
"Strawberries, greenhouse",conventional,1212,483.94003387502437
"Strawberries, greenhouse",conventional,1213,69.79718382358664
"Strawberries, greenhouse",conventional,1214,821.953785670436
"Strawberries, greenhouse",conventional,1215,162.1695814330781
"Strawberries, greenhouse",conventional,1216,1342.8140134072064
"Strawberries, greenhouse",conventional,1221,10.72447545083203
"Strawberries, greenhouse",conventional,1222,3402.8496660975297
"Strawberries, greenhouse",conventional,1311,535.0929720382974
"Strawberries, greenhouse",conventional,1321,678.8674739465112
"Strawberries, greenhouse",conventional,1322,10.75233029096103
"Strawberries, greenhouse",conventional,1331,551.5256074035816
"Strawberries, greenhouse",conventional,1411,7.846445178530159
"Strawberries, greenhouse",conventional,1412,31.746456249944558
"Strawberries, greenhouse",conventional,1421,9.799210324276252
"Strawberries, greenhouse",conventional,1511,15.98633359278514
"Strawberries, greenhouse",conventional,1512,2.282990825629909
"Strawberries, greenhouse",conventional,1521,5.807877063399492
"Strawberries, greenhouse",conventional,1522,0.8338229956725082
"Strawberries, greenhouse",conventional,1611,9.621924270210675
"Strawberries, greenhouse",conventional,1612,92.83228764167374
"Strawberries, greenhouse",conventional,1613,31.97251829755772
"Strawberries, greenhouse",conventional,1614,60.29862961434856
"Strawberries, greenhouse",conventional,1615,551.9720612783647
"Strawberries, greenhouse",conventional,1616,57.077095687439396
"Strawberries, greenhouse",conventional,1617,6.7878834116396485
"Strawberries, greenhouse",conventional,1621,8.301693302678133
"Strawberries, greenhouse",conventional,1622,153.07666688388784
"Strawberries, greenhouse",conventional,1623,592.6802303442992
"Strawberries, greenhouse",conventional,1711,31.716992629111676
"Strawberries, greenhouse",conventional,1712,6.784031774604252
"Strawberries, greenhouse",conventional,1713,5.838184982088807
"Strawberries, greenhouse",conventional,1721,0.0
"Strawberries, greenhouse",conventional,1722,7.834093373742091
"Strawberries, greenhouse",conventional,1723,27.94769281123754
"Strawberries, greenhouse",conventional,1724,6.318801154119235
"Strawberries, greenhouse",conventional,1811,34.81702978249551
"Strawberries, greenhouse",conventional,1812,152.85167462173607
"Strawberries, greenhouse",conventional,1813,3.9059622203904523
"Strawberries, greenhouse",conventional,1821,24.876262358435376
"Strawberries, greenhouse",conventional,1911,7.450037892114598
"Strawberries, greenhouse",conventional,1912,0.22096985887391685
"Strawberries, greenhouse",conventional,1921,7.636423760910472
"Strawberries, greenhouse",conventional,1922,36.956832286042335
"Strawberries, greenhouse",conventional,2011,72.33319370599065
"Strawberries, greenhouse",conventional,2012,69.28673091717995
"Strawberries, greenhouse",conventional,2019,0.0
"Strawberries, greenhouse",conventional,2111,29.066362856392175
"Strawberries, greenhouse",conventional,2121,62.9637027933437
"Strawberries, greenhouse",conventional,2122,2.692026513543749
"Strawberries, greenhouse",conventional,2211,83.98693020659343
"Strawberries, greenhouse",conventional,2212,172.83995651292705
"Strawberries, greenhouse",conventional,2221,219.37166164081617
"Strawberries, greenhouse",conventional,2311,6.1505841460142525
"Strawberries, greenhouse",conventional,2312,0.0
"Strawberries, greenhouse",conventional,2319,0.0
"Strawberries, greenhouse",conventional,2331,0.0
"Strawberries, greenhouse",conventional,2411,292.9842338480221
"Strawberries, greenhouse",conventional,2412,126.27196238676568
"Strawberries, greenhouse",conventional,2413,2.2773605004678132
"Strawberries, greenhouse",conventional,2414,100.42367886840339
"Strawberries, greenhouse",conventional,2415,0.0
"Strawberries, greenhouse",conventional,2419,0.0
"Strawberries, greenhouse",conventional,2511,134.5155107869155
"Strawberries, greenhouse",conventional,2512,101.4783853207213
"Strawberries, greenhouse",conventional,2519,0.0
"Strawberries, greenhouse",conventional,2521,0.0
"Strawberries, greenhouse",conventional,311,61.12249873472892
"Strawberries, greenhouse",conventional,312,1.6061998313283048
"Strawberries, greenhouse",conventional,321,937.5399129872939
"Strawberries, greenhouse",conventional,322,373.8965112722639
"Strawberries, greenhouse",conventional,411,38.3774517540515
"Strawberries, greenhouse",conventional,421,1822.4537562761977
"Strawberries, greenhouse",conventional,422,84.3537700330813
"Strawberries, greenhouse",conventional,431,114.804363987084
"Strawberries, greenhouse",conventional,511,0.7704130737093805
"Strawberries, greenhouse",conventional,512,9.34946025257744
"Strawberries, greenhouse",conventional,513,873.8837717131478
"Strawberries, greenhouse",conventional,514,129.35112921406147
"Strawberries, greenhouse",conventional,515,188.60105133731884
"Strawberries, greenhouse",conventional,521,4.27000792242634
"Strawberries, greenhouse",conventional,611,6.524078334169123
"Strawberries, greenhouse",conventional,612,84.39985011627392
"Strawberries, greenhouse",conventional,621,22.459486259069084
"Strawberries, greenhouse",conventional,622,10.09366068333244
"Strawberries, greenhouse",conventional,711,13.6763841024616
"Strawberries, greenhouse",conventional,731,43.54439055775662
"Strawberries, greenhouse",conventional,811,617.2878265899308
"Strawberries, greenhouse",conventional,812,332.99821523511486
"Strawberries, greenhouse",conventional,813,0.7329048151322434
"Strawberries, greenhouse",conventional,814,1.1898069839460095
"Strawberries, greenhouse",conventional,821,11.834758113693784
"Strawberries, greenhouse",conventional,831,60.92584287271863
"Strawberries, greenhouse",conventional,911,34.44183886499512
"Strawberries, greenhouse",conventional,912,715.0910758218002
"Strawberries, greenhouse",conventional,913,75.79717033689975
"Strawberries, greenhouse",organic,1011,645.9620232502895
"Strawberries, greenhouse",organic,111,25.324971291955823
"Strawberries, greenhouse",organic,1111,1968.8326051054516
"Strawberries, greenhouse",organic,1112,46.018536263110235
"Strawberries, greenhouse",organic,112,54.292084867726196
"Strawberries, greenhouse",organic,1121,540.4999807948483
"Strawberries, greenhouse",organic,1122,1.8392927956619274
"Strawberries, greenhouse",organic,1123,129.92494740053255
"Strawberries, greenhouse",organic,1124,18.677440339154156
"Strawberries, greenhouse",organic,1131,0.8916902013348191
"Strawberries, greenhouse",organic,1211,1455.3117400905542
"Strawberries, greenhouse",organic,1212,88.8715224527847
"Strawberries, greenhouse",organic,1213,12.817666560152611
"Strawberries, greenhouse",organic,1214,150.94490888353738
"Strawberries, greenhouse",organic,1215,29.781081515587953
"Strawberries, greenhouse",organic,1216,246.59651483442065
"Strawberries, greenhouse",organic,1221,1.9694598382184922
"Strawberries, greenhouse",organic,1222,624.9047595474101
"Strawberries, greenhouse",organic,1311,98.2653298964508
"Strawberries, greenhouse",organic,1321,124.6683095635008
"Strawberries, greenhouse",organic,1322,1.9745751456464005
"Strawberries, greenhouse",organic,1331,101.28304535828305
"Strawberries, greenhouse",organic,1411,1.4409337522143681
"Strawberries, greenhouse",organic,1412,5.829970041581432
"Strawberries, greenhouse",organic,1421,1.799542669326621
"Strawberries, greenhouse",organic,1511,2.935755889945259
"Strawberries, greenhouse",organic,1512,0.41925208955096754
"Strawberries, greenhouse",organic,1521,1.066567840461441
"Strawberries, greenhouse",organic,1522,0.15312458960709655
"Strawberries, greenhouse",organic,1611,1.7669855745802017
"Strawberries, greenhouse",organic,1612,17.047869897080975
"Strawberries, greenhouse",organic,1613,5.8714844378575695
"Strawberries, greenhouse",organic,1614,11.073336861045112
"Strawberries, greenhouse",organic,1615,101.36503286247692
"Strawberries, greenhouse",organic,1616,10.481729214070295
"Strawberries, greenhouse",organic,1617,1.2465377749264792
"Strawberries, greenhouse",organic,1621,1.52453624643838
"Strawberries, greenhouse",organic,1622,28.11124413294996
"Strawberries, greenhouse",organic,1623,108.84074619039978
"Strawberries, greenhouse",organic,1711,5.824559295089923
"Strawberries, greenhouse",organic,1712,1.2458304541360699
"Strawberries, greenhouse",organic,1713,1.0721336351627533
"Strawberries, greenhouse",organic,1721,0.0
"Strawberries, greenhouse",organic,1722,1.43866544701183
"Strawberries, greenhouse",organic,1723,5.132359043101705
"Strawberries, greenhouse",organic,1724,1.1603947583059653
"Strawberries, greenhouse",organic,1811,6.3938550800973815
"Strawberries, greenhouse",organic,1812,28.06992619378833
"Strawberries, greenhouse",organic,1813,0.7172971543387616
"Strawberries, greenhouse",organic,1821,4.568316638379169
"Strawberries, greenhouse",organic,1911,1.3681368836167482
"Strawberries, greenhouse",organic,1912,0.04057925858511096
"Strawberries, greenhouse",organic,1921,1.402365082906109
"Strawberries, greenhouse",organic,1922,6.786811836982671
"Strawberries, greenhouse",organic,2011,13.283383474291513
"Strawberries, greenhouse",organic,2012,12.72392617134955
"Strawberries, greenhouse",organic,2019,0.0
"Strawberries, greenhouse",organic,2111,5.337793400823992
"Strawberries, greenhouse",organic,2121,11.562755165558738
"Strawberries, greenhouse",organic,2122,0.49436805801373107
"Strawberries, greenhouse",organic,2211,15.423494299137259
"Strawberries, greenhouse",organic,2212,31.740606275081863
"Strawberries, greenhouse",organic,2221,40.28576308702583
"Strawberries, greenhouse",organic,2311,1.1295031176763681
"Strawberries, greenhouse",organic,2312,0.0
"Strawberries, greenhouse",organic,2319,0.0
"Strawberries, greenhouse",organic,2331,0.0
"Strawberries, greenhouse",organic,2411,53.80409367715303
"Strawberries, greenhouse",organic,2412,23.188785293408202
"Strawberries, greenhouse",organic,2413,0.41821812762586486
"Strawberries, greenhouse",organic,2414,18.44196513332755
"Strawberries, greenhouse",organic,2415,0.0
"Strawberries, greenhouse",organic,2419,0.0
"Strawberries, greenhouse",organic,2511,24.702643716875045
"Strawberries, greenhouse",organic,2512,18.635653114476213
"Strawberries, greenhouse",organic,2519,0.0
"Strawberries, greenhouse",organic,2521,0.0
"Strawberries, greenhouse",organic,311,11.224633505060611
"Strawberries, greenhouse",organic,312,0.29496510803323184
"Strawberries, greenhouse",organic,321,172.17133032013078
"Strawberries, greenhouse",organic,322,68.66295381781138
"Strawberries, greenhouse",organic,411,7.047696670041645
"Strawberries, greenhouse",organic,421,334.67832496347796
"Strawberries, greenhouse",organic,422,15.490861352065785
"Strawberries, greenhouse",organic,431,21.082857167362697
"Strawberries, greenhouse",organic,511,0.14147989003894568
"Strawberries, greenhouse",organic,512,1.7169498462549826
"Strawberries, greenhouse",organic,513,160.48141464358673
"Strawberries, greenhouse",organic,514,23.754248418326192
"Strawberries, greenhouse",organic,515,34.63499895706472
"Strawberries, greenhouse",organic,521,0.7841510897804351
"Strawberries, greenhouse",organic,611,1.1980921882329119
"Strawberries, greenhouse",organic,612,15.499323572302638
"Strawberries, greenhouse",organic,621,4.124496007012161
"Strawberries, greenhouse",organic,622,1.853616004583795
"Strawberries, greenhouse",organic,711,2.511553068057822
"Strawberries, greenhouse",organic,731,7.996561582557291
"Strawberries, greenhouse",organic,811,113.35972455377583
"Strawberries, greenhouse",organic,812,61.152325268562706
"Strawberries, greenhouse",organic,813,0.13459181339521065
"Strawberries, greenhouse",organic,814,0.21849805902924072
"Strawberries, greenhouse",organic,821,2.1733539236310206
"Strawberries, greenhouse",organic,831,11.188519307778408
"Strawberries, greenhouse",organic,911,6.32495441944791
"Strawberries, greenhouse",organic,912,131.32046979418726
"Strawberries, greenhouse",organic,913,13.919513687501484
Sugar beet,conventional,1011,360.76428393173427
Sugar beet,conventional,111,0.0
Sugar beet,conventional,1111,1634.296844873224
Sugar beet,conventional,1112,307.1289338965228
Sugar beet,conventional,112,0.0
Sugar beet,conventional,1121,4661.246318264141
Sugar beet,conventional,1122,985.7552305656171
Sugar beet,conventional,1123,1194.5637611451657
Sugar beet,conventional,1124,129.06620658735184
Sugar beet,conventional,1131,0.0
Sugar beet,conventional,1211,5597.652486590972
Sugar beet,conventional,1212,2144.3187562691555
Sugar beet,conventional,1213,738.8228327876847
Sugar beet,conventional,1214,3574.0384118138754
Sugar beet,conventional,1215,2356.946639558373
Sugar beet,conventional,1216,4066.5020482725
Sugar beet,conventional,1221,11.953638548342157
Sugar beet,conventional,1222,1168.964743661187
Sugar beet,conventional,1311,16.398
Sugar beet,conventional,1321,707.3216722193424
Sugar beet,conventional,1322,0.0
Sugar beet,conventional,1331,0.8960000000000001
Sugar beet,conventional,1411,0.0
Sugar beet,conventional,1412,0.0
Sugar beet,conventional,1421,0.0
Sugar beet,conventional,1511,0.0
Sugar beet,conventional,1512,0.0
Sugar beet,conventional,1521,0.0
Sugar beet,conventional,1522,0.0
Sugar beet,conventional,1611,0.0
Sugar beet,conventional,1612,0.0
Sugar beet,conventional,1613,0.0
Sugar beet,conventional,1614,0.0
Sugar beet,conventional,1615,0.0
Sugar beet,conventional,1616,0.0
Sugar beet,conventional,1617,0.0
Sugar beet,conventional,1621,0.0
Sugar beet,conventional,1622,0.0
Sugar beet,conventional,1623,0.0
Sugar beet,conventional,1711,0.0
Sugar beet,conventional,1712,0.0
Sugar beet,conventional,1713,0.0
Sugar beet,conventional,1721,0.0
Sugar beet,conventional,1722,0.0
Sugar beet,conventional,1723,0.0
Sugar beet,conventional,1724,0.0
Sugar beet,conventional,1811,0.0
Sugar beet,conventional,1812,0.0
Sugar beet,conventional,1813,0.0
Sugar beet,conventional,1821,0.0
Sugar beet,conventional,1911,0.0
Sugar beet,conventional,1912,0.0
Sugar beet,conventional,1921,0.0
Sugar beet,conventional,1922,0.0
Sugar beet,conventional,2011,0.0
Sugar beet,conventional,2012,0.0
Sugar beet,conventional,2019,0.0
Sugar beet,conventional,2111,0.0
Sugar beet,conventional,2121,0.0
Sugar beet,conventional,2122,0.0
Sugar beet,conventional,2211,0.0
Sugar beet,conventional,2212,0.0
Sugar beet,conventional,2221,0.0
Sugar beet,conventional,2311,0.0
Sugar beet,conventional,2312,0.0
Sugar beet,conventional,2319,0.0
Sugar beet,conventional,2331,0.0
Sugar beet,conventional,2411,0.0
Sugar beet,conventional,2412,0.0
Sugar beet,conventional,2413,0.0
Sugar beet,conventional,2414,0.0
Sugar beet,conventional,2415,0.0
Sugar beet,conventional,2419,0.0
Sugar beet,conventional,2511,0.0
Sugar beet,conventional,2512,0.0
Sugar beet,conventional,2519,0.0
Sugar beet,conventional,2521,0.0
Sugar beet,conventional,311,0.0
Sugar beet,conventional,312,0.0
Sugar beet,conventional,321,0.0
Sugar beet,conventional,322,0.0
Sugar beet,conventional,411,0.0
Sugar beet,conventional,421,0.0
Sugar beet,conventional,422,0.0
Sugar beet,conventional,431,0.0
Sugar beet,conventional,511,0.0
Sugar beet,conventional,512,0.0
Sugar beet,conventional,513,0.0
Sugar beet,conventional,514,0.0
Sugar beet,conventional,515,0.0
Sugar beet,conventional,521,0.0
Sugar beet,conventional,611,0.0
Sugar beet,conventional,612,0.0
Sugar beet,conventional,621,0.0
Sugar beet,conventional,622,0.0
Sugar beet,conventional,711,0.0
Sugar beet,conventional,731,0.0
Sugar beet,conventional,811,53.30312943200771
Sugar beet,conventional,812,0.0
Sugar beet,conventional,813,0.0
Sugar beet,conventional,814,0.0
Sugar beet,conventional,821,1.6260000000000001
Sugar beet,conventional,831,0.0
Sugar beet,conventional,911,0.0
Sugar beet,conventional,912,0.0
Sugar beet,conventional,913,0.0
Sugar beet,organic,1011,11.901716068265745
Sugar beet,organic,111,0.0
Sugar beet,organic,1111,7.979155126776262
Sugar beet,organic,1112,1.5570661034771425
Sugar beet,organic,112,0.0
Sugar beet,organic,1121,22.757681735859574
Sugar beet,organic,1122,4.812769434382836
Sugar beet,organic,1123,5.832238854834215
Sugar beet,organic,1124,0.31179341264814503
Sugar beet,organic,1131,0.0
Sugar beet,organic,1211,27.329513409027584
Sugar beet,organic,1212,10.469243730844244
Sugar beet,organic,1213,3.6071672123154084
Sugar beet,organic,1214,17.449588186124267
Sugar beet,organic,1215,11.507360441627194
Sugar beet,organic,1216,19.8539517275007
Sugar beet,organic,1221,0.05836145165784341
Sugar beet,organic,1222,5.70725633881304
Sugar beet,organic,1311,0.0
Sugar beet,organic,1321,0.10232778065766124
Sugar beet,organic,1322,0.0
Sugar beet,organic,1331,0.0
Sugar beet,organic,1411,0.0
Sugar beet,organic,1412,0.0
Sugar beet,organic,1421,0.0
Sugar beet,organic,1511,0.0
Sugar beet,organic,1512,0.0
Sugar beet,organic,1521,0.0
Sugar beet,organic,1522,0.0
Sugar beet,organic,1611,0.0
Sugar beet,organic,1612,0.0
Sugar beet,organic,1613,0.0
Sugar beet,organic,1614,0.0
Sugar beet,organic,1615,0.0
Sugar beet,organic,1616,0.0
Sugar beet,organic,1617,0.0
Sugar beet,organic,1621,0.0
Sugar beet,organic,1622,0.0
Sugar beet,organic,1623,0.0
Sugar beet,organic,1711,0.0
Sugar beet,organic,1712,0.0
Sugar beet,organic,1713,0.0
Sugar beet,organic,1721,0.0
Sugar beet,organic,1722,0.0
Sugar beet,organic,1723,0.0
Sugar beet,organic,1724,0.0
Sugar beet,organic,1811,0.0
Sugar beet,organic,1812,0.0
Sugar beet,organic,1813,0.0
Sugar beet,organic,1821,0.0
Sugar beet,organic,1911,0.0
Sugar beet,organic,1912,0.0
Sugar beet,organic,1921,0.0
Sugar beet,organic,1922,0.0
Sugar beet,organic,2011,0.0
Sugar beet,organic,2012,0.0
Sugar beet,organic,2019,0.0
Sugar beet,organic,2111,0.0
Sugar beet,organic,2121,0.0
Sugar beet,organic,2122,0.0
Sugar beet,organic,2211,0.0
Sugar beet,organic,2212,0.0
Sugar beet,organic,2221,0.0
Sugar beet,organic,2311,0.0
Sugar beet,organic,2312,0.0
Sugar beet,organic,2319,0.0
Sugar beet,organic,2331,0.0
Sugar beet,organic,2411,0.0
Sugar beet,organic,2412,0.0
Sugar beet,organic,2413,0.0
Sugar beet,organic,2414,0.0
Sugar beet,organic,2415,0.0
Sugar beet,organic,2419,0.0
Sugar beet,organic,2511,0.0
Sugar beet,organic,2512,0.0
Sugar beet,organic,2519,0.0
Sugar beet,organic,2521,0.0
Sugar beet,organic,311,0.0
Sugar beet,organic,312,0.0
Sugar beet,organic,321,0.0
Sugar beet,organic,322,0.0
Sugar beet,organic,411,0.0
Sugar beet,organic,421,0.0
Sugar beet,organic,422,0.0
Sugar beet,organic,431,0.0
Sugar beet,organic,511,0.0
Sugar beet,organic,512,0.0
Sugar beet,organic,513,0.0
Sugar beet,organic,514,0.0
Sugar beet,organic,515,0.0
Sugar beet,organic,521,0.0
Sugar beet,organic,611,0.0
Sugar beet,organic,612,0.0
Sugar beet,organic,621,0.0
Sugar beet,organic,622,0.0
Sugar beet,organic,711,0.0
Sugar beet,organic,731,0.0
Sugar beet,organic,811,0.032870567992284
Sugar beet,organic,812,0.0
Sugar beet,organic,813,0.0
Sugar beet,organic,814,0.0
Sugar beet,organic,821,0.0
Sugar beet,organic,831,0.0
Sugar beet,organic,911,0.0
Sugar beet,organic,912,0.0
Sugar beet,organic,913,0.0
Sunflower seeds,conventional,1011,0.0
Sunflower seeds,conventional,111,0.0
Sunflower seeds,conventional,1111,0.0
Sunflower seeds,conventional,1112,0.0
Sunflower seeds,conventional,112,0.0
Sunflower seeds,conventional,1121,0.0
Sunflower seeds,conventional,1122,0.0
Sunflower seeds,conventional,1123,0.0
Sunflower seeds,conventional,1124,0.0
Sunflower seeds,conventional,1131,0.0
Sunflower seeds,conventional,1211,0.0
Sunflower seeds,conventional,1212,0.0
Sunflower seeds,conventional,1213,0.0
Sunflower seeds,conventional,1214,0.0
Sunflower seeds,conventional,1215,0.0
Sunflower seeds,conventional,1216,0.0
Sunflower seeds,conventional,1221,0.0
Sunflower seeds,conventional,1222,0.0
Sunflower seeds,conventional,1311,0.0
Sunflower seeds,conventional,1321,0.0
Sunflower seeds,conventional,1322,0.0
Sunflower seeds,conventional,1331,0.0
Sunflower seeds,conventional,1411,0.0
Sunflower seeds,conventional,1412,0.0
Sunflower seeds,conventional,1421,0.0
Sunflower seeds,conventional,1511,0.0
Sunflower seeds,conventional,1512,0.0
Sunflower seeds,conventional,1521,0.0
Sunflower seeds,conventional,1522,0.0
Sunflower seeds,conventional,1611,0.0
Sunflower seeds,conventional,1612,0.0
Sunflower seeds,conventional,1613,0.0
Sunflower seeds,conventional,1614,0.0
Sunflower seeds,conventional,1615,0.0
Sunflower seeds,conventional,1616,0.0
Sunflower seeds,conventional,1617,0.0
Sunflower seeds,conventional,1621,0.0
Sunflower seeds,conventional,1622,0.0
Sunflower seeds,conventional,1623,0.0
Sunflower seeds,conventional,1711,0.0
Sunflower seeds,conventional,1712,0.0
Sunflower seeds,conventional,1713,0.0
Sunflower seeds,conventional,1721,0.0
Sunflower seeds,conventional,1722,0.0
Sunflower seeds,conventional,1723,0.0
Sunflower seeds,conventional,1724,0.0
Sunflower seeds,conventional,1811,0.0
Sunflower seeds,conventional,1812,0.0
Sunflower seeds,conventional,1813,0.0
Sunflower seeds,conventional,1821,0.0
Sunflower seeds,conventional,1911,0.0
Sunflower seeds,conventional,1912,0.0
Sunflower seeds,conventional,1921,0.0
Sunflower seeds,conventional,1922,0.0
Sunflower seeds,conventional,2011,0.0
Sunflower seeds,conventional,2012,0.0
Sunflower seeds,conventional,2019,0.0
Sunflower seeds,conventional,2111,0.0
Sunflower seeds,conventional,2121,0.0
Sunflower seeds,conventional,2122,0.0
Sunflower seeds,conventional,2211,0.0
Sunflower seeds,conventional,2212,0.0
Sunflower seeds,conventional,2221,0.0
Sunflower seeds,conventional,2311,0.0
Sunflower seeds,conventional,2312,0.0
Sunflower seeds,conventional,2319,0.0
Sunflower seeds,conventional,2331,0.0
Sunflower seeds,conventional,2411,0.0
Sunflower seeds,conventional,2412,0.0
Sunflower seeds,conventional,2413,0.0
Sunflower seeds,conventional,2414,0.0
Sunflower seeds,conventional,2415,0.0
Sunflower seeds,conventional,2419,0.0
Sunflower seeds,conventional,2511,0.0
Sunflower seeds,conventional,2512,0.0
Sunflower seeds,conventional,2519,0.0
Sunflower seeds,conventional,2521,0.0
Sunflower seeds,conventional,311,0.0
Sunflower seeds,conventional,312,0.0
Sunflower seeds,conventional,321,0.0
Sunflower seeds,conventional,322,0.0
Sunflower seeds,conventional,411,0.0
Sunflower seeds,conventional,421,0.0
Sunflower seeds,conventional,422,0.0
Sunflower seeds,conventional,431,0.0
Sunflower seeds,conventional,511,0.0
Sunflower seeds,conventional,512,0.0
Sunflower seeds,conventional,513,0.0
Sunflower seeds,conventional,514,0.0
Sunflower seeds,conventional,515,0.0
Sunflower seeds,conventional,521,0.0
Sunflower seeds,conventional,611,0.0
Sunflower seeds,conventional,612,0.0
Sunflower seeds,conventional,621,0.0
Sunflower seeds,conventional,622,0.0
Sunflower seeds,conventional,711,0.0
Sunflower seeds,conventional,731,0.0
Sunflower seeds,conventional,811,0.0
Sunflower seeds,conventional,812,0.0
Sunflower seeds,conventional,813,0.0
Sunflower seeds,conventional,814,0.0
Sunflower seeds,conventional,821,0.0
Sunflower seeds,conventional,831,0.0
Sunflower seeds,conventional,911,0.0
Sunflower seeds,conventional,912,0.0
Sunflower seeds,conventional,913,0.0
Sunflower seeds,organic,1011,0.0
Sunflower seeds,organic,111,0.0
Sunflower seeds,organic,1111,0.0
Sunflower seeds,organic,1112,0.0
Sunflower seeds,organic,112,0.0
Sunflower seeds,organic,1121,0.0
Sunflower seeds,organic,1122,0.0
Sunflower seeds,organic,1123,0.0
Sunflower seeds,organic,1124,0.0
Sunflower seeds,organic,1131,0.0
Sunflower seeds,organic,1211,0.0
Sunflower seeds,organic,1212,0.0
Sunflower seeds,organic,1213,0.0
Sunflower seeds,organic,1214,0.0
Sunflower seeds,organic,1215,0.0
Sunflower seeds,organic,1216,0.0
Sunflower seeds,organic,1221,0.0
Sunflower seeds,organic,1222,0.0
Sunflower seeds,organic,1311,0.0
Sunflower seeds,organic,1321,0.0
Sunflower seeds,organic,1322,0.0
Sunflower seeds,organic,1331,0.0
Sunflower seeds,organic,1411,0.0
Sunflower seeds,organic,1412,0.0
Sunflower seeds,organic,1421,0.0
Sunflower seeds,organic,1511,0.0
Sunflower seeds,organic,1512,0.0
Sunflower seeds,organic,1521,0.0
Sunflower seeds,organic,1522,0.0
Sunflower seeds,organic,1611,0.0
Sunflower seeds,organic,1612,0.0
Sunflower seeds,organic,1613,0.0
Sunflower seeds,organic,1614,0.0
Sunflower seeds,organic,1615,0.0
Sunflower seeds,organic,1616,0.0
Sunflower seeds,organic,1617,0.0
Sunflower seeds,organic,1621,0.0
Sunflower seeds,organic,1622,0.0
Sunflower seeds,organic,1623,0.0
Sunflower seeds,organic,1711,0.0
Sunflower seeds,organic,1712,0.0
Sunflower seeds,organic,1713,0.0
Sunflower seeds,organic,1721,0.0
Sunflower seeds,organic,1722,0.0
Sunflower seeds,organic,1723,0.0
Sunflower seeds,organic,1724,0.0
Sunflower seeds,organic,1811,0.0
Sunflower seeds,organic,1812,0.0
Sunflower seeds,organic,1813,0.0
Sunflower seeds,organic,1821,0.0
Sunflower seeds,organic,1911,0.0
Sunflower seeds,organic,1912,0.0
Sunflower seeds,organic,1921,0.0
Sunflower seeds,organic,1922,0.0
Sunflower seeds,organic,2011,0.0
Sunflower seeds,organic,2012,0.0
Sunflower seeds,organic,2019,0.0
Sunflower seeds,organic,2111,0.0
Sunflower seeds,organic,2121,0.0
Sunflower seeds,organic,2122,0.0
Sunflower seeds,organic,2211,0.0
Sunflower seeds,organic,2212,0.0
Sunflower seeds,organic,2221,0.0
Sunflower seeds,organic,2311,0.0
Sunflower seeds,organic,2312,0.0
Sunflower seeds,organic,2319,0.0
Sunflower seeds,organic,2331,0.0
Sunflower seeds,organic,2411,0.0
Sunflower seeds,organic,2412,0.0
Sunflower seeds,organic,2413,0.0
Sunflower seeds,organic,2414,0.0
Sunflower seeds,organic,2415,0.0
Sunflower seeds,organic,2419,0.0
Sunflower seeds,organic,2511,0.0
Sunflower seeds,organic,2512,0.0
Sunflower seeds,organic,2519,0.0
Sunflower seeds,organic,2521,0.0
Sunflower seeds,organic,311,0.0
Sunflower seeds,organic,312,0.0
Sunflower seeds,organic,321,0.0
Sunflower seeds,organic,322,0.0
Sunflower seeds,organic,411,0.0
Sunflower seeds,organic,421,0.0
Sunflower seeds,organic,422,0.0
Sunflower seeds,organic,431,0.0
Sunflower seeds,organic,511,0.0
Sunflower seeds,organic,512,0.0
Sunflower seeds,organic,513,0.0
Sunflower seeds,organic,514,0.0
Sunflower seeds,organic,515,0.0
Sunflower seeds,organic,521,0.0
Sunflower seeds,organic,611,0.0
Sunflower seeds,organic,612,0.0
Sunflower seeds,organic,621,0.0
Sunflower seeds,organic,622,0.0
Sunflower seeds,organic,711,0.0
Sunflower seeds,organic,731,0.0
Sunflower seeds,organic,811,0.0
Sunflower seeds,organic,812,0.0
Sunflower seeds,organic,813,0.0
Sunflower seeds,organic,814,0.0
Sunflower seeds,organic,821,0.0
Sunflower seeds,organic,831,0.0
Sunflower seeds,organic,911,0.0
Sunflower seeds,organic,912,0.0
Sunflower seeds,organic,913,0.0
Sweet lupin,conventional,1011,0.0
Sweet lupin,conventional,111,0.0
Sweet lupin,conventional,1111,0.0
Sweet lupin,conventional,1112,0.0
Sweet lupin,conventional,112,0.0
Sweet lupin,conventional,1121,0.0
Sweet lupin,conventional,1122,0.0
Sweet lupin,conventional,1123,0.0
Sweet lupin,conventional,1124,0.0
Sweet lupin,conventional,1131,0.0
Sweet lupin,conventional,1211,0.0
Sweet lupin,conventional,1212,0.0
Sweet lupin,conventional,1213,0.0
Sweet lupin,conventional,1214,0.0
Sweet lupin,conventional,1215,0.0
Sweet lupin,conventional,1216,0.0
Sweet lupin,conventional,1221,0.0
Sweet lupin,conventional,1222,0.0
Sweet lupin,conventional,1311,0.0
Sweet lupin,conventional,1321,0.0
Sweet lupin,conventional,1322,0.0
Sweet lupin,conventional,1331,0.0
Sweet lupin,conventional,1411,0.0
Sweet lupin,conventional,1412,0.0
Sweet lupin,conventional,1421,0.0
Sweet lupin,conventional,1511,0.0
Sweet lupin,conventional,1512,0.0
Sweet lupin,conventional,1521,0.0
Sweet lupin,conventional,1522,0.0
Sweet lupin,conventional,1611,0.0
Sweet lupin,conventional,1612,0.0
Sweet lupin,conventional,1613,0.0
Sweet lupin,conventional,1614,0.0
Sweet lupin,conventional,1615,0.0
Sweet lupin,conventional,1616,0.0
Sweet lupin,conventional,1617,0.0
Sweet lupin,conventional,1621,0.0
Sweet lupin,conventional,1622,0.0
Sweet lupin,conventional,1623,0.0
Sweet lupin,conventional,1711,0.0
Sweet lupin,conventional,1712,0.0
Sweet lupin,conventional,1713,0.0
Sweet lupin,conventional,1721,0.0
Sweet lupin,conventional,1722,0.0
Sweet lupin,conventional,1723,0.0
Sweet lupin,conventional,1724,0.0
Sweet lupin,conventional,1811,0.0
Sweet lupin,conventional,1812,0.0
Sweet lupin,conventional,1813,0.0
Sweet lupin,conventional,1821,0.0
Sweet lupin,conventional,1911,0.0
Sweet lupin,conventional,1912,0.0
Sweet lupin,conventional,1921,0.0
Sweet lupin,conventional,1922,0.0
Sweet lupin,conventional,2011,0.0
Sweet lupin,conventional,2012,0.0
Sweet lupin,conventional,2019,0.0
Sweet lupin,conventional,2111,0.0
Sweet lupin,conventional,2121,0.0
Sweet lupin,conventional,2122,0.0
Sweet lupin,conventional,2211,0.0
Sweet lupin,conventional,2212,0.0
Sweet lupin,conventional,2221,0.0
Sweet lupin,conventional,2311,0.0
Sweet lupin,conventional,2312,0.0
Sweet lupin,conventional,2319,0.0
Sweet lupin,conventional,2331,0.0
Sweet lupin,conventional,2411,0.0
Sweet lupin,conventional,2412,0.0
Sweet lupin,conventional,2413,0.0
Sweet lupin,conventional,2414,0.0
Sweet lupin,conventional,2415,0.0
Sweet lupin,conventional,2419,0.0
Sweet lupin,conventional,2511,0.0
Sweet lupin,conventional,2512,0.0
Sweet lupin,conventional,2519,0.0
Sweet lupin,conventional,2521,0.0
Sweet lupin,conventional,311,0.0
Sweet lupin,conventional,312,0.0
Sweet lupin,conventional,321,0.0
Sweet lupin,conventional,322,0.0
Sweet lupin,conventional,411,0.0
Sweet lupin,conventional,421,0.0
Sweet lupin,conventional,422,0.0
Sweet lupin,conventional,431,0.0
Sweet lupin,conventional,511,0.0
Sweet lupin,conventional,512,0.0
Sweet lupin,conventional,513,0.0
Sweet lupin,conventional,514,0.0
Sweet lupin,conventional,515,0.0
Sweet lupin,conventional,521,0.0
Sweet lupin,conventional,611,0.0
Sweet lupin,conventional,612,0.0
Sweet lupin,conventional,621,0.0
Sweet lupin,conventional,622,0.0
Sweet lupin,conventional,711,0.0
Sweet lupin,conventional,731,0.0
Sweet lupin,conventional,811,0.0
Sweet lupin,conventional,812,0.0
Sweet lupin,conventional,813,0.0
Sweet lupin,conventional,814,0.0
Sweet lupin,conventional,821,0.0
Sweet lupin,conventional,831,0.0
Sweet lupin,conventional,911,0.0
Sweet lupin,conventional,912,0.0
Sweet lupin,conventional,913,0.0
Sweet lupin,organic,1011,0.0
Sweet lupin,organic,111,0.0
Sweet lupin,organic,1111,0.0
Sweet lupin,organic,1112,0.0
Sweet lupin,organic,112,0.0
Sweet lupin,organic,1121,0.0
Sweet lupin,organic,1122,0.0
Sweet lupin,organic,1123,0.0
Sweet lupin,organic,1124,0.0
Sweet lupin,organic,1131,0.0
Sweet lupin,organic,1211,0.0
Sweet lupin,organic,1212,0.0
Sweet lupin,organic,1213,0.0
Sweet lupin,organic,1214,0.0
Sweet lupin,organic,1215,0.0
Sweet lupin,organic,1216,0.0
Sweet lupin,organic,1221,0.0
Sweet lupin,organic,1222,0.0
Sweet lupin,organic,1311,0.0
Sweet lupin,organic,1321,0.0
Sweet lupin,organic,1322,0.0
Sweet lupin,organic,1331,0.0
Sweet lupin,organic,1411,0.0
Sweet lupin,organic,1412,0.0
Sweet lupin,organic,1421,0.0
Sweet lupin,organic,1511,0.0
Sweet lupin,organic,1512,0.0
Sweet lupin,organic,1521,0.0
Sweet lupin,organic,1522,0.0
Sweet lupin,organic,1611,0.0
Sweet lupin,organic,1612,0.0
Sweet lupin,organic,1613,0.0
Sweet lupin,organic,1614,0.0
Sweet lupin,organic,1615,0.0
Sweet lupin,organic,1616,0.0
Sweet lupin,organic,1617,0.0
Sweet lupin,organic,1621,0.0
Sweet lupin,organic,1622,0.0
Sweet lupin,organic,1623,0.0
Sweet lupin,organic,1711,0.0
Sweet lupin,organic,1712,0.0
Sweet lupin,organic,1713,0.0
Sweet lupin,organic,1721,0.0
Sweet lupin,organic,1722,0.0
Sweet lupin,organic,1723,0.0
Sweet lupin,organic,1724,0.0
Sweet lupin,organic,1811,0.0
Sweet lupin,organic,1812,0.0
Sweet lupin,organic,1813,0.0
Sweet lupin,organic,1821,0.0
Sweet lupin,organic,1911,0.0
Sweet lupin,organic,1912,0.0
Sweet lupin,organic,1921,0.0
Sweet lupin,organic,1922,0.0
Sweet lupin,organic,2011,0.0
Sweet lupin,organic,2012,0.0
Sweet lupin,organic,2019,0.0
Sweet lupin,organic,2111,0.0
Sweet lupin,organic,2121,0.0
Sweet lupin,organic,2122,0.0
Sweet lupin,organic,2211,0.0
Sweet lupin,organic,2212,0.0
Sweet lupin,organic,2221,0.0
Sweet lupin,organic,2311,0.0
Sweet lupin,organic,2312,0.0
Sweet lupin,organic,2319,0.0
Sweet lupin,organic,2331,0.0
Sweet lupin,organic,2411,0.0
Sweet lupin,organic,2412,0.0
Sweet lupin,organic,2413,0.0
Sweet lupin,organic,2414,0.0
Sweet lupin,organic,2415,0.0
Sweet lupin,organic,2419,0.0
Sweet lupin,organic,2511,0.0
Sweet lupin,organic,2512,0.0
Sweet lupin,organic,2519,0.0
Sweet lupin,organic,2521,0.0
Sweet lupin,organic,311,0.0
Sweet lupin,organic,312,0.0
Sweet lupin,organic,321,0.0
Sweet lupin,organic,322,0.0
Sweet lupin,organic,411,0.0
Sweet lupin,organic,421,0.0
Sweet lupin,organic,422,0.0
Sweet lupin,organic,431,0.0
Sweet lupin,organic,511,0.0
Sweet lupin,organic,512,0.0
Sweet lupin,organic,513,0.0
Sweet lupin,organic,514,0.0
Sweet lupin,organic,515,0.0
Sweet lupin,organic,521,0.0
Sweet lupin,organic,611,0.0
Sweet lupin,organic,612,0.0
Sweet lupin,organic,621,0.0
Sweet lupin,organic,622,0.0
Sweet lupin,organic,711,0.0
Sweet lupin,organic,731,0.0
Sweet lupin,organic,811,0.0
Sweet lupin,organic,812,0.0
Sweet lupin,organic,813,0.0
Sweet lupin,organic,814,0.0
Sweet lupin,organic,821,0.0
Sweet lupin,organic,831,0.0
Sweet lupin,organic,911,0.0
Sweet lupin,organic,912,0.0
Sweet lupin,organic,913,0.0
"Tomatoes, greenhouse",conventional,1011,58635.385505427745
"Tomatoes, greenhouse",conventional,111,253.3496999520116
"Tomatoes, greenhouse",conventional,1111,78062.82798911034
"Tomatoes, greenhouse",conventional,1112,1897.873267006634
"Tomatoes, greenhouse",conventional,112,530.7937734863265
"Tomatoes, greenhouse",conventional,1121,21430.44407101629
"Tomatoes, greenhouse",conventional,1122,72.9266656581384
"Tomatoes, greenhouse",conventional,1123,5151.43278007566
"Tomatoes, greenhouse",conventional,1124,929.9184325752396
"Tomatoes, greenhouse",conventional,1131,54.297145653774294
"Tomatoes, greenhouse",conventional,1211,57702.08688266671
"Tomatoes, greenhouse",conventional,1212,3523.693356343269
"Tomatoes, greenhouse",conventional,1213,508.2114636421177
"Tomatoes, greenhouse",conventional,1214,5984.859468220966
"Tomatoes, greenhouse",conventional,1215,1180.7989351926133
"Tomatoes, greenhouse",conventional,1216,9777.378366406338
"Tomatoes, greenhouse",conventional,1221,78.08769734087005
"Tomatoes, greenhouse",conventional,1222,24777.034181386414
"Tomatoes, greenhouse",conventional,1311,6192.119376781046
"Tomatoes, greenhouse",conventional,1321,7742.045694988348
"Tomatoes, greenhouse",conventional,1322,200.82758805464312
"Tomatoes, greenhouse",conventional,1331,6298.803954687869
"Tomatoes, greenhouse",conventional,1411,85.3022366364018
"Tomatoes, greenhouse",conventional,1412,345.130012608746
"Tomatoes, greenhouse",conventional,1421,106.5316253299649
"Tomatoes, greenhouse",conventional,1511,177.89643037797128
"Tomatoes, greenhouse",conventional,1512,24.819420669564586
"Tomatoes, greenhouse",conventional,1521,63.61334136340896
"Tomatoes, greenhouse",conventional,1522,9.064865027586114
"Tomatoes, greenhouse",conventional,1611,169.45466219176754
"Tomatoes, greenhouse",conventional,1612,1013.540414060252
"Tomatoes, greenhouse",conventional,1613,347.5876348620399
"Tomatoes, greenhouse",conventional,1614,699.5720277711868
"Tomatoes, greenhouse",conventional,1615,6000.736679673032
"Tomatoes, greenhouse",conventional,1616,620.51079336803
"Tomatoes, greenhouse",conventional,1617,85.85680076755432
"Tomatoes, greenhouse",conventional,1621,90.2514438672899
"Tomatoes, greenhouse",conventional,1622,1664.165334101921
"Tomatoes, greenhouse",conventional,1623,6443.293505303908
"Tomatoes, greenhouse",conventional,1711,607.5762197390839
"Tomatoes, greenhouse",conventional,1712,129.1027706918322
"Tomatoes, greenhouse",conventional,1713,111.49644199407942
"Tomatoes, greenhouse",conventional,1721,0.0
"Tomatoes, greenhouse",conventional,1722,130.0043142509749
"Tomatoes, greenhouse",conventional,1723,580.323884103596
"Tomatoes, greenhouse",conventional,1724,104.9033425965297
"Tomatoes, greenhouse",conventional,1811,719.9475693910291
"Tomatoes, greenhouse",conventional,1812,3373.1106307306545
"Tomatoes, greenhouse",conventional,1813,85.61243284943194
"Tomatoes, greenhouse",conventional,1821,521.3365914651818
"Tomatoes, greenhouse",conventional,1911,40.61776650791345
"Tomatoes, greenhouse",conventional,1912,0.24891763733845515
"Tomatoes, greenhouse",conventional,1921,46.66321952420562
"Tomatoes, greenhouse",conventional,1922,493.8179974278075
"Tomatoes, greenhouse",conventional,2011,1116.300174012434
"Tomatoes, greenhouse",conventional,2012,1080.161403254751
"Tomatoes, greenhouse",conventional,2019,0.0
"Tomatoes, greenhouse",conventional,2111,568.7299140353834
"Tomatoes, greenhouse",conventional,2121,1224.1015316260487
"Tomatoes, greenhouse",conventional,2122,48.0147598792005
"Tomatoes, greenhouse",conventional,2211,1927.2556750192946
"Tomatoes, greenhouse",conventional,2212,3966.174096853417
"Tomatoes, greenhouse",conventional,2221,4995.196680525231
"Tomatoes, greenhouse",conventional,2311,141.13801005622523
"Tomatoes, greenhouse",conventional,2312,0.0
"Tomatoes, greenhouse",conventional,2319,0.0
"Tomatoes, greenhouse",conventional,2331,0.0
"Tomatoes, greenhouse",conventional,2411,0.0
"Tomatoes, greenhouse",conventional,2412,0.0
"Tomatoes, greenhouse",conventional,2413,0.0
"Tomatoes, greenhouse",conventional,2414,44.11007561967583
"Tomatoes, greenhouse",conventional,2415,0.0
"Tomatoes, greenhouse",conventional,2419,0.0
"Tomatoes, greenhouse",conventional,2511,3448.6489136423597
"Tomatoes, greenhouse",conventional,2512,2678.0218842160148
"Tomatoes, greenhouse",conventional,2519,0.0
"Tomatoes, greenhouse",conventional,2521,0.0
"Tomatoes, greenhouse",conventional,311,579.3480328658108
"Tomatoes, greenhouse",conventional,312,14.767105382322148
"Tomatoes, greenhouse",conventional,321,2499.752960620205
"Tomatoes, greenhouse",conventional,322,821.4098720534529
"Tomatoes, greenhouse",conventional,411,603.1504627430521
"Tomatoes, greenhouse",conventional,421,5672.38412291568
"Tomatoes, greenhouse",conventional,422,1278.861985316414
"Tomatoes, greenhouse",conventional,431,681.6155251052955
"Tomatoes, greenhouse",conventional,511,7.7286385250660175
"Tomatoes, greenhouse",conventional,512,88.49702409289836
"Tomatoes, greenhouse",conventional,513,8195.325740417324
"Tomatoes, greenhouse",conventional,514,1213.0613625218052
"Tomatoes, greenhouse",conventional,515,1768.7100970698152
"Tomatoes, greenhouse",conventional,521,48.71696044362938
"Tomatoes, greenhouse",conventional,611,141.49010206170598
"Tomatoes, greenhouse",conventional,612,1827.9014373662708
"Tomatoes, greenhouse",conventional,621,469.27310197152553
"Tomatoes, greenhouse",conventional,622,217.78412717388173
"Tomatoes, greenhouse",conventional,711,272.36714425183254
"Tomatoes, greenhouse",conventional,731,673.8460062322173
"Tomatoes, greenhouse",conventional,811,13078.398818133614
"Tomatoes, greenhouse",conventional,812,7660.450316390234
"Tomatoes, greenhouse",conventional,813,16.860093135933656
"Tomatoes, greenhouse",conventional,814,26.803929781010837
"Tomatoes, greenhouse",conventional,821,216.80246366274784
"Tomatoes, greenhouse",conventional,831,1066.6793063292807
"Tomatoes, greenhouse",conventional,911,139.99997230206677
"Tomatoes, greenhouse",conventional,912,2906.718517583464
"Tomatoes, greenhouse",conventional,913,308.10206706257134
"Tomatoes, greenhouse",organic,1011,5534.90742941082
"Tomatoes, greenhouse",organic,111,23.915032269611096
"Tomatoes, greenhouse",organic,1111,7368.767560294287
"Tomatoes, greenhouse",organic,1112,179.15040133338636
"Tomatoes, greenhouse",organic,112,50.10446124009057
"Tomatoes, greenhouse",organic,1121,2022.9341562572513
"Tomatoes, greenhouse",organic,1122,6.8839377463634985
"Tomatoes, greenhouse",organic,1123,486.27127323844155
"Tomatoes, greenhouse",organic,1124,87.77997103353763
"Tomatoes, greenhouse",organic,1131,5.125397783000121
"Tomatoes, greenhouse",organic,1211,5446.80838415937
"Tomatoes, greenhouse",organic,1212,332.62024916992374
"Tomatoes, greenhouse",organic,1213,47.97279631706557
"Tomatoes, greenhouse",organic,1214,564.9428727908602
"Tomatoes, greenhouse",organic,1215,111.46192256948656
"Tomatoes, greenhouse",organic,1216,922.939001660927
"Tomatoes, greenhouse",organic,1221,7.371115111327386
"Tomatoes, greenhouse",organic,1222,2338.836683466964
"Tomatoes, greenhouse",organic,1311,584.5072433125141
"Tomatoes, greenhouse",organic,1321,730.813072458821
"Tomatoes, greenhouse",organic,1322,18.957189409992115
"Tomatoes, greenhouse",organic,1331,594.5777708236766
"Tomatoes, greenhouse",organic,1411,8.05213403535098
"Tomatoes, greenhouse",organic,1412,32.57866652422656
"Tomatoes, greenhouse",organic,1421,10.056089499939432
"Tomatoes, greenhouse",organic,1511,16.792594875556027
"Tomatoes, greenhouse",organic,1512,2.3428377706313395
"Tomatoes, greenhouse",organic,1521,6.004803288781761
"Tomatoes, greenhouse",organic,1522,0.855681059403085
"Tomatoes, greenhouse",organic,1611,15.995731257308682
"Tomatoes, greenhouse",organic,1612,95.67349680460303
"Tomatoes, greenhouse",organic,1613,32.81065462409474
"Tomatoes, greenhouse",organic,1614,66.03634273983423
"Tomatoes, greenhouse",organic,1615,566.4416076395675
"Tomatoes, greenhouse",organic,1616,58.57333026188412
"Tomatoes, greenhouse",organic,1617,8.104482307697833
"Tomatoes, greenhouse",organic,1621,8.519316158156338
"Tomatoes, greenhouse",organic,1622,157.08946043572993
"Tomatoes, greenhouse",organic,1623,608.2169117670394
"Tomatoes, greenhouse",organic,1711,57.35236672496853
"Tomatoes, greenhouse",organic,1712,12.18670054780483
"Tomatoes, greenhouse",organic,1713,10.52474508057557
"Tomatoes, greenhouse",organic,1721,0.0
"Tomatoes, greenhouse",organic,1722,12.271802062878427
"Tomatoes, greenhouse",organic,1723,54.77987310737824
"Tomatoes, greenhouse",organic,1724,9.90238718996421
"Tomatoes, greenhouse",organic,1811,67.95969901553391
"Tomatoes, greenhouse",organic,1812,318.40594087212907
"Tomatoes, greenhouse",organic,1813,8.08141511382051
"Tomatoes, greenhouse",organic,1821,49.21174728282872
"Tomatoes, greenhouse",organic,1911,3.8341280725427054
"Tomatoes, greenhouse",organic,1912,0.023496666191245043
"Tomatoes, greenhouse",organic,1921,4.404790694193452
"Tomatoes, greenhouse",organic,1922,46.61412011159943
"Tomatoes, greenhouse",organic,2011,105.3735397718511
"Tomatoes, greenhouse",organic,2012,101.96220804729107
"Tomatoes, greenhouse",organic,2019,0.0
"Tomatoes, greenhouse",organic,2111,53.68545630575295
"Tomatoes, greenhouse",organic,2121,115.54948608844754
"Tomatoes, greenhouse",organic,2122,4.532369811948501
"Tomatoes, greenhouse",organic,2211,181.9239638673651
"Tomatoes, greenhouse",organic,2212,374.3883712161941
"Tomatoes, greenhouse",organic,2221,471.52331275877884
"Tomatoes, greenhouse",organic,2311,13.322771116771245
"Tomatoes, greenhouse",organic,2312,0.0
"Tomatoes, greenhouse",organic,2319,0.0
"Tomatoes, greenhouse",organic,2331,0.0
"Tomatoes, greenhouse",organic,2411,0.0
"Tomatoes, greenhouse",organic,2412,0.0
"Tomatoes, greenhouse",organic,2413,0.0
"Tomatoes, greenhouse",organic,2414,4.163785795125657
"Tomatoes, greenhouse",organic,2415,0.0
"Tomatoes, greenhouse",organic,2419,0.0
"Tomatoes, greenhouse",organic,2511,325.5364031295015
"Tomatoes, greenhouse",organic,2512,252.79279901212368
"Tomatoes, greenhouse",organic,2519,0.0
"Tomatoes, greenhouse",organic,2521,0.0
"Tomatoes, greenhouse",organic,311,54.687757293361514
"Tomatoes, greenhouse",organic,312,1.3939460035432256
"Tomatoes, greenhouse",organic,321,235.9650425108523
"Tomatoes, greenhouse",organic,322,77.53726805461517
"Tomatoes, greenhouse",organic,411,56.9345958675426
"Tomatoes, greenhouse",organic,421,535.4466548444832
"Tomatoes, greenhouse",organic,422,120.71861799328772
"Tomatoes, greenhouse",organic,431,64.34133248015961
"Tomatoes, greenhouse",organic,511,0.7295474980318631
"Tomatoes, greenhouse",organic,512,8.353707098714134
"Tomatoes, greenhouse",organic,513,773.6005986159786
"Tomatoes, greenhouse",organic,514,114.50734551973973
"Tomatoes, greenhouse",organic,515,166.9579993780283
"Tomatoes, greenhouse",organic,521,4.598654276312331
"Tomatoes, greenhouse",organic,611,13.356006963012783
"Tomatoes, greenhouse",organic,612,172.54538635160432
"Tomatoes, greenhouse",organic,621,44.29719624311883
"Tomatoes, greenhouse",organic,622,20.55780776594172
"Tomatoes, greenhouse",organic,711,25.710190480581534
"Tomatoes, greenhouse",organic,731,63.60792606758358
"Tomatoes, greenhouse",organic,811,1234.5399652328485
"Tomatoes, greenhouse",organic,812,723.1108485659383
"Tomatoes, greenhouse",organic,813,1.5915143041056539
"Tomatoes, greenhouse",organic,814,2.5301661923684247
"Tomatoes, greenhouse",organic,821,20.465143300378454
"Tomatoes, greenhouse",organic,831,100.68956086004073
"Tomatoes, greenhouse",organic,911,13.215345650627452
"Tomatoes, greenhouse",organic,912,274.380696562308
"Tomatoes, greenhouse",organic,913,29.083400838962675
"Triticale, spring",conventional,1011,2.7282889726496578
"Triticale, spring",conventional,111,0.0
"Triticale, spring",conventional,1111,11.22656457510082
"Triticale, spring",conventional,1112,11.414571104414119
"Triticale, spring",conventional,112,41.898224714754924
"Triticale, spring",conventional,1121,5.037438324547938
"Triticale, spring",conventional,1122,1.5409010201118771
"Triticale, spring",conventional,1123,0.0
"Triticale, spring",conventional,1124,14.45347950194157
"Triticale, spring",conventional,1131,2.4688377803219517
"Triticale, spring",conventional,1211,0.0
"Triticale, spring",conventional,1212,0.0
"Triticale, spring",conventional,1213,26.31814278553402
"Triticale, spring",conventional,1214,0.0
"Triticale, spring",conventional,1215,6.394898747027449
"Triticale, spring",conventional,1216,0.0
"Triticale, spring",conventional,1221,8.419125863509823
"Triticale, spring",conventional,1222,0.0
"Triticale, spring",conventional,1311,0.0
"Triticale, spring",conventional,1321,2.248228148681349
"Triticale, spring",conventional,1322,0.0
"Triticale, spring",conventional,1331,2.785735777596169
"Triticale, spring",conventional,1411,0.0
"Triticale, spring",conventional,1412,0.0
"Triticale, spring",conventional,1421,0.0
"Triticale, spring",conventional,1511,4.885982421560686
"Triticale, spring",conventional,1512,0.0
"Triticale, spring",conventional,1521,0.0
"Triticale, spring",conventional,1522,3.380351799634369
"Triticale, spring",conventional,1611,0.0
"Triticale, spring",conventional,1612,0.0
"Triticale, spring",conventional,1613,1.2810399385740403
"Triticale, spring",conventional,1614,0.0
"Triticale, spring",conventional,1615,2.4640098340036563
"Triticale, spring",conventional,1616,7.128466261060329
"Triticale, spring",conventional,1617,6.879039047528753
"Triticale, spring",conventional,1621,18.319177590493595
"Triticale, spring",conventional,1622,0.0
"Triticale, spring",conventional,1623,0.0
"Triticale, spring",conventional,1711,10.381548660504741
"Triticale, spring",conventional,1712,16.944614665218136
"Triticale, spring",conventional,1713,0.0
"Triticale, spring",conventional,1721,0.0
"Triticale, spring",conventional,1722,0.0
"Triticale, spring",conventional,1723,0.0
"Triticale, spring",conventional,1724,0.0
"Triticale, spring",conventional,1811,6.10693104182228
"Triticale, spring",conventional,1812,9.555773392846033
"Triticale, spring",conventional,1813,0.0
"Triticale, spring",conventional,1821,14.208374175536285
"Triticale, spring",conventional,1911,4.326476016983743
"Triticale, spring",conventional,1912,4.4460737631943985
"Triticale, spring",conventional,1921,12.997719407751
"Triticale, spring",conventional,1922,20.724036423320747
"Triticale, spring",conventional,2011,0.0
"Triticale, spring",conventional,2012,4.144863352852341
"Triticale, spring",conventional,2019,0.0
"Triticale, spring",conventional,2111,0.0
"Triticale, spring",conventional,2121,0.0
"Triticale, spring",conventional,2122,0.0
"Triticale, spring",conventional,2211,0.0
"Triticale, spring",conventional,2212,0.0
"Triticale, spring",conventional,2221,0.0
"Triticale, spring",conventional,2311,0.0
"Triticale, spring",conventional,2312,0.0
"Triticale, spring",conventional,2319,0.0
"Triticale, spring",conventional,2331,0.0
"Triticale, spring",conventional,2411,0.0
"Triticale, spring",conventional,2412,0.0
"Triticale, spring",conventional,2413,0.0
"Triticale, spring",conventional,2414,0.0
"Triticale, spring",conventional,2415,0.0
"Triticale, spring",conventional,2419,0.0
"Triticale, spring",conventional,2511,0.0
"Triticale, spring",conventional,2512,0.0
"Triticale, spring",conventional,2519,0.0
"Triticale, spring",conventional,2521,0.0
"Triticale, spring",conventional,311,5.749283680443118
"Triticale, spring",conventional,312,30.963046158242136
"Triticale, spring",conventional,321,38.34828016410531
"Triticale, spring",conventional,322,1.7216475528720363
"Triticale, spring",conventional,411,17.548885461969068
"Triticale, spring",conventional,421,52.77685048697324
"Triticale, spring",conventional,422,20.9223679447095
"Triticale, spring",conventional,431,16.27661263806461
"Triticale, spring",conventional,511,5.0183621664229845
"Triticale, spring",conventional,512,12.175244303793368
"Triticale, spring",conventional,513,15.637212944313436
"Triticale, spring",conventional,514,20.593430061256132
"Triticale, spring",conventional,515,42.10232986766986
"Triticale, spring",conventional,521,58.6916191050229
"Triticale, spring",conventional,611,2.5846446221321755
"Triticale, spring",conventional,612,50.11421099380598
"Triticale, spring",conventional,621,56.60799457661647
"Triticale, spring",conventional,622,24.361645513895606
"Triticale, spring",conventional,711,5.429506675029035
"Triticale, spring",conventional,731,2.9620873030775954
"Triticale, spring",conventional,811,6.108667531289366
"Triticale, spring",conventional,812,11.732948571369217
"Triticale, spring",conventional,813,8.39071019448891
"Triticale, spring",conventional,814,22.75213949005905
"Triticale, spring",conventional,821,161.6401015824744
"Triticale, spring",conventional,831,2.188064180126709
"Triticale, spring",conventional,911,0.0
"Triticale, spring",conventional,912,0.0
"Triticale, spring",conventional,913,0.0
"Triticale, spring",organic,1011,0.22529782735034243
"Triticale, spring",organic,111,0.0
"Triticale, spring",organic,1111,0.6451338248991805
"Triticale, spring",organic,1112,0.6578564955858789
"Triticale, spring",organic,112,6.006895285245066
"Triticale, spring",organic,1121,0.28947607545206194
"Triticale, spring",organic,1122,0.0885477798881228
"Triticale, spring",organic,1123,0.0
"Triticale, spring",organic,1124,0.44771169805842936
"Triticale, spring",organic,1131,0.11365301967804839
"Triticale, spring",organic,1211,0.0
"Triticale, spring",organic,1212,0.0
"Triticale, spring",organic,1213,1.512370414465982
"Triticale, spring",organic,1214,0.0
"Triticale, spring",organic,1215,0.3674824529725511
"Triticale, spring",organic,1216,0.0
"Triticale, spring",organic,1221,0.4838045364901783
"Triticale, spring",organic,1222,0.0
"Triticale, spring",organic,1311,0.0
"Triticale, spring",organic,1321,0.01714425131865073
"Triticale, spring",organic,1322,0.0
"Triticale, spring",organic,1331,0.06832982240383126
"Triticale, spring",organic,1411,0.0
"Triticale, spring",organic,1412,0.0
"Triticale, spring",organic,1421,0.0
"Triticale, spring",organic,1511,0.4881623784393137
"Triticale, spring",organic,1512,0.0
"Triticale, spring",organic,1521,0.0
"Triticale, spring",organic,1522,0.3407290003656307
"Triticale, spring",organic,1611,0.0
"Triticale, spring",organic,1612,0.0
"Triticale, spring",organic,1613,0.12912486142595977
"Triticale, spring",organic,1614,0.0
"Triticale, spring",organic,1615,0.24836456599634368
"Triticale, spring",organic,1616,0.718527338939671
"Triticale, spring",organic,1617,0.7621649524712452
"Triticale, spring",organic,1621,1.8465164095063986
"Triticale, spring",organic,1622,0.0
"Triticale, spring",organic,1623,0.0
"Triticale, spring",organic,1711,2.6540417394952587
"Triticale, spring",organic,1712,4.153879734781864
"Triticale, spring",organic,1713,0.0
"Triticale, spring",organic,1721,0.0
"Triticale, spring",organic,1722,0.0
"Triticale, spring",organic,1723,0.0
"Triticale, spring",organic,1724,0.0
"Triticale, spring",organic,1811,0.8106357581777195
"Triticale, spring",organic,1812,1.3561358071539658
"Triticale, spring",organic,1813,0.0
"Triticale, spring",organic,1821,1.841527824463714
"Triticale, spring",organic,1911,0.4235527830162565
"Triticale, spring",organic,1912,0.4203442368056017
"Triticale, spring",organic,1921,1.6690065922490023
"Triticale, spring",organic,1922,4.631941176679252
"Triticale, spring",organic,2011,0.0
"Triticale, spring",organic,2012,0.6658902471476589
"Triticale, spring",organic,2019,0.0
"Triticale, spring",organic,2111,0.0
"Triticale, spring",organic,2121,0.0
"Triticale, spring",organic,2122,0.0
"Triticale, spring",organic,2211,0.0
"Triticale, spring",organic,2212,0.0
"Triticale, spring",organic,2221,0.0
"Triticale, spring",organic,2311,0.0
"Triticale, spring",organic,2312,0.0
"Triticale, spring",organic,2319,0.0
"Triticale, spring",organic,2331,0.0
"Triticale, spring",organic,2411,0.0
"Triticale, spring",organic,2412,0.0
"Triticale, spring",organic,2413,0.0
"Triticale, spring",organic,2414,0.0
"Triticale, spring",organic,2415,0.0
"Triticale, spring",organic,2419,0.0
"Triticale, spring",organic,2511,0.0
"Triticale, spring",organic,2512,0.0
"Triticale, spring",organic,2519,0.0
"Triticale, spring",organic,2521,0.0
"Triticale, spring",organic,311,1.3082875195568822
"Triticale, spring",organic,312,7.042244641757863
"Triticale, spring",organic,321,7.797507435894687
"Triticale, spring",organic,322,0.3345616471279633
"Triticale, spring",organic,411,1.685694938030932
"Triticale, spring",organic,421,6.031744713026752
"Triticale, spring",organic,422,2.0012440552905
"Triticale, spring",organic,431,1.6557581619353914
"Triticale, spring",organic,511,0.45361703357701516
"Triticale, spring",organic,512,1.0981848962066298
"Triticale, spring",organic,513,1.4197086556865626
"Triticale, spring",organic,514,1.8696855387438638
"Triticale, spring",organic,515,3.8224869323301376
"Triticale, spring",organic,521,5.389912894977091
"Triticale, spring",organic,611,0.49713897786782424
"Triticale, spring",organic,612,9.603569406194026
"Triticale, spring",organic,621,6.955689823383529
"Triticale, spring",organic,622,4.131780086104399
"Triticale, spring",organic,711,0.396700524970964
"Triticale, spring",organic,731,0.2090966969224047
"Triticale, spring",organic,811,0.35008966871063324
"Triticale, spring",organic,812,0.6667182286307813
"Triticale, spring",organic,813,0.4767974055110893
"Triticale, spring",organic,814,1.3066889099409496
"Triticale, spring",organic,821,10.064330817525617
"Triticale, spring",organic,831,0.15321421987329148
"Triticale, spring",organic,911,0.0
"Triticale, spring",organic,912,0.0
"Triticale, spring",organic,913,0.0
"Triticale, winter",conventional,1011,448.8068123776695
"Triticale, winter",conventional,111,124.15189766452154
"Triticale, winter",conventional,1111,449.6029371819088
"Triticale, winter",conventional,1112,441.442171721687
"Triticale, winter",conventional,112,111.91660353464214
"Triticale, winter",conventional,1121,93.2639621354668
"Triticale, winter",conventional,1122,294.6973945778934
"Triticale, winter",conventional,1123,100.66244643498545
"Triticale, winter",conventional,1124,252.62457827025915
"Triticale, winter",conventional,1131,18.18181149522757
"Triticale, winter",conventional,1211,101.57524644596505
"Triticale, winter",conventional,1212,221.3691270292008
"Triticale, winter",conventional,1213,177.77358498434586
"Triticale, winter",conventional,1214,27.34307557255973
"Triticale, winter",conventional,1215,1161.2773410638915
"Triticale, winter",conventional,1216,145.2544173417284
"Triticale, winter",conventional,1221,318.2664958360522
"Triticale, winter",conventional,1222,113.02350233415723
"Triticale, winter",conventional,1311,661.2447391165073
"Triticale, winter",conventional,1321,748.7510102326986
"Triticale, winter",conventional,1322,41.98220983204288
"Triticale, winter",conventional,1331,64.5122952896076
"Triticale, winter",conventional,1411,11.955961053016452
"Triticale, winter",conventional,1412,42.60261382157222
"Triticale, winter",conventional,1421,10.960782791956124
"Triticale, winter",conventional,1511,290.95837825650295
"Triticale, winter",conventional,1512,111.31829055575867
"Triticale, winter",conventional,1521,160.00361951384411
"Triticale, winter",conventional,1522,0.0
"Triticale, winter",conventional,1611,54.58218341642055
"Triticale, winter",conventional,1612,272.7374428375873
"Triticale, winter",conventional,1613,128.18967201279708
"Triticale, winter",conventional,1614,333.28288056431813
"Triticale, winter",conventional,1615,536.8001906599634
"Triticale, winter",conventional,1616,398.6224534957952
"Triticale, winter",conventional,1617,232.17922805625048
"Triticale, winter",conventional,1621,628.474077
"Triticale, winter",conventional,1622,115.02947615429616
"Triticale, winter",conventional,1623,308.2547386234004
"Triticale, winter",conventional,1711,4.662487640263617
"Triticale, winter",conventional,1712,0.0
"Triticale, winter",conventional,1713,3.7130490122448983
"Triticale, winter",conventional,1721,0.0
"Triticale, winter",conventional,1722,107.94432976997984
"Triticale, winter",conventional,1723,0.0
"Triticale, winter",conventional,1724,0.0
"Triticale, winter",conventional,1811,199.87942471515115
"Triticale, winter",conventional,1812,257.9399244416796
"Triticale, winter",conventional,1813,31.965558881349025
"Triticale, winter",conventional,1821,98.49783932990692
"Triticale, winter",conventional,1911,202.51132865902952
"Triticale, winter",conventional,1912,55.984426390911196
"Triticale, winter",conventional,1921,38.51404172436917
"Triticale, winter",conventional,1922,70.73173245414266
"Triticale, winter",conventional,2011,67.70667439487967
"Triticale, winter",conventional,2012,21.483128383276807
"Triticale, winter",conventional,2019,0.0
"Triticale, winter",conventional,2111,0.0
"Triticale, winter",conventional,2121,24.363725822609176
"Triticale, winter",conventional,2122,0.0
"Triticale, winter",conventional,2211,0.0
"Triticale, winter",conventional,2212,13.012218400000002
"Triticale, winter",conventional,2221,0.0
"Triticale, winter",conventional,2311,0.0
"Triticale, winter",conventional,2312,0.0
"Triticale, winter",conventional,2319,0.0
"Triticale, winter",conventional,2331,0.0
"Triticale, winter",conventional,2411,0.0
"Triticale, winter",conventional,2412,0.0
"Triticale, winter",conventional,2413,0.0
"Triticale, winter",conventional,2414,0.0
"Triticale, winter",conventional,2415,0.0
"Triticale, winter",conventional,2419,0.0
"Triticale, winter",conventional,2511,0.0
"Triticale, winter",conventional,2512,0.0
"Triticale, winter",conventional,2519,0.0
"Triticale, winter",conventional,2521,0.0
"Triticale, winter",conventional,311,130.60857664053992
"Triticale, winter",conventional,312,234.3963270266531
"Triticale, winter",conventional,321,149.78632665636272
"Triticale, winter",conventional,322,32.96984605817426
"Triticale, winter",conventional,411,1009.4478285086138
"Triticale, winter",conventional,421,535.9107828517573
"Triticale, winter",conventional,422,120.19668328702414
"Triticale, winter",conventional,431,479.47350575814613
"Triticale, winter",conventional,511,134.72978258239792
"Triticale, winter",conventional,512,527.9949204704124
"Triticale, winter",conventional,513,343.32585647208333
"Triticale, winter",conventional,514,635.2795560187411
"Triticale, winter",conventional,515,765.3740294955728
"Triticale, winter",conventional,521,757.9522600821081
"Triticale, winter",conventional,611,50.26799831971165
"Triticale, winter",conventional,612,165.41306992464212
"Triticale, winter",conventional,621,103.0000183764301
"Triticale, winter",conventional,622,136.16106663564463
"Triticale, winter",conventional,711,208.40376547735193
"Triticale, winter",conventional,731,71.93386418050426
"Triticale, winter",conventional,811,936.3884016105908
"Triticale, winter",conventional,812,300.5694193572432
"Triticale, winter",conventional,813,561.3556804560396
"Triticale, winter",conventional,814,261.78307767188164
"Triticale, winter",conventional,821,934.8417078217063
"Triticale, winter",conventional,831,116.01677961671706
"Triticale, winter",conventional,911,259.93624336
"Triticale, winter",conventional,912,403.5231669831579
"Triticale, winter",conventional,913,195.75157078736842
"Triticale, winter",organic,1011,55.77122815966421
"Triticale, winter",organic,111,30.06622902110114
"Triticale, winter",organic,1111,40.69733481809116
"Triticale, winter",organic,1112,40.06359589578144
"Triticale, winter",organic,112,25.090956414078633
"Triticale, winter",organic,1121,8.442103864533195
"Triticale, winter",organic,1122,26.67553422210659
"Triticale, winter",organic,1123,9.111802765014525
"Triticale, winter",organic,1124,11.740713803659125
"Triticale, winter",organic,1131,1.302445465456603
"Triticale, winter",organic,1211,9.194427954034952
"Triticale, winter",organic,1212,20.037977370799187
"Triticale, winter",organic,1213,16.091779015654133
"Triticale, winter",organic,1214,2.475051227440267
"Triticale, winter",organic,1215,105.11695733610858
"Triticale, winter",organic,1216,13.14819625827154
"Triticale, winter",organic,1221,28.80897136394779
"Triticale, winter",organic,1222,10.230705665842766
"Triticale, winter",organic,1311,5.853942883492637
"Triticale, winter",organic,1321,8.213170344711536
"Triticale, winter",organic,1322,8.44320176109318
"Triticale, winter",organic,1331,2.289656100218105
"Triticale, winter",organic,1411,1.8079189469835466
"Triticale, winter",organic,1412,6.4421481784277885
"Triticale, winter",organic,1421,1.6574332080438756
"Triticale, winter",organic,1511,43.69948163371706
"Triticale, winter",organic,1512,16.832979444241314
"Triticale, winter",organic,1521,21.09423661510853
"Triticale, winter",organic,1522,0.0
"Triticale, winter",organic,1611,13.964958766279567
"Triticale, winter",organic,1612,41.39601724228385
"Triticale, winter",organic,1613,19.38418298720293
"Triticale, winter",organic,1614,53.42008348035302
"Triticale, winter",organic,1615,81.17216434003657
"Triticale, winter",organic,1616,60.27763750420475
"Triticale, winter",organic,1617,38.777415994295815
"Triticale, winter",organic,1621,95.03461800000001
"Triticale, winter",organic,1622,17.39416584570384
"Triticale, winter",organic,1623,46.612696376599644
"Triticale, winter",organic,1711,1.9727751445762547
"Triticale, winter",organic,1712,0.0
"Triticale, winter",organic,1713,1.5840293877551022
"Triticale, winter",organic,1721,0.0
"Triticale, winter",organic,1722,35.986343256697005
"Triticale, winter",organic,1723,0.0
"Triticale, winter",organic,1724,0.0
"Triticale, winter",organic,1811,40.35809107015351
"Triticale, winter",organic,1812,55.58807555832038
"Triticale, winter",organic,1813,6.925824354230478
"Triticale, winter",organic,1821,19.413363224298823
"Triticale, winter",organic,1911,30.281132590040958
"Triticale, winter",organic,1912,8.082815589024735
"Triticale, winter",organic,1921,7.63456417923329
"Triticale, winter",organic,1922,25.17095678440178
"Triticale, winter",organic,2011,16.986030805120336
"Triticale, winter",organic,2012,5.442163951036464
"Triticale, winter",organic,2019,0.0
"Triticale, winter",organic,2111,0.0
"Triticale, winter",organic,2121,23.89780710912838
"Triticale, winter",organic,2122,0.0
"Triticale, winter",organic,2211,0.0
"Triticale, winter",organic,2212,0.0
"Triticale, winter",organic,2221,0.0
"Triticale, winter",organic,2311,0.0
"Triticale, winter",organic,2312,0.0
"Triticale, winter",organic,2319,0.0
"Triticale, winter",organic,2331,0.0
"Triticale, winter",organic,2411,0.0
"Triticale, winter",organic,2412,0.0
"Triticale, winter",organic,2413,0.0
"Triticale, winter",organic,2414,0.0
"Triticale, winter",organic,2415,0.0
"Triticale, winter",organic,2419,0.0
"Triticale, winter",organic,2511,0.0
"Triticale, winter",organic,2512,0.0
"Triticale, winter",organic,2519,0.0
"Triticale, winter",organic,2521,0.0
"Triticale, winter",organic,311,47.38969961784396
"Triticale, winter",organic,312,85.00201762200581
"Triticale, winter",organic,321,48.257962519431686
"Triticale, winter",organic,322,10.137125060156627
"Triticale, winter",organic,411,151.1894115822602
"Triticale, winter",organic,421,95.62189907085352
"Triticale, winter",organic,422,17.85289754232068
"Triticale, winter",organic,431,75.95921768384385
"Triticale, winter",organic,511,18.441671201964727
"Triticale, winter",organic,512,71.8442950300574
"Triticale, winter",organic,513,47.0074735279167
"Triticale, winter",organic,514,86.98117648125891
"Triticale, winter",organic,515,104.79344550442724
"Triticale, winter",organic,521,105.68304640431502
"Triticale, winter",organic,611,17.76717356066186
"Triticale, winter",organic,612,58.1805820252789
"Triticale, winter",organic,621,22.055387787225627
"Triticale, winter",organic,622,41.65913010251058
"Triticale, winter",organic,711,25.596666522648086
"Triticale, winter",organic,731,8.111898498226047
"Triticale, winter",organic,811,82.44658969957676
"Triticale, winter",organic,812,26.250680642756762
"Triticale, winter",organic,813,49.026839543960406
"Triticale, winter",organic,814,23.106586151816053
"Triticale, winter",organic,821,89.19075371611245
"Triticale, winter",organic,831,12.846915808316798
"Triticale, winter",organic,911,14.01632064
"Triticale, winter",organic,912,21.758836016842107
"Triticale, winter",organic,913,10.555345212631579
Walnuts,conventional,1011,0.0
Walnuts,conventional,111,0.0
Walnuts,conventional,1111,0.0
Walnuts,conventional,1112,0.0
Walnuts,conventional,112,0.0
Walnuts,conventional,1121,0.0
Walnuts,conventional,1122,0.0
Walnuts,conventional,1123,0.0
Walnuts,conventional,1124,0.0
Walnuts,conventional,1131,0.0
Walnuts,conventional,1211,0.0
Walnuts,conventional,1212,0.0
Walnuts,conventional,1213,0.0
Walnuts,conventional,1214,0.0
Walnuts,conventional,1215,0.0
Walnuts,conventional,1216,0.0
Walnuts,conventional,1221,0.0
Walnuts,conventional,1222,0.0
Walnuts,conventional,1311,0.0
Walnuts,conventional,1321,0.0
Walnuts,conventional,1322,0.0
Walnuts,conventional,1331,0.0
Walnuts,conventional,1411,0.0
Walnuts,conventional,1412,0.0
Walnuts,conventional,1421,0.0
Walnuts,conventional,1511,0.0
Walnuts,conventional,1512,0.0
Walnuts,conventional,1521,0.0
Walnuts,conventional,1522,0.0
Walnuts,conventional,1611,0.0
Walnuts,conventional,1612,0.0
Walnuts,conventional,1613,0.0
Walnuts,conventional,1614,0.0
Walnuts,conventional,1615,0.0
Walnuts,conventional,1616,0.0
Walnuts,conventional,1617,0.0
Walnuts,conventional,1621,0.0
Walnuts,conventional,1622,0.0
Walnuts,conventional,1623,0.0
Walnuts,conventional,1711,0.0
Walnuts,conventional,1712,0.0
Walnuts,conventional,1713,0.0
Walnuts,conventional,1721,0.0
Walnuts,conventional,1722,0.0
Walnuts,conventional,1723,0.0
Walnuts,conventional,1724,0.0
Walnuts,conventional,1811,0.0
Walnuts,conventional,1812,0.0
Walnuts,conventional,1813,0.0
Walnuts,conventional,1821,0.0
Walnuts,conventional,1911,0.0
Walnuts,conventional,1912,0.0
Walnuts,conventional,1921,0.0
Walnuts,conventional,1922,0.0
Walnuts,conventional,2011,0.0
Walnuts,conventional,2012,0.0
Walnuts,conventional,2019,0.0
Walnuts,conventional,2111,0.0
Walnuts,conventional,2121,0.0
Walnuts,conventional,2122,0.0
Walnuts,conventional,2211,0.0
Walnuts,conventional,2212,0.0
Walnuts,conventional,2221,0.0
Walnuts,conventional,2311,0.0
Walnuts,conventional,2312,0.0
Walnuts,conventional,2319,0.0
Walnuts,conventional,2331,0.0
Walnuts,conventional,2411,0.0
Walnuts,conventional,2412,0.0
Walnuts,conventional,2413,0.0
Walnuts,conventional,2414,0.0
Walnuts,conventional,2415,0.0
Walnuts,conventional,2419,0.0
Walnuts,conventional,2511,0.0
Walnuts,conventional,2512,0.0
Walnuts,conventional,2519,0.0
Walnuts,conventional,2521,0.0
Walnuts,conventional,311,0.0
Walnuts,conventional,312,0.0
Walnuts,conventional,321,0.0
Walnuts,conventional,322,0.0
Walnuts,conventional,411,0.0
Walnuts,conventional,421,0.0
Walnuts,conventional,422,0.0
Walnuts,conventional,431,0.0
Walnuts,conventional,511,0.0
Walnuts,conventional,512,0.0
Walnuts,conventional,513,0.0
Walnuts,conventional,514,0.0
Walnuts,conventional,515,0.0
Walnuts,conventional,521,0.0
Walnuts,conventional,611,0.0
Walnuts,conventional,612,0.0
Walnuts,conventional,621,0.0
Walnuts,conventional,622,0.0
Walnuts,conventional,711,0.0
Walnuts,conventional,731,0.0
Walnuts,conventional,811,0.0
Walnuts,conventional,812,0.0
Walnuts,conventional,813,0.0
Walnuts,conventional,814,0.0
Walnuts,conventional,821,0.0
Walnuts,conventional,831,0.0
Walnuts,conventional,911,0.0
Walnuts,conventional,912,0.0
Walnuts,conventional,913,0.0
Walnuts,organic,1011,0.0
Walnuts,organic,111,0.0
Walnuts,organic,1111,0.0
Walnuts,organic,1112,0.0
Walnuts,organic,112,0.0
Walnuts,organic,1121,0.0
Walnuts,organic,1122,0.0
Walnuts,organic,1123,0.0
Walnuts,organic,1124,0.0
Walnuts,organic,1131,0.0
Walnuts,organic,1211,0.0
Walnuts,organic,1212,0.0
Walnuts,organic,1213,0.0
Walnuts,organic,1214,0.0
Walnuts,organic,1215,0.0
Walnuts,organic,1216,0.0
Walnuts,organic,1221,0.0
Walnuts,organic,1222,0.0
Walnuts,organic,1311,0.0
Walnuts,organic,1321,0.0
Walnuts,organic,1322,0.0
Walnuts,organic,1331,0.0
Walnuts,organic,1411,0.0
Walnuts,organic,1412,0.0
Walnuts,organic,1421,0.0
Walnuts,organic,1511,0.0
Walnuts,organic,1512,0.0
Walnuts,organic,1521,0.0
Walnuts,organic,1522,0.0
Walnuts,organic,1611,0.0
Walnuts,organic,1612,0.0
Walnuts,organic,1613,0.0
Walnuts,organic,1614,0.0
Walnuts,organic,1615,0.0
Walnuts,organic,1616,0.0
Walnuts,organic,1617,0.0
Walnuts,organic,1621,0.0
Walnuts,organic,1622,0.0
Walnuts,organic,1623,0.0
Walnuts,organic,1711,0.0
Walnuts,organic,1712,0.0
Walnuts,organic,1713,0.0
Walnuts,organic,1721,0.0
Walnuts,organic,1722,0.0
Walnuts,organic,1723,0.0
Walnuts,organic,1724,0.0
Walnuts,organic,1811,0.0
Walnuts,organic,1812,0.0
Walnuts,organic,1813,0.0
Walnuts,organic,1821,0.0
Walnuts,organic,1911,0.0
Walnuts,organic,1912,0.0
Walnuts,organic,1921,0.0
Walnuts,organic,1922,0.0
Walnuts,organic,2011,0.0
Walnuts,organic,2012,0.0
Walnuts,organic,2019,0.0
Walnuts,organic,2111,0.0
Walnuts,organic,2121,0.0
Walnuts,organic,2122,0.0
Walnuts,organic,2211,0.0
Walnuts,organic,2212,0.0
Walnuts,organic,2221,0.0
Walnuts,organic,2311,0.0
Walnuts,organic,2312,0.0
Walnuts,organic,2319,0.0
Walnuts,organic,2331,0.0
Walnuts,organic,2411,0.0
Walnuts,organic,2412,0.0
Walnuts,organic,2413,0.0
Walnuts,organic,2414,0.0
Walnuts,organic,2415,0.0
Walnuts,organic,2419,0.0
Walnuts,organic,2511,0.0
Walnuts,organic,2512,0.0
Walnuts,organic,2519,0.0
Walnuts,organic,2521,0.0
Walnuts,organic,311,0.0
Walnuts,organic,312,0.0
Walnuts,organic,321,0.0
Walnuts,organic,322,0.0
Walnuts,organic,411,0.0
Walnuts,organic,421,0.0
Walnuts,organic,422,0.0
Walnuts,organic,431,0.0
Walnuts,organic,511,0.0
Walnuts,organic,512,0.0
Walnuts,organic,513,0.0
Walnuts,organic,514,0.0
Walnuts,organic,515,0.0
Walnuts,organic,521,0.0
Walnuts,organic,611,0.0
Walnuts,organic,612,0.0
Walnuts,organic,621,0.0
Walnuts,organic,622,0.0
Walnuts,organic,711,0.0
Walnuts,organic,731,0.0
Walnuts,organic,811,0.0
Walnuts,organic,812,0.0
Walnuts,organic,813,0.0
Walnuts,organic,814,0.0
Walnuts,organic,821,0.0
Walnuts,organic,831,0.0
Walnuts,organic,911,0.0
Walnuts,organic,912,0.0
Walnuts,organic,913,0.0
"Wheat, spring",conventional,1011,1035.1776327935513
"Wheat, spring",conventional,111,365.55155397045985
"Wheat, spring",conventional,1111,502.57730414562167
"Wheat, spring",conventional,1112,221.44212597914958
"Wheat, spring",conventional,112,287.10561074823806
"Wheat, spring",conventional,1121,456.398205130177
"Wheat, spring",conventional,1122,94.89248277676394
"Wheat, spring",conventional,1123,940.9779448260631
"Wheat, spring",conventional,1124,43.01379126649011
"Wheat, spring",conventional,1131,0.0
"Wheat, spring",conventional,1211,435.740272116364
"Wheat, spring",conventional,1212,285.0611033771087
"Wheat, spring",conventional,1213,221.38697398733623
"Wheat, spring",conventional,1214,717.1377399759826
"Wheat, spring",conventional,1215,624.5886150203862
"Wheat, spring",conventional,1216,1297.2349779474373
"Wheat, spring",conventional,1221,38.27184241673178
"Wheat, spring",conventional,1222,370.00917529248443
"Wheat, spring",conventional,1311,1065.1411626939268
"Wheat, spring",conventional,1321,890.2918994762094
"Wheat, spring",conventional,1322,6.561913550974516
"Wheat, spring",conventional,1331,874.7590087041187
"Wheat, spring",conventional,1411,144.80615492088563
"Wheat, spring",conventional,1412,679.8124159338172
"Wheat, spring",conventional,1421,231.18836178304224
"Wheat, spring",conventional,1511,50.90482723287307
"Wheat, spring",conventional,1512,888.7026543567528
"Wheat, spring",conventional,1521,154.62179803274262
"Wheat, spring",conventional,1522,355.9118814035835
"Wheat, spring",conventional,1611,33.518113498230456
"Wheat, spring",conventional,1612,385.07753046098907
"Wheat, spring",conventional,1613,206.45101881034032
"Wheat, spring",conventional,1614,368.51674951135635
"Wheat, spring",conventional,1615,276.8527902463551
"Wheat, spring",conventional,1616,941.2563775871831
"Wheat, spring",conventional,1617,162.6551026184095
"Wheat, spring",conventional,1621,586.7687385077328
"Wheat, spring",conventional,1622,505.7479036128577
"Wheat, spring",conventional,1623,311.2951714315867
"Wheat, spring",conventional,1711,574.4586619693425
"Wheat, spring",conventional,1712,549.1269632378564
"Wheat, spring",conventional,1713,131.56513497386487
"Wheat, spring",conventional,1721,88.14404252165006
"Wheat, spring",conventional,1722,976.7647784247008
"Wheat, spring",conventional,1723,12.112485860410317
"Wheat, spring",conventional,1724,22.050380163335824
"Wheat, spring",conventional,1811,396.1985658109332
"Wheat, spring",conventional,1812,3682.63933647481
"Wheat, spring",conventional,1813,203.17297500447316
"Wheat, spring",conventional,1821,1223.682247825297
"Wheat, spring",conventional,1911,1545.5068864517937
"Wheat, spring",conventional,1912,963.5493649367974
"Wheat, spring",conventional,1921,2873.1008697259817
"Wheat, spring",conventional,1922,1837.4634930318598
"Wheat, spring",conventional,2011,1183.8755670339563
"Wheat, spring",conventional,2012,134.54528592596688
"Wheat, spring",conventional,2019,0.0
"Wheat, spring",conventional,2111,709.7667780818665
"Wheat, spring",conventional,2121,861.9184516774619
"Wheat, spring",conventional,2122,112.56318517429347
"Wheat, spring",conventional,2211,2.0194852478076877
"Wheat, spring",conventional,2212,55.959494178830354
"Wheat, spring",conventional,2221,369.06516745155113
"Wheat, spring",conventional,2311,3.5950657325404993
"Wheat, spring",conventional,2312,1.5113403061314497
"Wheat, spring",conventional,2319,0.0
"Wheat, spring",conventional,2331,0.0
"Wheat, spring",conventional,2411,8.4992368
"Wheat, spring",conventional,2412,14.6675728
"Wheat, spring",conventional,2413,1.1664112
"Wheat, spring",conventional,2414,38.75225302491315
"Wheat, spring",conventional,2415,2.482296377036874
"Wheat, spring",conventional,2419,0.0
"Wheat, spring",conventional,2511,47.47939658241974
"Wheat, spring",conventional,2512,71.6757795943662
"Wheat, spring",conventional,2519,0.0
"Wheat, spring",conventional,2521,0.0
"Wheat, spring",conventional,311,2430.0646754506683
"Wheat, spring",conventional,312,1027.7093440699366
"Wheat, spring",conventional,321,1623.4925926435576
"Wheat, spring",conventional,322,404.42225197026227
"Wheat, spring",conventional,411,514.7546240818513
"Wheat, spring",conventional,421,655.8302259504494
"Wheat, spring",conventional,422,848.9061772195652
"Wheat, spring",conventional,431,869.9393667594231
"Wheat, spring",conventional,511,91.75234048359712
"Wheat, spring",conventional,512,87.76589295013515
"Wheat, spring",conventional,513,644.210325262277
"Wheat, spring",conventional,514,788.8111971125303
"Wheat, spring",conventional,515,816.6207688984805
"Wheat, spring",conventional,521,165.47361335479525
"Wheat, spring",conventional,611,20.001571648522678
"Wheat, spring",conventional,612,98.33507417016796
"Wheat, spring",conventional,621,180.78844499893177
"Wheat, spring",conventional,622,120.7996021000171
"Wheat, spring",conventional,711,406.7864791893491
"Wheat, spring",conventional,731,4.538805721360044
"Wheat, spring",conventional,811,298.2734542509653
"Wheat, spring",conventional,812,199.86185895388294
"Wheat, spring",conventional,813,148.05783037132616
"Wheat, spring",conventional,814,43.30123081394156
"Wheat, spring",conventional,821,255.84778338710777
"Wheat, spring",conventional,831,81.8345004375295
"Wheat, spring",conventional,911,471.91730988587256
"Wheat, spring",conventional,912,3048.3260839798845
"Wheat, spring",conventional,913,474.75031878116346
"Wheat, spring",organic,1011,12.605914813505938
"Wheat, spring",organic,111,118.59001896432467
"Wheat, spring",organic,1111,50.0018254543783
"Wheat, spring",organic,1112,21.87938651848284
"Wheat, spring",organic,112,105.30401509759399
"Wheat, spring",organic,1121,45.40742926982303
"Wheat, spring",organic,1122,9.440930423236036
"Wheat, spring",organic,1123,93.61866237393701
"Wheat, spring",organic,1124,5.941171790983434
"Wheat, spring",organic,1131,0.0
"Wheat, spring",organic,1211,43.35215468363594
"Wheat, spring",organic,1212,28.36096142289129
"Wheat, spring",organic,1213,22.02597041266375
"Wheat, spring",organic,1214,71.34861802401747
"Wheat, spring",organic,1215,62.14083017961388
"Wheat, spring",organic,1216,129.0629648525626
"Wheat, spring",organic,1221,3.8076967832682134
"Wheat, spring",organic,1222,36.81251430751551
"Wheat, spring",organic,1311,191.64955490607332
"Wheat, spring",organic,1321,157.85167902087613
"Wheat, spring",organic,1322,2.6150839293540415
"Wheat, spring",organic,1331,197.76997445065075
"Wheat, spring",organic,1411,62.985254679114384
"Wheat, spring",organic,1412,295.69294326618285
"Wheat, spring",organic,1421,100.55827981695775
"Wheat, spring",organic,1511,21.87139665864546
"Wheat, spring",organic,1512,386.55237444324723
"Wheat, spring",organic,1521,61.694687869510034
"Wheat, spring",organic,1522,154.80834019641657
"Wheat, spring",organic,1611,17.07462508483122
"Wheat, spring",organic,1612,167.64654758559703
"Wheat, spring",organic,1613,89.79846198965969
"Wheat, spring",organic,1614,162.63330442809664
"Wheat, spring",organic,1615,120.42059615364492
"Wheat, spring",organic,1616,409.41127601281664
"Wheat, spring",organic,1617,62.802263704734784
"Wheat, spring",organic,1621,255.22242789226732
"Wheat, spring",organic,1622,219.98139878714224
"Wheat, spring",organic,1623,135.40174216841328
"Wheat, spring",organic,1711,243.0019597995323
"Wheat, spring",organic,1712,222.49563125786665
"Wheat, spring",organic,1713,56.535260226135115
"Wheat, spring",organic,1721,38.001273821718
"Wheat, spring",organic,1722,421.21413697834254
"Wheat, spring",organic,1723,2.83770591848738
"Wheat, spring",organic,1724,11.402602447319126
"Wheat, spring",organic,1811,41.415572254241184
"Wheat, spring",organic,1812,278.0865943251903
"Wheat, spring",organic,1813,16.774937831508733
"Wheat, spring",organic,1821,113.71707294414011
"Wheat, spring",organic,1911,220.59072901955864
"Wheat, spring",organic,1912,142.0869493241893
"Wheat, spring",organic,1921,392.6972994225613
"Wheat, spring",organic,1922,205.52388567386365
"Wheat, spring",organic,2011,645.207996268547
"Wheat, spring",organic,2012,73.61965371188377
"Wheat, spring",organic,2019,0.0
"Wheat, spring",organic,2111,83.11849317318136
"Wheat, spring",organic,2121,101.82187154942145
"Wheat, spring",organic,2122,36.14930529161355
"Wheat, spring",organic,2211,0.5659295692207948
"Wheat, spring",organic,2212,14.755033821169649
"Wheat, spring",organic,2221,70.42820872296019
"Wheat, spring",organic,2311,9.799980030311977
"Wheat, spring",organic,2312,4.215363813645437
"Wheat, spring",organic,2319,0.0
"Wheat, spring",organic,2331,0.0
"Wheat, spring",organic,2411,0.0
"Wheat, spring",organic,2412,0.0
"Wheat, spring",organic,2413,0.0
"Wheat, spring",organic,2414,0.0923114452626096
"Wheat, spring",organic,2415,0.08793195980543923
"Wheat, spring",organic,2419,0.0
"Wheat, spring",organic,2511,13.992587417580264
"Wheat, spring",organic,2512,21.381543605633805
"Wheat, spring",organic,2519,0.0
"Wheat, spring",organic,2521,0.0
"Wheat, spring",organic,311,274.7193200740347
"Wheat, spring",organic,312,116.45592721213993
"Wheat, spring",organic,321,254.66640099162726
"Wheat, spring",organic,322,79.66454383370605
"Wheat, spring",organic,411,117.51488443169663
"Wheat, spring",organic,421,185.031311114927
"Wheat, spring",organic,422,178.54439297620127
"Wheat, spring",organic,431,206.81515612604014
"Wheat, spring",organic,511,23.8262725340246
"Wheat, spring",organic,512,22.43955421912847
"Wheat, spring",organic,513,164.67145593772295
"Wheat, spring",organic,514,201.63397448746971
"Wheat, spring",organic,515,208.74258870151948
"Wheat, spring",organic,521,41.3659895970446
"Wheat, spring",organic,611,11.625491032832043
"Wheat, spring",organic,612,56.59272005469463
"Wheat, spring",organic,621,37.07535879288034
"Wheat, spring",organic,622,52.87653165679668
"Wheat, spring",organic,711,15.690557810650889
"Wheat, spring",organic,731,0.2222113254590392
"Wheat, spring",organic,811,75.05685218499106
"Wheat, spring",organic,812,51.696076246117094
"Wheat, spring",organic,813,38.296496028673836
"Wheat, spring",organic,814,11.21355341609775
"Wheat, spring",organic,821,66.06389041212945
"Wheat, spring",organic,831,7.4364059676101775
"Wheat, spring",organic,911,43.981273314127414
"Wheat, spring",organic,912,284.094818820115
"Wheat, spring",organic,913,44.245301218836566
"Wheat, winter",conventional,1011,3406.009779697836
"Wheat, winter",conventional,111,6406.281525841676
"Wheat, winter",conventional,1111,3712.9008606013085
"Wheat, winter",conventional,1112,1845.33293047265
"Wheat, winter",conventional,112,3001.41442170316
"Wheat, winter",conventional,1121,11316.220274297775
"Wheat, winter",conventional,1122,5224.732396507127
"Wheat, winter",conventional,1123,9957.760233660874
"Wheat, winter",conventional,1124,485.04096367657127
"Wheat, winter",conventional,1131,11.359240641453695
"Wheat, winter",conventional,1211,12573.591684684883
"Wheat, winter",conventional,1212,7685.251415810168
"Wheat, winter",conventional,1213,4193.925333210914
"Wheat, winter",conventional,1214,10687.988704794934
"Wheat, winter",conventional,1215,9475.45628310526
"Wheat, winter",conventional,1216,14816.437543919996
"Wheat, winter",conventional,1221,427.5924468426718
"Wheat, winter",conventional,1222,4376.314124613414
"Wheat, winter",conventional,1311,4646.858997835354
"Wheat, winter",conventional,1321,5044.103376923453
"Wheat, winter",conventional,1322,50.40526335331782
"Wheat, winter",conventional,1331,2190.0925517266323
"Wheat, winter",conventional,1411,244.73913338708334
"Wheat, winter",conventional,1412,948.8460693385936
"Wheat, winter",conventional,1421,802.0382337527112
"Wheat, winter",conventional,1511,203.1245016778619
"Wheat, winter",conventional,1512,4720.719560843869
"Wheat, winter",conventional,1521,552.8633747355155
"Wheat, winter",conventional,1522,233.69299220148457
"Wheat, winter",conventional,1611,206.61594021878358
"Wheat, winter",conventional,1612,1789.6482042259402
"Wheat, winter",conventional,1613,748.8970925633168
"Wheat, winter",conventional,1614,3495.234006411994
"Wheat, winter",conventional,1615,4908.291185477365
"Wheat, winter",conventional,1616,7153.685805500976
"Wheat, winter",conventional,1617,1334.1190953771256
"Wheat, winter",conventional,1621,4532.736933920624
"Wheat, winter",conventional,1622,18865.97441026383
"Wheat, winter",conventional,1623,10787.131543505198
"Wheat, winter",conventional,1711,1162.5018618601114
"Wheat, winter",conventional,1712,626.7172984406174
"Wheat, winter",conventional,1713,373.80501859153316
"Wheat, winter",conventional,1721,36.47582931322346
"Wheat, winter",conventional,1722,1722.9974753569923
"Wheat, winter",conventional,1723,5.331388020272472
"Wheat, winter",conventional,1724,2.520218603140638
"Wheat, winter",conventional,1811,1066.4031964607505
"Wheat, winter",conventional,1812,9080.904111136364
"Wheat, winter",conventional,1813,281.22835052873927
"Wheat, winter",conventional,1821,3805.502244908216
"Wheat, winter",conventional,1911,9537.00517645828
"Wheat, winter",conventional,1912,1145.0762684462545
"Wheat, winter",conventional,1921,7257.8462002208535
"Wheat, winter",conventional,1922,1664.7376913479727
"Wheat, winter",conventional,2011,2034.8253422649843
"Wheat, winter",conventional,2012,51.11831687060798
"Wheat, winter",conventional,2019,0.0
"Wheat, winter",conventional,2111,224.88300679745706
"Wheat, winter",conventional,2121,510.9371405250267
"Wheat, winter",conventional,2122,10.708089134153834
"Wheat, winter",conventional,2211,0.0
"Wheat, winter",conventional,2212,0.0
"Wheat, winter",conventional,2221,91.27129356582134
"Wheat, winter",conventional,2311,31.097390206354433
"Wheat, winter",conventional,2312,0.0
"Wheat, winter",conventional,2319,0.0
"Wheat, winter",conventional,2331,0.0
"Wheat, winter",conventional,2411,0.0
"Wheat, winter",conventional,2412,1.957139676595745
"Wheat, winter",conventional,2413,0.0
"Wheat, winter",conventional,2414,0.0
"Wheat, winter",conventional,2415,0.0
"Wheat, winter",conventional,2419,0.0
"Wheat, winter",conventional,2511,1.8454878426217518
"Wheat, winter",conventional,2512,0.0
"Wheat, winter",conventional,2519,0.0
"Wheat, winter",conventional,2521,0.0
"Wheat, winter",conventional,311,13442.780173940335
"Wheat, winter",conventional,312,1411.4846443361039
"Wheat, winter",conventional,321,14804.629950606351
"Wheat, winter",conventional,322,271.526880513769
"Wheat, winter",conventional,411,8308.977996013042
"Wheat, winter",conventional,421,7721.05704992476
"Wheat, winter",conventional,422,7250.397356663109
"Wheat, winter",conventional,431,4317.987527421607
"Wheat, winter",conventional,511,526.3011695671294
"Wheat, winter",conventional,512,1019.8093458130161
"Wheat, winter",conventional,513,17978.28984882403
"Wheat, winter",conventional,514,15602.303719936019
"Wheat, winter",conventional,515,12012.458435414754
"Wheat, winter",conventional,521,1708.597470467972
"Wheat, winter",conventional,611,94.93636496633675
"Wheat, winter",conventional,612,969.8713593410945
"Wheat, winter",conventional,621,173.8108785485297
"Wheat, winter",conventional,622,245.59044912606427
"Wheat, winter",conventional,711,452.9991993543621
"Wheat, winter",conventional,731,17.599411703753574
"Wheat, winter",conventional,811,8433.911942090526
"Wheat, winter",conventional,812,1676.9426268014022
"Wheat, winter",conventional,813,929.907860398232
"Wheat, winter",conventional,814,24.390786113259637
"Wheat, winter",conventional,821,2309.504886495336
"Wheat, winter",conventional,831,91.11572102893898
"Wheat, winter",conventional,911,1644.7848711647634
"Wheat, winter",conventional,912,7647.251337323978
"Wheat, winter",conventional,913,1049.9610308730123
"Wheat, winter",organic,1011,73.07015375402631
"Wheat, winter",organic,111,421.121274620413
"Wheat, winter",organic,1111,41.927785798691254
"Wheat, winter",organic,1112,20.964980920335627
"Wheat, winter",organic,112,190.88021307530056
"Wheat, winter",organic,1121,127.78796890222493
"Wheat, winter",organic,1122,59.00008349287204
"Wheat, winter",organic,1123,112.44761273912472
"Wheat, winter",organic,1124,11.109206070437475
"Wheat, winter",organic,1131,0.3573655225471706
"Wheat, winter",organic,1211,141.98678571511743
"Wheat, winter",organic,1212,86.78539698983306
"Wheat, winter",organic,1213,47.359735589087116
"Wheat, winter",organic,1214,120.69368880506534
"Wheat, winter",organic,1215,107.0012144947387
"Wheat, winter",organic,1216,167.3140336800044
"Wheat, winter",organic,1221,4.828570757328102
"Wheat, winter",organic,1222,49.41935378658667
"Wheat, winter",organic,1311,156.11896536464718
"Wheat, winter",organic,1321,166.33694367948624
"Wheat, winter",organic,1322,7.104999380261814
"Wheat, winter",organic,1331,100.30386585801239
"Wheat, winter",organic,1411,24.197545012916674
"Wheat, winter",organic,1412,93.81313546140646
"Wheat, winter",organic,1421,79.29813264728871
"Wheat, winter",organic,1511,20.119760912821544
"Wheat, winter",organic,1512,466.7411479561303
"Wheat, winter",organic,1521,49.76044383538471
"Wheat, winter",organic,1522,23.105404598515474
"Wheat, winter",organic,1611,33.55284935036055
"Wheat, winter",organic,1612,177.6300832191927
"Wheat, winter",organic,1613,74.04402743668325
"Wheat, winter",organic,1614,366.8889889043329
"Wheat, winter",organic,1615,485.2864977226358
"Wheat, winter",organic,1616,707.2903784990226
"Wheat, winter",organic,1617,127.04471350675503
"Wheat, winter",organic,1621,448.15516207937543
"Wheat, winter",organic,1622,1865.2932969361675
"Wheat, winter",organic,1623,1066.531933294802
"Wheat, winter",organic,1711,174.41141650856133
"Wheat, winter",organic,1712,90.0436705810548
"Wheat, winter",organic,1713,56.707799408466876
"Wheat, winter",organic,1721,4.989864570002961
"Wheat, winter",organic,1722,233.79791139345448
"Wheat, winter",organic,1723,0.5220216022125307
"Wheat, winter",organic,1724,0.5163619329828634
"Wheat, winter",organic,1811,55.12042695917213
"Wheat, winter",organic,1812,408.44388886363635
"Wheat, winter",organic,1813,13.685829378878466
"Wheat, winter",organic,1821,231.64814541360707
"Wheat, winter",organic,1911,1035.5222966355882
"Wheat, winter",organic,1912,128.9037332462543
"Wheat, winter",organic,1921,746.4516948578819
"Wheat, winter",organic,1922,133.4156848536605
"Wheat, winter",organic,2011,474.73062385122904
"Wheat, winter",organic,2012,11.896837452277511
"Wheat, winter",organic,2019,0.0
"Wheat, winter",organic,2111,64.39678626186716
"Wheat, winter",organic,2121,135.66529630933798
"Wheat, winter",organic,2122,2.807450796652826
"Wheat, winter",organic,2211,0.0
"Wheat, winter",organic,2212,0.0
"Wheat, winter",organic,2221,16.366280650043475
"Wheat, winter",organic,2311,7.6986225936455615
"Wheat, winter",organic,2312,0.0
"Wheat, winter",organic,2319,0.0
"Wheat, winter",organic,2331,0.0
"Wheat, winter",organic,2411,0.0
"Wheat, winter",organic,2412,0.9039467234042552
"Wheat, winter",organic,2413,0.0
"Wheat, winter",organic,2414,0.0
"Wheat, winter",organic,2415,0.0
"Wheat, winter",organic,2419,0.0
"Wheat, winter",organic,2511,0.0054517573782480976
"Wheat, winter",organic,2512,0.0
"Wheat, winter",organic,2519,0.0
"Wheat, winter",organic,2521,0.0
"Wheat, winter",organic,311,1060.335662176292
"Wheat, winter",organic,312,111.30685567104543
"Wheat, winter",organic,321,1144.9494492125616
"Wheat, winter",organic,322,19.84744180723089
"Wheat, winter",organic,411,407.1120338052239
"Wheat, winter",organic,421,422.23370817818574
"Wheat, winter",organic,422,442.17839904970026
"Wheat, winter",organic,431,239.9711631907287
"Wheat, winter",organic,511,58.581004262946365
"Wheat, winter",organic,512,115.45874112032928
"Wheat, winter",organic,513,2060.9214111759707
"Wheat, winter",organic,514,1788.5528640639823
"Wheat, winter",organic,515,1377.0349125852488
"Wheat, winter",organic,521,172.3207804972338
"Wheat, winter",organic,611,19.985697626923944
"Wheat, winter",organic,612,203.83353036337152
"Wheat, winter",organic,621,22.874313691190036
"Wheat, winter",organic,622,45.61712173861204
"Wheat, winter",organic,711,28.81928064563797
"Wheat, winter",organic,731,0.5886245850677867
"Wheat, winter",organic,811,297.9925707979857
"Wheat, winter",organic,812,59.710171198597784
"Wheat, winter",organic,813,33.110827201768025
"Wheat, winter",organic,814,0.8978773488818053
"Wheat, winter",organic,821,110.75259555605501
"Wheat, winter",organic,831,3.7886397638921507
"Wheat, winter",organic,911,136.13372283523634
"Wheat, winter",organic,912,632.9391838760216
"Wheat, winter",organic,913,86.90200552698751
