region,animal,prod_system,number
111,kor för mjölkproduktion,conventional,916.7731250160806
111,kor för uppfödning av kalvar,conventional,799.6329380307861
111,"kvigor, tjurar och stutar",conventional,1552.2441373939555
111,"kalvar, under 1 år",conventional,1368.7161305173731
111,baggar och tackor,conventional,2709.239092869068
111,lamm,conventional,2752.488579324725
111,galtar för avel,conventional,5.17411628752688
111,suggor för avel,conventional,224.57619722016602
111,"slaktgrisar, 20 kg och däröver",conventional,1252.1392971362836
111,"smågrisar, under 20 kg",conventional,880.4120838347237
111,höns,conventional,18356.141359928326
111,värpkycklingar,conventional,0.0
111,slaktkycklingar,conventional,0.0
111,kalkoner,conventional,0.0
111,hästar,conventional,15812.022016916044
112,kor för mjölkproduktion,conventional,952.6916255446984
112,kor för uppfödning av kalvar,conventional,902.0634828838051
112,"kvigor, tjurar och stutar",conventional,2063.6009808108283
112,"kalvar, under 1 år",conventional,1836.59596801321
112,baggar och tackor,conventional,2902.046434022349
112,lamm,conventional,2943.8047693857907
112,galtar för avel,conventional,8.318683169936683
112,suggor för avel,conventional,375.56811908894366
112,"slaktgrisar, 20 kg och däröver",conventional,5527.798422388608
112,"smågrisar, under 20 kg",conventional,429.8702323101503
112,höns,conventional,7287.984215228055
112,värpkycklingar,conventional,115.67893089398058
112,slaktkycklingar,conventional,0.0
112,kalkoner,conventional,0.0
112,hästar,conventional,8014.098382212792
311,kor för mjölkproduktion,conventional,3243.74628537212
311,kor för uppfödning av kalvar,conventional,889.9887334759287
311,"kvigor, tjurar och stutar",conventional,3639.0003144869474
311,"kalvar, under 1 år",conventional,3395.496888806727
311,baggar och tackor,conventional,2808.2795353805122
311,lamm,conventional,2712.373327695327
311,galtar för avel,conventional,8.223155119369288
311,suggor för avel,conventional,384.5414468884578
311,"slaktgrisar, 20 kg och däröver",conventional,1255.496673533903
311,"smågrisar, under 20 kg",conventional,527.4500732598464
311,höns,conventional,8043.611325081218
311,värpkycklingar,conventional,31582.135024259354
311,slaktkycklingar,conventional,155.47872766724277
311,kalkoner,conventional,0.0
311,hästar,conventional,4382.840648905392
312,kor för mjölkproduktion,conventional,1789.7750606010084
312,kor för uppfödning av kalvar,conventional,720.9502045151662
312,"kvigor, tjurar och stutar",conventional,2604.247067274843
312,"kalvar, under 1 år",conventional,2275.4414070199464
312,baggar och tackor,conventional,1544.596140037087
312,lamm,conventional,1466.6437011870853
312,galtar för avel,conventional,4.991857602313999
312,suggor för avel,conventional,264.24554768788516
312,"slaktgrisar, 20 kg och däröver",conventional,626.4765406979631
312,"smågrisar, under 20 kg",conventional,557.2162499632342
312,höns,conventional,3652.0979450118575
312,värpkycklingar,conventional,8482.381353693358
312,slaktkycklingar,conventional,0.0
312,kalkoner,conventional,0.0
312,hästar,conventional,1788.5469842314376
321,kor för mjölkproduktion,conventional,758.5035416977453
321,kor för uppfödning av kalvar,conventional,730.1852659147921
321,"kvigor, tjurar och stutar",conventional,1497.7449101437296
321,"kalvar, under 1 år",conventional,2157.3772717670604
321,baggar och tackor,conventional,1544.8970672325431
321,lamm,conventional,1273.984200296911
321,galtar för avel,conventional,16.66617236886884
321,suggor för avel,conventional,1130.687972371412
321,"slaktgrisar, 20 kg och däröver",conventional,6643.332091686895
321,"smågrisar, under 20 kg",conventional,2199.2244839788145
321,höns,conventional,67140.26505516931
321,värpkycklingar,conventional,0.0
321,slaktkycklingar,conventional,4084.023120877219
321,kalkoner,conventional,0.0
321,hästar,conventional,8156.438322451282
322,kor för mjölkproduktion,conventional,738.6940896001395
322,kor för uppfödning av kalvar,conventional,483.51351007096474
322,"kvigor, tjurar och stutar",conventional,1423.1974957211319
322,"kalvar, under 1 år",conventional,1213.0365460830749
322,baggar och tackor,conventional,960.2908695200331
322,lamm,conventional,940.5524233058787
322,galtar för avel,conventional,3.1687292872916
322,suggor för avel,conventional,174.73643633152295
322,"slaktgrisar, 20 kg och däröver",conventional,1109.891986156346
322,"smågrisar, under 20 kg",conventional,375.0170898553717
322,höns,conventional,1279.3764649048087
322,värpkycklingar,conventional,232.3664291676335
322,slaktkycklingar,conventional,0.0
322,kalkoner,conventional,0.0
322,hästar,conventional,1176.8844318780905
411,kor för mjölkproduktion,conventional,2306.3466600924394
411,kor för uppfödning av kalvar,conventional,963.4290549459683
411,"kvigor, tjurar och stutar",conventional,3382.9463233869546
411,"kalvar, under 1 år",conventional,3419.741653950743
411,baggar och tackor,conventional,2389.4792376682667
411,lamm,conventional,2338.5778677734074
411,galtar för avel,conventional,16.598823048899803
411,suggor för avel,conventional,2359.522534417851
411,"slaktgrisar, 20 kg och däröver",conventional,16644.24994902632
411,"smågrisar, under 20 kg",conventional,7177.164668195321
411,höns,conventional,94070.05931381999
411,värpkycklingar,conventional,23118.6460666321
411,slaktkycklingar,conventional,598184.860762461
411,kalkoner,conventional,0.0
411,hästar,conventional,1840.9872134991542
421,kor för mjölkproduktion,conventional,1413.4385250887663
421,kor för uppfödning av kalvar,conventional,928.6377971055642
421,"kvigor, tjurar och stutar",conventional,2376.7920197444473
421,"kalvar, under 1 år",conventional,2582.7432614621657
421,baggar och tackor,conventional,2061.608521710691
421,lamm,conventional,1953.8863400478663
421,galtar för avel,conventional,4.948014829169243
421,suggor för avel,conventional,312.7645624956709
421,"slaktgrisar, 20 kg och däröver",conventional,2303.0385936983234
421,"smågrisar, under 20 kg",conventional,967.4204881637511
421,höns,conventional,78893.19216264249
421,värpkycklingar,conventional,10738.62510879406
421,slaktkycklingar,conventional,396834.9944869954
421,kalkoner,conventional,0.0
421,hästar,conventional,3170.7412262208
422,kor för mjölkproduktion,conventional,516.4967849497443
422,kor för uppfödning av kalvar,conventional,547.471846903504
422,"kvigor, tjurar och stutar",conventional,999.2065866760943
422,"kalvar, under 1 år",conventional,1101.1078048876159
422,baggar och tackor,conventional,1842.6162220245199
422,lamm,conventional,1776.1427635505738
422,galtar för avel,conventional,5.076069867751521
422,suggor för avel,conventional,198.56998611606943
422,"slaktgrisar, 20 kg och däröver",conventional,1442.5675186133046
422,"smågrisar, under 20 kg",conventional,985.0291575739873
422,höns,conventional,3866.2701838984904
422,värpkycklingar,conventional,0.0
422,slaktkycklingar,conventional,298954.0660044726
422,kalkoner,conventional,0.0
422,hästar,conventional,1495.2787537470235
431,kor för mjölkproduktion,conventional,2353.721073755165
431,kor för uppfödning av kalvar,conventional,1289.3889628282097
431,"kvigor, tjurar och stutar",conventional,3574.538426048282
431,"kalvar, under 1 år",conventional,3578.0065028492277
431,baggar och tackor,conventional,2755.2277550821937
431,lamm,conventional,2391.8795354324857
431,galtar för avel,conventional,16.62265559268961
431,suggor för avel,conventional,1704.5197566594356
431,"slaktgrisar, 20 kg och däröver",conventional,11853.540696691869
431,"smågrisar, under 20 kg",conventional,5103.286313639491
431,höns,conventional,79754.02172406981
431,värpkycklingar,conventional,44933.65256213497
431,slaktkycklingar,conventional,565298.1145552024
431,kalkoner,conventional,0.0
431,hästar,conventional,3076.395637526216
511,kor för mjölkproduktion,conventional,2610.407836350908
511,kor för uppfödning av kalvar,conventional,1081.0409873384747
511,"kvigor, tjurar och stutar",conventional,3868.4624576768574
511,"kalvar, under 1 år",conventional,3596.3030738308144
511,baggar och tackor,conventional,2586.684957301998
511,lamm,conventional,2126.8087753059644
511,galtar för avel,conventional,6.16521723873328
511,suggor för avel,conventional,638.6395924749265
511,"slaktgrisar, 20 kg och däröver",conventional,2765.067316453962
511,"smågrisar, under 20 kg",conventional,1768.94448300739
511,höns,conventional,158930.4020853875
511,värpkycklingar,conventional,14005.446980149158
511,slaktkycklingar,conventional,4359.81063815592
511,kalkoner,conventional,0.0
511,hästar,conventional,1422.99273854009
512,kor för mjölkproduktion,conventional,3261.359996385717
512,kor för uppfödning av kalvar,conventional,1070.1029679490455
512,"kvigor, tjurar och stutar",conventional,4541.337589649111
512,"kalvar, under 1 år",conventional,3773.149310045217
512,baggar och tackor,conventional,1797.7329390489276
512,lamm,conventional,1597.3422003222277
512,galtar för avel,conventional,4.133406740159332
512,suggor för avel,conventional,133.13789054514342
512,"slaktgrisar, 20 kg och däröver",conventional,1340.0041251677092
512,"smågrisar, under 20 kg",conventional,345.05689071703443
512,höns,conventional,56324.059908230716
512,värpkycklingar,conventional,18827.010199757882
512,slaktkycklingar,conventional,16558.443066689782
512,kalkoner,conventional,0.0
512,hästar,conventional,1584.8238171972678
513,kor för mjölkproduktion,conventional,1147.6632574921055
513,kor för uppfödning av kalvar,conventional,821.1190851298979
513,"kvigor, tjurar och stutar",conventional,2409.0946217975325
513,"kalvar, under 1 år",conventional,3221.29225941635
513,baggar och tackor,conventional,1165.9844730005655
513,lamm,conventional,1075.3788609990202
513,galtar för avel,conventional,35.5902338420924
513,suggor för avel,conventional,4595.484212762028
513,"slaktgrisar, 20 kg och däröver",conventional,33319.91945208613
513,"smågrisar, under 20 kg",conventional,9837.605120404107
513,höns,conventional,553248.0240589146
513,värpkycklingar,conventional,83619.75156254249
513,slaktkycklingar,conventional,232126.50360718925
513,kalkoner,conventional,0.0
513,hästar,conventional,1769.3089082032789
514,kor för mjölkproduktion,conventional,4474.159828621645
514,kor för uppfödning av kalvar,conventional,1135.5520291675846
514,"kvigor, tjurar och stutar",conventional,5073.7022458871625
514,"kalvar, under 1 år",conventional,5481.323509605316
514,baggar och tackor,conventional,2091.758410832972
514,lamm,conventional,1997.9613492751905
514,galtar för avel,conventional,19.220419520304606
514,suggor för avel,conventional,1690.582223466748
514,"slaktgrisar, 20 kg och däröver",conventional,13199.98902099053
514,"smågrisar, under 20 kg",conventional,4209.189983187254
514,höns,conventional,496278.49940052937
514,värpkycklingar,conventional,148877.12811240123
514,slaktkycklingar,conventional,88500.21252176077
514,kalkoner,conventional,0.0
514,hästar,conventional,3532.5829717562992
515,kor för mjölkproduktion,conventional,2636.739660908565
515,kor för uppfödning av kalvar,conventional,1311.4906175780545
515,"kvigor, tjurar och stutar",conventional,4136.343449191182
515,"kalvar, under 1 år",conventional,3939.915066086958
515,baggar och tackor,conventional,2555.020535642333
515,lamm,conventional,1942.6201187184029
515,galtar för avel,conventional,10.568411006872768
515,suggor för avel,conventional,661.8855084599329
515,"slaktgrisar, 20 kg och däröver",conventional,4585.959940892409
515,"smågrisar, under 20 kg",conventional,3467.7284542275106
515,höns,conventional,167346.33573841155
515,värpkycklingar,conventional,260.93330871618855
515,slaktkycklingar,conventional,182611.94960800346
515,kalkoner,conventional,0.0
515,hästar,conventional,4042.589595987601
521,kor för mjölkproduktion,conventional,1620.3047547242493
521,kor för uppfödning av kalvar,conventional,778.860118986879
521,"kvigor, tjurar och stutar",conventional,2304.4477621541446
521,"kalvar, under 1 år",conventional,2400.260897767797
521,baggar och tackor,conventional,1634.2107694790843
521,lamm,conventional,1524.045827018904
521,galtar för avel,conventional,4.151404404057899
521,suggor för avel,conventional,321.2592460766003
521,"slaktgrisar, 20 kg och däröver",conventional,3973.2190117606074
521,"smågrisar, under 20 kg",conventional,1208.149862396008
521,höns,conventional,85064.14626472504
521,värpkycklingar,conventional,11577.276082146403
521,slaktkycklingar,conventional,109935.58757549083
521,kalkoner,conventional,0.0
521,hästar,conventional,2114.4948078700227
611,kor för mjölkproduktion,conventional,3765.238947863676
611,kor för uppfödning av kalvar,conventional,1957.1934278026172
611,"kvigor, tjurar och stutar",conventional,6589.8508141411
611,"kalvar, under 1 år",conventional,5349.10080622138
611,baggar och tackor,conventional,2006.9816678088157
611,lamm,conventional,2119.262017167096
611,galtar för avel,conventional,32.064173321946654
611,suggor för avel,conventional,36.082541749694236
611,"slaktgrisar, 20 kg och däröver",conventional,365.6950594101452
611,"smågrisar, under 20 kg",conventional,105.41121474978316
611,höns,conventional,6285.865835009147
611,värpkycklingar,conventional,0.0
611,slaktkycklingar,conventional,0.0
611,kalkoner,conventional,0.0
611,hästar,conventional,3722.790740067263
612,kor för mjölkproduktion,conventional,5936.102735725707
612,kor för uppfödning av kalvar,conventional,2830.4656730045444
612,"kvigor, tjurar och stutar",conventional,9217.314200504159
612,"kalvar, under 1 år",conventional,8269.026363302815
612,baggar och tackor,conventional,2221.782762359729
612,lamm,conventional,2364.0439136377486
612,galtar för avel,conventional,104.79757126850352
612,suggor för avel,conventional,216.9620200410728
612,"slaktgrisar, 20 kg och däröver",conventional,743.137292667639
612,"smågrisar, under 20 kg",conventional,481.5443166608191
612,höns,conventional,22523.11678726291
612,värpkycklingar,conventional,119.7249914013058
612,slaktkycklingar,conventional,1910.6293356501849
612,kalkoner,conventional,0.0
612,hästar,conventional,4764.982334207452
621,kor för mjölkproduktion,conventional,5058.47137491203
621,kor för uppfödning av kalvar,conventional,3107.5914358319515
621,"kvigor, tjurar och stutar",conventional,7751.361573135914
621,"kalvar, under 1 år",conventional,7531.32836414912
621,baggar och tackor,conventional,2844.3232659514274
621,lamm,conventional,2445.8642020961706
621,galtar för avel,conventional,11.39062344487155
621,suggor för avel,conventional,867.4534646004375
621,"slaktgrisar, 20 kg och däröver",conventional,1614.9147042049083
621,"smågrisar, under 20 kg",conventional,2130.8191642623597
621,höns,conventional,79900.80217620727
621,värpkycklingar,conventional,83.22100324251718
621,slaktkycklingar,conventional,0.0
621,kalkoner,conventional,0.0
621,hästar,conventional,3888.8340000800063
622,kor för mjölkproduktion,conventional,9012.253059166167
622,kor för uppfödning av kalvar,conventional,4717.488124810174
622,"kvigor, tjurar och stutar",conventional,13021.067873035707
622,"kalvar, under 1 år",conventional,12246.86823541818
622,baggar och tackor,conventional,4122.850194297131
622,lamm,conventional,4335.797468459317
622,galtar för avel,conventional,2.8057851784128367
622,suggor för avel,conventional,106.347664766645
622,"slaktgrisar, 20 kg och däröver",conventional,790.7386721737515
622,"smågrisar, under 20 kg",conventional,554.8260500434835
622,höns,conventional,10287.692391959372
622,värpkycklingar,conventional,0.0
622,slaktkycklingar,conventional,18.732735353308556
622,kalkoner,conventional,0.0
622,hästar,conventional,6951.619294364306
711,kor för mjölkproduktion,conventional,4855.520119424713
711,kor för uppfödning av kalvar,conventional,2526.4281298398355
711,"kvigor, tjurar och stutar",conventional,7993.596509973589
711,"kalvar, under 1 år",conventional,7273.580749811948
711,baggar och tackor,conventional,3501.018952389181
711,lamm,conventional,3460.1604278126797
711,galtar för avel,conventional,5.843401315666298
711,suggor för avel,conventional,226.6759058677392
711,"slaktgrisar, 20 kg och däröver",conventional,2180.51527506426
711,"smågrisar, under 20 kg",conventional,510.5464593225338
711,höns,conventional,51136.71964140218
711,värpkycklingar,conventional,0.0
711,slaktkycklingar,conventional,174917.35122050613
711,kalkoner,conventional,0.0
711,hästar,conventional,5793.840152076283
731,kor för mjölkproduktion,conventional,2449.919401035204
731,kor för uppfödning av kalvar,conventional,2677.4078827525627
731,"kvigor, tjurar och stutar",conventional,5097.974028934263
731,"kalvar, under 1 år",conventional,4853.4492545869
731,baggar och tackor,conventional,2995.874773540981
731,lamm,conventional,2585.4398063930757
731,galtar för avel,conventional,7.747934186774735
731,suggor för avel,conventional,496.1463268592604
731,"slaktgrisar, 20 kg och däröver",conventional,4002.296703230714
731,"smågrisar, under 20 kg",conventional,1595.2995273830204
731,höns,conventional,41239.150311133635
731,värpkycklingar,conventional,1418.9227583480965
731,slaktkycklingar,conventional,155646.46545123516
731,kalkoner,conventional,0.0
731,hästar,conventional,4644.729594347446
811,kor för mjölkproduktion,conventional,8739.969645022667
811,kor för uppfödning av kalvar,conventional,2199.1325711727254
811,"kvigor, tjurar och stutar",conventional,12221.398594670562
811,"kalvar, under 1 år",conventional,10958.17553958837
811,baggar och tackor,conventional,2972.249747328942
811,lamm,conventional,2916.1762027929863
811,galtar för avel,conventional,18.56830142753841
811,suggor för avel,conventional,2958.813271884407
811,"slaktgrisar, 20 kg och däröver",conventional,27487.162888571303
811,"smågrisar, under 20 kg",conventional,13660.968196540676
811,höns,conventional,136314.93820899737
811,värpkycklingar,conventional,64333.62399210032
811,slaktkycklingar,conventional,1492130.1328715568
811,kalkoner,conventional,0.0
811,hästar,conventional,4193.843503595629
812,kor för mjölkproduktion,conventional,11382.636307524717
812,kor för uppfödning av kalvar,conventional,1733.7878672570898
812,"kvigor, tjurar och stutar",conventional,11716.238464036813
812,"kalvar, under 1 år",conventional,10812.290003293387
812,baggar och tackor,conventional,3820.7032496550296
812,lamm,conventional,3993.9874605111645
812,galtar för avel,conventional,17.017465114163898
812,suggor för avel,conventional,780.0467504898056
812,"slaktgrisar, 20 kg och däröver",conventional,4245.893406109107
812,"smågrisar, under 20 kg",conventional,2127.8818944148093
812,höns,conventional,31319.38395311984
812,värpkycklingar,conventional,20181.498021594358
812,slaktkycklingar,conventional,103836.91611045416
812,kalkoner,conventional,0.0
812,hästar,conventional,1732.72622056564
813,kor för mjölkproduktion,conventional,3126.410749839466
813,kor för uppfödning av kalvar,conventional,1685.2451754560054
813,"kvigor, tjurar och stutar",conventional,5347.114685346514
813,"kalvar, under 1 år",conventional,4914.728573883133
813,baggar och tackor,conventional,2196.729273631165
813,lamm,conventional,2053.79920942237
813,galtar för avel,conventional,8.987153289991099
813,suggor för avel,conventional,1216.3369629741987
813,"slaktgrisar, 20 kg och däröver",conventional,3213.878066820833
813,"smågrisar, under 20 kg",conventional,1410.295301928843
813,höns,conventional,994646.4826303422
813,värpkycklingar,conventional,375065.3381366544
813,slaktkycklingar,conventional,300339.7833364047
813,kalkoner,conventional,0.0
813,hästar,conventional,1367.3257835991142
814,kor för mjölkproduktion,conventional,4785.009469285484
814,kor för uppfödning av kalvar,conventional,2294.202820627853
814,"kvigor, tjurar och stutar",conventional,6269.544833909396
814,"kalvar, under 1 år",conventional,6148.65939191403
814,baggar och tackor,conventional,2584.626867964644
814,lamm,conventional,2432.847213101001
814,galtar för avel,conventional,1.2053033562592854
814,suggor för avel,conventional,90.00146262010455
814,"slaktgrisar, 20 kg och däröver",conventional,1012.805890975917
814,"smågrisar, under 20 kg",conventional,244.57892303315955
814,höns,conventional,11652.466443531739
814,värpkycklingar,conventional,3522.491537130756
814,slaktkycklingar,conventional,140247.57048642152
814,kalkoner,conventional,0.0
814,hästar,conventional,2320.623483306694
821,kor för mjölkproduktion,conventional,4975.067842585442
821,kor för uppfödning av kalvar,conventional,2496.957397182331
821,"kvigor, tjurar och stutar",conventional,6687.270076590774
821,"kalvar, under 1 år",conventional,6270.001256974783
821,baggar och tackor,conventional,4140.927279676163
821,lamm,conventional,4145.856461347385
821,galtar för avel,conventional,11.170099849915058
821,suggor för avel,conventional,845.4222696650519
821,"slaktgrisar, 20 kg och däröver",conventional,4889.864137774378
821,"smågrisar, under 20 kg",conventional,2538.4861295230894
821,höns,conventional,2575.3026666896835
821,värpkycklingar,conventional,0.0
821,slaktkycklingar,conventional,158878.01530018216
821,kalkoner,conventional,0.0
821,hästar,conventional,3330.9013611288856
831,kor för mjölkproduktion,conventional,3731.592741678235
831,kor för uppfödning av kalvar,conventional,3373.2062744536765
831,"kvigor, tjurar och stutar",conventional,7924.477651332953
831,"kalvar, under 1 år",conventional,7075.655772213891
831,baggar och tackor,conventional,5497.49764405379
831,lamm,conventional,5141.0829216310185
831,galtar för avel,conventional,3.4734077025822727
831,suggor för avel,conventional,322.45138393593464
831,"slaktgrisar, 20 kg och däröver",conventional,2098.290835613786
831,"smågrisar, under 20 kg",conventional,524.0431713121241
831,höns,conventional,81191.93625052819
831,värpkycklingar,conventional,9546.419852594845
831,slaktkycklingar,conventional,404083.7981724233
831,kalkoner,conventional,0.0
831,hästar,conventional,6120.734300387271
911,kor för mjölkproduktion,conventional,2962.144240690411
911,kor för uppfödning av kalvar,conventional,824.1936216449325
911,"kvigor, tjurar och stutar",conventional,4136.461905866607
911,"kalvar, under 1 år",conventional,3740.4843337639004
911,baggar och tackor,conventional,6150.043758740965
911,lamm,conventional,6361.372110561066
911,galtar för avel,conventional,6.576798688548828
911,suggor för avel,conventional,906.7487377630574
911,"slaktgrisar, 20 kg och däröver",conventional,6536.164695735663
911,"smågrisar, under 20 kg",conventional,2759.330608804093
911,höns,conventional,45675.65010456095
911,värpkycklingar,conventional,14553.559076910555
911,slaktkycklingar,conventional,4608.850694158978
911,kalkoner,conventional,0.0
911,hästar,conventional,1423.5695660898575
912,kor för mjölkproduktion,conventional,5967.851985398896
912,kor för uppfödning av kalvar,conventional,1660.5084498317283
912,"kvigor, tjurar och stutar",conventional,8333.757707794544
912,"kalvar, under 1 år",conventional,7535.979021873505
912,baggar och tackor,conventional,12390.534651120768
912,lamm,conventional,12816.299307229046
912,galtar för avel,conventional,13.274206001516951
912,suggor för avel,conventional,1828.5817268161954
912,"slaktgrisar, 20 kg och däröver",conventional,13181.111029576985
912,"smågrisar, under 20 kg",conventional,5563.873838110354
912,höns,conventional,92577.13053995372
912,värpkycklingar,conventional,29497.702504502275
912,slaktkycklingar,conventional,9129.725019803944
912,kalkoner,conventional,0.0
912,hästar,conventional,2868.0752087084893
913,kor för mjölkproduktion,conventional,3346.6437333310387
913,kor för uppfödning av kalvar,conventional,931.1776182399987
913,"kvigor, tjurar och stutar",conventional,4673.3930526639315
913,"kalvar, under 1 år",conventional,4226.015831118404
913,baggar och tackor,conventional,6948.3467827700715
913,lamm,conventional,7187.106494258354
913,galtar för avel,conventional,7.364046083534682
913,suggor för avel,conventional,1019.5831384505356
913,"slaktgrisar, 20 kg och däröver",conventional,7349.378432744738
913,"smågrisar, under 20 kg",conventional,3104.6179310728157
913,höns,conventional,50063.04199912009
913,värpkycklingar,conventional,15951.506713886807
913,slaktkycklingar,conventional,5145.579491199589
913,kalkoner,conventional,0.0
913,hästar,conventional,1608.3552252016534
1011,kor för mjölkproduktion,conventional,2526.7877393192093
1011,kor för uppfödning av kalvar,conventional,3102.434203159858
1011,"kvigor, tjurar och stutar",conventional,5658.64573079502
1011,"kalvar, under 1 år",conventional,5367.868805015311
1011,baggar och tackor,conventional,5052.252173524526
1011,lamm,conventional,4559.005786187408
1011,galtar för avel,conventional,19.239682861257727
1011,suggor för avel,conventional,1879.2574335374893
1011,"slaktgrisar, 20 kg och däröver",conventional,21209.060985091382
1011,"smågrisar, under 20 kg",conventional,7213.087837402317
1011,höns,conventional,56524.01515106772
1011,värpkycklingar,conventional,32251.161501694634
1011,slaktkycklingar,conventional,1433956.2896973623
1011,kalkoner,conventional,0.0
1011,hästar,conventional,5169.006104285762
1111,kor för mjölkproduktion,conventional,3174.0499124018165
1111,kor för uppfödning av kalvar,conventional,2792.609112436032
1111,"kvigor, tjurar och stutar",conventional,5742.1153092312015
1111,"kalvar, under 1 år",conventional,5454.565027061934
1111,baggar och tackor,conventional,1836.260481368405
1111,lamm,conventional,1929.3264705359766
1111,galtar för avel,conventional,44.40444570470334
1111,suggor för avel,conventional,6172.85933022213
1111,"slaktgrisar, 20 kg och däröver",conventional,38034.35045246406
1111,"smågrisar, under 20 kg",conventional,20671.641234449584
1111,höns,conventional,9538.190353192116
1111,värpkycklingar,conventional,12192.111360891482
1111,slaktkycklingar,conventional,175024.02980044048
1111,kalkoner,conventional,59.49986979597882
1111,hästar,conventional,3949.9705206846556
1112,kor för mjölkproduktion,conventional,3549.853857653189
1112,kor för uppfödning av kalvar,conventional,3084.5625815021585
1112,"kvigor, tjurar och stutar",conventional,6480.2646592174515
1112,"kalvar, under 1 år",conventional,6295.579170376292
1112,baggar och tackor,conventional,1609.7694639749309
1112,lamm,conventional,1778.025967015263
1112,galtar för avel,conventional,26.894693523003394
1112,suggor för avel,conventional,2982.6655497388274
1112,"slaktgrisar, 20 kg och däröver",conventional,22989.51294440085
1112,"smågrisar, under 20 kg",conventional,10383.067288450591
1112,höns,conventional,45172.78884379835
1112,värpkycklingar,conventional,1771.713561541565
1112,slaktkycklingar,conventional,26120.578156181757
1112,kalkoner,conventional,0.0
1112,hästar,conventional,3650.531171417779
1121,kor för mjölkproduktion,conventional,2921.6538692537733
1121,kor för uppfödning av kalvar,conventional,2446.3936208302857
1121,"kvigor, tjurar och stutar",conventional,5321.363036522246
1121,"kalvar, under 1 år",conventional,5280.182605283202
1121,baggar och tackor,conventional,2527.475868469132
1121,lamm,conventional,2541.9030106150817
1121,galtar för avel,conventional,57.99469103975256
1121,suggor för avel,conventional,7465.33275275462
1121,"slaktgrisar, 20 kg och däröver",conventional,33268.3601203666
1121,"smågrisar, under 20 kg",conventional,19318.222402563937
1121,höns,conventional,118215.61380414081
1121,värpkycklingar,conventional,3466.486453889321
1121,slaktkycklingar,conventional,521130.17703684507
1121,kalkoner,conventional,18246.64414870257
1121,hästar,conventional,3330.861674318858
1122,kor för mjölkproduktion,conventional,4389.640319096356
1122,kor för uppfödning av kalvar,conventional,2811.683095110152
1122,"kvigor, tjurar och stutar",conventional,8063.730115428352
1122,"kalvar, under 1 år",conventional,7857.869131893416
1122,baggar och tackor,conventional,2634.0198625081084
1122,lamm,conventional,2561.4271229304154
1122,galtar för avel,conventional,37.73770849029833
1122,suggor för avel,conventional,3711.106501770919
1122,"slaktgrisar, 20 kg och däröver",conventional,26873.993718763508
1122,"smågrisar, under 20 kg",conventional,11612.971068534876
1122,höns,conventional,77158.99984246808
1122,värpkycklingar,conventional,22.986872767989713
1122,slaktkycklingar,conventional,278488.66253603925
1122,kalkoner,conventional,10490.594940604435
1122,hästar,conventional,4495.390073014198
1123,kor för mjölkproduktion,conventional,2004.2356984514258
1123,kor för uppfödning av kalvar,conventional,1088.3194525402614
1123,"kvigor, tjurar och stutar",conventional,2429.8586451483025
1123,"kalvar, under 1 år",conventional,2544.091606407782
1123,baggar och tackor,conventional,1080.694557218218
1123,lamm,conventional,996.9027198519923
1123,galtar för avel,conventional,19.052432804772206
1123,suggor för avel,conventional,1372.8964833232146
1123,"slaktgrisar, 20 kg och däröver",conventional,12903.708825726437
1123,"smågrisar, under 20 kg",conventional,4140.422540414431
1123,höns,conventional,177180.15969038248
1123,värpkycklingar,conventional,22303.4789066222
1123,slaktkycklingar,conventional,286525.70088006655
1123,kalkoner,conventional,0.0
1123,hästar,conventional,4280.143536211428
1124,kor för mjölkproduktion,conventional,2470.2344724801674
1124,kor för uppfödning av kalvar,conventional,1680.28429093706
1124,"kvigor, tjurar och stutar",conventional,3538.352658093488
1124,"kalvar, under 1 år",conventional,3908.3137625650406
1124,baggar och tackor,conventional,1778.235376770982
1124,lamm,conventional,1968.7693969482145
1124,galtar för avel,conventional,10.818440267045327
1124,suggor för avel,conventional,730.1614445683949
1124,"slaktgrisar, 20 kg och däröver",conventional,4655.156484657573
1124,"smågrisar, under 20 kg",conventional,1573.1797229173176
1124,höns,conventional,33455.08086039436
1124,värpkycklingar,conventional,4988.847952415614
1124,slaktkycklingar,conventional,93045.38625804057
1124,kalkoner,conventional,0.0
1124,hästar,conventional,4297.016741137883
1131,kor för mjölkproduktion,conventional,2492.1992982835827
1131,kor för uppfödning av kalvar,conventional,2191.477562521906
1131,"kvigor, tjurar och stutar",conventional,4385.237002097639
1131,"kalvar, under 1 år",conventional,4367.240884105555
1131,baggar och tackor,conventional,1894.8948344748585
1131,lamm,conventional,2059.277393282095
1131,galtar för avel,conventional,14.042139045529172
1131,suggor för avel,conventional,929.6061180106402
1131,"slaktgrisar, 20 kg och däröver",conventional,4559.265889054999
1131,"smågrisar, under 20 kg",conventional,2444.2955082789495
1131,höns,conventional,128885.15279295293
1131,värpkycklingar,conventional,51.32651775133544
1131,slaktkycklingar,conventional,23631.897918944167
1131,kalkoner,conventional,0.0
1131,hästar,conventional,3666.1719752044037
1211,kor för mjölkproduktion,conventional,264.9325307289063
1211,kor för uppfödning av kalvar,conventional,430.87188465095534
1211,"kvigor, tjurar och stutar",conventional,514.7898535629847
1211,"kalvar, under 1 år",conventional,741.17169677275
1211,baggar och tackor,conventional,2005.267535802642
1211,lamm,conventional,2506.8172409890003
1211,galtar för avel,conventional,25.075870515900775
1211,suggor för avel,conventional,5228.747819404653
1211,"slaktgrisar, 20 kg och däröver",conventional,12667.94500274913
1211,"smågrisar, under 20 kg",conventional,12473.691421934918
1211,höns,conventional,67826.94339622674
1211,värpkycklingar,conventional,1267.518437192712
1211,slaktkycklingar,conventional,25.937158213849983
1211,kalkoner,conventional,0.0
1211,hästar,conventional,2860.929660724015
1212,kor för mjölkproduktion,conventional,596.8468343002944
1212,kor för uppfödning av kalvar,conventional,952.3702049731896
1212,"kvigor, tjurar och stutar",conventional,1398.4081661560313
1212,"kalvar, under 1 år",conventional,1702.1219050213404
1212,baggar och tackor,conventional,854.3345405462402
1212,lamm,conventional,922.4897547061246
1212,galtar för avel,conventional,20.980836025986637
1212,suggor för avel,conventional,3194.2329509787705
1212,"slaktgrisar, 20 kg och däröver",conventional,11523.4686406464
1212,"smågrisar, under 20 kg",conventional,8034.081976460721
1212,höns,conventional,209413.6416472775
1212,värpkycklingar,conventional,123550.33853727233
1212,slaktkycklingar,conventional,56038.58402384566
1212,kalkoner,conventional,0.0
1212,hästar,conventional,2246.450352569646
1213,kor för mjölkproduktion,conventional,1439.0429392811936
1213,kor för uppfödning av kalvar,conventional,1847.234492954549
1213,"kvigor, tjurar och stutar",conventional,3244.210657188731
1213,"kalvar, under 1 år",conventional,3073.6942757575416
1213,baggar och tackor,conventional,1477.5568347944254
1213,lamm,conventional,1507.229953334625
1213,galtar för avel,conventional,11.12169243995083
1213,suggor för avel,conventional,818.3181935400764
1213,"slaktgrisar, 20 kg och däröver",conventional,5944.180546739017
1213,"smågrisar, under 20 kg",conventional,3119.716597959366
1213,höns,conventional,109650.55902710384
1213,värpkycklingar,conventional,99245.7714310056
1213,slaktkycklingar,conventional,81420.60105052132
1213,kalkoner,conventional,0.0
1213,hästar,conventional,5292.244716344013
1214,kor för mjölkproduktion,conventional,236.9796055180276
1214,kor för uppfödning av kalvar,conventional,988.9165613918614
1214,"kvigor, tjurar och stutar",conventional,1530.5653602845086
1214,"kalvar, under 1 år",conventional,1392.1877841304959
1214,baggar och tackor,conventional,589.1898172013471
1214,lamm,conventional,581.3360658595386
1214,galtar för avel,conventional,6.280620572103676
1214,suggor för avel,conventional,500.0898902920211
1214,"slaktgrisar, 20 kg och däröver",conventional,3382.0288358616413
1214,"smågrisar, under 20 kg",conventional,1624.449223735338
1214,höns,conventional,35426.35993407093
1214,värpkycklingar,conventional,38806.71108769158
1214,slaktkycklingar,conventional,137345.0217032857
1214,kalkoner,conventional,0.0
1214,hästar,conventional,3544.2192863928094
1215,kor för mjölkproduktion,conventional,5037.535259827261
1215,kor för uppfödning av kalvar,conventional,4050.9174451934223
1215,"kvigor, tjurar och stutar",conventional,8597.147964823283
1215,"kalvar, under 1 år",conventional,8329.01427933001
1215,baggar och tackor,conventional,3872.7811525073953
1215,lamm,conventional,3995.848648009468
1215,galtar för avel,conventional,47.998404282847396
1215,suggor för avel,conventional,4443.000824579636
1215,"slaktgrisar, 20 kg och däröver",conventional,26316.20999445346
1215,"smågrisar, under 20 kg",conventional,12822.226622076223
1215,höns,conventional,143102.91994713212
1215,värpkycklingar,conventional,37792.43640450978
1215,slaktkycklingar,conventional,28756.539563992796
1215,kalkoner,conventional,0.0
1215,hästar,conventional,7578.955405142642
1216,kor för mjölkproduktion,conventional,1128.4301139577544
1216,kor för uppfödning av kalvar,conventional,1043.3187381253217
1216,"kvigor, tjurar och stutar",conventional,2257.6171584556187
1216,"kalvar, under 1 år",conventional,2309.738240002887
1216,baggar och tackor,conventional,1015.772424387616
1216,lamm,conventional,964.3598383165418
1216,galtar för avel,conventional,22.90719300156686
1216,suggor för avel,conventional,2946.737569717074
1216,"slaktgrisar, 20 kg och däröver",conventional,14015.979436872993
1216,"smågrisar, under 20 kg",conventional,9560.337931277852
1216,höns,conventional,253588.8543179482
1216,värpkycklingar,conventional,23522.262480820347
1216,slaktkycklingar,conventional,16529.003331983236
1216,kalkoner,conventional,0.0
1216,hästar,conventional,3138.357572111671
1221,kor för mjölkproduktion,conventional,3106.254497402138
1221,kor för uppfödning av kalvar,conventional,2786.4430789699445
1221,"kvigor, tjurar och stutar",conventional,5922.245312456515
1221,"kalvar, under 1 år",conventional,5737.035177666522
1221,baggar och tackor,conventional,2240.427493046114
1221,lamm,conventional,2385.4962008271623
1221,galtar för avel,conventional,24.476751316267215
1221,suggor för avel,conventional,2386.1717257620817
1221,"slaktgrisar, 20 kg och däröver",conventional,14897.205261481518
1221,"smågrisar, under 20 kg",conventional,7046.612994592036
1221,höns,conventional,58905.99703022056
1221,värpkycklingar,conventional,3556.1598950980424
1221,slaktkycklingar,conventional,26618.235107642846
1221,kalkoner,conventional,116.7346606658235
1221,hästar,conventional,3951.977665360468
1222,kor för mjölkproduktion,conventional,1121.4409779325056
1222,kor för uppfödning av kalvar,conventional,816.3444509051823
1222,"kvigor, tjurar och stutar",conventional,1955.732344583454
1222,"kalvar, under 1 år",conventional,1825.0699149800284
1222,baggar och tackor,conventional,1223.545636575567
1222,lamm,conventional,1136.698594281128
1222,galtar för avel,conventional,25.322098437908874
1222,suggor för avel,conventional,660.1145443932786
1222,"slaktgrisar, 20 kg och däröver",conventional,3630.1458017312884
1222,"smågrisar, under 20 kg",conventional,1779.2123012122875
1222,höns,conventional,23494.06036228223
1222,värpkycklingar,conventional,255.76453141918037
1222,slaktkycklingar,conventional,100446.17048962312
1222,kalkoner,conventional,0.0
1222,hästar,conventional,2651.9058945742186
1311,kor för mjölkproduktion,conventional,7471.822332471995
1311,kor för uppfödning av kalvar,conventional,2006.2772708095458
1311,"kvigor, tjurar och stutar",conventional,8002.581234857708
1311,"kalvar, under 1 år",conventional,8083.277911633185
1311,baggar och tackor,conventional,3350.149268745696
1311,lamm,conventional,3502.9212015153726
1311,galtar för avel,conventional,58.73128425946608
1311,suggor för avel,conventional,5654.162225722557
1311,"slaktgrisar, 20 kg och däröver",conventional,48626.13161526938
1311,"smågrisar, under 20 kg",conventional,15099.080355023074
1311,höns,conventional,338316.12585326866
1311,värpkycklingar,conventional,12431.91836845189
1311,slaktkycklingar,conventional,256652.676558468
1311,kalkoner,conventional,0.0
1311,hästar,conventional,4483.104970683111
1321,kor för mjölkproduktion,conventional,7015.939110450209
1321,kor för uppfödning av kalvar,conventional,1802.6017606707192
1321,"kvigor, tjurar och stutar",conventional,7056.15887606356
1321,"kalvar, under 1 år",conventional,8013.339501690605
1321,baggar och tackor,conventional,2754.968304179276
1321,lamm,conventional,2850.0256255018676
1321,galtar för avel,conventional,49.478112202782484
1321,suggor för avel,conventional,3537.781750049221
1321,"slaktgrisar, 20 kg och däröver",conventional,20949.15344730251
1321,"smågrisar, under 20 kg",conventional,9393.988942225023
1321,höns,conventional,214137.66192711427
1321,värpkycklingar,conventional,55786.12118035577
1321,slaktkycklingar,conventional,199566.25759440364
1321,kalkoner,conventional,0.0
1321,hästar,conventional,5460.730133377474
1322,kor för mjölkproduktion,conventional,3025.804927369859
1322,kor för uppfödning av kalvar,conventional,1339.1310029646534
1322,"kvigor, tjurar och stutar",conventional,3836.4904202870785
1322,"kalvar, under 1 år",conventional,3761.511982840238
1322,baggar och tackor,conventional,1982.7591817125408
1322,lamm,conventional,1960.3365724708055
1322,galtar för avel,conventional,12.839712830602283
1322,suggor för avel,conventional,1050.6513382972614
1322,"slaktgrisar, 20 kg och däröver",conventional,9487.263214096614
1322,"smågrisar, under 20 kg",conventional,3084.144958988265
1322,höns,conventional,121785.31385337209
1322,värpkycklingar,conventional,27541.146904572215
1322,slaktkycklingar,conventional,39374.98257608092
1322,kalkoner,conventional,0.0
1322,hästar,conventional,2311.238155898448
1331,kor för mjölkproduktion,conventional,4284.952275015731
1331,kor för uppfödning av kalvar,conventional,1670.6237424032397
1331,"kvigor, tjurar och stutar",conventional,5468.353525523538
1331,"kalvar, under 1 år",conventional,5436.594321588334
1331,baggar och tackor,conventional,3792.0278156258037
1331,lamm,conventional,4102.46107805639
1331,galtar för avel,conventional,23.60397319060092
1331,suggor för avel,conventional,2738.673133493931
1331,"slaktgrisar, 20 kg och däröver",conventional,12496.65868224655
1331,"smågrisar, under 20 kg",conventional,7046.169480492359
1331,höns,conventional,172514.92983822772
1331,värpkycklingar,conventional,105371.36521404001
1331,slaktkycklingar,conventional,7.531413572077147
1331,kalkoner,conventional,0.0
1331,hästar,conventional,6856.477058066335
1411,kor för mjölkproduktion,conventional,901.2275602005398
1411,kor för uppfödning av kalvar,conventional,1040.9004187289331
1411,"kvigor, tjurar och stutar",conventional,2470.6852396696654
1411,"kalvar, under 1 år",conventional,2077.0297309368893
1411,baggar och tackor,conventional,2207.685876686016
1411,lamm,conventional,2050.4275403101383
1411,galtar för avel,conventional,7.023075942659397
1411,suggor för avel,conventional,14.809691803827354
1411,"slaktgrisar, 20 kg och däröver",conventional,18.779613216033198
1411,"smågrisar, under 20 kg",conventional,17.119117901775216
1411,höns,conventional,6085.321692783526
1411,värpkycklingar,conventional,697.8630719168165
1411,slaktkycklingar,conventional,12.598658307868662
1411,kalkoner,conventional,0.0
1411,hästar,conventional,5165.140273539738
1412,kor för mjölkproduktion,conventional,1527.4273801670743
1412,kor för uppfödning av kalvar,conventional,1035.7441003216964
1412,"kvigor, tjurar och stutar",conventional,2823.19548342738
1412,"kalvar, under 1 år",conventional,2558.3478173114004
1412,baggar och tackor,conventional,2013.678409245113
1412,lamm,conventional,1638.1404667062045
1412,galtar för avel,conventional,7.641930301159064
1412,suggor för avel,conventional,190.95218202876785
1412,"slaktgrisar, 20 kg och däröver",conventional,1813.8282903609884
1412,"smågrisar, under 20 kg",conventional,1190.438333285689
1412,höns,conventional,15025.374169561568
1412,värpkycklingar,conventional,0.0
1412,slaktkycklingar,conventional,0.0
1412,kalkoner,conventional,0.0
1412,hästar,conventional,3491.4546056752174
1421,kor för mjölkproduktion,conventional,965.8790755064174
1421,kor för uppfödning av kalvar,conventional,730.9067925420599
1421,"kvigor, tjurar och stutar",conventional,2076.3536315457895
1421,"kalvar, under 1 år",conventional,1695.2970715992244
1421,baggar och tackor,conventional,1646.1809398739192
1421,lamm,conventional,1604.8819003175367
1421,galtar för avel,conventional,9.444043133936766
1421,suggor för avel,conventional,383.2251221385628
1421,"slaktgrisar, 20 kg och däröver",conventional,1307.6625044674834
1421,"smågrisar, under 20 kg",conventional,258.69554138489235
1421,höns,conventional,4166.311412206114
1421,värpkycklingar,conventional,0.6456944110075524
1421,slaktkycklingar,conventional,5675.345312694039
1421,kalkoner,conventional,0.0
1421,hästar,conventional,5482.3484420136565
1511,kor för mjölkproduktion,conventional,8095.0208617249045
1511,kor för uppfödning av kalvar,conventional,2845.183867912322
1511,"kvigor, tjurar och stutar",conventional,11453.374243837672
1511,"kalvar, under 1 år",conventional,10716.231283932697
1511,baggar och tackor,conventional,4255.3550094792845
1511,lamm,conventional,4349.722489018187
1511,galtar för avel,conventional,5.056094523266496
1511,suggor för avel,conventional,332.85841948927197
1511,"slaktgrisar, 20 kg och däröver",conventional,3694.505893062547
1511,"smågrisar, under 20 kg",conventional,1076.2154545953495
1511,höns,conventional,37430.79606909217
1511,värpkycklingar,conventional,92553.92865530356
1511,slaktkycklingar,conventional,767.9184262492654
1511,kalkoner,conventional,0.0
1511,hästar,conventional,7647.8310798204975
1512,kor för mjölkproduktion,conventional,2282.151475362561
1512,kor för uppfödning av kalvar,conventional,350.7578437909911
1512,"kvigor, tjurar och stutar",conventional,2623.583520151914
1512,"kalvar, under 1 år",conventional,2756.043497280375
1512,baggar och tackor,conventional,579.3370354902881
1512,lamm,conventional,519.3985412714892
1512,galtar för avel,conventional,27.789957284203066
1512,suggor för avel,conventional,5884.684956938755
1512,"slaktgrisar, 20 kg och däröver",conventional,22925.135276301196
1512,"smågrisar, under 20 kg",conventional,8103.314220049799
1512,höns,conventional,82301.28571646978
1512,värpkycklingar,conventional,0.0
1512,slaktkycklingar,conventional,0.0
1512,kalkoner,conventional,0.0
1512,hästar,conventional,2474.1209671907623
1521,kor för mjölkproduktion,conventional,1249.0122060886993
1521,kor för uppfödning av kalvar,conventional,949.0696961848707
1521,"kvigor, tjurar och stutar",conventional,2584.4030721346044
1521,"kalvar, under 1 år",conventional,2295.331755325065
1521,baggar och tackor,conventional,2515.6851349089015
1521,lamm,conventional,2668.713757201185
1521,galtar för avel,conventional,6.079281342752442
1521,suggor för avel,conventional,396.3860713561386
1521,"slaktgrisar, 20 kg och däröver",conventional,3166.8574152202623
1521,"smågrisar, under 20 kg",conventional,484.3547760564805
1521,höns,conventional,8898.01103078081
1521,värpkycklingar,conventional,1341.7796857940552
1521,slaktkycklingar,conventional,2212.0227413286757
1521,kalkoner,conventional,0.0
1521,hästar,conventional,5692.515497276663
1522,kor för mjölkproduktion,conventional,1102.5451250144633
1522,kor för uppfödning av kalvar,conventional,849.4514035802017
1522,"kvigor, tjurar och stutar",conventional,1984.1183000728413
1522,"kalvar, under 1 år",conventional,1880.2978929180017
1522,baggar och tackor,conventional,1282.255230679389
1522,lamm,conventional,1092.1158515526581
1522,galtar för avel,conventional,7.948252333969649
1522,suggor för avel,conventional,578.3110387104157
1522,"slaktgrisar, 20 kg och däröver",conventional,1938.7970993892382
1522,"smågrisar, under 20 kg",conventional,1637.0821296930924
1522,höns,conventional,16775.5376026074
1522,värpkycklingar,conventional,7085.22122109299
1522,slaktkycklingar,conventional,0.0
1522,kalkoner,conventional,0.0
1522,hästar,conventional,1662.9563478774612
1611,kor för mjölkproduktion,conventional,1641.3419407755323
1611,kor för uppfödning av kalvar,conventional,671.1932373519951
1611,"kvigor, tjurar och stutar",conventional,2327.0435145949496
1611,"kalvar, under 1 år",conventional,2386.9726674083627
1611,baggar och tackor,conventional,879.2728503761552
1611,lamm,conventional,853.7682697524298
1611,galtar för avel,conventional,10.987706173681339
1611,suggor för avel,conventional,798.977250786614
1611,"slaktgrisar, 20 kg och däröver",conventional,4440.211274616553
1611,"smågrisar, under 20 kg",conventional,1929.7625168957327
1611,höns,conventional,3772.3140219880434
1611,värpkycklingar,conventional,0.0
1611,slaktkycklingar,conventional,20783.68725728316
1611,kalkoner,conventional,0.0
1611,hästar,conventional,2505.0526051164106
1612,kor för mjölkproduktion,conventional,3634.936985086091
1612,kor för uppfödning av kalvar,conventional,1391.331595114844
1612,"kvigor, tjurar och stutar",conventional,6090.563396539827
1612,"kalvar, under 1 år",conventional,5617.667352506422
1612,baggar och tackor,conventional,1676.268803797361
1612,lamm,conventional,1779.0758223969851
1612,galtar för avel,conventional,6.52646050223626
1612,suggor för avel,conventional,947.7234495022834
1612,"slaktgrisar, 20 kg och däröver",conventional,10505.328130221556
1612,"smågrisar, under 20 kg",conventional,2713.1371406158096
1612,höns,conventional,1914.4637349038155
1612,värpkycklingar,conventional,0.0
1612,slaktkycklingar,conventional,101706.4339833487
1612,kalkoner,conventional,0.0
1612,hästar,conventional,2567.8701647880234
1613,kor för mjölkproduktion,conventional,3648.583825464967
1613,kor för uppfödning av kalvar,conventional,1457.7223143673052
1613,"kvigor, tjurar och stutar",conventional,6361.083079333341
1613,"kalvar, under 1 år",conventional,5929.132247699575
1613,baggar och tackor,conventional,1570.1132763672608
1613,lamm,conventional,1818.5523771487651
1613,galtar för avel,conventional,3.925144537454723
1613,suggor för avel,conventional,708.8744747851448
1613,"slaktgrisar, 20 kg och däröver",conventional,9037.254110416634
1613,"smågrisar, under 20 kg",conventional,2964.2697953845986
1613,höns,conventional,3976.3667228523323
1613,värpkycklingar,conventional,1695.6425003567672
1613,slaktkycklingar,conventional,46876.26195832785
1613,kalkoner,conventional,0.0
1613,hästar,conventional,2692.590640089729
1614,kor för mjölkproduktion,conventional,3931.340409112652
1614,kor för uppfödning av kalvar,conventional,894.4153563728294
1614,"kvigor, tjurar och stutar",conventional,4532.214902130466
1614,"kalvar, under 1 år",conventional,4509.313095004629
1614,baggar och tackor,conventional,1125.0548533195379
1614,lamm,conventional,1134.1411641281395
1614,galtar för avel,conventional,11.236055756603355
1614,suggor för avel,conventional,1463.139315413682
1614,"slaktgrisar, 20 kg och däröver",conventional,12977.178509386691
1614,"smågrisar, under 20 kg",conventional,4855.477274245075
1614,höns,conventional,6368.579840416223
1614,värpkycklingar,conventional,0.0
1614,slaktkycklingar,conventional,865467.6866412454
1614,kalkoner,conventional,0.0
1614,hästar,conventional,1946.3825800312843
1615,kor för mjölkproduktion,conventional,2083.3207048754794
1615,kor för uppfödning av kalvar,conventional,720.817262464129
1615,"kvigor, tjurar och stutar",conventional,2479.7612265506227
1615,"kalvar, under 1 år",conventional,2932.617337822117
1615,baggar och tackor,conventional,1172.8276043912692
1615,lamm,conventional,1074.3002741661353
1615,galtar för avel,conventional,6.970383466317361
1615,suggor för avel,conventional,1419.7674627773208
1615,"slaktgrisar, 20 kg och däröver",conventional,16155.185503096838
1615,"smågrisar, under 20 kg",conventional,7689.384309248044
1615,höns,conventional,1869.717898252726
1615,värpkycklingar,conventional,0.0
1615,slaktkycklingar,conventional,798426.6512112755
1615,kalkoner,conventional,0.0
1615,hästar,conventional,1587.2056096822228
1616,kor för mjölkproduktion,conventional,4049.3357738080085
1616,kor för uppfödning av kalvar,conventional,665.0608150905713
1616,"kvigor, tjurar och stutar",conventional,3795.644192107229
1616,"kalvar, under 1 år",conventional,3737.4689563368393
1616,baggar och tackor,conventional,1119.992681242405
1616,lamm,conventional,1080.2907362155395
1616,galtar för avel,conventional,25.618043487252283
1616,suggor för avel,conventional,3671.705077163709
1616,"slaktgrisar, 20 kg och däröver",conventional,8781.59014185252
1616,"smågrisar, under 20 kg",conventional,4973.638743284415
1616,höns,conventional,48314.63412623728
1616,värpkycklingar,conventional,0.0
1616,slaktkycklingar,conventional,614312.6156247325
1616,kalkoner,conventional,0.0
1616,hästar,conventional,2142.6956738204244
1617,kor för mjölkproduktion,conventional,1856.4497989286795
1617,kor för uppfödning av kalvar,conventional,350.18046229626333
1617,"kvigor, tjurar och stutar",conventional,2113.640900952636
1617,"kalvar, under 1 år",conventional,1683.501121821607
1617,baggar och tackor,conventional,806.712744013064
1617,lamm,conventional,751.6541839884146
1617,galtar för avel,conventional,9.5040224802328
1617,suggor för avel,conventional,1358.267348495505
1617,"slaktgrisar, 20 kg och däröver",conventional,4020.7391407547734
1617,"smågrisar, under 20 kg",conventional,3453.5158769821137
1617,höns,conventional,7811.388678407768
1617,värpkycklingar,conventional,0.0
1617,slaktkycklingar,conventional,344359.02877223
1617,kalkoner,conventional,0.0
1617,hästar,conventional,1084.604561942413
1621,kor för mjölkproduktion,conventional,2481.695102282946
1621,kor för uppfödning av kalvar,conventional,1030.586102498257
1621,"kvigor, tjurar och stutar",conventional,3784.1437201754047
1621,"kalvar, under 1 år",conventional,3601.6618365943527
1621,baggar och tackor,conventional,1920.0988619565
1621,lamm,conventional,1914.8425642210793
1621,galtar för avel,conventional,21.14586326949447
1621,suggor för avel,conventional,2297.081165754193
1621,"slaktgrisar, 20 kg och däröver",conventional,13179.380640811687
1621,"smågrisar, under 20 kg",conventional,8073.132778699703
1621,höns,conventional,60653.86824960286
1621,värpkycklingar,conventional,50588.426492079045
1621,slaktkycklingar,conventional,51464.86305895919
1621,kalkoner,conventional,0.0
1621,hästar,conventional,4564.6618738029465
1622,kor för mjölkproduktion,conventional,1289.704895877556
1622,kor för uppfödning av kalvar,conventional,577.9626944050694
1622,"kvigor, tjurar och stutar",conventional,2198.064741739647
1622,"kalvar, under 1 år",conventional,2218.235220008539
1622,baggar och tackor,conventional,972.2763276099616
1622,lamm,conventional,1015.7506995322739
1622,galtar för avel,conventional,27.247070315436737
1622,suggor för avel,conventional,3532.215078564896
1622,"slaktgrisar, 20 kg och däröver",conventional,33849.72507944001
1622,"smågrisar, under 20 kg",conventional,11014.112259240894
1622,höns,conventional,148357.76648335197
1622,värpkycklingar,conventional,63481.27435588691
1622,slaktkycklingar,conventional,141364.01009652115
1622,kalkoner,conventional,0.0
1622,hästar,conventional,3145.236754274782
1623,kor för mjölkproduktion,conventional,948.6711927565891
1623,kor för uppfödning av kalvar,conventional,481.87818103145304
1623,"kvigor, tjurar och stutar",conventional,1654.2421945904032
1623,"kalvar, under 1 år",conventional,1706.401700059801
1623,baggar och tackor,conventional,914.275809624381
1623,lamm,conventional,876.2543283755965
1623,galtar för avel,conventional,18.37015727108797
1623,suggor för avel,conventional,2675.225396932892
1623,"slaktgrisar, 20 kg och däröver",conventional,27242.273428698874
1623,"smågrisar, under 20 kg",conventional,8531.525516818967
1623,höns,conventional,74290.87148883197
1623,värpkycklingar,conventional,309.7875058213616
1623,slaktkycklingar,conventional,884.5280967760325
1623,kalkoner,conventional,0.0
1623,hästar,conventional,2065.2735997104
1711,kor för mjölkproduktion,conventional,1320.7295296247519
1711,kor för uppfödning av kalvar,conventional,888.1723493809909
1711,"kvigor, tjurar och stutar",conventional,3106.5763629688736
1711,"kalvar, under 1 år",conventional,2525.4655514501087
1711,baggar och tackor,conventional,1132.1872365485226
1711,lamm,conventional,1110.5296028120758
1711,galtar för avel,conventional,1.7907812928804667
1711,suggor för avel,conventional,102.25171364136352
1711,"slaktgrisar, 20 kg och däröver",conventional,4676.37479477433
1711,"smågrisar, under 20 kg",conventional,2210.667382752383
1711,höns,conventional,0.0
1711,värpkycklingar,conventional,205.37132422923352
1711,slaktkycklingar,conventional,0.0
1711,kalkoner,conventional,2442.322628888245
1711,hästar,conventional,2660.967679581453
1712,kor för mjölkproduktion,conventional,1089.5528389013775
1712,kor för uppfödning av kalvar,conventional,954.0074419561302
1712,"kvigor, tjurar och stutar",conventional,3004.8220609682166
1712,"kalvar, under 1 år",conventional,2447.1041743752508
1712,baggar och tackor,conventional,1176.6425116060707
1712,lamm,conventional,1184.7360112026154
1712,galtar för avel,conventional,6.386133240883588
1712,suggor för avel,conventional,1203.1137573518247
1712,"slaktgrisar, 20 kg och däröver",conventional,8792.90444882424
1712,"smågrisar, under 20 kg",conventional,5895.220785045613
1712,höns,conventional,6773.851635377554
1712,värpkycklingar,conventional,314.23615806258005
1712,slaktkycklingar,conventional,0.0
1712,kalkoner,conventional,1587.7463486983684
1712,hästar,conventional,2822.3828473407852
1713,kor för mjölkproduktion,conventional,1144.4539323564445
1713,kor för uppfödning av kalvar,conventional,1091.432000026533
1713,"kvigor, tjurar och stutar",conventional,2560.6599397668037
1713,"kalvar, under 1 år",conventional,2290.599841357449
1713,baggar och tackor,conventional,1302.5139526927796
1713,lamm,conventional,1042.1358165881766
1713,galtar för avel,conventional,3.1181805300023155
1713,suggor för avel,conventional,72.06014887476294
1713,"slaktgrisar, 20 kg och däröver",conventional,4554.0719028374
1713,"smågrisar, under 20 kg",conventional,673.6951393567432
1713,höns,conventional,2398.5297733963953
1713,värpkycklingar,conventional,9.05839895980938
1713,slaktkycklingar,conventional,0.0
1713,kalkoner,conventional,0.0
1713,hästar,conventional,2374.0861852767025
1721,kor för mjölkproduktion,conventional,616.2276938130244
1721,kor för uppfödning av kalvar,conventional,621.2939594229978
1721,"kvigor, tjurar och stutar",conventional,1487.1381429223054
1721,"kalvar, under 1 år",conventional,1263.4733438002759
1721,baggar och tackor,conventional,934.971778445318
1721,lamm,conventional,820.402424927129
1721,galtar för avel,conventional,4.271262215264348
1721,suggor för avel,conventional,402.0637622528447
1721,"slaktgrisar, 20 kg och däröver",conventional,1697.2723310608765
1721,"smågrisar, under 20 kg",conventional,686.5989905037532
1721,höns,conventional,4361.807272117923
1721,värpkycklingar,conventional,52.62184626681076
1721,slaktkycklingar,conventional,0.0
1721,kalkoner,conventional,0.0
1721,hästar,conventional,1611.9481975268084
1722,kor för mjölkproduktion,conventional,1282.0878873876723
1722,kor för uppfödning av kalvar,conventional,738.2595262403704
1722,"kvigor, tjurar och stutar",conventional,2248.200366312273
1722,"kalvar, under 1 år",conventional,1882.3573643557693
1722,baggar och tackor,conventional,657.2003328641689
1722,lamm,conventional,648.1611454511287
1722,galtar för avel,conventional,8.667655557178918
1722,suggor för avel,conventional,923.7345326088692
1722,"slaktgrisar, 20 kg och däröver",conventional,9213.365096860753
1722,"smågrisar, under 20 kg",conventional,5941.5183078598175
1722,höns,conventional,4399.004172946083
1722,värpkycklingar,conventional,0.0
1722,slaktkycklingar,conventional,0.0
1722,kalkoner,conventional,865.1688992133307
1722,hästar,conventional,1868.0633035847854
1723,kor för mjölkproduktion,conventional,186.33544967105297
1723,kor för uppfödning av kalvar,conventional,349.38753026392624
1723,"kvigor, tjurar och stutar",conventional,751.3941673165654
1723,"kalvar, under 1 år",conventional,584.6338268182644
1723,baggar och tackor,conventional,917.7851517306622
1723,lamm,conventional,751.637063128353
1723,galtar för avel,conventional,1.8735804474881883
1723,suggor för avel,conventional,65.79396675994356
1723,"slaktgrisar, 20 kg och däröver",conventional,313.0725667054561
1723,"smågrisar, under 20 kg",conventional,208.6722797734653
1723,höns,conventional,6007.035090990328
1723,värpkycklingar,conventional,505.97767353845757
1723,slaktkycklingar,conventional,0.0
1723,kalkoner,conventional,104.7621232000555
1723,hästar,conventional,1384.243761655368
1724,kor för mjölkproduktion,conventional,464.4664445347832
1724,kor för uppfödning av kalvar,conventional,493.48839103226254
1724,"kvigor, tjurar och stutar",conventional,850.4908900458651
1724,"kalvar, under 1 år",conventional,671.2182912408051
1724,baggar och tackor,conventional,1011.4027563769562
1724,lamm,conventional,629.5170486165082
1724,galtar för avel,conventional,1.7673317858337751
1724,suggor för avel,conventional,222.7621674222456
1724,"slaktgrisar, 20 kg och däröver",conventional,3359.924055385854
1724,"smågrisar, under 20 kg",conventional,462.2912758662437
1724,höns,conventional,72.50333324806621
1724,värpkycklingar,conventional,0.0
1724,slaktkycklingar,conventional,0.0
1724,kalkoner,conventional,0.0
1724,hästar,conventional,1716.2054198009405
1811,kor för mjölkproduktion,conventional,1242.0367746101751
1811,kor för uppfödning av kalvar,conventional,578.5105201307833
1811,"kvigor, tjurar och stutar",conventional,1959.5161552302648
1811,"kalvar, under 1 år",conventional,2045.2240296947414
1811,baggar och tackor,conventional,2393.2886000671365
1811,lamm,conventional,2025.4361042024466
1811,galtar för avel,conventional,2.6785591807053115
1811,suggor för avel,conventional,459.5011844482419
1811,"slaktgrisar, 20 kg och däröver",conventional,1941.5224251652526
1811,"smågrisar, under 20 kg",conventional,413.22777953625325
1811,höns,conventional,352395.4458030596
1811,värpkycklingar,conventional,262232.40380209277
1811,slaktkycklingar,conventional,16651.056141611807
1811,kalkoner,conventional,0.0
1811,hästar,conventional,2230.130430515524
1812,kor för mjölkproduktion,conventional,1665.7212128679462
1812,kor för uppfödning av kalvar,conventional,862.4976361411548
1812,"kvigor, tjurar och stutar",conventional,2834.58951099017
1812,"kalvar, under 1 år",conventional,2925.8717615771247
1812,baggar och tackor,conventional,2176.978605494319
1812,lamm,conventional,2071.0069052767094
1812,galtar för avel,conventional,11.576185320445466
1812,suggor för avel,conventional,1857.287616652299
1812,"slaktgrisar, 20 kg och däröver",conventional,16495.135129371978
1812,"smågrisar, under 20 kg",conventional,4047.801848897695
1812,höns,conventional,115620.95555585012
1812,värpkycklingar,conventional,10564.461900111048
1812,slaktkycklingar,conventional,71225.11084615372
1812,kalkoner,conventional,0.0
1812,hästar,conventional,4713.491613949092
1813,kor för mjölkproduktion,conventional,805.9271138584312
1813,kor för uppfödning av kalvar,conventional,561.5393970747481
1813,"kvigor, tjurar och stutar",conventional,1578.6602221504331
1813,"kalvar, under 1 år",conventional,1484.1810040665557
1813,baggar och tackor,conventional,867.9007523799867
1813,lamm,conventional,951.6695891665221
1813,galtar för avel,conventional,4.772349034577098
1813,suggor för avel,conventional,889.9688180652847
1813,"slaktgrisar, 20 kg och däröver",conventional,5659.199211326885
1813,"smågrisar, under 20 kg",conventional,2244.8187981045635
1813,höns,conventional,49143.12337440706
1813,värpkycklingar,conventional,118.85644624894096
1813,slaktkycklingar,conventional,3927.714090814382
1813,kalkoner,conventional,0.0
1813,hästar,conventional,2263.5677985067337
1821,kor för mjölkproduktion,conventional,703.8638146161802
1821,kor för uppfödning av kalvar,conventional,617.411518182423
1821,"kvigor, tjurar och stutar",conventional,1592.8630234605523
1821,"kalvar, under 1 år",conventional,1550.118090381743
1821,baggar och tackor,conventional,1269.9832474573327
1821,lamm,conventional,1212.8162104903804
1821,galtar för avel,conventional,9.261384342493777
1821,suggor för avel,conventional,1583.2935535054971
1821,"slaktgrisar, 20 kg och däröver",conventional,8539.732666236496
1821,"smågrisar, under 20 kg",conventional,4847.831897565017
1821,höns,conventional,96439.61555624036
1821,värpkycklingar,conventional,6129.435979347544
1821,slaktkycklingar,conventional,40.3668590555531
1821,kalkoner,conventional,0.0
1821,hästar,conventional,2666.533790418637
1911,kor för mjölkproduktion,conventional,1176.048569838846
1911,kor för uppfödning av kalvar,conventional,669.3835792223342
1911,"kvigor, tjurar och stutar",conventional,1626.1657830540453
1911,"kalvar, under 1 år",conventional,1988.012867690576
1911,baggar och tackor,conventional,1467.761013722878
1911,lamm,conventional,1498.6645934203498
1911,galtar för avel,conventional,17.513854548570453
1911,suggor för avel,conventional,3020.4873958189883
1911,"slaktgrisar, 20 kg och däröver",conventional,12169.722976770767
1911,"smågrisar, under 20 kg",conventional,5443.196376464819
1911,höns,conventional,97265.11181854426
1911,värpkycklingar,conventional,0.0
1911,slaktkycklingar,conventional,166831.03890294104
1911,kalkoner,conventional,0.0
1911,hästar,conventional,3452.810571483056
1912,kor för mjölkproduktion,conventional,1056.008217266954
1912,kor för uppfödning av kalvar,conventional,396.38471960257533
1912,"kvigor, tjurar och stutar",conventional,1284.0282332903107
1912,"kalvar, under 1 år",conventional,1503.8735642598397
1912,baggar och tackor,conventional,783.6924821264164
1912,lamm,conventional,772.5935492490547
1912,galtar för avel,conventional,8.263882052921408
1912,suggor för avel,conventional,464.63572602468247
1912,"slaktgrisar, 20 kg och däröver",conventional,2468.6480437366604
1912,"smågrisar, under 20 kg",conventional,1013.6057565296414
1912,höns,conventional,339.13348475354843
1912,värpkycklingar,conventional,0.0
1912,slaktkycklingar,conventional,676.1758420690234
1912,kalkoner,conventional,0.0
1912,hästar,conventional,2947.686666842513
1921,kor för mjölkproduktion,conventional,1187.3766588259682
1921,kor för uppfödning av kalvar,conventional,610.249749047138
1921,"kvigor, tjurar och stutar",conventional,1733.337812935784
1921,"kalvar, under 1 år",conventional,2461.668686478446
1921,baggar och tackor,conventional,1088.3788526505623
1921,lamm,conventional,1114.9345135055592
1921,galtar för avel,conventional,24.833468743761504
1921,suggor för avel,conventional,3668.7175136111955
1921,"slaktgrisar, 20 kg och däröver",conventional,13553.728232097086
1921,"smågrisar, under 20 kg",conventional,6704.818937638862
1921,höns,conventional,51720.21288710276
1921,värpkycklingar,conventional,16.37617073827667
1921,slaktkycklingar,conventional,1754.4357335302977
1921,kalkoner,conventional,0.0
1921,hästar,conventional,3526.269810064987
1922,kor för mjölkproduktion,conventional,787.4676442245695
1922,kor för uppfödning av kalvar,conventional,370.58880172058593
1922,"kvigor, tjurar och stutar",conventional,1034.114672038534
1922,"kalvar, under 1 år",conventional,1022.307493954183
1922,baggar och tackor,conventional,856.8081689285852
1922,lamm,conventional,934.7435513858754
1922,galtar för avel,conventional,9.263300452896535
1922,suggor för avel,conventional,695.5371729455879
1922,"slaktgrisar, 20 kg och däröver",conventional,959.0250447020309
1922,"smågrisar, under 20 kg",conventional,1927.3909576716378
1922,höns,conventional,9617.557603270734
1922,värpkycklingar,conventional,2980.7075488335972
1922,slaktkycklingar,conventional,3.4978569880092687
1922,kalkoner,conventional,0.0
1922,hästar,conventional,2660.975008249011
2011,kor för mjölkproduktion,conventional,2948.6566252244506
2011,kor för uppfödning av kalvar,conventional,1647.9894880785791
2011,"kvigor, tjurar och stutar",conventional,4346.759189703936
2011,"kalvar, under 1 år",conventional,4730.269461715496
2011,baggar och tackor,conventional,2669.408328185649
2011,lamm,conventional,2343.3269013199865
2011,galtar för avel,conventional,5.200877376714967
2011,suggor för avel,conventional,1111.5149290201905
2011,"slaktgrisar, 20 kg och däröver",conventional,2343.6317478477745
2011,"smågrisar, under 20 kg",conventional,1747.313847806723
2011,höns,conventional,43545.47934448196
2011,värpkycklingar,conventional,0.0
2011,slaktkycklingar,conventional,0.0
2011,kalkoner,conventional,0.0
2011,hästar,conventional,10344.159815097233
2012,kor för mjölkproduktion,conventional,1502.1404520930869
2012,kor för uppfödning av kalvar,conventional,963.6073458193842
2012,"kvigor, tjurar och stutar",conventional,2105.657600177026
2012,"kalvar, under 1 år",conventional,2172.2115009625895
2012,baggar och tackor,conventional,2563.2808376302546
2012,lamm,conventional,2237.770095077605
2012,galtar för avel,conventional,5.537629180711401
2012,suggor för avel,conventional,105.65585567699623
2012,"slaktgrisar, 20 kg och däröver",conventional,554.4927810472832
2012,"smågrisar, under 20 kg",conventional,460.60506963188175
2012,höns,conventional,435.35833242444005
2012,värpkycklingar,conventional,0.0
2012,slaktkycklingar,conventional,0.0
2012,kalkoner,conventional,0.0
2012,hästar,conventional,6667.342521793743
2019,kor för mjölkproduktion,conventional,21.16013715915723
2019,kor för uppfödning av kalvar,conventional,25.041530420969632
2019,"kvigor, tjurar och stutar",conventional,27.85881083519427
2019,"kalvar, under 1 år",conventional,34.33126614862729
2019,baggar och tackor,conventional,58.817019254554445
2019,lamm,conventional,39.66179460465355
2019,galtar för avel,conventional,1.0516418332900812
2019,suggor för avel,conventional,5.258209166450406
2019,"slaktgrisar, 20 kg och däröver",conventional,11.918607443954254
2019,"smågrisar, under 20 kg",conventional,8.41313466632065
2019,höns,conventional,0.0
2019,värpkycklingar,conventional,0.0
2019,slaktkycklingar,conventional,0.0
2019,kalkoner,conventional,0.0
2019,hästar,conventional,268.24487836971406
2111,kor för mjölkproduktion,conventional,3711.141394275971
2111,kor för uppfödning av kalvar,conventional,1973.5628115423046
2111,"kvigor, tjurar och stutar",conventional,5730.48172757017
2111,"kalvar, under 1 år",conventional,5474.7122586962305
2111,baggar och tackor,conventional,3191.0584501329076
2111,lamm,conventional,2996.9801981818428
2111,galtar för avel,conventional,6.177289758617595
2111,suggor för avel,conventional,110.49263631424607
2111,"slaktgrisar, 20 kg och däröver",conventional,3433.418862804238
2111,"smågrisar, under 20 kg",conventional,1302.9651123993651
2111,höns,conventional,13364.778711132665
2111,värpkycklingar,conventional,0.0
2111,slaktkycklingar,conventional,1837.2103474898038
2111,kalkoner,conventional,0.0
2111,hästar,conventional,5112.070148480348
2121,kor för mjölkproduktion,conventional,1590.673251918903
2121,kor för uppfödning av kalvar,conventional,1050.5737999204669
2121,"kvigor, tjurar och stutar",conventional,2851.0840315906607
2121,"kalvar, under 1 år",conventional,2759.2551147914714
2121,baggar och tackor,conventional,1867.2087871208087
2121,lamm,conventional,1655.5575564005849
2121,galtar för avel,conventional,1.9615132676237366
2121,suggor för avel,conventional,19.23859541411091
2121,"slaktgrisar, 20 kg och däröver",conventional,759.0905390498364
2121,"smågrisar, under 20 kg",conventional,386.60515231385904
2121,höns,conventional,36396.9189582268
2121,värpkycklingar,conventional,0.0
2121,slaktkycklingar,conventional,1338.288441542842
2121,kalkoner,conventional,0.0
2121,hästar,conventional,4936.674373463538
2122,kor för mjölkproduktion,conventional,240.21540517498005
2122,kor för uppfödning av kalvar,conventional,375.48497506389356
2122,"kvigor, tjurar och stutar",conventional,746.3390800928682
2122,"kalvar, under 1 år",conventional,769.2263726314212
2122,baggar och tackor,conventional,702.4040721451656
2122,lamm,conventional,629.8940507818329
2122,galtar för avel,conventional,2.9319163601485805
2122,suggor för avel,conventional,14.31796846188971
2122,"slaktgrisar, 20 kg och däröver",conventional,28.828570486791467
2122,"smågrisar, under 20 kg",conventional,20.49796925411234
2122,höns,conventional,2550.10410709907
2122,värpkycklingar,conventional,0.0
2122,slaktkycklingar,conventional,264.0013786149744
2122,kalkoner,conventional,0.0
2122,hästar,conventional,1388.6448590922023
2211,kor för mjölkproduktion,conventional,1681.0243516286007
2211,kor för uppfödning av kalvar,conventional,704.9412623804644
2211,"kvigor, tjurar och stutar",conventional,1829.365163064855
2211,"kalvar, under 1 år",conventional,1663.9580200076168
2211,baggar och tackor,conventional,938.8545636163026
2211,lamm,conventional,704.471463386388
2211,galtar för avel,conventional,8.422712105230922
2211,suggor för avel,conventional,41.048083625978606
2211,"slaktgrisar, 20 kg och däröver",conventional,227.7973259084322
2211,"smågrisar, under 20 kg",conventional,110.16139808733246
2211,höns,conventional,16727.926752921565
2211,värpkycklingar,conventional,0.0
2211,slaktkycklingar,conventional,0.0
2211,kalkoner,conventional,0.0
2211,hästar,conventional,1990.98480434824
2212,kor för mjölkproduktion,conventional,2513.4461023634058
2212,kor för uppfödning av kalvar,conventional,1024.6290463623372
2212,"kvigor, tjurar och stutar",conventional,2596.600438511505
2212,"kalvar, under 1 år",conventional,2457.8202570785434
2212,baggar och tackor,conventional,1463.7300997641269
2212,lamm,conventional,1175.2420174958697
2212,galtar för avel,conventional,13.459507019567583
2212,suggor för avel,conventional,382.6036798427742
2212,"slaktgrisar, 20 kg och däröver",conventional,971.1447479510202
2212,"smågrisar, under 20 kg",conventional,409.93004682139735
2212,höns,conventional,17811.704034869603
2212,värpkycklingar,conventional,0.0
2212,slaktkycklingar,conventional,0.0
2212,kalkoner,conventional,0.0
2212,hästar,conventional,2632.115136510904
2221,kor för mjölkproduktion,conventional,2209.2668441590404
2221,kor för uppfödning av kalvar,conventional,1123.4273797194564
2221,"kvigor, tjurar och stutar",conventional,2955.9947290751606
2221,"kalvar, under 1 år",conventional,2805.0046290554324
2221,baggar och tackor,conventional,1252.9854417465976
2221,lamm,conventional,937.8541906677679
2221,galtar för avel,conventional,5.868628611538805
2221,suggor för avel,conventional,319.5548565543058
2221,"slaktgrisar, 20 kg och däröver",conventional,2256.0326721058323
2221,"smågrisar, under 20 kg",conventional,1094.94951142718
2221,höns,conventional,35.24857654605839
2221,värpkycklingar,conventional,0.0
2221,slaktkycklingar,conventional,280.2724597916916
2221,kalkoner,conventional,0.0
2221,hästar,conventional,3430.681114612509
2311,kor för mjölkproduktion,conventional,2810.7124494461073
2311,kor för uppfödning av kalvar,conventional,1228.8150121301076
2311,"kvigor, tjurar och stutar",conventional,3478.1427361474443
2311,"kalvar, under 1 år",conventional,3298.773389366728
2311,baggar och tackor,conventional,1658.2412795701002
2311,lamm,conventional,1246.400100593429
2311,galtar för avel,conventional,1.965221041140619
2311,suggor för avel,conventional,33.22981589681529
2311,"slaktgrisar, 20 kg och däröver",conventional,367.491198501803
2311,"smågrisar, under 20 kg",conventional,70.58458478919059
2311,höns,conventional,2828.9662252325247
2311,värpkycklingar,conventional,0.0
2311,slaktkycklingar,conventional,0.0
2311,kalkoner,conventional,0.0
2311,hästar,conventional,3454.854561123421
2312,kor för mjölkproduktion,conventional,1458.4081936011653
2312,kor för uppfödning av kalvar,conventional,655.7721275518992
2312,"kvigor, tjurar och stutar",conventional,1951.7118093552876
2312,"kalvar, under 1 år",conventional,1842.9144885878536
2312,baggar och tackor,conventional,1188.163759560527
2312,lamm,conventional,945.0395833097577
2312,galtar för avel,conventional,5.299579197152973
2312,suggor för avel,conventional,45.475090001002904
2312,"slaktgrisar, 20 kg och däröver",conventional,304.8631958472636
2312,"smågrisar, under 20 kg",conventional,114.13582920390539
2312,höns,conventional,3355.1042740460407
2312,värpkycklingar,conventional,0.0
2312,slaktkycklingar,conventional,0.0
2312,kalkoner,conventional,0.0
2312,hästar,conventional,2218.232998272044
2319,kor för mjölkproduktion,conventional,535.9547852113583
2319,kor för uppfödning av kalvar,conventional,343.08876802323704
2319,"kvigor, tjurar och stutar",conventional,726.0419885891777
2319,"kalvar, under 1 år",conventional,728.4340699837489
2319,baggar och tackor,conventional,542.6290086478408
2319,lamm,conventional,407.8699278692037
2319,galtar för avel,conventional,1.2386850308646948
2319,suggor för avel,conventional,19.61371247136131
2319,"slaktgrisar, 20 kg och däröver",conventional,198.31579703402215
2319,"smågrisar, under 20 kg",conventional,46.908199253255894
2319,höns,conventional,796.005574667776
2319,värpkycklingar,conventional,0.0
2319,slaktkycklingar,conventional,0.0
2319,kalkoner,conventional,0.0
2319,hästar,conventional,687.187599305414
2331,kor för mjölkproduktion,conventional,507.2471642523319
2331,kor för uppfödning av kalvar,conventional,417.60921152358793
2331,"kvigor, tjurar och stutar",conventional,806.4836578620786
2331,"kalvar, under 1 år",conventional,835.2738442881413
2331,baggar och tackor,conventional,545.4862561755887
2331,lamm,conventional,436.85306238700673
2331,galtar för avel,conventional,0.3114846476595774
2331,suggor för avel,conventional,3.2432237246229345
2331,"slaktgrisar, 20 kg och däröver",conventional,150.94423986156153
2331,"smågrisar, under 20 kg",conventional,64.14182273844575
2331,höns,conventional,295.6275719034817
2331,värpkycklingar,conventional,0.0
2331,slaktkycklingar,conventional,90.92150424869465
2331,kalkoner,conventional,0.0
2331,hästar,conventional,814.5342759914661
2411,kor för mjölkproduktion,conventional,2991.1026592148382
2411,kor för uppfödning av kalvar,conventional,382.6368467656304
2411,"kvigor, tjurar och stutar",conventional,2924.8640677984827
2411,"kalvar, under 1 år",conventional,2537.4491926875658
2411,baggar och tackor,conventional,1227.0190053936844
2411,lamm,conventional,1107.881727939089
2411,galtar för avel,conventional,8.102652522237847
2411,suggor för avel,conventional,225.92130873591142
2411,"slaktgrisar, 20 kg och däröver",conventional,1353.5912934501023
2411,"smågrisar, under 20 kg",conventional,972.971429184421
2411,höns,conventional,30830.53268690467
2411,värpkycklingar,conventional,0.0
2411,slaktkycklingar,conventional,0.0
2411,kalkoner,conventional,0.0
2411,hästar,conventional,3524.451370077469
2412,kor för mjölkproduktion,conventional,2211.327881692262
2412,kor för uppfödning av kalvar,conventional,149.6097407838525
2412,"kvigor, tjurar och stutar",conventional,1795.0289509489712
2412,"kalvar, under 1 år",conventional,1682.991738126689
2412,baggar och tackor,conventional,414.0482697966691
2412,lamm,conventional,336.48905244913385
2412,galtar för avel,conventional,5.281357175189857
2412,suggor för avel,conventional,278.0155192257493
2412,"slaktgrisar, 20 kg och däröver",conventional,1996.4744577180882
2412,"smågrisar, under 20 kg",conventional,1313.5230416619602
2412,höns,conventional,3225.7287027289663
2412,värpkycklingar,conventional,1351.9722718020687
2412,slaktkycklingar,conventional,0.0
2412,kalkoner,conventional,0.0
2412,hästar,conventional,1068.0045290038347
2413,kor för mjölkproduktion,conventional,2475.889970951448
2413,kor för uppfödning av kalvar,conventional,255.58532293980835
2413,"kvigor, tjurar och stutar",conventional,2362.8500802419544
2413,"kalvar, under 1 år",conventional,2375.979999252999
2413,baggar och tackor,conventional,898.6298041717988
2413,lamm,conventional,731.163107255974
2413,galtar för avel,conventional,6.507859054063313
2413,suggor för avel,conventional,316.14934486912654
2413,"slaktgrisar, 20 kg och däröver",conventional,2491.619526430511
2413,"smågrisar, under 20 kg",conventional,1340.1512654771873
2413,höns,conventional,12738.215957158262
2413,värpkycklingar,conventional,5336.22894296316
2413,slaktkycklingar,conventional,0.0
2413,kalkoner,conventional,0.0
2413,hästar,conventional,2315.470480375477
2414,kor för mjölkproduktion,conventional,2821.9098586572227
2414,kor för uppfödning av kalvar,conventional,454.3481372084818
2414,"kvigor, tjurar och stutar",conventional,2715.341076449231
2414,"kalvar, under 1 år",conventional,2541.968212151205
2414,baggar och tackor,conventional,985.9226953495311
2414,lamm,conventional,930.3084167295037
2414,galtar för avel,conventional,1.886637702123007
2414,suggor för avel,conventional,84.00461525726062
2414,"slaktgrisar, 20 kg och däröver",conventional,675.5763242487666
2414,"smågrisar, under 20 kg",conventional,341.3912230227086
2414,höns,conventional,23050.416829998892
2414,värpkycklingar,conventional,1049.1683593949008
2414,slaktkycklingar,conventional,0.0
2414,kalkoner,conventional,0.0
2414,hästar,conventional,1810.408513056364
2415,kor för mjölkproduktion,conventional,428.54326372246516
2415,kor för uppfödning av kalvar,conventional,111.14485630799126
2415,"kvigor, tjurar och stutar",conventional,424.91407484778017
2415,"kalvar, under 1 år",conventional,361.71896846242055
2415,baggar och tackor,conventional,723.7743838655944
2415,lamm,conventional,538.9574121314355
2415,galtar för avel,conventional,2.9584410840999062
2415,suggor för avel,conventional,20.51891361723512
2415,"slaktgrisar, 20 kg och däröver",conventional,56.298547156932685
2415,"smågrisar, under 20 kg",conventional,25.953229099419165
2415,höns,conventional,21.761579831166163
2415,värpkycklingar,conventional,0.0
2415,slaktkycklingar,conventional,0.0
2415,kalkoner,conventional,0.0
2415,hästar,conventional,832.7920797412943
2419,kor för mjölkproduktion,conventional,114.8199374180626
2419,kor för uppfödning av kalvar,conventional,25.485627126763887
2419,"kvigor, tjurar och stutar",conventional,102.75963474300352
2419,"kalvar, under 1 år",conventional,85.6255678089346
2419,baggar och tackor,conventional,145.7081705684741
2419,lamm,conventional,112.95597386317121
2419,galtar för avel,conventional,0.8824131894361789
2419,suggor för avel,conventional,7.455753697868184
2419,"slaktgrisar, 20 kg och däröver",conventional,12.840260516958047
2419,"smågrisar, under 20 kg",conventional,6.794415981140809
2419,höns,conventional,0.0
2419,värpkycklingar,conventional,0.0
2419,slaktkycklingar,conventional,0.0
2419,kalkoner,conventional,0.0
2419,hästar,conventional,112.99715947416813
2511,kor för mjölkproduktion,conventional,3007.945018552103
2511,kor för uppfödning av kalvar,conventional,537.0759358194355
2511,"kvigor, tjurar och stutar",conventional,2976.1959790055057
2511,"kalvar, under 1 år",conventional,2901.301970297007
2511,baggar och tackor,conventional,1505.9900669538997
2511,lamm,conventional,1290.9297034697822
2511,galtar för avel,conventional,10.145371519898967
2511,suggor för avel,conventional,1012.0477831408318
2511,"slaktgrisar, 20 kg och däröver",conventional,6812.829406742999
2511,"smågrisar, under 20 kg",conventional,1610.9725520001546
2511,höns,conventional,18610.076987689958
2511,värpkycklingar,conventional,2.0490762575539003
2511,slaktkycklingar,conventional,0.0
2511,kalkoner,conventional,0.0
2511,hästar,conventional,3630.136177116479
2512,kor för mjölkproduktion,conventional,1616.994074625295
2512,kor för uppfödning av kalvar,conventional,253.30388247399878
2512,"kvigor, tjurar och stutar",conventional,1419.9947870019832
2512,"kalvar, under 1 år",conventional,1422.2816855793728
2512,baggar och tackor,conventional,1042.235970283208
2512,lamm,conventional,1035.8200310894613
2512,galtar för avel,conventional,0.9469642558861926
2512,suggor för avel,conventional,324.8582221016633
2512,"slaktgrisar, 20 kg och däröver",conventional,2572.568158447312
2512,"smågrisar, under 20 kg",conventional,251.95282344146446
2512,höns,conventional,8313.9967597984
2512,värpkycklingar,conventional,0.0
2512,slaktkycklingar,conventional,0.0
2512,kalkoner,conventional,0.0
2512,hästar,conventional,1549.0184945138951
2519,kor för mjölkproduktion,conventional,14.613039495390462
2519,kor för uppfödning av kalvar,conventional,26.000640189114442
2519,"kvigor, tjurar och stutar",conventional,61.670088801456565
2519,"kalvar, under 1 år",conventional,67.96686928829907
2519,baggar och tackor,conventional,107.91220953182955
2519,lamm,conventional,113.62187914086216
2519,galtar för avel,conventional,0.0
2519,suggor för avel,conventional,0.007613415022764306
2519,"slaktgrisar, 20 kg och däröver",conventional,0.015226830045528612
2519,"smågrisar, under 20 kg",conventional,0.0
2519,höns,conventional,0.0
2519,värpkycklingar,conventional,0.0
2519,slaktkycklingar,conventional,0.0
2519,kalkoner,conventional,0.0
2519,hästar,conventional,212.46131248503727
2521,kor för mjölkproduktion,conventional,302.9680128506846
2521,kor för uppfödning av kalvar,conventional,103.36836256655603
2521,"kvigor, tjurar och stutar",conventional,303.4912038241517
2521,"kalvar, under 1 år",conventional,272.8516126187549
2521,baggar och tackor,conventional,102.1781728066092
2521,lamm,conventional,61.69216083530811
2521,galtar för avel,conventional,0.1057442305459284
2521,suggor för avel,conventional,5.919295439245769
2521,"slaktgrisar, 20 kg och däröver",conventional,44.967907767317456
2521,"smågrisar, under 20 kg",conventional,24.05727292420527
2521,höns,conventional,74.01611427305747
2521,värpkycklingar,conventional,30.06416279763279
2521,slaktkycklingar,conventional,0.0
2521,kalkoner,conventional,0.0
2521,hästar,conventional,351.5685438575747
111,vajor,conventional,0.0
111,"renkalvar, under 1 år",conventional,0.0
111,rentjur (inkl. renoxe),conventional,0.0
112,vajor,conventional,0.0
112,"renkalvar, under 1 år",conventional,0.0
112,rentjur (inkl. renoxe),conventional,0.0
311,vajor,conventional,0.0
311,"renkalvar, under 1 år",conventional,0.0
311,rentjur (inkl. renoxe),conventional,0.0
312,vajor,conventional,0.0
312,"renkalvar, under 1 år",conventional,0.0
312,rentjur (inkl. renoxe),conventional,0.0
321,vajor,conventional,0.0
321,"renkalvar, under 1 år",conventional,0.0
321,rentjur (inkl. renoxe),conventional,0.0
322,vajor,conventional,0.0
322,"renkalvar, under 1 år",conventional,0.0
322,rentjur (inkl. renoxe),conventional,0.0
411,vajor,conventional,0.0
411,"renkalvar, under 1 år",conventional,0.0
411,rentjur (inkl. renoxe),conventional,0.0
421,vajor,conventional,0.0
421,"renkalvar, under 1 år",conventional,0.0
421,rentjur (inkl. renoxe),conventional,0.0
422,vajor,conventional,0.0
422,"renkalvar, under 1 år",conventional,0.0
422,rentjur (inkl. renoxe),conventional,0.0
431,vajor,conventional,0.0
431,"renkalvar, under 1 år",conventional,0.0
431,rentjur (inkl. renoxe),conventional,0.0
511,vajor,conventional,0.0
511,"renkalvar, under 1 år",conventional,0.0
511,rentjur (inkl. renoxe),conventional,0.0
512,vajor,conventional,0.0
512,"renkalvar, under 1 år",conventional,0.0
512,rentjur (inkl. renoxe),conventional,0.0
513,vajor,conventional,0.0
513,"renkalvar, under 1 år",conventional,0.0
513,rentjur (inkl. renoxe),conventional,0.0
514,vajor,conventional,0.0
514,"renkalvar, under 1 år",conventional,0.0
514,rentjur (inkl. renoxe),conventional,0.0
515,vajor,conventional,0.0
515,"renkalvar, under 1 år",conventional,0.0
515,rentjur (inkl. renoxe),conventional,0.0
521,vajor,conventional,0.0
521,"renkalvar, under 1 år",conventional,0.0
521,rentjur (inkl. renoxe),conventional,0.0
611,vajor,conventional,0.0
611,"renkalvar, under 1 år",conventional,0.0
611,rentjur (inkl. renoxe),conventional,0.0
612,vajor,conventional,0.0
612,"renkalvar, under 1 år",conventional,0.0
612,rentjur (inkl. renoxe),conventional,0.0
621,vajor,conventional,0.0
621,"renkalvar, under 1 år",conventional,0.0
621,rentjur (inkl. renoxe),conventional,0.0
622,vajor,conventional,0.0
622,"renkalvar, under 1 år",conventional,0.0
622,rentjur (inkl. renoxe),conventional,0.0
711,vajor,conventional,0.0
711,"renkalvar, under 1 år",conventional,0.0
711,rentjur (inkl. renoxe),conventional,0.0
731,vajor,conventional,0.0
731,"renkalvar, under 1 år",conventional,0.0
731,rentjur (inkl. renoxe),conventional,0.0
811,vajor,conventional,0.0
811,"renkalvar, under 1 år",conventional,0.0
811,rentjur (inkl. renoxe),conventional,0.0
812,vajor,conventional,0.0
812,"renkalvar, under 1 år",conventional,0.0
812,rentjur (inkl. renoxe),conventional,0.0
813,vajor,conventional,0.0
813,"renkalvar, under 1 år",conventional,0.0
813,rentjur (inkl. renoxe),conventional,0.0
814,vajor,conventional,0.0
814,"renkalvar, under 1 år",conventional,0.0
814,rentjur (inkl. renoxe),conventional,0.0
821,vajor,conventional,0.0
821,"renkalvar, under 1 år",conventional,0.0
821,rentjur (inkl. renoxe),conventional,0.0
831,vajor,conventional,0.0
831,"renkalvar, under 1 år",conventional,0.0
831,rentjur (inkl. renoxe),conventional,0.0
911,vajor,conventional,0.0
911,"renkalvar, under 1 år",conventional,0.0
911,rentjur (inkl. renoxe),conventional,0.0
912,vajor,conventional,0.0
912,"renkalvar, under 1 år",conventional,0.0
912,rentjur (inkl. renoxe),conventional,0.0
913,vajor,conventional,0.0
913,"renkalvar, under 1 år",conventional,0.0
913,rentjur (inkl. renoxe),conventional,0.0
1011,vajor,conventional,0.0
1011,"renkalvar, under 1 år",conventional,0.0
1011,rentjur (inkl. renoxe),conventional,0.0
1111,vajor,conventional,0.0
1111,"renkalvar, under 1 år",conventional,0.0
1111,rentjur (inkl. renoxe),conventional,0.0
1112,vajor,conventional,0.0
1112,"renkalvar, under 1 år",conventional,0.0
1112,rentjur (inkl. renoxe),conventional,0.0
1121,vajor,conventional,0.0
1121,"renkalvar, under 1 år",conventional,0.0
1121,rentjur (inkl. renoxe),conventional,0.0
1122,vajor,conventional,0.0
1122,"renkalvar, under 1 år",conventional,0.0
1122,rentjur (inkl. renoxe),conventional,0.0
1123,vajor,conventional,0.0
1123,"renkalvar, under 1 år",conventional,0.0
1123,rentjur (inkl. renoxe),conventional,0.0
1124,vajor,conventional,0.0
1124,"renkalvar, under 1 år",conventional,0.0
1124,rentjur (inkl. renoxe),conventional,0.0
1131,vajor,conventional,0.0
1131,"renkalvar, under 1 år",conventional,0.0
1131,rentjur (inkl. renoxe),conventional,0.0
1211,vajor,conventional,0.0
1211,"renkalvar, under 1 år",conventional,0.0
1211,rentjur (inkl. renoxe),conventional,0.0
1212,vajor,conventional,0.0
1212,"renkalvar, under 1 år",conventional,0.0
1212,rentjur (inkl. renoxe),conventional,0.0
1213,vajor,conventional,0.0
1213,"renkalvar, under 1 år",conventional,0.0
1213,rentjur (inkl. renoxe),conventional,0.0
1214,vajor,conventional,0.0
1214,"renkalvar, under 1 år",conventional,0.0
1214,rentjur (inkl. renoxe),conventional,0.0
1215,vajor,conventional,0.0
1215,"renkalvar, under 1 år",conventional,0.0
1215,rentjur (inkl. renoxe),conventional,0.0
1216,vajor,conventional,0.0
1216,"renkalvar, under 1 år",conventional,0.0
1216,rentjur (inkl. renoxe),conventional,0.0
1221,vajor,conventional,0.0
1221,"renkalvar, under 1 år",conventional,0.0
1221,rentjur (inkl. renoxe),conventional,0.0
1222,vajor,conventional,0.0
1222,"renkalvar, under 1 år",conventional,0.0
1222,rentjur (inkl. renoxe),conventional,0.0
1311,vajor,conventional,0.0
1311,"renkalvar, under 1 år",conventional,0.0
1311,rentjur (inkl. renoxe),conventional,0.0
1321,vajor,conventional,0.0
1321,"renkalvar, under 1 år",conventional,0.0
1321,rentjur (inkl. renoxe),conventional,0.0
1322,vajor,conventional,0.0
1322,"renkalvar, under 1 år",conventional,0.0
1322,rentjur (inkl. renoxe),conventional,0.0
1331,vajor,conventional,0.0
1331,"renkalvar, under 1 år",conventional,0.0
1331,rentjur (inkl. renoxe),conventional,0.0
1411,vajor,conventional,0.0
1411,"renkalvar, under 1 år",conventional,0.0
1411,rentjur (inkl. renoxe),conventional,0.0
1412,vajor,conventional,0.0
1412,"renkalvar, under 1 år",conventional,0.0
1412,rentjur (inkl. renoxe),conventional,0.0
1421,vajor,conventional,0.0
1421,"renkalvar, under 1 år",conventional,0.0
1421,rentjur (inkl. renoxe),conventional,0.0
1511,vajor,conventional,0.0
1511,"renkalvar, under 1 år",conventional,0.0
1511,rentjur (inkl. renoxe),conventional,0.0
1512,vajor,conventional,0.0
1512,"renkalvar, under 1 år",conventional,0.0
1512,rentjur (inkl. renoxe),conventional,0.0
1521,vajor,conventional,0.0
1521,"renkalvar, under 1 år",conventional,0.0
1521,rentjur (inkl. renoxe),conventional,0.0
1522,vajor,conventional,0.0
1522,"renkalvar, under 1 år",conventional,0.0
1522,rentjur (inkl. renoxe),conventional,0.0
1611,vajor,conventional,0.0
1611,"renkalvar, under 1 år",conventional,0.0
1611,rentjur (inkl. renoxe),conventional,0.0
1612,vajor,conventional,0.0
1612,"renkalvar, under 1 år",conventional,0.0
1612,rentjur (inkl. renoxe),conventional,0.0
1613,vajor,conventional,0.0
1613,"renkalvar, under 1 år",conventional,0.0
1613,rentjur (inkl. renoxe),conventional,0.0
1614,vajor,conventional,0.0
1614,"renkalvar, under 1 år",conventional,0.0
1614,rentjur (inkl. renoxe),conventional,0.0
1615,vajor,conventional,0.0
1615,"renkalvar, under 1 år",conventional,0.0
1615,rentjur (inkl. renoxe),conventional,0.0
1616,vajor,conventional,0.0
1616,"renkalvar, under 1 år",conventional,0.0
1616,rentjur (inkl. renoxe),conventional,0.0
1617,vajor,conventional,0.0
1617,"renkalvar, under 1 år",conventional,0.0
1617,rentjur (inkl. renoxe),conventional,0.0
1621,vajor,conventional,0.0
1621,"renkalvar, under 1 år",conventional,0.0
1621,rentjur (inkl. renoxe),conventional,0.0
1622,vajor,conventional,0.0
1622,"renkalvar, under 1 år",conventional,0.0
1622,rentjur (inkl. renoxe),conventional,0.0
1623,vajor,conventional,0.0
1623,"renkalvar, under 1 år",conventional,0.0
1623,rentjur (inkl. renoxe),conventional,0.0
1711,vajor,conventional,0.0
1711,"renkalvar, under 1 år",conventional,0.0
1711,rentjur (inkl. renoxe),conventional,0.0
1712,vajor,conventional,0.0
1712,"renkalvar, under 1 år",conventional,0.0
1712,rentjur (inkl. renoxe),conventional,0.0
1713,vajor,conventional,0.0
1713,"renkalvar, under 1 år",conventional,0.0
1713,rentjur (inkl. renoxe),conventional,0.0
1721,vajor,conventional,0.0
1721,"renkalvar, under 1 år",conventional,0.0
1721,rentjur (inkl. renoxe),conventional,0.0
1722,vajor,conventional,0.0
1722,"renkalvar, under 1 år",conventional,0.0
1722,rentjur (inkl. renoxe),conventional,0.0
1723,vajor,conventional,0.0
1723,"renkalvar, under 1 år",conventional,0.0
1723,rentjur (inkl. renoxe),conventional,0.0
1724,vajor,conventional,0.0
1724,"renkalvar, under 1 år",conventional,0.0
1724,rentjur (inkl. renoxe),conventional,0.0
1811,vajor,conventional,0.0
1811,"renkalvar, under 1 år",conventional,0.0
1811,rentjur (inkl. renoxe),conventional,0.0
1812,vajor,conventional,0.0
1812,"renkalvar, under 1 år",conventional,0.0
1812,rentjur (inkl. renoxe),conventional,0.0
1813,vajor,conventional,0.0
1813,"renkalvar, under 1 år",conventional,0.0
1813,rentjur (inkl. renoxe),conventional,0.0
1821,vajor,conventional,0.0
1821,"renkalvar, under 1 år",conventional,0.0
1821,rentjur (inkl. renoxe),conventional,0.0
1911,vajor,conventional,0.0
1911,"renkalvar, under 1 år",conventional,0.0
1911,rentjur (inkl. renoxe),conventional,0.0
1912,vajor,conventional,0.0
1912,"renkalvar, under 1 år",conventional,0.0
1912,rentjur (inkl. renoxe),conventional,0.0
1921,vajor,conventional,0.0
1921,"renkalvar, under 1 år",conventional,0.0
1921,rentjur (inkl. renoxe),conventional,0.0
1922,vajor,conventional,0.0
1922,"renkalvar, under 1 år",conventional,0.0
1922,rentjur (inkl. renoxe),conventional,0.0
2011,vajor,conventional,0.0
2011,"renkalvar, under 1 år",conventional,0.0
2011,rentjur (inkl. renoxe),conventional,0.0
2012,vajor,conventional,0.0
2012,"renkalvar, under 1 år",conventional,0.0
2012,rentjur (inkl. renoxe),conventional,0.0
2019,vajor,conventional,9.491301766142787
2019,"renkalvar, under 1 år",conventional,2.44879910014025
2019,rentjur (inkl. renoxe),conventional,0.7979789019873648
2111,vajor,conventional,0.0
2111,"renkalvar, under 1 år",conventional,0.0
2111,rentjur (inkl. renoxe),conventional,0.0
2121,vajor,conventional,0.0
2121,"renkalvar, under 1 år",conventional,0.0
2121,rentjur (inkl. renoxe),conventional,0.0
2122,vajor,conventional,0.0
2122,"renkalvar, under 1 år",conventional,0.0
2122,rentjur (inkl. renoxe),conventional,0.0
2211,vajor,conventional,84.65839991364223
2211,"renkalvar, under 1 år",conventional,22.2064236401526
2211,rentjur (inkl. renoxe),conventional,7.293386518726794
2212,vajor,conventional,0.0
2212,"renkalvar, under 1 år",conventional,0.0
2212,rentjur (inkl. renoxe),conventional,0.0
2221,vajor,conventional,0.0
2221,"renkalvar, under 1 år",conventional,0.0
2221,rentjur (inkl. renoxe),conventional,0.0
2311,vajor,conventional,5798.680838544122
2311,"renkalvar, under 1 år",conventional,1496.0860764200609
2311,rentjur (inkl. renoxe),conventional,487.52268998787605
2312,vajor,conventional,7184.127334039247
2312,"renkalvar, under 1 år",conventional,1853.5427564556996
2312,rentjur (inkl. renoxe),conventional,604.0062651955407
2319,vajor,conventional,15443.928239030676
2319,"renkalvar, under 1 år",conventional,3984.845136103598
2319,rentjur (inkl. renoxe),conventional,1298.5609799867927
2331,vajor,conventional,6644.99891237013
2331,"renkalvar, under 1 år",conventional,1714.4399954799746
2331,rentjur (inkl. renoxe),conventional,558.6766774938698
2411,vajor,conventional,1872.4190199274801
2411,"renkalvar, under 1 år",conventional,610.9240614833038
2411,rentjur (inkl. renoxe),conventional,219.1157475854692
2412,vajor,conventional,649.6891699176341
2412,"renkalvar, under 1 år",conventional,211.97752328064362
2412,rentjur (inkl. renoxe),conventional,76.02845658457309
2413,vajor,conventional,1720.7858372200506
2413,"renkalvar, under 1 år",conventional,561.4499005987116
2413,rentjur (inkl. renoxe),conventional,201.37120545355404
2414,vajor,conventional,6367.024759463136
2414,"renkalvar, under 1 år",conventional,2077.7867474950876
2414,rentjur (inkl. renoxe),conventional,745.1864549933854
2415,vajor,conventional,12650.829841524936
2415,"renkalvar, under 1 år",conventional,4123.282036522336
2415,rentjur (inkl. renoxe),conventional,1478.3261814453647
2419,vajor,conventional,10436.723939324263
2419,"renkalvar, under 1 år",conventional,3400.368405357678
2419,rentjur (inkl. renoxe),conventional,1218.9812738924093
2511,vajor,conventional,8323.054263811755
2511,"renkalvar, under 1 år",conventional,3184.9287632691626
2511,rentjur (inkl. renoxe),conventional,1095.366958309451
2512,vajor,conventional,9864.195393746279
2512,"renkalvar, under 1 år",conventional,3775.8820808315386
2512,rentjur (inkl. renoxe),conventional,1298.505159253352
2519,vajor,conventional,61544.15907827853
2519,"renkalvar, under 1 år",conventional,23550.237604463488
2519,rentjur (inkl. renoxe),conventional,8099.483516412797
2521,vajor,conventional,19666.63367112199
2521,"renkalvar, under 1 år",conventional,7403.993689498428
2521,rentjur (inkl. renoxe),conventional,2556.7770679848513
111,kor för mjölkproduktion,organic,175.92767259187409
111,kor för uppfödning av kalvar,organic,385.42240664323043
111,"kvigor, tjurar och stutar",organic,348.11986990692895
111,"kalvar, under 1 år",organic,316.31677829806256
111,baggar och tackor,organic,674.314742395144
111,lamm,organic,738.9930178549741
111,galtar för avel,organic,0.23581915245570628
111,suggor för avel,organic,5.435951663708444
111,"slaktgrisar, 20 kg och däröver",organic,30.426390225606372
111,"smågrisar, under 20 kg",organic,18.54655934534892
111,höns,organic,2794.479833900704
111,värpkycklingar,organic,0.0
111,slaktkycklingar,organic,0.0
111,kalkoner,organic,0.0
111,hästar,organic,
112,kor för mjölkproduktion,organic,182.6322983558919
112,kor för uppfödning av kalvar,organic,434.2377748674571
112,"kvigor, tjurar och stutar",organic,462.3121726087416
112,"kalvar, under 1 år",organic,423.99499078011024
112,baggar och tackor,organic,721.5248037911708
112,lamm,organic,789.4925913213563
112,galtar för avel,organic,0.41434188904667196
112,suggor för avel,organic,9.9160451719852
112,"slaktgrisar, 20 kg och däröver",organic,146.5181821066883
112,"smågrisar, under 20 kg",organic,9.874879513962023
112,höns,organic,1224.1132017817336
112,värpkycklingar,organic,19.429804222056397
112,slaktkycklingar,organic,0.0
112,kalkoner,organic,0.0
112,hästar,organic,
311,kor för mjölkproduktion,organic,858.9117887525715
311,kor för uppfödning av kalvar,organic,652.2140529511491
311,"kvigor, tjurar och stutar",organic,1137.8464853512673
311,"kalvar, under 1 år",organic,1096.4832844096609
311,baggar och tackor,organic,982.3042022174499
311,lamm,organic,1029.9699132093644
311,galtar för avel,organic,0.3558496881072937
311,suggor för avel,organic,8.846855616173153
311,"slaktgrisar, 20 kg och däröver",organic,28.996480952077228
311,"smågrisar, under 20 kg",organic,10.56230230545985
311,höns,organic,1156.7070899012472
311,värpkycklingar,organic,4541.651507062399
311,slaktkycklingar,organic,1.7389583566891196
311,kalkoner,organic,0.0
311,hästar,organic,
312,kor för mjölkproduktion,organic,473.9673826609431
312,kor för uppfödning av kalvar,organic,528.4174025279056
312,"kvigor, tjurar och stutar",organic,814.3927716896571
312,"kalvar, under 1 år",organic,734.8773701967032
312,baggar och tackor,organic,540.3462937281746
312,lamm,organic,556.9964199886994
312,galtar för avel,organic,0.34218903853769717
312,suggor för avel,organic,9.52202027377257
312,"slaktgrisar, 20 kg och däröver",organic,22.663744679648982
312,"smågrisar, under 20 kg",organic,17.448599219267724
312,höns,organic,881.5524907470318
312,värpkycklingar,organic,2047.4983208015472
312,slaktkycklingar,organic,0.0
312,kalkoner,organic,0.0
312,hästar,organic,
321,kor för mjölkproduktion,organic,189.11416129399723
321,kor för uppfödning av kalvar,organic,493.1933248220652
321,"kvigor, tjurar och stutar",organic,439.99204751064195
321,"kalvar, under 1 år",organic,654.2222115154573
321,baggar och tackor,organic,506.8374806383576
321,lamm,organic,453.1113364984404
321,galtar för avel,organic,0.7357747784503105
321,suggor för avel,organic,26.527673731786532
321,"slaktgrisar, 20 kg och däröver",organic,156.46854840202462
321,"smågrisar, under 20 kg",organic,44.908894680443055
321,höns,organic,9869.201795890209
321,värpkycklingar,organic,0.0
321,slaktkycklingar,organic,46.57122929383842
321,kalkoner,organic,0.0
321,hästar,organic,
322,kor för mjölkproduktion,organic,180.57842754899724
322,kor för uppfödning av kalvar,organic,318.08588712869977
322,"kvigor, tjurar och stutar",organic,409.6428095612153
322,"kalvar, under 1 år",organic,360.3644654495002
322,baggar och tackor,organic,308.5123266199217
322,lamm,organic,327.4442669061799
322,galtar för avel,organic,0.25072092700219817
322,suggor för avel,organic,7.233903747559346
322,"slaktgrisar, 20 kg och däröver",organic,46.130084233544736
322,"smågrisar, under 20 kg",organic,13.482213290826484
322,höns,organic,365.57690560275006
322,värpkycklingar,organic,66.39781367823157
322,slaktkycklingar,organic,0.0
322,kalkoner,organic,0.0
322,hästar,organic,
411,kor för mjölkproduktion,organic,669.024141526265
411,kor för uppfödning av kalvar,organic,801.8038434476871
411,"kvigor, tjurar och stutar",organic,1163.0158349236242
411,"kalvar, under 1 år",organic,1215.1171305694095
411,baggar och tackor,organic,921.5543266892554
411,lamm,organic,981.3599260866962
411,galtar för avel,organic,0.7740027807131796
411,suggor för avel,organic,58.40543095264805
411,"slaktgrisar, 20 kg och däröver",organic,413.5996458411016
411,"smågrisar, under 20 kg",organic,154.6028116935489
411,höns,organic,14686.502590363383
411,värpkycklingar,organic,3609.353048355157
411,slaktkycklingar,organic,7192.105537930256
411,kalkoner,organic,0.0
411,hästar,organic,
421,kor för mjölkproduktion,organic,385.33891089178314
421,kor för uppfödning av kalvar,organic,708.4316802944356
421,"kvigor, tjurar och stutar",organic,766.0266474289002
421,"kalvar, under 1 år",organic,859.8748008413397
421,baggar och tackor,organic,743.9446036345365
421,lamm,organic,765.9634211391635
421,galtar för avel,organic,0.24635094773940452
421,suggor för avel,organic,8.254491774166828
421,"slaktgrisar, 20 kg och däröver",organic,61.01878334118028
421,"smågrisar, under 20 kg",organic,22.21433553424283
421,höns,organic,13245.010473138971
421,värpkycklingar,organic,1802.8577388511442
421,slaktkycklingar,organic,5082.966258433508
421,kalkoner,organic,0.0
421,hästar,organic,
422,kor för mjölkproduktion,organic,148.54783703145935
422,kor för uppfödning av kalvar,organic,450.13049308049807
422,"kvigor, tjurar och stutar",organic,340.4655669080096
422,"kalvar, under 1 år",organic,387.74747272686386
422,baggar och tackor,organic,704.1412845784087
422,lamm,organic,738.3532208886759
422,galtar för avel,organic,0.24093533719481716
422,suggor för avel,organic,5.001357249796918
422,"slaktgrisar, 20 kg och däröver",organic,36.47522357566579
422,"smågrisar, under 20 kg",organic,21.58911678389581
422,höns,organic,615.5752525726076
422,värpkycklingar,organic,0.0
422,slaktkycklingar,organic,3656.585476900644
422,kalkoner,organic,0.0
422,hästar,organic,
431,kor för mjölkproduktion,organic,667.705806497919
431,kor för uppfödning av kalvar,organic,1039.7714688850317
431,"kvigor, tjurar och stutar",organic,1200.673161829783
431,"kalvar, under 1 år",organic,1241.923095501446
431,baggar och tackor,organic,1037.4779521130104
431,lamm,organic,979.4171947822151
431,galtar för avel,organic,1.0160805428155748
431,suggor för avel,organic,54.951645687543056
431,"slaktgrisar, 20 kg och däröver",organic,383.6418096337846
431,"smågrisar, under 20 kg",organic,143.03834735967234
431,höns,organic,16871.014671847173
431,värpkycklingar,organic,9505.179742010108
431,slaktkycklingar,organic,8818.998476352503
431,kalkoner,organic,0.0
431,hästar,organic,
511,kor för mjölkproduktion,organic,967.8240163966245
511,kor för uppfödning av kalvar,organic,1302.0916919315
511,"kvigor, tjurar och stutar",organic,1719.7192682267057
511,"kalvar, under 1 år",organic,1656.547584518173
511,baggar och tackor,organic,1301.893460305492
511,lamm,organic,1173.4877492698622
511,galtar för avel,organic,0.6017023032002947
511,suggor för avel,organic,32.34765061828638
511,"slaktgrisar, 20 kg och däröver",organic,140.6119250603149
511,"smågrisar, under 20 kg",organic,77.71673354511084
511,höns,organic,58637.66639700676
511,värpkycklingar,organic,5167.335619787373
511,slaktkycklingar,organic,105.88586008709403
511,kalkoner,organic,0.0
511,hästar,organic,
512,kor för mjölkproduktion,organic,1210.369089671157
512,kor för uppfödning av kalvar,organic,1290.9767350675572
512,"kvigor, tjurar och stutar",organic,2020.9577267479394
512,"kalvar, under 1 år",organic,1739.8465738638888
512,baggar och tackor,organic,905.7948408594574
512,lamm,organic,882.3402424083976
512,galtar för avel,organic,0.3366653955594798
512,suggor för avel,organic,5.667997580738826
512,"slaktgrisar, 20 kg och däröver",organic,57.27305319419913
512,"smågrisar, under 20 kg",organic,12.754844773546177
512,höns,organic,16661.38344344536
512,värpkycklingar,organic,5569.27246620558
512,slaktkycklingar,organic,339.3692858222696
512,kalkoner,organic,0.0
512,hästar,organic,
513,kor för mjölkproduktion,organic,427.60088483011566
513,kor för uppfödning av kalvar,organic,996.8871841770856
513,"kvigor, tjurar och stutar",organic,1076.525713087131
513,"kalvar, under 1 år",organic,1491.6064778777084
513,baggar och tackor,organic,590.0215531502374
513,lamm,organic,596.6649808248015
513,galtar för avel,organic,2.01476630514135
513,suggor för avel,organic,137.4834562367349
513,"slaktgrisar, 20 kg och däröver",organic,1000.7335239325529
513,"smågrisar, under 20 kg",organic,255.95287768173225
513,höns,organic,107263.02256593558
513,värpkycklingar,organic,16212.090976859581
513,slaktkycklingar,organic,3364.429078560271
513,kalkoner,organic,0.0
513,hästar,organic,
514,kor för mjölkproduktion,organic,1667.0000447436423
514,kor för uppfödning av kalvar,organic,1378.6273944227808
514,"kvigor, tjurar och stutar",organic,2267.2297214171012
514,"kalvar, under 1 år",organic,2538.1048957513804
514,baggar och tackor,organic,1058.489692575987
514,lamm,organic,1108.5521702058659
514,galtar för avel,organic,1.21837335407699
514,suggor för avel,organic,56.46342546765624
514,"slaktgrisar, 20 kg och däröver",organic,442.5940581135193
514,"smågrisar, under 20 kg",organic,122.20517751649798
514,höns,organic,109443.31077275243
514,värpkycklingar,organic,32831.57706538158
514,slaktkycklingar,organic,1429.5076893462508
514,kalkoner,organic,0.0
514,hästar,organic,
515,kor för mjölkproduktion,organic,982.406820738458
515,kor för uppfödning av kalvar,organic,1592.227257298771
515,"kvigor, tjurar och stutar",organic,1848.362468175421
515,"kalvar, under 1 år",organic,1824.3618900720533
515,baggar och tackor,organic,1292.9136019204177
515,lamm,organic,1077.8465505712088
515,galtar för avel,organic,0.7344090795002962
515,suggor för avel,organic,24.168364505256008
515,"slaktgrisar, 20 kg och däröver",organic,168.11283439914834
515,"smågrisar, under 20 kg",organic,110.02680473173007
515,höns,organic,41040.467133662525
515,värpkycklingar,organic,63.99198902797679
515,slaktkycklingar,organic,3219.8026115982907
515,kalkoner,organic,0.0
515,hästar,organic,
521,kor för mjölkproduktion,organic,582.9984269735176
521,kor för uppfödning av kalvar,organic,894.356727899681
521,"kvigor, tjurar och stutar",organic,992.6104903602197
521,"kalvar, under 1 år",organic,1070.8996150188086
521,baggar och tackor,organic,795.9472924813903
521,lamm,organic,812.9066687665952
521,galtar för avel,organic,0.35721350081088427
521,suggor för avel,organic,14.419357598703321
521,"slaktgrisar, 20 kg och däröver",organic,179.04112986959495
521,"smågrisar, under 20 kg",organic,47.06962695962392
521,höns,organic,26883.862654925597
521,värpkycklingar,organic,3658.908174332043
521,slaktkycklingar,organic,2372.7642525551532
521,kalkoner,organic,0.0
521,hästar,organic,
611,kor för mjölkproduktion,organic,721.2139301340123
611,kor för uppfödning av kalvar,organic,941.2059114526808
611,"kvigor, tjurar och stutar",organic,1475.1015584499496
611,"kalvar, under 1 år",organic,1233.8506448440157
611,baggar och tackor,organic,498.5626661091413
611,lamm,organic,567.8679342829666
611,galtar för avel,organic,3.2413011703079375
611,suggor för avel,organic,1.890105416018456
611,"slaktgrisar, 20 kg och däröver",organic,19.23270605930963
611,"smågrisar, under 20 kg",organic,4.788441921817932
611,höns,organic,2423.590493412702
611,värpkycklingar,organic,0.0
611,slaktkycklingar,organic,0.0
611,kalkoner,organic,0.0
611,hästar,organic,
612,kor för mjölkproduktion,organic,1143.1485499305882
612,kor för uppfödning av kalvar,organic,1370.2698831239998
612,"kvigor, tjurar och stutar",organic,2074.6448071070763
612,"kalvar, under 1 år",organic,1917.9734116581624
612,baggar och tackor,organic,555.0334290992541
612,lamm,organic,637.085545897976
612,galtar för avel,organic,10.631368332286003
612,suggor för avel,organic,11.403628334878096
612,"slaktgrisar, 20 kg och däröver",organic,39.2158005457898
612,"smågrisar, under 20 kg",organic,21.9484758018583
612,höns,organic,8722.874588424775
612,värpkycklingar,organic,46.36774274883729
612,slaktkycklingar,organic,48.10703040183885
612,kalkoner,organic,0.0
612,hästar,organic,
621,kor för mjölkproduktion,organic,801.0040924790953
621,kor för uppfödning av kalvar,organic,1185.5377229790156
621,"kvigor, tjurar och stutar",organic,1427.6861308591858
621,"kalvar, under 1 år",organic,1428.016372403303
621,baggar och tackor,organic,579.3242474706816
621,lamm,organic,535.844666507098
621,galtar för avel,organic,0.9049979746353741
621,suggor för avel,organic,36.05514435603371
621,"slaktgrisar, 20 kg och däröver",organic,67.38840773325316
621,"smågrisar, under 20 kg",organic,76.90940501279273
621,höns,organic,22944.081510238204
621,värpkycklingar,organic,23.897500772885845
621,slaktkycklingar,organic,0.0
621,kalkoner,organic,0.0
621,hästar,organic,
622,kor för mjölkproduktion,organic,1670.2486045136895
622,kor för uppfödning av kalvar,organic,2177.858648483778
622,"kvigor, tjurar och stutar",organic,2817.6519342486254
622,"kalvar, under 1 år",organic,2730.3648278911496
622,baggar och tackor,organic,989.414150309403
622,lamm,organic,1121.7736448644919
622,galtar för avel,organic,0.27235291810595313
622,suggor för avel,organic,5.358702938514678
622,"slaktgrisar, 20 kg och däröver",organic,40.00311508114317
622,"smågrisar, under 20 kg",organic,24.250258916283922
622,höns,organic,3770.088724200265
622,värpkycklingar,organic,0.0
622,slaktkycklingar,organic,0.45266071590071916
622,kalkoner,organic,0.0
622,hästar,organic,
711,kor för mjölkproduktion,organic,610.2714244960702
711,kor för uppfödning av kalvar,organic,735.7780003505259
711,"kvigor, tjurar och stutar",organic,1163.2560223088033
711,"kalvar, under 1 år",organic,1088.606154140965
711,baggar och tackor,organic,561.4584093653343
711,lamm,organic,595.2549165103757
711,galtar för avel,organic,0.2880276949953416
711,suggor för avel,organic,5.924067865231621
711,"slaktgrisar, 20 kg och däröver",organic,57.20880849416793
711,"smågrisar, under 20 kg",organic,11.609388372484458
711,höns,organic,8489.923243186853
711,värpkycklingar,organic,0.0
711,slaktkycklingar,organic,2218.9019010238126
711,kalkoner,organic,0.0
711,hästar,organic,
731,kor för mjölkproduktion,organic,283.0368164082696
731,kor för uppfödning av kalvar,organic,708.316349978764
731,"kvigor, tjurar och stutar",organic,680.9520197502188
731,"kalvar, under 1 år",organic,666.5456135767947
731,baggar och tackor,organic,440.52505219395306
731,lamm,organic,407.4764373148749
731,galtar för avel,organic,0.3726627244185871
731,suggor för avel,organic,12.659540158591936
731,"slaktgrisar, 20 kg och däröver",organic,102.51927236534242
731,"smågrisar, under 20 kg",organic,35.41961362342282
731,höns,organic,6663.072318267263
731,värpkycklingar,organic,229.25751092296778
731,slaktkycklingar,organic,1928.2917869040934
731,kalkoner,organic,0.0
731,hästar,organic,
811,kor för mjölkproduktion,organic,919.4037968180193
811,kor för uppfödning av kalvar,organic,523.4927088726412
811,"kvigor, tjurar och stutar",organic,1484.2844568214603
811,"kalvar, under 1 år",organic,1367.9310218187313
811,baggar och tackor,organic,396.9551348056214
811,lamm,organic,417.0847727798041
811,galtar för avel,organic,0.47133755670599053
811,suggor för avel,organic,40.25290281399177
811,"slaktgrisar, 20 kg och däröver",organic,375.38593950110146
811,"smågrisar, under 20 kg",organic,161.96085668656892
811,höns,organic,11058.147398710924
811,värpkycklingar,organic,5218.875540310627
811,slaktkycklingar,organic,9915.498820012992
811,kalkoner,organic,0.0
811,hästar,organic,
812,kor för mjölkproduktion,organic,1197.6819109797448
812,kor för uppfödning av kalvar,organic,412.82856680352626
812,"kvigor, tjurar och stutar",organic,1423.2729634308537
812,"kalvar, under 1 år",organic,1350.0433384239439
812,baggar och tackor,organic,510.39254153733185
812,lamm,organic,571.3773660534889
812,galtar för avel,organic,0.4562546138213245
812,suggor för avel,organic,11.20140326422548
812,"slaktgrisar, 20 kg och däröver",organic,61.20551723858372
812,"smågrisar, under 20 kg",organic,26.62604439915138
812,höns,organic,2691.74431195754
812,värpkycklingar,organic,1734.4987560330865
812,slaktkycklingar,organic,728.0584446639263
812,kalkoner,organic,0.0
812,hästar,organic,
813,kor för mjölkproduktion,organic,328.96119143330696
813,kor för uppfödning av kalvar,organic,401.2701689951885
813,"kvigor, tjurar och stutar",organic,649.560333495945
813,"kalvar, under 1 år",organic,613.6624682941085
813,baggar och tackor,organic,293.45232115037976
813,lamm,organic,293.815239603257
813,galtar för avel,organic,0.3455444861440132
813,suggor för avel,organic,24.916969572100662
813,"slaktgrisar, 20 kg och däröver",organic,66.09224438180404
813,"smågrisar, under 20 kg",organic,25.154838106299668
813,höns,organic,125734.13985050023
813,värpkycklingar,organic,47412.34046657319
813,slaktkycklingar,organic,2994.8624845327845
813,kalkoner,organic,0.0
813,hästar,organic,
814,kor för mjölkproduktion,organic,504.68104438071623
814,kor för uppfödning av kalvar,organic,547.7291207335807
814,"kvigor, tjurar och stutar",organic,763.460940136762
814,"kalvar, under 1 år",organic,769.5989162953978
814,baggar och tackor,organic,346.11549136866535
814,lamm,organic,348.901012799011
814,galtar för avel,organic,0.05450788149952193
814,suggor för avel,organic,2.161973174183385
814,"slaktgrisar, 20 kg och däröver",organic,24.423762697938603
814,"smågrisar, under 20 kg",organic,5.11323048521963
814,höns,organic,1758.7907710286015
814,värpkycklingar,organic,531.6750437819059
814,slaktkycklingar,organic,1636.993971930916
814,kalkoner,organic,0.0
814,hästar,organic,
821,kor för mjölkproduktion,organic,1008.9990687470151
821,kor för uppfödning av kalvar,organic,1289.8219013301884
821,"kvigor, tjurar och stutar",organic,1587.48030086023
821,"kalvar, under 1 år",organic,1534.2956430056272
821,baggar och tackor,organic,1092.2321529879903
821,lamm,organic,1180.6964255862188
821,galtar för avel,organic,0.6457368324247441
821,suggor för avel,organic,25.814584357171178
821,"slaktgrisar, 20 kg och däröver",organic,149.8941235319857
821,"smågrisar, under 20 kg",organic,67.40370681751072
821,höns,organic,511.28148007485345
821,värpkycklingar,organic,0.0
821,slaktkycklingar,organic,2349.570792957639
821,kalkoner,organic,0.0
821,hästar,organic,
831,kor för mjölkproduktion,organic,411.40851163207594
831,kor för uppfödning av kalvar,organic,846.4485431960844
831,"kvigor, tjurar och stutar",organic,1009.3843493228294
831,"kalvar, under 1 år",organic,926.5017608701809
831,baggar och tackor,organic,770.4414546350447
831,lamm,organic,771.90300949255
831,galtar för avel,organic,0.16642744117724803
831,suggor för avel,organic,8.196855050475559
831,"slaktgrisar, 20 kg och däröver",organic,53.54718199559842
831,"smågrisar, under 20 kg",organic,11.591743150354924
831,höns,organic,13062.834499066721
831,värpkycklingar,organic,1535.9074848056737
831,slaktkycklingar,organic,4987.702597470306
831,kalkoner,organic,0.0
831,hästar,organic,
911,kor för mjölkproduktion,organic,553.1074556423233
911,kor för uppfödning av kalvar,organic,384.03088720167113
911,"kvigor, tjurar och stutar",organic,902.0092261822754
911,"kalvar, under 1 år",organic,840.3936318291488
911,baggar och tackor,organic,1487.5276048197718
911,lamm,organic,1658.9946964914604
911,galtar för avel,organic,0.29976616459709404
911,suggor för avel,organic,21.949441877597142
911,"slaktgrisar, 20 kg och däröver",organic,158.83471698947628
911,"smågrisar, under 20 kg",organic,58.13071716730784
911,höns,organic,6953.958036758388
911,värpkycklingar,organic,2215.72848716201
911,slaktkycklingar,organic,54.20505375113572
911,kalkoner,organic,0.0
911,hästar,organic,
912,kor för mjölkproduktion,organic,1114.3493223424568
912,kor för uppfödning av kalvar,organic,773.7096192543327
912,"kvigor, tjurar och stutar",organic,1817.2840732648926
912,"kalvar, under 1 år",organic,1693.146719640907
912,baggar och tackor,organic,2996.9319008213542
912,lamm,organic,3342.3878071903678
912,galtar för avel,organic,0.5800555998715143
912,suggor för avel,organic,42.47276103447859
912,"slaktgrisar, 20 kg och däröver",organic,307.34945409061027
912,"smågrisar, under 20 kg",organic,112.48450292168486
912,höns,organic,13456.096040441274
912,värpkycklingar,organic,4287.494282420499
912,slaktkycklingar,organic,103.08086361723898
912,kalkoner,organic,0.0
912,hästar,organic,
913,kor för mjölkproduktion,organic,624.9032625948748
913,kor för uppfödning av kalvar,organic,433.8798038273368
913,"kvigor, tjurar och stutar",organic,1019.0940342277512
913,"kalvar, under 1 år",organic,949.4804617741368
913,baggar och tackor,organic,1680.6153017270697
913,lamm,organic,1874.3395842697068
913,galtar för avel,organic,0.40512746193093185
913,suggor för avel,organic,29.66419405813634
913,"slaktgrisar, 20 kg och däröver",organic,214.66167086252995
913,"smågrisar, under 20 kg",organic,78.56240192374457
913,höns,organic,9398.123279165582
913,värpkycklingar,organic,2994.5089351178576
913,slaktkycklingar,organic,72.55887746911513
913,kalkoner,organic,0.0
913,hästar,organic,
1011,kor för mjölkproduktion,organic,241.0043387759669
1011,kor för uppfödning av kalvar,organic,662.1823025338533
1011,"kvigor, tjurar och stutar",organic,622.2614453075244
1011,"kalvar, under 1 år",organic,606.5521759164815
1011,baggar och tackor,organic,610.3266380077106
1011,lamm,organic,589.326008314183
1011,galtar för avel,organic,0.3166484762529814
1011,suggor för avel,organic,16.643454185931592
1011,"slaktgrisar, 20 kg och däröver",organic,188.55551412504155
1011,"smågrisar, under 20 kg",organic,55.70432504236058
1011,höns,organic,2917.21660677559
1011,värpkycklingar,organic,1664.4893974551271
1011,slaktkycklingar,organic,6218.179103777806
1011,kalkoner,organic,0.0
1011,hästar,organic,
1111,kor för mjölkproduktion,organic,369.81804219951346
1111,kor för uppfödning av kalvar,organic,745.9341745990981
1111,"kvigor, tjurar och stutar",organic,773.6309702783502
1111,"kalvar, under 1 år",organic,755.6053479095975
1111,baggar och tackor,organic,272.3760780204127
1111,lamm,organic,306.7584518937761
1111,galtar för avel,organic,0.8190660990382157
1111,suggor för avel,organic,61.21594070809873
1111,"slaktgrisar, 20 kg och däröver",organic,378.63129676265
1111,"smågrisar, under 20 kg",organic,178.73317665783682
1111,höns,organic,554.0286101271537
1111,värpkycklingar,organic,708.182397463853
1111,slaktkycklingar,organic,849.4014679122654
1111,kalkoner,organic,0.2887562170915452
1111,hästar,organic,
1112,kor för mjölkproduktion,organic,413.5470587741555
1112,kor för uppfödning av kalvar,organic,823.7889882854828
1112,"kvigor, tjurar och stutar",organic,872.9589521213613
1112,"kalvar, under 1 år",organic,871.9860307592177
1112,baggar och tackor,organic,238.74636708684048
1112,lamm,organic,282.66156182833834
1112,galtar för avel,organic,0.6821787741969012
1112,suggor för avel,organic,40.54709162670583
1112,"slaktgrisar, 20 kg och däröver",organic,313.72804481415915
1112,"smågrisar, under 20 kg",organic,123.00713884308757
1112,höns,organic,3661.5900918922434
1112,värpkycklingar,organic,143.61054494651455
1112,slaktkycklingar,organic,173.4476350557021
1112,kalkoner,organic,0.0
1112,hästar,organic,
1121,kor för mjölkproduktion,organic,340.4106248267721
1121,kor för uppfödning av kalvar,organic,653.4565106774635
1121,"kvigor, tjurar och stutar",organic,716.9433261867462
1121,"kalvar, under 1 år",organic,731.4486480034254
1121,baggar och tackor,organic,374.9053967723774
1121,lamm,organic,404.15670665825303
1121,galtar för avel,organic,0.7275485159942553
1121,suggor för avel,organic,50.486292990606735
1121,"slaktgrisar, 20 kg och däröver",organic,225.8462389977733
1121,"smågrisar, under 20 kg",organic,113.95079801619073
1121,höns,organic,4612.62815666442
1121,värpkycklingar,organic,135.2580467788055
1121,slaktkycklingar,organic,1727.4316993307957
1121,kalkoner,organic,60.483604476908035
1121,hästar,organic,
1122,kor för mjölkproduktion,organic,511.4501137569864
1122,kor för uppfödning av kalvar,organic,751.0290285329972
1122,"kvigor, tjurar och stutar",organic,1086.4204247575146
1122,"kalvar, under 1 år",organic,1088.528216232593
1122,baggar och tackor,organic,390.709274014968
1122,lamm,organic,407.2609954138975
1122,galtar för avel,organic,0.6268940584637256
1122,suggor för avel,organic,33.171827167859504
1122,"slaktgrisar, 20 kg och däröver",organic,241.13426697826657
1122,"smågrisar, under 20 kg",organic,90.5139049644085
1122,höns,organic,4020.700805988447
1122,värpkycklingar,organic,1.197829651163267
1122,slaktkycklingar,organic,1218.7807260060106
1122,kalkoner,organic,45.91115057077144
1122,hästar,organic,
1123,kor för mjölkproduktion,organic,233.51949167894773
1123,kor för uppfödning av kalvar,organic,290.7011471514553
1123,"kvigor, tjurar och stutar",organic,327.37306724984643
1123,"kalvar, under 1 år",organic,352.42575967768585
1123,baggar och tackor,organic,160.30151932134777
1123,lamm,organic,158.50522951957265
1123,galtar för avel,organic,0.3657799526412326
1123,suggor för avel,organic,14.165909414987855
1123,"slaktgrisar, 20 kg och däröver",organic,133.65470193264457
1123,"smågrisar, under 20 kg",organic,37.24614143309326
1123,höns,organic,10728.743511782353
1123,värpkycklingar,organic,1350.5366798841774
1123,slaktkycklingar,organic,1446.5029307614238
1123,kalkoner,organic,0.0
1123,hästar,organic,
1124,kor för mjölkproduktion,organic,290.28548516535704
1124,kor för uppfödning av kalvar,organic,453.1992131341361
1124,"kvigor, tjurar och stutar",organic,480.8799750223814
1124,"kalvar, under 1 år",organic,546.1483748930251
1124,baggar och tackor,organic,266.0988487314469
1124,lamm,organic,315.8205381768155
1124,galtar för avel,organic,0.2878241911962812
1124,suggor för avel,organic,10.405462853337475
1124,"slaktgrisar, 20 kg och däröver",organic,66.5957165327308
1124,"smågrisar, under 20 kg",organic,19.535934082567042
1124,höns,organic,2851.9426637512693
1124,värpkycklingar,organic,425.28393154493597
1124,slaktkycklingar,organic,647.4763267766048
1124,kalkoner,organic,0.0
1124,hästar,organic,
1131,kor för mjölkproduktion,organic,300.3689970081659
1131,kor för uppfödning av kalvar,organic,608.340160403931
1131,"kvigor, tjurar och stutar",organic,611.5007225242063
1131,"kalvar, under 1 år",organic,626.2314815931599
1131,baggar och tackor,organic,291.0341997606985
1131,lamm,organic,339.13520791900373
1131,galtar för avel,organic,0.6450016828679066
1131,suggor för avel,organic,22.673892265585497
1131,"slaktgrisar, 20 kg och däröver",organic,111.63702491443983
1131,"smågrisar, under 20 kg",organic,51.884317695132694
1131,höns,organic,19790.370688289633
1131,värpkycklingar,organic,7.881208893547168
1131,slaktkycklingar,organic,280.02460296891775
1131,kalkoner,organic,0.0
1131,hästar,organic,
1211,kor för mjölkproduktion,organic,30.868081011047202
1211,kor för uppfödning av kalvar,organic,115.09024381672401
1211,"kvigor, tjurar och stutar",organic,69.35725816253306
1211,"kalvar, under 1 år",organic,102.6724028446277
1211,baggar och tackor,organic,297.44522213785035
1211,lamm,organic,398.57815033905814
1211,galtar för avel,organic,0.3102611836030334
1211,suggor för avel,organic,34.878175486299845
1211,"slaktgrisar, 20 kg och däröver",organic,84.82409498723702
1211,"smågrisar, under 20 kg",organic,72.5741640806784
1211,höns,organic,2609.2622431668306
1211,värpkycklingar,organic,48.76068174507711
1211,slaktkycklingar,organic,0.08480649283757873
1211,kalkoner,organic,0.0
1211,hästar,organic,
1212,kor för mjölkproduktion,organic,69.54040857753525
1212,kor för uppfödning av kalvar,organic,254.3877263724007
1212,"kvigor, tjurar och stutar",organic,188.4065032078406
1212,"kalvar, under 1 år",organic,235.79009652415195
1212,baggar och tackor,organic,126.72509909811103
1212,lamm,organic,146.67373996216742
1212,galtar för avel,organic,0.28775638988107305
1212,suggor för avel,organic,23.60413553130883
1212,"slaktgrisar, 20 kg och däröver",organic,85.47968792915182
1212,"smågrisar, under 20 kg",organic,51.7784586401104
1212,höns,organic,8955.038081590294
1212,värpkycklingar,organic,5283.313818009002
1212,slaktkycklingar,organic,202.90893532077123
1212,kalkoner,organic,0.0
1212,hästar,organic,
1213,kor för mjölkproduktion,organic,167.66719400555945
1213,kor för uppfödning av kalvar,organic,493.4150399556135
1213,"kvigor, tjurar och stutar",organic,437.0901145912928
1213,"kalvar, under 1 år",organic,425.79010811656144
1213,baggar och tackor,organic,219.1688705371738
1213,lamm,organic,239.6460807405049
1213,galtar för avel,organic,0.19240286032948853
1213,suggor för avel,organic,7.615080055019218
1213,"slaktgrisar, 20 kg och däröver",organic,55.52717873507545
1213,"smågrisar, under 20 kg",organic,25.31355579144976
1213,höns,organic,5959.042125576472
1213,värpkycklingar,organic,5393.586115657737
1213,slaktkycklingar,organic,370.9009784424278
1213,kalkoner,organic,0.0
1213,hästar,organic,
1214,kor för mjölkproduktion,organic,27.611202146337053
1214,kor för uppfödning av kalvar,organic,264.14962827566626
1214,"kvigor, tjurar och stutar",organic,206.21194472492618
1214,"kalvar, under 1 år",organic,192.8558060568283
1214,baggar och tackor,organic,87.39566812398756
1214,lamm,organic,92.43109153193208
1214,galtar för avel,organic,0.07906583391346549
1214,suggor för avel,organic,3.3937223890288633
1214,"slaktgrisar, 20 kg och däröver",organic,23.03895301736293
1214,"smågrisar, under 20 kg",organic,9.615214623789068
1214,höns,organic,1387.2423273688923
1214,värpkycklingar,organic,1519.6117328172597
1214,slaktkycklingar,organic,456.8423434032517
1214,kalkoner,organic,0.0
1214,hästar,organic,
1215,kor för mjölkproduktion,organic,586.9382897922412
1215,kor för uppfödning av kalvar,organic,1082.0410731287618
1215,"kvigor, tjurar och stutar",organic,1158.2874190910788
1215,"kalvar, under 1 år",organic,1153.7946107624064
1215,baggar och tackor,organic,574.4571383278086
1215,lamm,organic,635.3307042559263
1215,galtar för avel,organic,1.024322285130096
1215,suggor för avel,organic,50.90980215226244
1215,"slaktgrisar, 20 kg och däröver",organic,302.7005837062286
1215,"smågrisar, under 20 kg",organic,128.07241690213894
1215,höns,organic,9675.942814009073
1215,värpkycklingar,organic,2555.3458558861485
1215,slaktkycklingar,organic,161.12408522024558
1215,kalkoner,organic,0.0
1215,hästar,organic,
1216,kor för mjölkproduktion,organic,131.47676533764636
1216,kor för uppfödning av kalvar,organic,278.6810006103606
1216,"kvigor, tjurar och stutar",organic,304.16709849160367
1216,"kalvar, under 1 år",organic,319.9614557272133
1216,baggar och tackor,organic,150.67149346361003
1216,lamm,organic,153.3309865324829
1216,galtar för avel,organic,0.35342717516307853
1216,suggor för avel,organic,24.476562265448422
1216,"slaktgrisar, 20 kg och däröver",organic,116.8670586872027
1216,"smågrisar, under 20 kg",organic,69.25051792030231
1216,höns,organic,12242.66554290757
1216,värpkycklingar,organic,1135.5987751894854
1216,slaktkycklingar,organic,67.24292924102434
1216,kalkoner,organic,0.0
1216,hästar,organic,
1221,kor för mjölkproduktion,organic,361.91899576444564
1221,kor för uppfödning av kalvar,organic,744.2871646170727
1221,"kvigor, tjurar och stutar",organic,797.8997530642708
1221,"kalvar, under 1 år",organic,794.7351328443683
1221,baggar och tackor,organic,332.32695461062696
1221,lamm,organic,379.2883852160775
1221,galtar för avel,organic,0.6761862603445297
1221,suggor för avel,organic,35.29341390319923
1221,"slaktgrisar, 20 kg och däröver",organic,221.19085698240036
1221,"smågrisar, under 20 kg",organic,90.81466768601581
1221,höns,organic,5225.657403328872
1221,värpkycklingar,organic,315.47336808010436
1221,slaktkycklingar,organic,192.1938538674463
1221,kalkoner,organic,0.8428689664263764
1221,hästar,organic,
1222,kor för mjölkproduktion,organic,130.6624402095428
1222,kor för uppfödning av kalvar,organic,218.05386993216703
1222,"kvigor, tjurar och stutar",organic,263.4943796604852
1222,"kalvar, under 1 år",organic,252.82173394688286
1222,baggar och tackor,organic,181.49089693477973
1222,lamm,organic,180.73245061248863
1222,galtar för avel,organic,0.47603651947706127
1222,suggor för avel,organic,6.670767506469644
1222,"slaktgrisar, 20 kg och däröver",organic,36.82504106400747
1222,"smågrisar, under 20 kg",organic,15.675664360148005
1222,höns,organic,1391.8633095236123
1222,värpkycklingar,organic,15.152309207963373
1222,slaktkycklingar,organic,496.6902939530947
1222,kalkoner,organic,0.0
1222,hästar,organic,
1311,kor för mjölkproduktion,organic,941.0952730039936
1311,kor för uppfödning av kalvar,organic,585.7145481258653
1311,"kvigor, tjurar och stutar",organic,1167.0761205439474
1311,"kalvar, under 1 år",organic,1212.4097611237096
1311,baggar och tackor,organic,538.4376698716336
1311,lamm,organic,603.9414148409878
1311,galtar för avel,organic,1.6907591605044117
1311,suggor för avel,organic,87.10272642422626
1311,"slaktgrisar, 20 kg och däröver",organic,751.9770981812381
1311,"smågrisar, under 20 kg",organic,202.65800436191856
1311,höns,organic,31353.889787185915
1311,värpkycklingar,organic,1152.144306998799
1311,slaktkycklingar,organic,1929.4921576146526
1311,kalkoner,organic,0.0
1311,hästar,organic,
1321,kor för mjölkproduktion,organic,882.9072710213792
1321,kor för uppfödning av kalvar,organic,525.7283682107505
1321,"kvigor, tjurar och stutar",organic,1028.1417628203344
1321,"kalvar, under 1 år",organic,1200.852376737264
1321,baggar och tackor,organic,442.3830227148441
1321,lamm,organic,490.9303203001052
1321,galtar för avel,organic,1.3783035625889661
1321,suggor för avel,organic,52.75903128764502
1321,"slaktgrisar, 20 kg och däröver",organic,313.6193501152903
1321,"smågrisar, under 20 kg",organic,122.06543247372193
1321,höns,organic,19165.041409249912
1321,värpkycklingar,organic,4992.785075083404
1321,slaktkycklingar,organic,1452.761705455188
1321,kalkoner,organic,0.0
1321,hästar,organic,
1322,kor för mjölkproduktion,organic,428.3771383514848
1322,kor för uppfödning av kalvar,organic,447.6214307357241
1322,"kvigor, tjurar och stutar",organic,630.2804807755319
1322,"kalvar, under 1 år",organic,635.8492238600435
1322,baggar och tackor,organic,359.5721575836633
1322,lamm,organic,381.8578084094223
1322,galtar för avel,organic,0.7036213355765815
1322,suggor för avel,organic,30.452188464578235
1322,"slaktgrisar, 20 kg och däröver",organic,276.0543815424222
1322,"smågrisar, under 20 kg",organic,77.74946691179122
1322,höns,organic,22762.240939938267
1322,värpkycklingar,organic,5147.568304983677
1322,slaktkycklingar,organic,553.1598049644022
1322,kalkoner,organic,0.0
1322,hästar,organic,
1331,kor för mjölkproduktion,organic,654.9199043264068
1331,kor för uppfödning av kalvar,organic,611.0782536373857
1331,"kvigor, tjurar och stutar",organic,971.4072266974341
1331,"kalvar, under 1 år",organic,994.0491399125428
1331,baggar och tackor,organic,744.4754328345208
1331,lamm,organic,865.9375967864293
1331,galtar för avel,organic,1.0647325496623192
1331,suggor för avel,organic,65.62296569607935
1331,"slaktgrisar, 20 kg och däröver",organic,300.60422534328893
1331,"smågrisar, under 20 kg",organic,146.94257349593158
1331,höns,organic,25965.9147428933
1331,värpkycklingar,organic,15859.867247754859
1331,slaktkycklingar,organic,0.08769124140156029
1331,kalkoner,organic,0.0
1331,hästar,organic,
1411,kor för mjölkproduktion,organic,305.5888741141018
1411,kor för uppfödning av kalvar,organic,1089.9918193271703
1411,"kvigor, tjurar och stutar",organic,999.9051380627811
1411,"kalvar, under 1 år",organic,870.1209004765956
1411,baggar och tackor,organic,1007.8853179465464
1411,lamm,organic,1023.1460047125163
1411,galtar för avel,organic,0.7758142315213667
1411,suggor för avel,organic,0.8442816489813839
1411,"slaktgrisar, 20 kg och däröver",organic,1.0748998442062623
1411,"smågrisar, under 20 kg",organic,0.8458391243266339
1411,höns,organic,2626.9101843789263
1411,värpkycklingar,organic,301.2533607046995
1411,slaktkycklingar,organic,0.3433074984135543
1411,kalkoner,organic,0.0
1411,hästar,organic,
1412,kor för mjölkproduktion,organic,517.9211488965615
1412,kor för uppfödning av kalvar,organic,1084.5923163770258
1412,"kvigor, tjurar och stutar",organic,1142.5687191186298
1412,"kalvar, under 1 år",organic,1071.757362629186
1412,baggar och tackor,organic,919.3141674624012
1412,lamm,organic,817.4182411804893
1412,galtar för avel,organic,0.8115384587707161
1412,suggor för avel,organic,10.484571520079031
1412,"slaktgrisar, 20 kg och däröver",organic,99.99051219201517
1412,"smågrisar, under 20 kg",organic,56.66477448828278
1412,höns,organic,6166.4127992945405
1412,värpkycklingar,organic,0.0
1412,slaktkycklingar,organic,0.0
1412,kalkoner,organic,0.0
1412,hästar,organic,
1421,kor för mjölkproduktion,organic,327.5109553337413
1421,kor för uppfödning av kalvar,organic,765.3781382222452
1421,"kvigor, tjurar och stutar",organic,840.3161322546835
1421,"kalvar, under 1 år",organic,710.2033218609106
1421,baggar och tackor,organic,751.5388024644867
1421,lamm,organic,800.8224977786595
1421,galtar för avel,organic,0.9205952053932197
1421,suggor för avel,organic,19.38834190375596
1421,"slaktgrisar, 20 kg och däröver",organic,66.4219794507984
1421,"smågrisar, under 20 kg",organic,11.352519831421862
1421,höns,organic,1534.8636168404862
1421,värpkycklingar,organic,0.23787296747651526
1421,slaktkycklingar,organic,137.68130424919616
1421,kalkoner,organic,0.0
1421,hästar,organic,
1511,kor för mjölkproduktion,organic,2734.7226739542934
1511,kor för uppfödning av kalvar,organic,2962.571807403684
1511,"kvigor, tjurar och stutar",organic,4617.30363212722
1511,"kalvar, under 1 år",organic,4471.729590475836
1511,baggar och tackor,organic,1934.9116768531508
1511,lamm,organic,2161.500712486588
1511,galtar för avel,organic,0.41690645166784346
1511,suggor för avel,organic,14.33929389187811
1511,"slaktgrisar, 20 kg och däröver",organic,159.787070571008
1511,"smågrisar, under 20 kg",organic,40.25280224701184
1511,höns,organic,11236.84020986627
1511,värpkycklingar,organic,27784.974307660596
1511,slaktkycklingar,organic,15.922046135425008
1511,kalkoner,organic,0.0
1511,hästar,organic,
1512,kor för mjölkproduktion,organic,773.8335251961194
1512,kor för uppfödning av kalvar,organic,367.3004385605697
1512,"kvigor, tjurar och stutar",organic,1061.7842369461357
1512,"kalvar, under 1 år",organic,1154.5771415243798
1512,baggar och tackor,organic,264.4874881791815
1512,lamm,organic,259.17548019036695
1512,galtar för avel,organic,2.2959127564402704
1512,suggor för avel,organic,253.98307276294642
1512,"slaktgrisar, 20 kg och däröver",organic,993.3691028466378
1512,"smågrisar, under 20 kg",organic,303.6466407277348
1512,höns,organic,24764.856922128027
1512,värpkycklingar,organic,0.0
1512,slaktkycklingar,organic,0.0
1512,kalkoner,organic,0.0
1512,hästar,organic,
1521,kor för mjölkproduktion,organic,421.08165900797496
1521,kor för uppfödning av kalvar,organic,985.1237080838789
1521,"kvigor, tjurar och stutar",organic,1039.6229935224871
1521,"kalvar, under 1 år",organic,955.7187467310033
1521,baggar och tackor,organic,1141.3209689388354
1521,lamm,organic,1323.1033099637807
1521,galtar för avel,organic,0.5335577399952973
1521,suggor för avel,organic,18.133268260935242
1521,"slaktgrisar, 20 kg och däröver",organic,145.44796939684974
1521,"smågrisar, under 20 kg",organic,19.231078544800248
1521,höns,organic,2880.5600905803885
1521,värpkycklingar,organic,434.3753901719635
1521,slaktkycklingar,organic,48.63928848913567
1521,kalkoner,organic,0.0
1521,hästar,organic,
1522,kor för mjölkproduktion,organic,373.8517753919879
1522,kor för uppfödning av kalvar,organic,889.5136020302821
1522,"kvigor, tjurar och stutar",organic,802.9877909629956
1522,"kalvar, under 1 år",organic,787.7048996366865
1522,baggar och tackor,organic,585.3940701029007
1522,lamm,organic,544.956575266394
1522,galtar för avel,organic,0.8286091586503724
1522,suggor för avel,organic,31.19812873360661
1522,"slaktgrisar, 20 kg och däröver",organic,105.01090525371207
1522,"smågrisar, under 20 kg",organic,76.57205815487997
1522,höns,organic,6724.714843127294
1522,värpkycklingar,organic,2840.212542870695
1522,slaktkycklingar,organic,0.0
1522,kalkoner,organic,0.0
1522,hästar,organic,
1611,kor för mjölkproduktion,organic,412.3074825519735
1611,kor för uppfödning av kalvar,organic,457.93458794385583
1611,"kvigor, tjurar och stutar",organic,688.9432701099903
1611,"kalvar, under 1 år",organic,729.5304394792662
1611,baggar och tackor,organic,290.77333759571565
1611,lamm,organic,306.1363191218255
1611,galtar för avel,organic,1.1429296879859558
1611,suggor för avel,organic,43.0110269469887
1611,"slaktgrisar, 20 kg och däröver",organic,239.98484789882494
1611,"smågrisar, under 20 kg",organic,90.07169184761436
1611,höns,organic,1507.9281564647515
1611,värpkycklingar,organic,0.0
1611,slaktkycklingar,organic,535.6331000842123
1611,kalkoner,organic,0.0
1611,hästar,organic,
1612,kor för mjölkproduktion,organic,1232.4677161857232
1612,kor för uppfödning av kalvar,organic,1456.8250079560833
1612,"kvigor, tjurar och stutar",organic,2464.752085721916
1612,"kalvar, under 1 år",organic,2353.2444480655513
1612,baggar och tackor,organic,765.2281764416132
1612,lamm,organic,887.6879422087305
1612,galtar för avel,organic,0.5022631475398085
1612,suggor för avel,organic,38.19748354011795
1612,"slaktgrisar, 20 kg och däröver",organic,425.0844546251397
1612,"smågrisar, under 20 kg",organic,94.974239466833
1612,höns,organic,529.3047111461049
1612,värpkycklingar,organic,0.0
1612,slaktkycklingar,organic,1975.6808778125587
1612,kalkoner,organic,0.0
1612,hästar,organic,
1613,kor för mjölkproduktion,organic,1237.1643662191839
1613,kor för uppfödning av kalvar,organic,1526.4720514295516
1613,"kvigor, tjurar och stutar",organic,2574.378780649546
1613,"kalvar, under 1 år",organic,2483.8652107719563
1613,baggar och tackor,organic,716.811270785956
1613,lamm,organic,907.4422589733532
1613,galtar för avel,organic,0.33765455158414615
1613,suggor för avel,organic,31.808862440307696
1613,"slaktgrisar, 20 kg och däröver",organic,407.1320601885082
1613,"smågrisar, under 20 kg",organic,115.45874464489903
1613,höns,organic,1256.2936050969397
1613,värpkycklingar,organic,535.7214206341453
1613,slaktkycklingar,organic,1011.4869171664106
1613,kalkoner,organic,0.0
1613,hästar,organic,
1614,kor för mjölkproduktion,organic,1330.1174819853734
1614,kor för uppfödning av kalvar,organic,933.4608608645856
1614,"kvigor, tjurar och stutar",organic,1830.0015757019737
1614,"kalvar, under 1 år",organic,1884.6762338181356
1614,baggar och tackor,organic,512.4013442798406
1614,lamm,organic,564.5375377809812
1614,galtar för avel,organic,0.9789487708291884
1614,suggor för avel,organic,66.46343904179486
1614,"slaktgrisar, 20 kg och däröver",organic,591.8318441837655
1614,"smågrisar, under 20 kg",organic,191.43838860821876
1614,höns,organic,2043.412605955668
1614,värpkycklingar,organic,0.0
1614,slaktkycklingar,organic,18899.799821802615
1614,kalkoner,organic,0.0
1614,hästar,organic,
1615,kor för mjölkproduktion,organic,706.4138478852452
1615,kor för uppfödning av kalvar,organic,754.8127613159425
1615,"kvigor, tjurar och stutar",organic,1003.5782590939621
1615,"kalvar, under 1 år",organic,1228.5484414265188
1615,baggar och tackor,organic,535.436556183803
1615,lamm,organic,536.066752794584
1615,galtar för avel,organic,0.5253263962509667
1615,suggor för avel,organic,56.078354756537344
1615,"slaktgrisar, 20 kg och däröver",organic,640.6209530755357
1615,"smågrisar, under 20 kg",organic,263.8121639435244
1615,höns,organic,504.30344620172747
1615,värpkycklingar,organic,0.0
1615,slaktkycklingar,organic,15205.569767848954
1615,kalkoner,organic,0.0
1615,hästar,organic,
1616,kor för mjölkproduktion,organic,1373.0516183422014
1616,kor för uppfödning av kalvar,organic,696.4267039963225
1616,"kvigor, tjurar och stutar",organic,1536.126119591667
1616,"kalvar, under 1 år",organic,1565.7213786363207
1616,baggar och tackor,organic,511.3155777969182
1616,lamm,organic,539.0559427033886
1616,galtar för avel,organic,2.055992457796958
1616,suggor för avel,organic,154.1026014341657
1616,"slaktgrisar, 20 kg och däröver",organic,370.0245733887892
1616,"smågrisar, under 20 kg",organic,181.2616564246615
1616,höns,organic,14041.731834467055
1616,värpkycklingar,organic,0.0
1616,slaktkycklingar,organic,12416.144106465434
1616,kalkoner,organic,0.0
1616,hästar,organic,
1617,kor för mjölkproduktion,organic,629.2369247840468
1617,kor för uppfödning av kalvar,organic,366.47378666279116
1617,"kvigor, tjurar och stutar",organic,855.0510956966767
1617,"kalvar, under 1 år",organic,704.9656481061631
1617,baggar och tackor,organic,368.1337057578395
1617,lamm,organic,374.90275866920905
1617,galtar för avel,organic,0.7978785251238154
1617,suggor för avel,organic,59.53507964719882
1617,"slaktgrisar, 20 kg och däröver",organic,176.9342333868686
1617,"smågrisar, under 20 kg",organic,131.4124558068189
1617,höns,organic,2396.2747163434065
1617,värpkycklingar,organic,0.0
1617,slaktkycklingar,organic,7261.933468671335
1617,kalkoner,organic,0.0
1617,hästar,organic,
1621,kor för mjölkproduktion,organic,841.4949183670917
1621,kor för uppfödning av kalvar,organic,1079.1910548053168
1621,"kvigor, tjurar och stutar",organic,1531.4717909907827
1621,"kalvar, under 1 år",organic,1508.8283011991657
1621,baggar och tackor,organic,876.59185231408
1621,lamm,organic,955.4902481167089
1621,galtar för avel,organic,1.8051079357692126
1621,suggor för avel,organic,102.3156345437901
1621,"slaktgrisar, 20 kg och däröver",organic,589.3592798140367
1621,"smågrisar, under 20 kg",organic,312.14487172126815
1621,höns,organic,18985.427423442816
1621,värpkycklingar,organic,15834.816926747737
1621,slaktkycklingar,organic,1102.4943084262602
1621,kalkoner,organic,0.0
1621,hästar,organic,
1622,kor för mjölkproduktion,organic,437.31404195292083
1622,kor för uppfödning av kalvar,organic,605.2208236663901
1622,"kvigor, tjurar och stutar",organic,889.5735457398732
1622,"kalvar, under 1 år",organic,929.275492957003
1622,baggar och tackor,organic,443.8779293438571
1622,lamm,organic,506.85101013284054
1622,galtar för avel,organic,1.7955128767083495
1622,suggor för avel,organic,122.50249170888945
1622,"slaktgrisar, 20 kg och däröver",organic,1178.572026473644
1622,"smågrisar, under 20 kg",organic,331.99915258936494
1622,höns,organic,34211.470679701015
1622,värpkycklingar,organic,14638.85449219262
1622,slaktkycklingar,organic,2369.5704769194895
1622,kalkoner,organic,0.0
1622,hästar,organic,
1623,kor för mjölkproduktion,organic,321.6760943645125
1623,kor för uppfödning av kalvar,organic,504.6047304678074
1623,"kvigor, tjurar och stutar",organic,669.4844180929938
1623,"kalvar, under 1 år",organic,714.855334863737
1623,baggar och tackor,organic,417.39867741390725
1623,lamm,organic,437.2435004720698
1623,galtar för avel,organic,1.2359748222592877
1623,suggor för avel,organic,94.67146938907418
1623,"slaktgrisar, 20 kg och däröver",organic,967.8464316797699
1623,"smågrisar, under 20 kg",organic,262.3833730637081
1623,höns,organic,17548.3733034189
1623,värpkycklingar,organic,73.17543445032184
1623,slaktkycklingar,organic,15.123423772724694
1623,kalkoner,organic,0.0
1623,hästar,organic,
1711,kor för mjölkproduktion,organic,467.402215737178
1711,kor för uppfödning av kalvar,organic,993.6590505791862
1711,"kvigor, tjurar och stutar",organic,1315.0075396791797
1711,"kalvar, under 1 år",organic,1107.0956260754538
1711,baggar och tackor,organic,541.5438025577805
1711,lamm,organic,581.3922408136987
1711,galtar för avel,organic,0.22808345713341832
1711,suggor för avel,organic,6.671849167181017
1711,"slaktgrisar, 20 kg och däröver",organic,306.36458181271695
1711,"smågrisar, under 20 kg",organic,124.88577331312872
1711,höns,organic,0.0
1711,värpkycklingar,organic,0.0
1711,slaktkycklingar,organic,0.0
1711,kalkoner,organic,0.0
1711,hästar,organic,
1712,kor för mjölkproduktion,organic,385.456936929907
1712,kor för uppfödning av kalvar,organic,1066.7392351106434
1712,"kvigor, tjurar och stutar",organic,1271.47553126669
1712,"kalvar, under 1 år",organic,1072.3523802831173
1712,baggar och tackor,organic,562.5962625539398
1712,lamm,organic,620.0013973616635
1712,galtar för avel,organic,0.8769891960440195
1712,suggor för avel,organic,84.2790798966145
1712,"slaktgrisar, 20 kg och däröver",organic,618.4534084972644
1712,"smågrisar, under 20 kg",organic,357.3258774734684
1712,höns,organic,3910.1821900849936
1712,värpkycklingar,organic,181.3917243654759
1712,slaktkycklingar,organic,0.0
1712,kalkoner,organic,0.0
1712,hästar,organic,
1713,kor för mjölkproduktion,organic,405.0520858469745
1713,kor för uppfödning av kalvar,organic,1221.2164984634505
1713,"kvigor, tjurar och stutar",organic,1084.0158294638236
1713,"kalvar, under 1 år",organic,1004.2245104008296
1713,baggar och tackor,organic,623.0697647897366
1713,lamm,organic,545.6366862450694
1713,galtar för avel,organic,0.3603614132650214
1713,suggor för avel,organic,4.288236335686551
1713,"slaktgrisar, 20 kg och däröver",organic,272.0994053944672
1713,"smågrisar, under 20 kg",organic,34.735623455827564
1713,höns,organic,1097.8776050722997
1713,värpkycklingar,organic,4.146295562428009
1713,slaktkycklingar,organic,0.0
1713,kalkoner,organic,0.0
1713,hästar,organic,
1721,kor för mjölkproduktion,organic,213.6205600553626
1721,kor för uppfödning av kalvar,organic,673.0892804724173
1721,"kvigor, tjurar och stutar",organic,615.981087741013
1721,"kalvar, under 1 år",organic,541.8521915925218
1721,baggar och tackor,organic,437.2433816160921
1721,lamm,organic,419.6424985928706
1721,galtar för avel,organic,0.45930789383501147
1721,suggor för avel,organic,22.341319576475264
1721,"slaktgrisar, 20 kg och däröver",organic,94.68977160994531
1721,"smågrisar, under 20 kg",organic,33.07204894345893
1721,höns,organic,1818.9631430545578
1721,värpkycklingar,organic,21.94438976950381
1721,slaktkycklingar,organic,0.0
1721,kalkoner,organic,0.0
1721,hästar,organic,
1722,kor för mjölkproduktion,organic,449.59388796036603
1722,kor för uppfödning av kalvar,organic,814.2273179394654
1722,"kvigor, tjurar och stutar",organic,942.5495725146368
1722,"kalvar, under 1 år",organic,817.1931431708858
1722,baggar och tackor,organic,311.22568081188285
1722,lamm,organic,335.85546829460026
1722,galtar för avel,organic,1.0398657585516249
1722,suggor för avel,organic,56.95589494386835
1722,"slaktgrisar, 20 kg och däröver",organic,570.3710566147895
1722,"smågrisar, under 20 kg",organic,317.32143214972405
1722,höns,organic,2114.981586799191
1722,värpkycklingar,organic,0.0
1722,slaktkycklingar,organic,0.0
1722,kalkoner,organic,0.0
1722,hästar,organic,
1723,kor för mjölkproduktion,organic,64.33927919548435
1723,kor för uppfödning av kalvar,organic,376.2037505250661
1723,"kvigor, tjurar och stutar",organic,309.939267310977
1723,"kalvar, under 1 år",organic,249.67365568947918
1723,baggar och tackor,organic,427.3565152658121
1723,lamm,organic,382.7624812679908
1723,galtar för avel,organic,0.25649496054218635
1723,suggor för avel,organic,4.595461310252811
1723,"slaktgrisar, 20 kg och däröver",organic,21.955799707762246
1723,"smågrisar, under 20 kg",organic,12.611602995305521
1723,höns,organic,3452.635515631771
1723,värpkycklingar,organic,290.8184252820155
1723,slaktkycklingar,organic,0.0
1723,kalkoner,organic,0.0
1723,hästar,organic,
1724,kor för mjölkproduktion,organic,152.5053292711578
1724,kor för uppfödning av kalvar,organic,492.1619385498797
1724,"kvigor, tjurar och stutar",organic,332.78619038798627
1724,"kalvar, under 1 år",organic,271.774795668716
1724,baggar och tackor,organic,445.88329107289616
1724,lamm,organic,303.0326164337941
1724,galtar för avel,organic,0.23266821416622485
1724,suggor för avel,organic,14.996180325926614
1724,"slaktgrisar, 20 kg och däröver",organic,227.10448729688267
1724,"smågrisar, under 20 kg",organic,26.937396061016017
1724,höns,organic,39.49041558459262
1724,värpkycklingar,organic,0.0
1724,slaktkycklingar,organic,0.0
1724,kalkoner,organic,0.0
1724,hästar,organic,
1811,kor för mjölkproduktion,organic,400.88774507696553
1811,kor för uppfödning av kalvar,organic,562.3409335142708
1811,"kvigor, tjurar och stutar",organic,753.0999624632714
1811,"kalvar, under 1 år",organic,813.2402963991733
1811,baggar och tackor,organic,1035.679159974753
1811,lamm,organic,956.5525583410907
1811,galtar för avel,organic,0.16412396929749642
1811,suggor för avel,organic,14.848408531803761
1811,"slaktgrisar, 20 kg och däröver",organic,62.98468770092287
1811,"smågrisar, under 20 kg",organic,11.609206190206454
1811,höns,organic,74749.79155396466
1811,värpkycklingar,organic,55624.49162256267
1811,slaktkycklingar,organic,260.36448974107094
1811,kalkoner,organic,0.0
1811,hästar,organic,
1812,kor för mjölkproduktion,organic,537.0716676085844
1812,kor för uppfödning av kalvar,organic,837.072589221083
1812,"kvigor, tjurar och stutar",organic,1088.2138050165263
1812,"kalvar, under 1 år",organic,1162.1146130645652
1812,baggar och tackor,organic,940.9961280784954
1812,lamm,organic,976.9259779299571
1812,galtar för avel,organic,0.4684962625996602
1812,suggor för avel,organic,40.01146217074168
1812,"slaktgrisar, 20 kg och däröver",organic,356.7324926286584
1812,"smågrisar, under 20 kg",organic,75.91654888170443
1812,höns,organic,15453.212563498997
1812,värpkycklingar,organic,1411.9834469154089
1812,slaktkycklingar,organic,746.5005593530972
1812,kalkoner,organic,0.0
1812,hästar,organic,
1813,kor för mjölkproduktion,organic,259.6768938297661
1813,kor för uppfödning av kalvar,organic,544.439758496445
1813,"kvigor, tjurar och stutar",organic,605.629118672449
1813,"kalvar, under 1 år",organic,589.0764147007378
1813,baggar och tackor,organic,374.87552091986544
1813,lamm,organic,448.5810491546089
1813,galtar för avel,organic,0.33585066023931004
1813,suggor för avel,organic,32.89687624948809
1813,"slaktgrisar, 20 kg och däröver",organic,210.01089134464732
1813,"smågrisar, under 20 kg",organic,72.09837863419807
1813,höns,organic,12230.737495891042
1813,värpkycklingar,organic,29.580984966908808
1813,slaktkycklingar,organic,70.09031069752075
1813,kalkoner,organic,0.0
1813,hästar,organic,
1821,kor för mjölkproduktion,organic,220.06328824153863
1821,kor för uppfödning av kalvar,organic,572.5368317308302
1821,"kvigor, tjurar och stutar",organic,592.1337398239896
1821,"kalvar, under 1 år",organic,595.9965628651297
1821,baggar och tackor,organic,530.9682875127568
1821,lamm,organic,552.8664269121674
1821,galtar för avel,organic,0.45408950404413634
1821,suggor för avel,organic,41.164592650188176
1821,"slaktgrisar, 20 kg och däröver",organic,222.8925410376623
1821,"smågrisar, under 20 kg",organic,109.66720375865253
1821,höns,organic,15917.246382970103
1821,värpkycklingar,organic,1011.6562795194948
1821,slaktkycklingar,organic,0.5094567563645666
1821,kalkoner,organic,0.0
1821,hästar,organic,
1911,kor för mjölkproduktion,organic,301.86601627777986
1911,kor för uppfödning av kalvar,organic,470.1887093124522
1911,"kvigor, tjurar och stutar",organic,492.3230746907066
1911,"kalvar, under 1 år",organic,621.4326477624192
1911,baggar och tackor,organic,496.6553189426756
1911,lamm,organic,550.1224831208829
1911,galtar för avel,organic,0.9807857960199146
1911,suggor för avel,organic,89.41552459001998
1911,"slaktgrisar, 20 kg och däröver",organic,361.6691106092933
1911,"smågrisar, under 20 kg",organic,140.13887696885257
1911,höns,organic,18628.53834144447
1911,värpkycklingar,organic,0.0
1911,slaktkycklingar,organic,2393.0320748517
1911,kalkoner,organic,0.0
1911,hästar,organic,
1912,kor för mjölkproduktion,organic,270.98526985173714
1912,kor för uppfödning av kalvar,organic,278.33271249315595
1912,"kvigor, tjurar och stutar",organic,388.6380456106439
1912,"kalvar, under 1 år",organic,469.97061230244714
1912,baggar och tackor,organic,265.1109445913622
1912,lamm,organic,283.5213275807945
1912,galtar för avel,organic,0.6594401168492864
1912,suggor för avel,organic,19.393593076675906
1912,"slaktgrisar, 20 kg och däröver",organic,103.44742807559894
1912,"smågrisar, under 20 kg",organic,36.73812171479357
1912,höns,organic,97.89177151627167
1912,värpkycklingar,organic,0.0
1912,slaktkycklingar,organic,13.59284515509565
1912,kalkoner,organic,0.0
1912,hästar,organic,
1921,kor för mjölkproduktion,organic,307.535193114763
1921,kor för uppfödning av kalvar,organic,433.9304359791838
1921,"kvigor, tjurar och stutar",organic,529.7003081512305
1921,"kalvar, under 1 år",organic,776.7780378066565
1921,baggar och tackor,organic,371.83741344213877
1921,lamm,organic,413.30197708680646
1921,galtar för avel,organic,1.4431841827481868
1921,suggor för avel,organic,112.5984742782636
1921,"slaktgrisar, 20 kg och däröver",organic,417.61263144017573
1921,"smågrisar, under 20 kg",organic,178.9427857898307
1921,höns,organic,10329.587117268142
1921,värpkycklingar,organic,3.2706571153822277
1921,slaktkycklingar,organic,26.07683402482611
1921,kalkoner,organic,0.0
1921,hästar,organic,
1922,kor för mjölkproduktion,organic,208.5653278941894
1922,kor för uppfödning av kalvar,organic,271.6723932338815
1922,"kvigor, tjurar och stutar",organic,323.4313150317588
1922,"kalvar, under 1 år",organic,330.21202349491915
1922,baggar och tackor,organic,299.78107529781664
1922,lamm,organic,355.0463474756637
1922,galtar för avel,organic,0.6392556831026505
1922,suggor för avel,organic,25.226559846649497
1922,"slaktgrisar, 20 kg och däröver",organic,34.91993705544025
1922,"smågrisar, under 20 kg",organic,60.7449246535821
1922,höns,organic,2339.6300497348425
1922,värpkycklingar,organic,725.1064395341847
1922,slaktkycklingar,organic,0.06126727141557275
1922,kalkoner,organic,0.0
1922,hästar,organic,
2011,kor för mjölkproduktion,organic,860.1812903935875
2011,kor för uppfödning av kalvar,organic,1382.561880529041
2011,"kvigor, tjurar och stutar",organic,1503.1659425966197
2011,"kalvar, under 1 år",organic,1690.7660381649437
2011,baggar och tackor,organic,1035.769848115032
2011,lamm,organic,989.4745316665966
2011,galtar för avel,organic,0.6054308097127031
2011,suggor för avel,organic,66.60254932177628
2011,"slaktgrisar, 20 kg och däröver",organic,140.99696219826782
2011,"smågrisar, under 20 kg",organic,90.70935379963794
2011,höns,organic,20122.12240483742
2011,värpkycklingar,organic,0.0
2011,slaktkycklingar,organic,0.0
2011,kalkoner,organic,0.0
2011,hästar,organic,
2012,kor för mjölkproduktion,organic,438.6062362881728
2012,kor för uppfödning av kalvar,organic,809.464169832867
2012,"kvigor, tjurar och stutar",organic,728.860245953468
2012,"kalvar, under 1 år",organic,777.1744151697986
2012,baggar och tackor,organic,995.5719084238082
2012,lamm,organic,945.8580507928839
2012,galtar för avel,organic,0.5931462193871387
2012,suggor för avel,organic,5.8489479552816555
2012,"slaktgrisar, 20 kg och däröver",organic,30.818918010257523
2012,"smågrisar, under 20 kg",organic,22.103871822257425
2012,höns,organic,180.64166757555995
2012,värpkycklingar,organic,0.0
2012,slaktkycklingar,organic,0.0
2012,kalkoner,organic,0.0
2012,hästar,organic,
2019,kor för mjölkproduktion,organic,6.18255050638488
2019,kor för uppfödning av kalvar,organic,21.055436604912263
2019,"kvigor, tjurar och stutar",organic,9.649747885485295
2019,"kalvar, under 1 år",organic,12.291521793899637
2019,baggar och tackor,organic,22.860496464308532
2019,lamm,organic,16.77631711524748
2019,galtar för avel,organic,
2019,suggor för avel,organic,
2019,"slaktgrisar, 20 kg och däröver",organic,
2019,"smågrisar, under 20 kg",organic,
2019,höns,organic,
2019,värpkycklingar,organic,0.0
2019,slaktkycklingar,organic,
2019,kalkoner,organic,0.0
2019,hästar,organic,
2111,kor för mjölkproduktion,organic,1108.2810003472575
2111,kor för uppfödning av kalvar,organic,1712.150052095872
2111,"kvigor, tjurar och stutar",organic,2030.6752981892728
2111,"kalvar, under 1 år",organic,2005.6709717953124
2111,baggar och tackor,organic,1269.7782686623984
2111,lamm,organic,1298.5957588211156
2111,galtar för avel,organic,0.6606283569919252
2111,suggor för avel,organic,6.107599690771844
2111,"slaktgrisar, 20 kg och däröver",organic,190.54659264806753
2111,"smågrisar, under 20 kg",organic,62.435268668951004
2111,höns,organic,5534.338079671087
2111,värpkycklingar,organic,0.0
2111,slaktkycklingar,organic,48.583136621493175
2111,kalkoner,organic,0.0
2111,hästar,organic,
2121,kor för mjölkproduktion,organic,473.1954689840366
2121,kor för uppfödning av kalvar,organic,906.3574355616254
2121,"kvigor, tjurar och stutar",organic,1006.2468114831054
2121,"kalvar, under 1 år",organic,1006.7459500087756
2121,baggar och tackor,organic,739.9030947780581
2121,lamm,organic,714.2947773692554
2121,galtar för avel,organic,0.23041429970054048
2121,suggor för avel,organic,1.1627315728149867
2121,"slaktgrisar, 20 kg och däröver",organic,46.06227309495285
2121,"smågrisar, under 20 kg",organic,20.241889100533907
2121,höns,organic,17019.618648172636
2121,värpkycklingar,organic,0.0
2121,slaktkycklingar,organic,38.5956825522496
2121,kalkoner,organic,0.0
2121,hästar,organic,
2122,kor för mjölkproduktion,organic,71.21026906577283
2122,kor för uppfödning av kalvar,organic,322.32061901581835
2122,"kvigor, tjurar och stutar",organic,262.4509211484835
2122,"kalvar, under 1 år",organic,279.6312433987897
2122,baggar och tackor,organic,277.2910263033682
2122,lamm,organic,270.72380649789164
2122,galtar för avel,organic,0.3568689398363642
2122,suggor för avel,organic,0.895004328810694
2122,"slaktgrisar, 20 kg och däröver",organic,1.8093223284204216
2122,"smågrisar, under 20 kg",organic,1.10973290182035
2122,höns,organic,1249.7837304389209
2122,värpkycklingar,organic,0.0
2122,slaktkycklingar,organic,7.866643316810812
2122,kalkoner,organic,0.0
2122,hästar,organic,
2211,kor för mjölkproduktion,organic,315.31321612759683
2211,kor för uppfödning av kalvar,organic,330.3073973759362
2211,"kvigor, tjurar och stutar",organic,400.7737062846176
2211,"kalvar, under 1 år",organic,375.5995970234605
2211,baggar och tackor,organic,228.16106374595898
2211,lamm,organic,184.60582021123997
2211,galtar för avel,organic,0.9190391436807597
2211,suggor för avel,organic,2.31282011062825
2211,"slaktgrisar, 20 kg och däröver",organic,12.886545802720525
2211,"smågrisar, under 20 kg",organic,5.379970149956599
2211,höns,organic,7107.56145065384
2211,värpkycklingar,organic,0.0
2211,slaktkycklingar,organic,0.0
2211,kalkoner,organic,0.0
2211,hästar,organic,
2212,kor för mjölkproduktion,organic,470.71266512596253
2212,kor för uppfödning av kalvar,organic,479.1693068785488
2212,"kvigor, tjurar och stutar",organic,567.9420240406004
2212,"kalvar, under 1 år",organic,553.8971363250738
2212,baggar och tackor,organic,355.13260077026257
2212,lamm,organic,307.45722637064375
2212,galtar för avel,organic,1.4725155585906706
2212,suggor för avel,organic,21.61185651467245
2212,"slaktgrisar, 20 kg och däröver",organic,55.07646583309205
2212,"smågrisar, under 20 kg",organic,20.06995317860265
2212,höns,organic,7593.819356151906
2212,värpkycklingar,organic,0.0
2212,slaktkycklingar,organic,0.0
2212,kalkoner,organic,0.0
2212,hästar,organic,
2221,kor för mjölkproduktion,organic,475.26651815261823
2221,kor för uppfödning av kalvar,organic,625.4513595571607
2221,"kvigor, tjurar och stutar",organic,745.6225783005693
2221,"kalvar, under 1 år",organic,729.6113793104456
2221,baggar och tackor,organic,351.6405011804357
2221,lamm,organic,284.48368433617173
2221,galtar för avel,organic,0.6305970788836981
2221,suggor för avel,organic,17.74363324429942
2221,"slaktgrisar, 20 kg och däröver",organic,125.77087919555562
2221,"smågrisar, under 20 kg",organic,52.70326200609268
2221,höns,organic,14.684996186862133
2221,värpkycklingar,organic,0.0
2221,slaktkycklingar,organic,7.444119358831162
2221,kalkoner,organic,0.0
2221,hästar,organic,
2311,kor för mjölkproduktion,organic,870.6359443930484
2311,kor för uppfödning av kalvar,organic,1124.082130212774
2311,"kvigor, tjurar och stutar",organic,1280.4689791200053
2311,"kalvar, under 1 år",organic,1255.9510959482252
2311,baggar och tackor,organic,686.3675345922579
2311,lamm,organic,562.3485391422844
2311,galtar för avel,organic,0.4521603570206883
2311,suggor för avel,organic,3.7501787673326827
2311,"slaktgrisar, 20 kg och däröver",organic,41.648861471381174
2311,"smågrisar, under 20 kg",organic,6.85568429395809
2311,höns,organic,3703.5589227561372
2311,värpkycklingar,organic,0.0
2311,slaktkycklingar,organic,0.0
2311,kalkoner,organic,0.0
2311,hästar,organic,
2312,kor för mjölkproduktion,organic,452.0193755584744
2312,kor för uppfödning av kalvar,organic,600.4009848995264
2312,"kvigor, tjurar och stutar",organic,718.9631414427455
2312,"kalvar, under 1 år",organic,702.097108150293
2312,baggar och tackor,organic,492.1115955866527
2312,lamm,organic,426.6617575364723
2312,galtar för avel,organic,1.239072944007557
2312,suggor för avel,organic,5.207179032454497
2312,"slaktgrisar, 20 kg och däröver",organic,35.0565214040648
2312,"smågrisar, under 20 kg",organic,11.245482642124387
2312,höns,organic,4527.763730069073
2312,värpkycklingar,organic,0.0
2312,slaktkycklingar,organic,0.0
2312,kalkoner,organic,0.0
2312,hästar,organic,
2319,kor för mjölkproduktion,organic,166.13291284906495
2319,kor för uppfödning av kalvar,organic,314.1719693609578
2319,"kvigor, tjurar och stutar",organic,267.488094482311
2319,"kalvar, under 1 år",organic,277.54570415831625
2319,baggar och tackor,organic,224.77283343778637
2319,lamm,organic,184.1663718926641
2319,galtar för avel,organic,0.29008966412316955
2319,suggor för avel,organic,2.2492376984711546
2319,"slaktgrisar, 20 kg och däröver",organic,22.838523303875434
2319,"smågrisar, under 20 kg",organic,4.628520504579963
2319,höns,organic,1077.6012732284494
2319,värpkycklingar,organic,0.0
2319,slaktkycklingar,organic,0.0
2319,kalkoner,organic,0.0
2319,hästar,organic,
2331,kor för mjölkproduktion,organic,153.412567222457
2331,kor för uppfödning av kalvar,organic,368.96989985525096
2331,"kvigor, tjurar och stutar",organic,289.58854958236765
2331,"kalvar, under 1 år",organic,310.1093414896792
2331,baggar och tackor,organic,220.03873587065007
2331,lamm,organic,191.95465267560112
2331,galtar för avel,organic,0.06377928914891634
2331,suggor för avel,organic,0.3291864755380119
2331,"slaktgrisar, 20 kg och däröver",organic,15.384912892371652
2331,"smågrisar, under 20 kg",organic,5.611014220302446
2331,höns,organic,314.102391349728
2331,värpkycklingar,organic,0.0
2331,slaktkycklingar,organic,4.316286462608488
2331,kalkoner,organic,0.0
2331,hästar,organic,
2411,kor för mjölkproduktion,organic,318.179207588227
2411,kor för uppfödning av kalvar,organic,92.23081861661437
2411,"kvigor, tjurar och stutar",organic,359.2672870826743
2411,"kalvar, under 1 år",organic,320.37156859890223
2411,baggar och tackor,organic,165.75877674559328
2411,lamm,organic,160.29310737391808
2411,galtar för avel,organic,0.4038402985935048
2411,suggor för avel,organic,5.96868899492418
2411,"slaktgrisar, 20 kg och däröver",organic,35.90036640270672
2411,"smågrisar, under 20 kg",organic,22.36482936345339
2411,höns,organic,5182.086865388437
2411,värpkycklingar,organic,0.0
2411,slaktkycklingar,organic,0.0
2411,kalkoner,organic,0.0
2411,hästar,organic,
2412,kor för mjölkproduktion,organic,235.2304929912671
2412,kor för uppfödning av kalvar,organic,36.06194484967103
2412,"kvigor, tjurar och stutar",organic,220.48723171183207
2412,"kalvar, under 1 år",organic,212.49004891859892
2412,baggar och tackor,organic,55.934043738063274
2412,lamm,organic,48.6846875927016
2412,galtar för avel,organic,0.2606194795759632
2412,suggor för avel,organic,7.2738714555791475
2412,"slaktgrisar, 20 kg och däröver",organic,52.43840733226908
2412,"smågrisar, under 20 kg",organic,29.901438964509843
2412,höns,organic,536.2241805173804
2412,värpkycklingar,organic,224.74308608655434
2412,slaktkycklingar,organic,0.0
2412,kalkoner,organic,0.0
2412,hästar,organic,
2413,kor för mjölkproduktion,organic,263.37334380885505
2413,kor för uppfödning av kalvar,organic,61.60630833226816
2413,"kvigor, tjurar och stutar",organic,290.2339111952513
2413,"kalvar, under 1 år",organic,299.98489881646566
2413,baggar och tackor,organic,121.3964709852701
2413,lamm,organic,105.78783231423876
2413,galtar för avel,organic,0.3352623400658852
2413,suggor för avel,organic,8.626855905891727
2413,"slaktgrisar, 20 kg och däröver",organic,68.25476709152805
2413,"smågrisar, under 20 kg",organic,31.813401313390067
2413,höns,organic,2221.4905012227387
2413,värpkycklingar,organic,930.6155547222393
2413,slaktkycklingar,organic,0.0
2413,kalkoner,organic,0.0
2413,hästar,organic,
2414,kor för mjölkproduktion,organic,300.597508632862
2414,kor för uppfödning av kalvar,organic,109.686477862152
2414,"kvigor, tjurar och stutar",organic,334.00048476352526
2414,"kalvar, under 1 år",organic,321.39514531071273
2414,baggar och tackor,organic,133.37839898188597
2414,lamm,organic,134.79414022793458
2414,galtar för avel,organic,0.09008861108824363
2414,suggor för avel,organic,2.1282872812643205
2414,"slaktgrisar, 20 kg och däröver",organic,17.18261700592732
2414,"smågrisar, under 20 kg",organic,7.526322188454636
2414,höns,organic,3694.497925402617
2414,värpkycklingar,organic,168.1596630451352
2414,slaktkycklingar,organic,0.0
2414,kalkoner,organic,0.0
2414,hästar,organic,
2415,kor för mjölkproduktion,organic,46.03514937677751
2415,kor för uppfödning av kalvar,organic,27.08655302032935
2415,"kvigor, tjurar och stutar",organic,52.71462355319587
2415,"kalvar, under 1 år",organic,46.127417350931196
2415,baggar och tackor,organic,98.7629006321583
2415,lamm,organic,78.77317775959322
2415,galtar för avel,organic,0.15239247732922373
2415,suggor för avel,organic,0.5598473827998359
2415,"slaktgrisar, 20 kg och däröver",organic,1.542067831090719
2415,"smågrisar, under 20 kg",organic,0.6160314295856731
2415,höns,organic,3.7946774458451915
2415,värpkycklingar,organic,0.0
2415,slaktkycklingar,organic,0.0
2415,kalkoner,organic,0.0
2415,hästar,organic,
2419,kor för mjölkproduktion,organic,12.213996263370957
2419,kor för uppfödning av kalvar,organic,6.143057765419472
2419,"kvigor, tjurar och stutar",organic,12.6221849426026
2419,"kalvar, under 1 år",organic,10.810855858778853
2419,baggar och tackor,organic,19.68380930458311
2419,lamm,organic,16.342957547152768
2419,galtar för avel,organic,0.0300825002973735
2419,suggor för avel,organic,0.13568919202038607
2419,"slaktgrisar, 20 kg och däröver",organic,0.23458679180442568
2419,"smågrisar, under 20 kg",organic,0.10769655049482044
2419,höns,organic,0.0
2419,värpkycklingar,organic,0.0
2419,slaktkycklingar,organic,0.0
2419,kalkoner,organic,0.0
2419,hästar,organic,
2511,kor för mjölkproduktion,organic,296.03653090760633
2511,kor för uppfödning av kalvar,organic,118.69261770476243
2511,"kvigor, tjurar och stutar",organic,337.8512284637758
2511,"kalvar, under 1 år",organic,338.4551182367088
2511,baggar och tackor,organic,187.862436084658
2511,lamm,organic,172.35964224086175
2511,galtar för avel,organic,0.7788777868201413
2511,suggor för avel,organic,40.69468367586957
2511,"slaktgrisar, 20 kg och däröver",organic,275.02773563582286
2511,"smågrisar, under 20 kg",organic,56.261450375055595
2511,höns,organic,5130.502325026402
2511,värpkycklingar,organic,0.5648977438669706
2511,slaktkycklingar,organic,0.0
2511,kalkoner,organic,0.0
2511,hästar,organic,
2512,kor för mjölkproduktion,organic,159.13702106733078
2512,kor för uppfödning av kalvar,organic,55.97780122702233
2512,"kvigor, tjurar och stutar",organic,161.1899410216545
2512,"kalvar, under 1 år",organic,165.91320176393452
2512,baggar och tackor,organic,130.0082704151737
2512,lamm,organic,138.29429839806446
2512,galtar för avel,organic,0.12229347845926014
2512,suggor för avel,organic,21.476038431061724
2512,"slaktgrisar, 20 kg och däröver",organic,170.75846331153085
2512,"smågrisar, under 20 kg",organic,14.419375198897262
2512,höns,organic,4411.503418987265
2512,värpkycklingar,organic,0.0
2512,slaktkycklingar,organic,0.0
2512,kalkoner,organic,0.0
2512,hästar,organic,
2519,kor för mjölkproduktion,organic,1.4384359490471845
2519,kor för uppfödning av kalvar,organic,5.747181785916739
2519,"kvigor, tjurar och stutar",organic,7.0018714505727315
2519,"kalvar, under 1 år",organic,7.930146573351771
2519,baggar och tackor,organic,13.46371071903414
2519,lamm,organic,15.173015375692714
2519,galtar för avel,organic,
2519,suggor för avel,organic,
2519,"slaktgrisar, 20 kg och däröver",organic,
2519,"smågrisar, under 20 kg",organic,
2519,höns,organic,
2519,värpkycklingar,organic,0.0
2519,slaktkycklingar,organic,
2519,kalkoner,organic,0.0
2519,hästar,organic,
2521,kor för mjölkproduktion,organic,30.07768820443905
2521,kor för uppfödning av kalvar,organic,23.065927554864846
2521,"kvigor, tjurar och stutar",organic,34.756371616693166
2521,"kalvar, under 1 år",organic,32.11218460022334
2521,baggar och tackor,organic,12.859943119748158
2521,lamm,organic,8.311057960065193
2521,galtar för avel,organic,0.03479938386200686
2521,suggor för avel,organic,0.9178533240309044
2521,"slaktgrisar, 20 kg och däröver",organic,7.003380840054476
2521,"smågrisar, under 20 kg",organic,3.1935748841377856
2521,höns,organic,222.64289302902856
2521,värpkycklingar,organic,90.43398518688755
2521,slaktkycklingar,organic,0.0
2521,kalkoner,organic,0.0
2521,hästar,organic,
111,vajor,organic,
111,"renkalvar, under 1 år",organic,
111,rentjur (inkl. renoxe),organic,
112,vajor,organic,
112,"renkalvar, under 1 år",organic,
112,rentjur (inkl. renoxe),organic,
311,vajor,organic,
311,"renkalvar, under 1 år",organic,
311,rentjur (inkl. renoxe),organic,
312,vajor,organic,
312,"renkalvar, under 1 år",organic,
312,rentjur (inkl. renoxe),organic,
321,vajor,organic,
321,"renkalvar, under 1 år",organic,
321,rentjur (inkl. renoxe),organic,
322,vajor,organic,
322,"renkalvar, under 1 år",organic,
322,rentjur (inkl. renoxe),organic,
411,vajor,organic,
411,"renkalvar, under 1 år",organic,
411,rentjur (inkl. renoxe),organic,
421,vajor,organic,
421,"renkalvar, under 1 år",organic,
421,rentjur (inkl. renoxe),organic,
422,vajor,organic,
422,"renkalvar, under 1 år",organic,
422,rentjur (inkl. renoxe),organic,
431,vajor,organic,
431,"renkalvar, under 1 år",organic,
431,rentjur (inkl. renoxe),organic,
511,vajor,organic,
511,"renkalvar, under 1 år",organic,
511,rentjur (inkl. renoxe),organic,
512,vajor,organic,
512,"renkalvar, under 1 år",organic,
512,rentjur (inkl. renoxe),organic,
513,vajor,organic,
513,"renkalvar, under 1 år",organic,
513,rentjur (inkl. renoxe),organic,
514,vajor,organic,
514,"renkalvar, under 1 år",organic,
514,rentjur (inkl. renoxe),organic,
515,vajor,organic,
515,"renkalvar, under 1 år",organic,
515,rentjur (inkl. renoxe),organic,
521,vajor,organic,
521,"renkalvar, under 1 år",organic,
521,rentjur (inkl. renoxe),organic,
611,vajor,organic,
611,"renkalvar, under 1 år",organic,
611,rentjur (inkl. renoxe),organic,
612,vajor,organic,
612,"renkalvar, under 1 år",organic,
612,rentjur (inkl. renoxe),organic,
621,vajor,organic,
621,"renkalvar, under 1 år",organic,
621,rentjur (inkl. renoxe),organic,
622,vajor,organic,
622,"renkalvar, under 1 år",organic,
622,rentjur (inkl. renoxe),organic,
711,vajor,organic,
711,"renkalvar, under 1 år",organic,
711,rentjur (inkl. renoxe),organic,
731,vajor,organic,
731,"renkalvar, under 1 år",organic,
731,rentjur (inkl. renoxe),organic,
811,vajor,organic,
811,"renkalvar, under 1 år",organic,
811,rentjur (inkl. renoxe),organic,
812,vajor,organic,
812,"renkalvar, under 1 år",organic,
812,rentjur (inkl. renoxe),organic,
813,vajor,organic,
813,"renkalvar, under 1 år",organic,
813,rentjur (inkl. renoxe),organic,
814,vajor,organic,
814,"renkalvar, under 1 år",organic,
814,rentjur (inkl. renoxe),organic,
821,vajor,organic,
821,"renkalvar, under 1 år",organic,
821,rentjur (inkl. renoxe),organic,
831,vajor,organic,
831,"renkalvar, under 1 år",organic,
831,rentjur (inkl. renoxe),organic,
911,vajor,organic,
911,"renkalvar, under 1 år",organic,
911,rentjur (inkl. renoxe),organic,
912,vajor,organic,
912,"renkalvar, under 1 år",organic,
912,rentjur (inkl. renoxe),organic,
913,vajor,organic,
913,"renkalvar, under 1 år",organic,
913,rentjur (inkl. renoxe),organic,
1011,vajor,organic,
1011,"renkalvar, under 1 år",organic,
1011,rentjur (inkl. renoxe),organic,
1111,vajor,organic,
1111,"renkalvar, under 1 år",organic,
1111,rentjur (inkl. renoxe),organic,
1112,vajor,organic,
1112,"renkalvar, under 1 år",organic,
1112,rentjur (inkl. renoxe),organic,
1121,vajor,organic,
1121,"renkalvar, under 1 år",organic,
1121,rentjur (inkl. renoxe),organic,
1122,vajor,organic,
1122,"renkalvar, under 1 år",organic,
1122,rentjur (inkl. renoxe),organic,
1123,vajor,organic,
1123,"renkalvar, under 1 år",organic,
1123,rentjur (inkl. renoxe),organic,
1124,vajor,organic,
1124,"renkalvar, under 1 år",organic,
1124,rentjur (inkl. renoxe),organic,
1131,vajor,organic,
1131,"renkalvar, under 1 år",organic,
1131,rentjur (inkl. renoxe),organic,
1211,vajor,organic,
1211,"renkalvar, under 1 år",organic,
1211,rentjur (inkl. renoxe),organic,
1212,vajor,organic,
1212,"renkalvar, under 1 år",organic,
1212,rentjur (inkl. renoxe),organic,
1213,vajor,organic,
1213,"renkalvar, under 1 år",organic,
1213,rentjur (inkl. renoxe),organic,
1214,vajor,organic,
1214,"renkalvar, under 1 år",organic,
1214,rentjur (inkl. renoxe),organic,
1215,vajor,organic,
1215,"renkalvar, under 1 år",organic,
1215,rentjur (inkl. renoxe),organic,
1216,vajor,organic,
1216,"renkalvar, under 1 år",organic,
1216,rentjur (inkl. renoxe),organic,
1221,vajor,organic,
1221,"renkalvar, under 1 år",organic,
1221,rentjur (inkl. renoxe),organic,
1222,vajor,organic,
1222,"renkalvar, under 1 år",organic,
1222,rentjur (inkl. renoxe),organic,
1311,vajor,organic,
1311,"renkalvar, under 1 år",organic,
1311,rentjur (inkl. renoxe),organic,
1321,vajor,organic,
1321,"renkalvar, under 1 år",organic,
1321,rentjur (inkl. renoxe),organic,
1322,vajor,organic,
1322,"renkalvar, under 1 år",organic,
1322,rentjur (inkl. renoxe),organic,
1331,vajor,organic,
1331,"renkalvar, under 1 år",organic,
1331,rentjur (inkl. renoxe),organic,
1411,vajor,organic,
1411,"renkalvar, under 1 år",organic,
1411,rentjur (inkl. renoxe),organic,
1412,vajor,organic,
1412,"renkalvar, under 1 år",organic,
1412,rentjur (inkl. renoxe),organic,
1421,vajor,organic,
1421,"renkalvar, under 1 år",organic,
1421,rentjur (inkl. renoxe),organic,
1511,vajor,organic,
1511,"renkalvar, under 1 år",organic,
1511,rentjur (inkl. renoxe),organic,
1512,vajor,organic,
1512,"renkalvar, under 1 år",organic,
1512,rentjur (inkl. renoxe),organic,
1521,vajor,organic,
1521,"renkalvar, under 1 år",organic,
1521,rentjur (inkl. renoxe),organic,
1522,vajor,organic,
1522,"renkalvar, under 1 år",organic,
1522,rentjur (inkl. renoxe),organic,
1611,vajor,organic,
1611,"renkalvar, under 1 år",organic,
1611,rentjur (inkl. renoxe),organic,
1612,vajor,organic,
1612,"renkalvar, under 1 år",organic,
1612,rentjur (inkl. renoxe),organic,
1613,vajor,organic,
1613,"renkalvar, under 1 år",organic,
1613,rentjur (inkl. renoxe),organic,
1614,vajor,organic,
1614,"renkalvar, under 1 år",organic,
1614,rentjur (inkl. renoxe),organic,
1615,vajor,organic,
1615,"renkalvar, under 1 år",organic,
1615,rentjur (inkl. renoxe),organic,
1616,vajor,organic,
1616,"renkalvar, under 1 år",organic,
1616,rentjur (inkl. renoxe),organic,
1617,vajor,organic,
1617,"renkalvar, under 1 år",organic,
1617,rentjur (inkl. renoxe),organic,
1621,vajor,organic,
1621,"renkalvar, under 1 år",organic,
1621,rentjur (inkl. renoxe),organic,
1622,vajor,organic,
1622,"renkalvar, under 1 år",organic,
1622,rentjur (inkl. renoxe),organic,
1623,vajor,organic,
1623,"renkalvar, under 1 år",organic,
1623,rentjur (inkl. renoxe),organic,
1711,vajor,organic,
1711,"renkalvar, under 1 år",organic,
1711,rentjur (inkl. renoxe),organic,
1712,vajor,organic,
1712,"renkalvar, under 1 år",organic,
1712,rentjur (inkl. renoxe),organic,
1713,vajor,organic,
1713,"renkalvar, under 1 år",organic,
1713,rentjur (inkl. renoxe),organic,
1721,vajor,organic,
1721,"renkalvar, under 1 år",organic,
1721,rentjur (inkl. renoxe),organic,
1722,vajor,organic,
1722,"renkalvar, under 1 år",organic,
1722,rentjur (inkl. renoxe),organic,
1723,vajor,organic,
1723,"renkalvar, under 1 år",organic,
1723,rentjur (inkl. renoxe),organic,
1724,vajor,organic,
1724,"renkalvar, under 1 år",organic,
1724,rentjur (inkl. renoxe),organic,
1811,vajor,organic,
1811,"renkalvar, under 1 år",organic,
1811,rentjur (inkl. renoxe),organic,
1812,vajor,organic,
1812,"renkalvar, under 1 år",organic,
1812,rentjur (inkl. renoxe),organic,
1813,vajor,organic,
1813,"renkalvar, under 1 år",organic,
1813,rentjur (inkl. renoxe),organic,
1821,vajor,organic,
1821,"renkalvar, under 1 år",organic,
1821,rentjur (inkl. renoxe),organic,
1911,vajor,organic,
1911,"renkalvar, under 1 år",organic,
1911,rentjur (inkl. renoxe),organic,
1912,vajor,organic,
1912,"renkalvar, under 1 år",organic,
1912,rentjur (inkl. renoxe),organic,
1921,vajor,organic,
1921,"renkalvar, under 1 år",organic,
1921,rentjur (inkl. renoxe),organic,
1922,vajor,organic,
1922,"renkalvar, under 1 år",organic,
1922,rentjur (inkl. renoxe),organic,
2011,vajor,organic,
2011,"renkalvar, under 1 år",organic,
2011,rentjur (inkl. renoxe),organic,
2012,vajor,organic,
2012,"renkalvar, under 1 år",organic,
2012,rentjur (inkl. renoxe),organic,
2019,vajor,organic,
2019,"renkalvar, under 1 år",organic,
2019,rentjur (inkl. renoxe),organic,
2111,vajor,organic,
2111,"renkalvar, under 1 år",organic,
2111,rentjur (inkl. renoxe),organic,
2121,vajor,organic,
2121,"renkalvar, under 1 år",organic,
2121,rentjur (inkl. renoxe),organic,
2122,vajor,organic,
2122,"renkalvar, under 1 år",organic,
2122,rentjur (inkl. renoxe),organic,
2211,vajor,organic,
2211,"renkalvar, under 1 år",organic,
2211,rentjur (inkl. renoxe),organic,
2212,vajor,organic,
2212,"renkalvar, under 1 år",organic,
2212,rentjur (inkl. renoxe),organic,
2221,vajor,organic,
2221,"renkalvar, under 1 år",organic,
2221,rentjur (inkl. renoxe),organic,
2311,vajor,organic,
2311,"renkalvar, under 1 år",organic,
2311,rentjur (inkl. renoxe),organic,
2312,vajor,organic,
2312,"renkalvar, under 1 år",organic,
2312,rentjur (inkl. renoxe),organic,
2319,vajor,organic,
2319,"renkalvar, under 1 år",organic,
2319,rentjur (inkl. renoxe),organic,
2331,vajor,organic,
2331,"renkalvar, under 1 år",organic,
2331,rentjur (inkl. renoxe),organic,
2411,vajor,organic,
2411,"renkalvar, under 1 år",organic,
2411,rentjur (inkl. renoxe),organic,
2412,vajor,organic,
2412,"renkalvar, under 1 år",organic,
2412,rentjur (inkl. renoxe),organic,
2413,vajor,organic,
2413,"renkalvar, under 1 år",organic,
2413,rentjur (inkl. renoxe),organic,
2414,vajor,organic,
2414,"renkalvar, under 1 år",organic,
2414,rentjur (inkl. renoxe),organic,
2415,vajor,organic,
2415,"renkalvar, under 1 år",organic,
2415,rentjur (inkl. renoxe),organic,
2419,vajor,organic,
2419,"renkalvar, under 1 år",organic,
2419,rentjur (inkl. renoxe),organic,
2511,vajor,organic,
2511,"renkalvar, under 1 år",organic,
2511,rentjur (inkl. renoxe),organic,
2512,vajor,organic,
2512,"renkalvar, under 1 år",organic,
2512,rentjur (inkl. renoxe),organic,
2519,vajor,organic,
2519,"renkalvar, under 1 år",organic,
2519,rentjur (inkl. renoxe),organic,
2521,vajor,organic,
2521,"renkalvar, under 1 år",organic,
2521,rentjur (inkl. renoxe),organic,
