region,crop,prod_system,area,yield,unharvested
1011,Apples,conventional,24.86497749643681,13262.207641122783,0.0
1011,Apples,organic,1.5559307890299945,11459.228376505831,0.0
1011,"Barley, spring",conventional,2738.111422061459,4960.670942770658,1.6532674143325998
1011,"Barley, spring",organic,93.84418285101655,3399.3246319103528,1.4525680497190563
1011,"Barley, winter",conventional,302.5487478787806,5651.907917754979,0.16289029502107197
1011,"Barley, winter",organic,26.377470093722547,3538.826090295021,1.4046163285609008
1011,"Beans, dry ",conventional,0.0,,
1011,"Beans, dry ",organic,0.0,,
1011,"Broad beans and horse beans, dry",conventional,111.66005534529063,3438.505477082676,1.8863104767765042
1011,"Broad beans and horse beans, dry",organic,54.65605439049775,2705.307255934028,3.060992877963971
1011,"Cabbages, cauliflowers and broccoli",conventional,13.078590323893325,16974.122390911798,0.0
1011,"Cabbages, cauliflowers and broccoli",organic,0.8183953259145916,13855.57937153866,0.0
1011,Carrots and turnips,conventional,17.727100382145252,73036.86575574984,0.0
1011,Carrots and turnips,organic,1.1092767443187006,73036.86575574984,0.0
1011,Cereals for fodder,conventional,297.3738195763099,3196.818481243697,0.0
1011,Cereals for fodder,organic,35.484948564466286,2968.470078676863,0.0
1011,Cucumbers and gherkins,conventional,45.59078285713979,71916.71597986572,0.0
1011,Cucumbers and gherkins,organic,2.852852078935921,34674.130908590014,0.0
1011,Fallow,conventional,942.4173227691684,0.0,0.0
1011,Fallow,organic,40.58467723083147,0.0,0.0
1011,Green manure,conventional,0.0,,
1011,Green manure,organic,0.0,,
1011,Herbs,conventional,3.263114309108221,3686.6776787965728,0.0
1011,Herbs,organic,0.2041900107246583,3340.517100266034,0.0
1011,Lettuce and spinach,conventional,18.22961841052517,26295.682488512222,0.0
1011,Lettuce and spinach,organic,1.140721907400429,23826.649539027465,0.0
1011,Ley for fodder,conventional,8047.47821347971,5777.17897690212,0.0
1011,Ley for fodder,organic,716.9335962670285,5131.693186284094,0.0
1011,Ley for grazing,conventional,779.0887093436825,4621.743181521696,0.0
1011,Ley for grazing,organic,177.1399354222177,4105.354549027275,0.0
1011,Ley for seed,conventional,697.1762578580955,0.0,96.58948125381882
1011,Ley for seed,organic,232.5112876292672,0.0,98.79030688767737
1011,Maize (corn),conventional,49.630123335155645,5583.164616221749,6.627832896225345
1011,Maize (corn),organic,0.3476987904353849,4770.472693637466,25.7065963247176
1011,Maize for forage and silage,conventional,593.0849562540828,9185.94717298649,0.0
1011,Maize for forage and silage,organic,6.6412216203261245,6595.147006366213,0.0
1011,Mixed grain,conventional,37.69592891515515,3783.373133129649,8.947413274316588
1011,Mixed grain,organic,5.89559768854172,2816.2635926850817,3.7961927558836317
1011,Oats,conventional,481.14147787963435,4758.165046192879,0.3542683758034675
1011,Oats,organic,30.671804247271364,3248.068180242456,1.449729432661188
1011,"Onions and shallots, dry (excluding dehydrated)",conventional,24.250980297429575,34685.73080244377,0.0
1011,"Onions and shallots, dry (excluding dehydrated)",organic,1.517509795226544,26925.850310812108,0.0
1011,Other berries,conventional,27.12231708573012,3187.4237203830007,0.0
1011,Other berries,organic,1.6971842516072717,3187.423720383001,0.0
1011,Other crops for fodder,conventional,145.9807912070496,4206.524130350453,0.0
1011,Other crops for fodder,organic,34.484032042878276,3844.2765924657187,0.0
1011,Other fruit,conventional,5.566146643601577,1553.6847083971138,0.0
1011,Other fruit,organic,0.348302705694253,1342.4633651038284,0.0
1011,"Other root, bulb and tuberous vegetables, n.e.c.",conventional,8.872930861674366,24855.65321006887,0.0
1011,"Other root, bulb and tuberous vegetables, n.e.c.",organic,0.5552253694414948,24855.65321006887,0.0
1011,Other vegetables,conventional,25.605461297588327,35969.61931582433,0.0
1011,Other vegetables,organic,1.602266706492808,27922.50770067516,0.0
1011,"Peas, dry",conventional,58.27694433457912,3779.983098030452,2.0740616364759847
1011,"Peas, dry",organic,0.0109122744136311,3052.350017697068,2.5025853154084
1011,"Peas, green",conventional,0.0,,
1011,"Peas, green",organic,0.0,,
1011,Potatoes,conventional,1981.5999133065015,41704.701157503536,0.0
1011,Potatoes,organic,39.536086693498135,29645.68428089265,0.0
1011,"Pumpkins, squash and gourds",conventional,12.570202708574651,52549.34331570849,0.0
1011,"Pumpkins, squash and gourds",organic,0.786582872291852,25336.29051970954,0.0
1011,Rye,conventional,92.52529202533398,6340.587181188793,0.4659860086153363
1011,Rye,organic,2.1089089789610833,3886.587897577738,1.3328819945744994
1011,Semi-natural meadows,conventional,5947.15267450145,0.0,0.0
1011,Semi-natural meadows,organic,566.5593254985498,0.0,0.0
1011,Semi-natural pastures,conventional,24.90537356503489,0.0,0.0
1011,Semi-natural pastures,organic,2.3726264349651074,0.0,0.0
1011,Short rotation coppice and other energy crops,conventional,0.7159831747729001,0.0,0.0
1011,Short rotation coppice and other energy crops,organic,1.6825227099878544e-05,0.0,0.0
1011,Spring rapeseed,conventional,7.114025687255234,2135.981477421414,0.0
1011,Spring rapeseed,organic,2.995232101927009,1445.5523245957193,2.7795868872413325
1011,Strawberries,conventional,216.83679075881207,7642.297829625227,0.0
1011,Strawberries,organic,13.56860423398484,7642.297829625228,0.0
1011,Sugar beet,conventional,359.1691335225949,66104.59148669455,0.0
1011,Sugar beet,organic,13.496866477405083,51762.525766300045,0.0
1011,Tomatoes,conventional,0.0,,
1011,Tomatoes,organic,0.0,,
1011,"Triticale, spring",conventional,2.7565776775938717,3683.7993120222213,4.64011238768755
1011,"Triticale, spring",organic,0.19700912240612808,2651.424396346831,2.2675588070118433
1011,"Triticale, winter",conventional,455.89862977669674,5528.320925792257,0.5077265469771547
1011,"Triticale, winter",organic,48.75335536410519,4197.920808553345,1.3405693576045075
1011,"Wheat, spring",conventional,1037.9513633075326,6437.632309802064,1.1491321456272807
1011,"Wheat, spring",organic,10.09046393717378,4172.294946537291,1.3869922135560155
1011,"Wheat, winter",conventional,3407.104895899921,7267.447292989807,0.5096916034212721
1011,"Wheat, winter",organic,71.7141041539177,4700.675540475615,1.2967823497636484
1011,Winter rapeseed,conventional,851.946876726791,4024.456089555933,0.6852807464879266
1011,Winter rapeseed,organic,35.42307588931774,2683.4031631230537,4.1490819630540745
111,Apples,conventional,0.0,,
111,Apples,organic,0.0,,
111,"Barley, spring",conventional,3192.2076368294265,3888.5088737946908,1.068925185985234
111,"Barley, spring",organic,123.62902644565465,2720.4768960348865,2.9024264920106155
111,"Barley, winter",conventional,69.39734380877789,4677.687414338788,0.2309758342836937
111,"Barley, winter",organic,0.9015757912221104,2965.3939073109336,2.686463678679798
111,"Beans, dry ",conventional,0.0,,
111,"Beans, dry ",organic,0.0,,
111,"Broad beans and horse beans, dry",conventional,6.900687818284048,3042.122356661046,0.0
111,"Broad beans and horse beans, dry",organic,28.43219378171595,2398.591483516672,2.8255012826924952
111,"Cabbages, cauliflowers and broccoli",conventional,0.9046537498166954,5142.227069058541,0.0
111,"Cabbages, cauliflowers and broccoli",organic,0.2663473596737101,4197.479767199202,0.0
111,Carrots and turnips,conventional,0.2704259800580517,20567.07324214904,0.0
111,Carrots and turnips,organic,0.0796185786995653,20567.07324214904,0.0
111,Cereals for fodder,conventional,275.7300463252506,2005.4145911006763,0.0
111,Cereals for fodder,organic,158.4783805635271,1852.0334951344187,0.0
111,Cucumbers and gherkins,conventional,0.178315576789803,13644.795856766816,0.0
111,Cucumbers and gherkins,organic,0.0524995149539612,6578.740857563316,0.0
111,Fallow,conventional,3493.547921944393,0.0,0.0
111,Fallow,organic,310.930078055607,0.0,0.0
111,Green manure,conventional,1.4806066212389553,0.0,0.0
111,Green manure,organic,4.025393378761045,0.0,0.0
111,Herbs,conventional,0.534946730369409,1788.2256040759955,0.0
111,Herbs,organic,0.1574985448618838,1620.3201717106335,0.0
111,Lettuce and spinach,conventional,0.9849536935915556,3201.5552847277327,0.0
111,Lettuce and spinach,organic,0.2899891983448205,2900.945270477553,0.0
111,Ley for fodder,conventional,6821.250812058014,3840.1264485497286,0.0
111,Ley for fodder,organic,1702.011985070037,3432.1794249035675,0.0
111,Ley for grazing,conventional,2137.8010511934003,3072.1011588397832,0.0
111,Ley for grazing,organic,636.9639191524265,2745.7435399228543,0.0
111,Ley for seed,conventional,785.6084712488151,0.0,96.37608970696549
111,Ley for seed,organic,30.38176127730971,0.0,77.21575887492813
111,Maize (corn),conventional,0.0,,
111,Maize (corn),organic,0.0,,
111,Maize for forage and silage,conventional,0.0,,
111,Maize for forage and silage,organic,0.0,,
111,Mixed grain,conventional,25.015278092951263,3346.892583179573,13.609045886616622
111,Mixed grain,organic,40.003079463911206,2451.272686006848,7.228940782607355
111,Oats,conventional,860.1749491016894,3738.21712256845,8.570713527812506
111,Oats,organic,215.95554130934994,2375.9208685035137,2.8813501533840205
111,"Onions and shallots, dry (excluding dehydrated)",conventional,0.1795809831640946,5796.538053739336,0.0
111,"Onions and shallots, dry (excluding dehydrated)",organic,0.0528720747833713,4499.738432638563,0.0
111,Other berries,conventional,0.0,,
111,Other berries,organic,0.0,,
111,Other crops for fodder,conventional,46.05303107779997,3131.763205057228,0.0
111,Other crops for fodder,organic,29.22193339309076,2898.449031004835,0.0
111,Other fruit,conventional,0.0,,
111,Other fruit,organic,0.0,,
111,"Other root, bulb and tuberous vegetables, n.e.c.",conventional,0.6266353315128939,4132.660695659377,0.0
111,"Other root, bulb and tuberous vegetables, n.e.c.",organic,0.1844934219976846,4132.660695659377,0.0
111,Other vegetables,conventional,2.1435831406005112,2366.61496705947,0.0
111,Other vegetables,organic,0.6311118589357655,1837.15663104556,0.0
111,"Peas, dry",conventional,617.0119905430022,2428.4884443994497,1.9803454710513435
111,"Peas, dry",organic,58.47693909519687,1962.7946132536267,2.4978517011481043
111,"Peas, green",conventional,0.0,,
111,"Peas, green",organic,0.0,,
111,Potatoes,conventional,7.017012069687308,29237.58365617104,0.0
111,Potatoes,organic,0.512987930312692,20783.464457245827,0.0
111,"Pumpkins, squash and gourds",conventional,0.8024200955541136,20553.06939258901,0.0
111,"Pumpkins, squash and gourds",organic,0.2362478172928258,9909.515597062118,0.0
111,Rye,conventional,73.45665021157994,5113.289813032528,0.0
111,Rye,organic,21.183869788420065,3160.68017206592,2.203277392905414
111,Semi-natural meadows,conventional,2936.161489990415,0.0,0.0
111,Semi-natural meadows,organic,1165.7985100095843,0.0,0.0
111,Semi-natural pastures,conventional,49.79641013945851,0.0,0.0
111,Semi-natural pastures,organic,19.77158986054149,0.0,0.0
111,Short rotation coppice and other energy crops,conventional,121.05732356978704,0.0,0.0
111,Short rotation coppice and other energy crops,organic,8.45667643021296,0.0,0.0
111,Spring rapeseed,conventional,280.1950720234362,1802.9731583140112,4.723601318443372
111,Spring rapeseed,organic,5.512666291576217,1207.851858319738,4.155324479868972
111,Strawberries,conventional,0.0,,
111,Strawberries,organic,0.0,,
111,Sugar beet,conventional,0.0,,
111,Sugar beet,organic,0.0,,
111,Tomatoes,conventional,0.0,,
111,Tomatoes,organic,0.0,,
111,"Triticale, spring",conventional,0.0,,
111,"Triticale, spring",organic,0.0,,
111,"Triticale, winter",conventional,124.36511778508702,4737.754733125407,0.12674879748742568
111,"Triticale, winter",organic,29.48269241768239,3656.725972377848,2.5639676933311923
111,"Wheat, spring",conventional,342.65796912728814,4548.021546034594,0.0
111,"Wheat, spring",organic,140.84218723883504,2927.7580947787706,0.6166332035104591
111,"Wheat, winter",conventional,6421.353453798785,5099.64841157545,0.2055260105395495
111,"Wheat, winter",organic,408.91320190056217,3348.780887698524,2.4810729114768186
111,Winter rapeseed,conventional,775.4419234844466,2526.358092297782,4.7396191981829645
111,Winter rapeseed,organic,37.543562491451176,1615.84843557895,4.155324479868973
1111,Apples,conventional,193.6071664623612,17869.681010094693,0.0
1111,Apples,organic,20.27244462238312,15440.321947232638,0.0
1111,"Barley, spring",conventional,3724.063403276085,5765.216803085214,0.32612714648733054
1111,"Barley, spring",organic,122.65721112391411,3959.5409310371774,0.3471468865263615
1111,"Barley, winter",conventional,571.4283665651684,6108.560761173293,0.26083399917301525
1111,"Barley, winter",organic,11.181548634831492,3780.6144884858254,0.3514552443712242
1111,"Beans, dry ",conventional,0.0,,
1111,"Beans, dry ",organic,0.0,,
1111,"Broad beans and horse beans, dry",conventional,78.08090741711112,3652.823971272133,0.3833030084087117
1111,"Broad beans and horse beans, dry",organic,31.037150582888856,2925.145682324439,3.2993890020366603
1111,"Cabbages, cauliflowers and broccoli",conventional,306.9544912585879,21175.793958754297,0.0
1111,"Cabbages, cauliflowers and broccoli",organic,32.14094828892221,17285.305666698936,0.0
1111,Carrots and turnips,conventional,287.5693598251741,66811.07092039878,0.0
1111,Carrots and turnips,organic,30.11114737471949,66811.07092039878,0.0
1111,Cereals for fodder,conventional,233.49507954147103,3780.210484913877,0.0
1111,Cereals for fodder,organic,52.129557658529,3483.184176204562,0.0
1111,Cucumbers and gherkins,conventional,11.993678440817156,45930.91505639147,0.0
1111,Cucumbers and gherkins,organic,1.2558480476362155,22145.262609912897,0.0
1111,Fallow,conventional,1029.757287541055,0.0,0.0
1111,Fallow,organic,35.26071245894516,0.0,0.0
1111,Green manure,conventional,51.34878243663982,0.0,0.0
1111,Green manure,organic,27.05721756336017,0.0,0.0
1111,Herbs,conventional,39.46756975292158,3505.602238349727,0.0
1111,Herbs,organic,4.13261624977964,3176.443737213493,0.0
1111,Lettuce and spinach,conventional,508.05779720810347,15528.032809823371,0.0
1111,Lettuce and spinach,organic,53.19830741324108,14070.028262313204,0.0
1111,Ley for fodder,conventional,3752.4766453895454,6658.217571576993,0.0
1111,Ley for fodder,organic,529.3189008746092,5873.227790748872,0.0
1111,Ley for grazing,conventional,1791.0932783056635,5326.574057261594,0.0
1111,Ley for grazing,organic,268.08777108199007,4698.582232599098,0.0
1111,Ley for seed,conventional,184.44001447855734,0.0,99.99999999999976
1111,Ley for seed,organic,34.157389869634066,-0.0,100.00000000000016
1111,Maize (corn),conventional,159.26060588124756,6337.7059753689455,3.093272603220174
1111,Maize (corn),organic,1.0224637187523058,4462.448454047601,6.432160804020108
1111,Maize for forage and silage,conventional,711.6393595709673,11418.01527125851,0.0
1111,Maize for forage and silage,organic,19.529570829032785,8197.683681039714,0.0
1111,Mixed grain,conventional,26.127348569724745,4615.253122838842,21.372117471403847
1111,Mixed grain,organic,10.516575830275244,2889.5623530754274,1.2279355333844968
1111,Oats,conventional,201.64880089304555,4993.848160363574,0.8052127682108348
1111,Oats,organic,31.357903106954442,3356.655051663912,0.367225154923112
1111,"Onions and shallots, dry (excluding dehydrated)",conventional,313.9275601195281,52862.4976854994,0.0
1111,"Onions and shallots, dry (excluding dehydrated)",organic,32.8710925026642,41036.11677788622,0.0
1111,Other berries,conventional,15.891311346879734,2357.3059360730595,0.0
1111,Other berries,organic,1.663965932373157,2357.3059360730595,0.0
1111,Other crops for fodder,conventional,64.42283842797664,5304.9519247498865,0.0
1111,Other crops for fodder,organic,21.74991877202336,4782.623004935532,0.0
1111,Other fruit,conventional,22.179518303542523,13399.147871025654,0.0
1111,Other fruit,organic,2.3223988283879504,11577.551766611898,0.0
1111,"Other root, bulb and tuberous vegetables, n.e.c.",conventional,196.91946463295145,33037.33621203097,0.0
1111,"Other root, bulb and tuberous vegetables, n.e.c.",organic,20.61927259607368,33037.33621203097,0.0
1111,Other vegetables,conventional,102.22518950138344,12158.022440590434,0.0
1111,Other vegetables,organic,10.70391417345751,9438.03358722279,0.0
1111,"Peas, dry",conventional,206.56200566037546,3665.558864877322,2.923011623877866
1111,"Peas, dry",organic,36.37488633962453,2934.291303910955,2.5025853154084805
1111,"Peas, green",conventional,78.84211027746348,0.0,0.0
1111,"Peas, green",organic,10.32788972253653,0.0,0.0
1111,Potatoes,conventional,3672.536531472209,43857.01726228833,0.0
1111,Potatoes,organic,146.61146852779174,31175.65289220473,0.0
1111,"Pumpkins, squash and gourds",conventional,50.34555717598829,25404.31907954935,0.0
1111,"Pumpkins, squash and gourds",organic,5.271641223217137,12248.510981153537,0.0
1111,Rye,conventional,992.5525871386568,5661.986011783515,0.04431960511901466
1111,Rye,organic,58.941871261342875,3450.3598335458464,0.3328998699609882
1111,Semi-natural meadows,conventional,5772.867665452928,0.0,0.0
1111,Semi-natural meadows,organic,1204.5343345470712,0.0,0.0
1111,Semi-natural pastures,conventional,459.8849699215676,0.0,0.0
1111,Semi-natural pastures,organic,95.9570300784322,0.0,0.0
1111,Short rotation coppice and other energy crops,conventional,203.02703759365,0.0,0.0
1111,Short rotation coppice and other energy crops,organic,3.396962406350001,0.0,0.0
1111,Spring rapeseed,conventional,0.0,,
1111,Spring rapeseed,organic,0.0,,
1111,Strawberries,conventional,340.58926795683925,7376.255929695851,0.0
1111,Strawberries,organic,35.66281765182145,7376.255929695851,0.0
1111,Sugar beet,conventional,1634.084143999289,65668.56909670349,0.0
1111,Sugar beet,organic,8.191856000711317,51421.10288342605,0.0
1111,Tomatoes,conventional,0.0,,
1111,Tomatoes,organic,0.0,,
1111,"Triticale, spring",conventional,11.228447843140728,4329.284302798934,4.706110397736305
1111,"Triticale, spring",organic,0.6432505568592713,3060.614007095665,0.567375886524815
1111,"Triticale, winter",conventional,451.2367814616384,6127.2492326328675,0.0
1111,"Triticale, winter",organic,39.06349053836153,4599.810502361011,0.25873775898429824
1111,"Wheat, spring",conventional,497.280382363867,5446.892805063507,1.108258680450774
1111,"Wheat, spring",organic,55.29874723613305,3494.095248205524,0.3271983640081798
1111,"Wheat, winter",conventional,3713.49316080482,7386.854538660767,0.036934504249293176
1111,"Wheat, winter",organic,41.33548559517999,4753.629394790878,0.3212206384260188
1111,Winter rapeseed,conventional,1138.585748474798,3760.6478993167675,0.3644716045273392
1111,Winter rapeseed,organic,25.216544325202037,2437.7547864087355,1.08816120906801
1112,Apples,conventional,196.26133048881,17866.623619830894,0.0
1112,Apples,organic,20.543948545604472,15437.680205056897,0.0
1112,"Barley, spring",conventional,2374.2751030032277,5253.503924593549,0.3270964320440937
1112,"Barley, spring",organic,78.20254003655148,3608.0908288958217,0.34793417780430136
1112,"Barley, winter",conventional,143.94013732576312,5417.520768711775,0.26081431013424045
1112,"Barley, winter",organic,2.8233900300568546,3352.953954263632,0.35224052368465847
1112,"Beans, dry ",conventional,0.0,,
1112,"Beans, dry ",organic,0.0,,
1112,"Broad beans and horse beans, dry",conventional,181.4775526188317,3328.8331825987016,0.3843301082237198
1112,"Broad beans and horse beans, dry",organic,72.14941701976974,2665.664816512474,3.2992174602926667
1112,"Cabbages, cauliflowers and broccoli",conventional,14.311724998702582,21173.025509541287,0.0
1112,"Cabbages, cauliflowers and broccoli",organic,1.4981012369573783,17283.045846313318,0.0
1112,Carrots and turnips,conventional,13.409260707129778,66815.7158287809,0.0
1112,Carrots and turnips,organic,1.4036344363699131,66815.7158287809,0.0
1112,Cereals for fodder,conventional,295.019025625274,3792.7821294129394,0.0
1112,Cereals for fodder,organic,73.83468609065585,3457.277970409664,0.0
1112,Cucumbers and gherkins,conventional,0.5704498757488947,45949.20159143794,0.0
1112,Cucumbers and gherkins,organic,0.0597126946303869,22154.07933216483,0.0
1112,Fallow,conventional,641.5074637579601,0.0,0.0
1112,Fallow,organic,21.970536242039863,0.0,0.0
1112,Green manure,conventional,2.6340818734384657,0.0,0.0
1112,Green manure,organic,1.3879181265615346,0.0,0.0
1112,Herbs,conventional,1.840566360753093,3505.746295403572,0.0
1112,Herbs,organic,0.1926640388909314,3176.574268031131,0.0
1112,Lettuce and spinach,conventional,23.68729589197653,15535.49313434614,0.0
1112,Lettuce and spinach,organic,2.479503154173408,14076.788099709664,0.0
1112,Ley for fodder,conventional,5289.638316133953,6657.273210575932,0.0
1112,Ley for fodder,organic,745.8747467375947,5872.580159385881,0.0
1112,Ley for grazing,conventional,2522.708418433349,5325.818568460747,0.0
1112,Ley for grazing,organic,377.6100718699028,4698.0641275087055,0.0
1112,Ley for seed,conventional,344.89311991694836,0.0,75.42814344500002
1112,Ley for seed,organic,60.575326908252165,0.0,79.69246237073489
1112,Maize (corn),conventional,90.4002083582709,5775.186374036217,3.094350847522612
1112,Maize (corn),organic,0.5803922253811713,4066.9516474278735,6.446532599294136
1112,Maize for forage and silage,conventional,404.1596162571829,11416.356401069404,0.0
1112,Maize for forage and silage,organic,11.085783159165011,8196.492677808845,0.0
1112,Mixed grain,conventional,45.197117168531065,4204.7528227586245,21.35114342414577
1112,Mixed grain,organic,18.17512807758363,2633.320571545868,1.230410530330925
1112,Oats,conventional,475.9338761238345,4400.173119861527,0.8047969695002454
1112,Oats,organic,73.97874333811042,2957.648270752309,0.36804227265095274
1112,"Onions and shallots, dry (excluding dehydrated)",conventional,14.639555025927637,52850.28070039297,0.0
1112,"Onions and shallots, dry (excluding dehydrated)",organic,1.5324173357744075,41026.632972741725,0.0
1112,Other berries,conventional,25.356294772566883,2357.886304858342,0.0
1112,Other berries,organic,2.6542081102649737,2357.886304858342,0.0
1112,Other crops for fodder,conventional,210.51122114197005,5302.063599487837,0.0
1112,Other crops for fodder,organic,71.43998723829483,4790.10106352229,0.0
1112,Other fruit,conventional,22.49403063551166,13391.102293631006,0.0
1112,Other fruit,organic,2.354596327296121,11570.59997462666,0.0
1112,"Other root, bulb and tuberous vegetables, n.e.c.",conventional,9.181472346752887,33031.94968845688,0.0
1112,"Other root, bulb and tuberous vegetables, n.e.c.",organic,0.9610843613196448,33031.94968845688,0.0
1112,Other vegetables,conventional,4.7715405821738015,12174.467437406076,0.0
1112,Other vegetables,organic,0.4994681527904513,9450.79951466257,0.0
1112,"Peas, dry",conventional,19.03157747733726,3340.7284030638552,2.9222635111636164
1112,"Peas, dry",organic,3.3484476519710173,2674.284115015798,2.502585315408479
1112,"Peas, green",conventional,43.78697447266788,0.0,0.0
1112,"Peas, green",organic,5.73102552733212,0.0,0.0
1112,Potatoes,conventional,1079.230390161022,43614.1195728943,0.0
1112,Potatoes,organic,43.06760983897798,31002.98966689738,0.0
1112,"Pumpkins, squash and gourds",conventional,2.349957330297587,25423.3205313871,0.0
1112,"Pumpkins, squash and gourds",organic,0.2459853011174418,12257.672395429732,0.0
1112,Rye,conventional,613.275225186931,6827.068846640483,0.04461741631672124
1112,Rye,organic,36.40151089335884,4160.368782828868,0.33364414218970606
1112,Semi-natural meadows,conventional,4338.600628444312,0.0,0.0
1112,Semi-natural meadows,organic,904.8633715556894,0.0,0.0
1112,Semi-natural pastures,conventional,55.057207566731535,0.0,0.0
1112,Semi-natural pastures,organic,11.482792433268456,0.0,0.0
1112,Short rotation coppice and other energy crops,conventional,69.66920703118411,0.0,0.0
1112,Short rotation coppice and other energy crops,organic,1.1647929688158738,0.0,0.0
1112,Spring rapeseed,conventional,0.0,,
1112,Spring rapeseed,organic,0.0,,
1112,Strawberries,conventional,251.8926978152614,7376.481141056353,0.0
1112,Strawberries,organic,26.367245193139446,7376.481141056353,0.0
1112,Sugar beet,conventional,307.1390503907448,59847.56589587232,0.0
1112,Sugar beet,organic,1.546949609255193,46863.02573035284,0.0
1112,Tomatoes,conventional,0.0,,
1112,Tomatoes,organic,0.0,,
1112,"Triticale, spring",conventional,11.418188119247176,3944.991755906417,4.706078612278476
1112,"Triticale, spring",organic,0.6542394807528223,2788.972530008085,0.5686436113739
1112,"Triticale, winter",conventional,443.095950717572,5470.739281714522,0.0
1112,"Triticale, winter",organic,38.36544811431887,4107.179741755001,0.2640879926506405
1112,"Wheat, spring",conventional,218.98899008194473,4308.0119406347785,1.108214498353549
1112,"Wheat, spring",organic,24.332819314687036,2763.5431494074164,0.3279434301920782
1112,"Wheat, winter",conventional,1845.8598148765432,7589.775690113014,0.037286814885181735
1112,"Wheat, winter",organic,20.56006639505555,4884.232406189279,0.32194076951638634
1112,Winter rapeseed,conventional,877.99787301585,3910.375838478065,0.3647482286841075
1112,Winter rapeseed,organic,19.45792383597547,2534.862830399208,1.0903985614111784
112,Apples,conventional,8.267837146087585,4711.176536425518,0.0
112,Apples,organic,2.4344132462070784,4070.698432253263,0.0
112,"Barley, spring",conventional,3180.7786317193895,3666.572717099776,1.0701859841988435
112,"Barley, spring",organic,123.05245837849719,2565.336287313298,2.908594529941424
112,"Barley, winter",conventional,61.34478574918565,4410.320651588909,0.23151659378502507
112,"Barley, winter",organic,0.7816838508143449,2796.024921605154,2.6914003080460875
112,"Beans, dry ",conventional,0.0,,
112,"Beans, dry ",organic,0.0,,
112,"Broad beans and horse beans, dry",conventional,9.278744728489826,2868.933545021932,0.0
112,"Broad beans and horse beans, dry",organic,38.21493367151017,2262.0442015351546,2.825722554648953
112,"Cabbages, cauliflowers and broccoli",conventional,0.3549242003042661,5138.662366562698,0.0
112,"Cabbages, cauliflowers and broccoli",organic,0.1045052242023208,4194.569983869637,0.0
112,Carrots and turnips,conventional,0.1062185912942091,20545.50009370709,0.0
112,Carrots and turnips,organic,0.0312754038415525,20545.50009370709,0.0
112,Cereals for fodder,conventional,257.04690086851866,2003.2149070395742,0.0
112,Cereals for fodder,organic,151.81209187159916,1850.1934891650885,0.0
112,Cucumbers and gherkins,conventional,0.0702875589557061,13631.205873801073,0.0
112,Cucumbers and gherkins,organic,0.0206957347540768,6572.188544349631,0.0
112,Fallow,conventional,3614.1993465407913,0.0,0.0
112,Fallow,organic,321.31865345920846,0.0,0.0
112,Green manure,conventional,1.232827113172339,0.0,0.0
112,Green manure,organic,3.347172886827661,0.0,0.0
112,Herbs,conventional,0.2108626768671184,1788.2207442821098,0.0
112,Herbs,organic,0.0620872042622304,1620.3157682270653,0.0
112,Lettuce and spinach,conventional,0.3877062212001694,3203.447440499563,0.0
112,Lettuce and spinach,organic,0.1141576864480472,2902.659762294541,0.0
112,Ley for fodder,conventional,7550.142551639032,3837.697548013625,0.0
112,Ley for fodder,organic,1881.782589349866,3429.9834097179373,0.0
112,Ley for grazing,conventional,2366.568676811254,3070.1580384109,0.0
112,Ley for grazing,organic,704.2806200388109,2743.98672777435,0.0
112,Ley for seed,conventional,862.6354405783326,0.0,97.07934071482956
112,Ley for seed,organic,32.06012158270441,0.0,80.91286743316762
112,Maize (corn),conventional,2.0231447951978048,4142.832947059409,6.769270839511908
112,Maize (corn),organic,7.440480219445358e-05,3518.5798185533076,49.256683024642705
112,Maize for forage and silage,conventional,24.31935963088874,6728.521589274186,0.0
112,Maize for forage and silage,organic,0.0014211691112619,4830.812564138109,0.0
112,Mixed grain,conventional,24.025762090713332,3154.837675799966,13.597641027811475
112,Mixed grain,organic,38.4792272796941,2311.481741509432,7.251638127830332
112,Oats,conventional,800.5212231443497,3762.236595158039,8.59256962228267
112,Oats,organic,200.71027289166548,2390.7704760909924,2.887647423515091
112,"Onions and shallots, dry (excluding dehydrated)",conventional,0.0706249530388418,5796.035895562447,0.0
112,"Onions and shallots, dry (excluding dehydrated)",organic,0.0207950783442642,4499.3486171268105,0.0
112,Other berries,conventional,1.3917598624387253,344.8485711330705,0.0
112,Other berries,organic,0.4097950388710139,344.8485711330705,0.0
112,Other crops for fodder,conventional,39.531300632364044,3161.9412537812327,0.0
112,Other crops for fodder,organic,33.76444836751907,2896.6488761633664,0.0
112,Other fruit,conventional,1.0755040883155529,1724.1988874937176,0.0
112,Other fruit,organic,0.3166754923546378,1489.7963712348485,0.0
112,"Other root, bulb and tuberous vegetables, n.e.c.",conventional,0.2466812445112429,4130.20089494807,0.0
112,"Other root, bulb and tuberous vegetables, n.e.c.",organic,0.0726337588196436,4130.20089494807,0.0
112,Other vegetables,conventional,0.8444628897178807,2360.085600297892,0.0
112,Other vegetables,organic,0.2486468478194839,1832.0880121068965,0.0
112,"Peas, dry",conventional,324.52744532091555,2315.6242757348755,1.9826117501729856
112,"Peas, dry",organic,30.76345443557936,1871.559552090405,2.499374304352911
112,"Peas, green",conventional,0.0,,
112,"Peas, green",organic,0.0,,
112,Potatoes,conventional,68.55691081540765,27592.39139743791,0.0
112,Potatoes,organic,4.993089184592351,19613.98358506373,0.0
112,"Pumpkins, squash and gourds",conventional,0.3162940153006776,20565.90166121525,0.0
112,"Pumpkins, squash and gourds",organic,0.0931308063933456,9915.702583719369,0.0
112,Rye,conventional,13.617227935131394,4820.195014348694,0.0
112,Rye,organic,3.921748064868608,2979.257678881316,2.1950160687245748
112,Semi-natural meadows,conventional,2800.60952445525,0.0,0.0
112,Semi-natural meadows,organic,1111.4104755447509,0.0,0.0
112,Semi-natural pastures,conventional,21.398208262219363,0.0,0.0
112,Semi-natural pastures,organic,8.491791737780634,0.0,0.0
112,Short rotation coppice and other energy crops,conventional,42.8677555149896,0.0,0.0
112,Short rotation coppice and other energy crops,organic,3.000244485010401,0.0,0.0
112,Spring rapeseed,conventional,210.71987805612844,1832.6260423409965,4.7265604371031635
112,Spring rapeseed,organic,4.153695778586305,1227.6691156961751,4.154564148039488
112,Strawberries,conventional,0.0,,
112,Strawberries,organic,0.0,,
112,Sugar beet,conventional,0.0,,
112,Sugar beet,organic,0.0,,
112,Tomatoes,conventional,0.0,,
112,Tomatoes,organic,0.0,,
112,"Triticale, spring",conventional,41.62807279030426,2779.1768772888217,4.50251201409929
112,"Triticale, spring",organic,6.277047209695736,2046.7098435631071,4.344893582404205
112,"Triticale, winter",conventional,110.77665723412152,4466.263665559577,0.12641582800125406
112,"Triticale, winter",organic,26.21938796477024,3447.3600864994123,2.5686792248175805
112,"Wheat, spring",conventional,277.8675938322316,3869.551251566545,0.0
112,"Wheat, spring",organic,114.52385517934073,2490.710071263189,0.6051669736765906
112,"Wheat, winter",conventional,3001.349001722664,5475.37282272054,0.20527412487937316
112,"Wheat, winter",organic,190.99237022244364,3595.680863157764,2.4855299124961054
112,Winter rapeseed,conventional,323.44943579753624,2378.885018017884,4.742568950806401
112,Winter rapeseed,organic,15.606663211371018,1521.4660687018954,4.154564148039489
1121,Apples,conventional,81.39246316847209,17869.68101009469,0.0
1121,Apples,organic,8.522536806936772,15440.32194723264,0.0
1121,"Barley, spring",conventional,8260.49574495748,6805.975751365848,0.32612714648733054
1121,"Barley, spring",organic,272.07092384251996,4674.332377016293,0.34714688652636144
1121,"Barley, winter",conventional,879.2100633851741,7155.944608616531,0.26083399917301525
1121,"Barley, winter",organic,17.204133814826,4428.844849689495,0.35145524437122455
1121,"Beans, dry ",conventional,0.0,,
1121,"Beans, dry ",organic,0.0,,
1121,"Broad beans and horse beans, dry",conventional,120.94582588091603,4312.245700661566,0.38330300840871184
1121,"Broad beans and horse beans, dry",organic,48.075950119083956,3453.204148794328,3.2993890020366603
1121,"Cabbages, cauliflowers and broccoli",conventional,110.36787507402524,21175.793958754297,0.0
1121,"Cabbages, cauliflowers and broccoli",organic,11.556527975751605,17285.305666698936,0.0
1121,Carrots and turnips,conventional,103.39780027380284,66811.07092039878,0.0
1121,Carrots and turnips,organic,10.826697267605548,66811.07092039878,0.0
1121,Cereals for fodder,conventional,245.81526172407837,3764.0991478217084,0.0
1121,Cereals for fodder,organic,43.51915427592162,3510.799310807397,0.0
1121,Cucumbers and gherkins,conventional,4.312420379993717,45930.915056391466,0.0
1121,Cucumbers and gherkins,organic,0.4515499345364098,22145.262609912905,0.0
1121,Fallow,conventional,993.2377801238792,0.0,0.0
1121,Fallow,organic,34.01021987612088,0.0,0.0
1121,Green manure,conventional,4.1298551392170335,0.0,0.0
1121,Green manure,organic,2.176144860782966,0.0,0.0
1121,Herbs,conventional,14.19087171556072,3505.6022383497275,0.0
1121,Herbs,organic,1.4859143194628368,3176.443737213493,0.0
1121,Lettuce and spinach,conventional,182.6761330734548,15528.032809823371,0.0
1121,Lettuce and spinach,organic,19.12786525018769,14070.028262313206,0.0
1121,Ley for fodder,conventional,1691.8190046855937,6658.217571576992,0.0
1121,Ley for fodder,organic,238.6455295169441,5873.227790748872,0.0
1121,Ley for grazing,conventional,807.5215207868607,5326.574057261594,0.0
1121,Ley for grazing,organic,120.86843674232313,4698.582232599098,0.0
1121,Ley for seed,conventional,654.0219557277077,0.0,12.714483452007045
1121,Ley for seed,organic,98.27555254057047,0.0,15.670219639242045
1121,Maize (corn),conventional,89.14679284034048,7481.812854733316,3.093272603220175
1121,Maize (corn),organic,0.572328359659398,5268.026686128264,6.432160804020086
1121,Maize for forage and silage,conventional,398.3431195283148,11418.01527125851,0.0
1121,Maize for forage and silage,organic,10.931759271685278,8197.683681039714,0.0
1121,Mixed grain,conventional,9.280546334429843,5448.416237121752,21.37211747140383
1121,Mixed grain,organic,3.735532865570161,3411.1971810958994,1.227935533384496
1121,Oats,conventional,196.48760207465813,5641.072065536106,0.805212768210835
1121,Oats,organic,30.555297925341872,3791.6917850789014,0.3672251549231119
1121,"Onions and shallots, dry (excluding dehydrated)",conventional,112.8750962251844,52862.4976854994,0.0
1121,"Onions and shallots, dry (excluding dehydrated)",organic,11.81905700745882,41036.11677788624,0.0
1121,Other berries,conventional,8.57638919918971,2357.3059360730595,0.0
1121,Other berries,organic,0.8980265466277496,2357.3059360730595,0.0
1121,Other crops for fodder,conventional,52.080190789184726,5295.072201747444,0.0
1121,Other crops for fodder,organic,17.70621961081527,4814.402563534635,0.0
1121,Other fruit,conventional,9.324270684817302,13399.147871025656,0.0
1121,Other fruit,organic,0.9763365920590404,11577.5517666119,0.0
1121,"Other root, bulb and tuberous vegetables, n.e.c.",conventional,70.80392530873405,33037.33621203097,0.0
1121,"Other root, bulb and tuberous vegetables, n.e.c.",organic,7.413819855411752,33037.33621203097,0.0
1121,Other vegetables,conventional,36.755862075992965,12158.022440590434,0.0
1121,Other vegetables,organic,3.848675604827772,9438.03358722279,0.0
1121,"Peas, dry",conventional,241.56670230121125,4327.27954588084,2.923011623877865
1121,"Peas, dry",organic,42.53909769878879,3464.000772906658,2.5025853154084796
1121,"Peas, green",conventional,70.7165187842495,0.0,0.0
1121,"Peas, green",organic,9.263481215750494,0.0,0.0
1121,Potatoes,conventional,1041.2386719491617,42217.60126769196,0.0
1121,Potatoes,organic,41.56732805083858,30010.27806318247,0.0
1121,"Pumpkins, squash and gourds",conventional,18.10213671136897,25404.31907954935,0.0
1121,"Pumpkins, squash and gourds",organic,1.895459608926092,12248.510981153537,0.0
1121,Rye,conventional,591.0782155669693,7185.147199054633,0.044319605119014636
1121,Rye,organic,35.10066523303074,4378.559615325386,0.33289986996098814
1121,Semi-natural meadows,conventional,2292.316117879099,0.0,0.0
1121,Semi-natural meadows,organic,478.3018821209009,0.0,0.0
1121,Semi-natural pastures,conventional,169.41484447202603,0.0,0.0
1121,Semi-natural pastures,organic,35.34915552797396,0.0,0.0
1121,Short rotation coppice and other energy crops,conventional,105.50080520928024,0.0,0.0
1121,Short rotation coppice and other energy crops,organic,1.765194790719777,0.0,0.0
1121,Spring rapeseed,conventional,3.914257355704427,2065.9008464217795,0.26237363842826755
1121,Spring rapeseed,organic,0.6559138442955731,1403.7982081683592,1.083011224747226
1121,Strawberries,conventional,213.82768663304364,7376.255929695852,0.0
1121,Strawberries,organic,22.389718393215524,7376.255929695852,0.0
1121,Sugar beet,conventional,4660.6396652141575,77523.30990568826,0.0
1121,Sugar beet,organic,23.36433478584344,60703.8366962716,0.0
1121,Tomatoes,conventional,0.0,,
1121,Tomatoes,organic,0.0,,
1121,"Triticale, spring",conventional,5.0382833601361785,5110.823233889549,4.706110397736306
1121,"Triticale, spring",organic,0.28863103986382194,3613.1277327569837,0.567375886524797
1121,"Triticale, winter",conventional,93.60288071992947,7831.006157227424,0.0
1121,"Triticale, winter",organic,8.103185280070523,5878.844322869206,0.2587377589842982
1121,"Wheat, spring",conventional,451.58798872373274,6574.848282016613,1.108258680450774
1121,"Wheat, spring",organic,50.21764567626732,4217.660776894735,0.3271983640081798
1121,"Wheat, winter",conventional,11318.02549340356,8761.783683926109,0.036934504249293176
1121,"Wheat, winter",organic,125.98274979643946,5638.431385473232,0.32122063842601883
1121,Winter rapeseed,conventional,5237.260910604296,4253.2341088292105,0.3644716045273391
1121,Winter rapeseed,organic,115.99093179570427,2757.062634978143,1.0881612090680102
1122,Apples,conventional,450.1816212694064,17869.681010094693,0.0
1122,Apples,organic,47.13814139195573,15440.321947232638,0.0
1122,"Barley, spring",conventional,4513.885655374104,5809.8062809083385,0.32612714648733054
1122,"Barley, spring",organic,148.67110622589553,3990.1649073011317,0.34714688652636144
1122,"Barley, winter",conventional,555.1608350207707,7109.483994361574,0.26083399917301525
1122,"Barley, winter",organic,10.863230179229246,4400.090176000615,0.351455244371224
1122,"Beans, dry ",conventional,0.0,,
1122,"Beans, dry ",organic,0.0,,
1122,"Broad beans and horse beans, dry",conventional,122.32299523935097,3681.0757298827807,0.3833030084087118
1122,"Broad beans and horse beans, dry",organic,48.62337476064901,2947.769414091406,3.2993890020366607
1122,"Cabbages, cauliflowers and broccoli",conventional,0.5378323641960964,21175.793958754293,0.0
1122,"Cabbages, cauliflowers and broccoli",organic,0.0563159774429652,17285.305666698936,0.0
1122,Carrots and turnips,conventional,0.5038665765435487,66811.07092039878,0.0
1122,Carrots and turnips,organic,0.0527594481996339,66811.07092039878,0.0
1122,Cereals for fodder,conventional,387.1225235292977,3787.059042941078,0.0
1122,Cereals for fodder,organic,89.67679447070226,3462.4164171216426,0.0
1122,Cucumbers and gherkins,conventional,0.0210148038713604,45930.915056391466,0.0
1122,Cucumbers and gherkins,organic,0.0022004425534279,22145.26260991289,0.0
1122,Fallow,conventional,598.4983567691932,0.0,0.0
1122,Fallow,organic,20.49364323080679,0.0,0.0
1122,Green manure,conventional,0.0,,
1122,Green manure,organic,0.0,,
1122,Herbs,conventional,0.0691533662278488,3505.6022383497275,0.0
1122,Herbs,organic,0.0072409911932572,3176.443737213493,0.0
1122,Lettuce and spinach,conventional,0.8901968663182096,15528.03280982337,0.0
1122,Lettuce and spinach,organic,0.0932117700248625,14070.0282623132,0.0
1122,Ley for fodder,conventional,5758.0940063497965,6658.217571576991,0.0
1122,Ley for fodder,organic,812.2283703799978,5873.22779074887,0.0
1122,Ley for grazing,conventional,2748.393779691233,5326.574057261593,0.0
1122,Ley for grazing,organic,411.3748688454882,4698.582232599096,0.0
1122,Ley for seed,conventional,388.6554539265825,0.0,72.82007704447008
1122,Ley for seed,organic,67.74952080690022,0.0,77.36405087794182
1122,Maize (corn),conventional,236.34403114652469,6386.723212654276,3.0932726032201745
1122,Maize (corn),organic,1.5173444534750509,4496.962029716103,6.432160804020098
1122,Maize for forage and silage,conventional,1056.0785828539767,11418.01527125851,0.0
1122,Maize for forage and silage,organic,28.982041546023467,8197.683681039714,0.0
1122,Mixed grain,conventional,59.560750806638964,4650.948524034992,21.37211747140384
1122,Mixed grain,organic,23.97392719336102,2911.910875405418,1.2279355333844963
1122,Oats,conventional,196.97790784475973,5032.47170036287,0.805212768210835
1122,Oats,organic,30.631544155240267,3382.6161735259634,0.3672251549231119
1122,"Onions and shallots, dry (excluding dehydrated)",conventional,0.5500502734236314,52862.4976854994,0.0
1122,"Onions and shallots, dry (excluding dehydrated)",organic,0.0575953045089117,41036.11677788623,0.0
1122,Other berries,conventional,6.509646011040847,2357.3059360730595,0.0
1122,Other berries,organic,0.6816195943645407,2357.3059360730595,0.0
1122,Other crops for fodder,conventional,128.97865895453282,5302.385032834927,0.0
1122,Other crops for fodder,organic,43.828133845467185,4792.701922581872,0.0
1122,Other fruit,conventional,51.57253055921552,13399.147871025656,0.0
1122,Other fruit,organic,5.400116580917533,11577.5517666119,0.0
1122,"Other root, bulb and tuberous vegetables, n.e.c.",conventional,0.345033756585592,33037.33621203097,0.0
1122,"Other root, bulb and tuberous vegetables, n.e.c.",organic,0.0361281963423293,33037.33621203097,0.0
1122,Other vegetables,conventional,0.179114549275665,12158.022440590436,0.0
1122,Other vegetables,organic,0.0187549347867757,9438.033587222792,0.0
1122,"Peas, dry",conventional,125.8127998594406,3693.909118006976,2.9230116238778665
1122,"Peas, dry",organic,22.155218140559395,2956.9857699633512,2.5025853154084796
1122,"Peas, green",conventional,26.728686707275106,0.0,0.0
1122,"Peas, green",organic,3.5013132927249,0.0,0.0
1122,Potatoes,conventional,159.92175752367203,39937.31317118185,0.0
1122,Potatoes,organic,6.384242476327948,28389.34087618974,0.0
1122,"Pumpkins, squash and gourds",conventional,0.0882133046228036,25404.319079549343,0.0
1122,"Pumpkins, squash and gourds",organic,0.0092367414161337,12248.510981153531,0.0
1122,Rye,conventional,708.1524383716638,7006.132284499601,0.04431960511901465
1122,Rye,organic,42.053016028336344,4269.469647688436,0.3328998699609882
1122,Semi-natural meadows,conventional,4516.357964080405,0.0,0.0
1122,Semi-natural meadows,organic,942.3580359195944,0.0,0.0
1122,Semi-natural pastures,conventional,30.96170376546736,0.0,0.0
1122,Semi-natural pastures,organic,6.460296234532639,0.0,0.0
1122,Short rotation coppice and other energy crops,conventional,57.2442140546914,0.0,0.0
1122,Short rotation coppice and other energy crops,organic,0.9577859453086016,0.0,0.0
1122,Spring rapeseed,conventional,0.0,,
1122,Spring rapeseed,organic,0.0,,
1122,Strawberries,conventional,0.0,,
1122,Strawberries,organic,0.0,,
1122,Sugar beet,conventional,985.6269362476754,66176.4645159784,0.0
1122,Sugar beet,organic,4.941063752324583,51818.805208416496,0.0
1122,Tomatoes,conventional,0.0,,
1122,Tomatoes,organic,0.0,,
1122,"Triticale, spring",conventional,1.5411595078820606,4362.767957100771,4.706110397736304
1122,"Triticale, spring",organic,0.0882892921179391,3084.2854812233163,0.567375886524769
1122,"Triticale, winter",conventional,295.7683165238226,6684.806179181779,0.0
1122,"Triticale, winter",organic,25.604612276177438,5018.376191633288,0.2587377589842981
1122,"Wheat, spring",conventional,93.89236189028756,4762.040692678326,1.108258680450774
1122,"Wheat, spring",organic,10.441051309712417,3054.773492252465,0.32719836400817925
1122,"Wheat, winter",conventional,5225.565871511694,7907.097999031436,0.036934504249293176
1122,"Wheat, winter",organic,58.16660848830596,5088.419337211228,0.3212206384260187
1122,Winter rapeseed,conventional,2301.048911457906,3880.001436734566,0.3644716045273393
1122,Winter rapeseed,organic,50.96190774209442,2515.123012550809,1.0881612090680104
1123,Apples,conventional,10.254603112816454,17869.681010094693,0.0
1123,Apples,organic,1.0737509232102924,15440.321947232638,0.0
1123,"Barley, spring",conventional,5045.090286740047,6030.72687557745,0.32612714648733054
1123,"Barley, spring",organic,166.16707005995244,4141.892789699815,0.34714688652636144
1123,"Barley, winter",conventional,481.6451891828763,5666.174912397845,0.2608339991730152
1123,"Barley, winter",organic,9.424696817123712,3506.81998683953,0.3514552443712239
1123,"Beans, dry ",conventional,0.0,,
1123,"Beans, dry ",organic,0.0,,
1123,"Broad beans and horse beans, dry",conventional,792.3054444676118,3821.05035209008,0.38330300840871145
1123,"Broad beans and horse beans, dry",organic,314.94131153238817,3059.859721482288,3.2993890020366603
1123,"Cabbages, cauliflowers and broccoli",conventional,30.984937231311957,21175.793958754297,0.0
1123,"Cabbages, cauliflowers and broccoli",organic,3.2444068865183464,17285.305666698932,0.0
1123,Carrots and turnips,conventional,29.02814201316004,66811.07092039878,0.0
1123,Carrots and turnips,organic,3.03951249432114,66811.07092039878,0.0
1123,Cereals for fodder,conventional,255.04084614556558,3797.5635313773596,0.0
1123,Cereals for fodder,organic,68.64797665443446,3460.1272899050923,0.0
1123,Cucumbers and gherkins,conventional,1.210679055834997,45930.915056391466,0.0
1123,Cucumbers and gherkins,organic,0.1267691922946741,22145.262609912897,0.0
1123,Fallow,conventional,1057.3175745259416,0.0,0.0
1123,Fallow,organic,36.20442547405831,0.0,0.0
1123,Green manure,conventional,6.030400590217324,0.0,0.0
1123,Green manure,organic,3.177599409782676,0.0,0.0
1123,Herbs,conventional,3.983978753503537,3505.6022383497275,0.0
1123,Herbs,organic,0.4171590862720091,3176.4437372134926,0.0
1123,Lettuce and spinach,conventional,51.28492791170806,15528.032809823371,0.0
1123,Lettuce and spinach,organic,5.370001948017417,14070.028262313206,0.0
1123,Ley for fodder,conventional,2651.4227760293875,6658.217571576994,0.0
1123,Ley for fodder,organic,374.0058425909506,5873.227790748871,0.0
1123,Ley for grazing,conventional,1265.5496518352854,5326.574057261594,0.0
1123,Ley for grazing,organic,189.42530211216035,4698.582232599097,0.0
1123,Ley for seed,conventional,526.704590987376,0.0,24.74281046712842
1123,Ley for seed,organic,81.67983644484099,0.0,29.54818448840188
1123,Maize (corn),conventional,39.832123508692774,6629.581342840676,3.093272603220174
1123,Maize (corn),organic,0.2557248913071895,4667.961109164578,6.432160804020082
1123,Maize for forage and silage,conventional,177.9856776710622,11418.015271258508,0.0
1123,Maize for forage and silage,organic,4.884473928937837,8197.683681039714,0.0
1123,Mixed grain,conventional,5.81520400382297,4827.803011779564,21.372117471403826
1123,Mixed grain,organic,2.340690396177032,3022.6376451312826,1.2279355333844955
1123,Oats,conventional,1877.1486290663158,5818.179168322513,0.8052127682108348
1123,Oats,organic,291.9107109336844,3910.735743197618,0.3672251549231122
1123,"Onions and shallots, dry (excluding dehydrated)",conventional,31.688820403309045,52862.49768549941,0.0
1123,"Onions and shallots, dry (excluding dehydrated)",organic,3.31810990529432,41036.11677788624,0.0
1123,Other berries,conventional,1.432042784878578,2357.3059360730595,0.0
1123,Other berries,organic,0.14994800339159,2357.3059360730595,0.0
1123,Other crops for fodder,conventional,41.63966653058816,5256.261797778146,0.0
1123,Other crops for fodder,organic,11.717836669411845,4877.6578681412175,0.0
1123,Other fruit,conventional,1.174761046257517,13399.147871025656,0.0
1123,Other fruit,organic,0.1230082475248572,11577.5517666119,0.0
1123,"Other root, bulb and tuberous vegetables, n.e.c.",conventional,19.877660777197857,33037.33621203097,0.0
1123,"Other root, bulb and tuberous vegetables, n.e.c.",organic,2.081373250233487,33037.33621203097,0.0
1123,Other vegetables,conventional,10.318927301477355,12158.022440590434,0.0
1123,Other vegetables,organic,1.0804862552557692,9438.033587222792,0.0
1123,"Peas, dry",conventional,42.03360509787031,3834.371735785717,2.923011623877866
1123,"Peas, dry",organic,7.4019789021296996,3069.4265335865875,2.50258531540848
1123,"Peas, green",conventional,133.00328900524525,0.0,0.0
1123,"Peas, green",organic,17.422710994754734,0.0,0.0
1123,Potatoes,conventional,313.75651442725314,39385.180909710776,0.0
1123,Potatoes,organic,12.525485572746838,27996.859015618447,0.0
1123,"Pumpkins, squash and gourds",conventional,5.082036501818998,25404.319079549357,0.0
1123,"Pumpkins, squash and gourds",organic,0.5321357955625274,12248.510981153531,0.0
1123,Rye,conventional,305.0659229584564,6627.643608011816,0.04431960511901464
1123,Rye,organic,18.116074241543597,4038.822287541739,0.33289986996098814
1123,Semi-natural meadows,conventional,578.8437045535729,0.0,0.0
1123,Semi-natural meadows,organic,120.7782954464271,0.0,0.0
1123,Semi-natural pastures,conventional,92.83546931505612,0.0,0.0
1123,Semi-natural pastures,organic,19.370530684943866,0.0,0.0
1123,Short rotation coppice and other energy crops,conventional,52.27535096743837,0.0,0.0
1123,Short rotation coppice and other energy crops,organic,0.8746490325616332,0.0,0.0
1123,Spring rapeseed,conventional,32.165058804421555,1830.580097834427,0.2623736384282677
1123,Spring rapeseed,organic,5.389913195578452,1243.895642765025,1.0830112247472383
1123,Strawberries,conventional,8.242396886076936,7376.2559296958525,0.0
1123,Strawberries,organic,0.8630544906052435,7376.2559296958525,0.0
1123,Sugar beet,conventional,1194.408290762436,68692.85545693136,0.0
1123,Sugar beet,organic,5.9877092375641245,53789.23945496015,0.0
1123,Tomatoes,conventional,0.0,,
1123,Tomatoes,organic,0.0,,
1123,"Triticale, spring",conventional,0.0,,
1123,"Triticale, spring",organic,0.0,,
1123,"Triticale, winter",conventional,101.02825090085986,6782.751034014485,0.0
1123,"Triticale, winter",organic,8.745998299140124,5091.904744954127,0.25873775898429824
1123,"Wheat, spring",conventional,931.0604922650618,5778.151104986538,1.108258680450774
1123,"Wheat, spring",organic,103.53611493493807,3706.5921878577456,0.3271983640081799
1123,"Wheat, winter",conventional,9959.348744540739,6855.5634372397535,0.03693450424929317
1123,"Wheat, winter",organic,110.85910185926285,4411.73001343882,0.3212206384260188
1123,Winter rapeseed,conventional,2882.030139979517,3175.0063894446835,0.3644716045273391
1123,Winter rapeseed,organic,63.82904482048355,2058.125947965847,1.0881612090680102
1124,Apples,conventional,50.42103755179168,16198.72040194858,0.0
1124,Apples,organic,5.644108032728989,13996.526182980053,0.0
1124,"Barley, spring",conventional,1539.1511586304935,4318.427358855721,0.3150597661232232
1124,"Barley, spring",organic,50.46333286360263,2970.902700782597,0.5042935494310384
1124,"Barley, winter",conventional,63.65930838558422,4539.151231690448,0.24569332728337873
1124,"Barley, winter",organic,1.2590231581271727,2814.0317679996174,0.5039050993307916
1124,"Beans, dry ",conventional,0.0,,
1124,"Beans, dry ",organic,0.0,,
1124,"Broad beans and horse beans, dry",conventional,41.4349772959976,2747.903668546757,0.5353726954965818
1124,"Broad beans and horse beans, dry",organic,15.420531146393719,2197.571007200868,3.318565976488377
1124,"Cabbages, cauliflowers and broccoli",conventional,7.4676803579019,21331.79351780651,0.0
1124,"Cabbages, cauliflowers and broccoli",organic,0.8359287460237697,17412.644460575564,0.0
1124,Carrots and turnips,conventional,6.926571351198288,65444.10807780488,0.0
1124,Carrots and turnips,organic,0.7753572496879243,65444.10807780488,0.0
1124,Cereals for fodder,conventional,117.4885397394383,3826.4942705040003,0.0
1124,Cereals for fodder,organic,29.660062813780268,3503.693365334779,0.0
1124,Cucumbers and gherkins,conventional,0.2793136709910905,40453.03054210262,0.0
1124,Cucumbers and gherkins,organic,0.0312662454133853,19504.13971987762,0.0
1124,Fallow,conventional,335.61064445241817,0.0,0.0
1124,Fallow,organic,11.627355547581868,0.0,0.0
1124,Green manure,conventional,0.0,,
1124,Green manure,organic,0.0,,
1124,Herbs,conventional,0.9927981738468168,3520.498880398247,0.0
1124,Herbs,organic,0.1111333764627851,3189.941659146247,0.0
1124,Lettuce and spinach,conventional,11.53221207385496,15137.488881173,0.0
1124,Lettuce and spinach,organic,1.290910579424721,13716.154453500192,0.0
1124,Ley for fodder,conventional,5705.874674659488,6745.65824466418,0.0
1124,Ley for fodder,organic,807.2491059352482,5951.876082616402,0.0
1124,Ley for grazing,conventional,2739.83948231224,5396.526595731344,0.0
1124,Ley for grazing,organic,417.1506274841215,4761.500866093122,0.0
1124,Ley for seed,conventional,283.13692056765956,0.0,94.484345834145
1124,Ley for seed,organic,53.9731890412421,0.0,95.76243930317102
1124,Maize (corn),conventional,57.64705841648612,4760.002194901486,3.3297768832163106
1124,Maize (corn),organic,0.385334463576612,3446.149616977459,9.222222973682257
1124,Maize for forage and silage,conventional,286.4075252302152,11416.995301554822,0.0
1124,Maize for forage and silage,organic,7.360081889722132,8196.951383105577,0.0
1124,Mixed grain,conventional,13.612943474746197,3485.318839627335,19.89506540275673
1124,Mixed grain,organic,5.708784738653561,2233.034630407347,1.666743393119795
1124,Oats,conventional,322.1110697581468,4487.8786764206125,0.7575224297934702
1124,Oats,organic,47.18643334186575,3022.795546714094,0.5248306137779885
1124,"Onions and shallots, dry (excluding dehydrated)",conventional,7.342648420605524,49692.83661459344,0.0
1124,"Onions and shallots, dry (excluding dehydrated)",organic,0.8219327277760835,38575.57125796282,0.0
1124,Other berries,conventional,1.035845605523794,2230.675006320417,0.0
1124,Other berries,organic,0.1159520864043806,2230.675006320417,0.0
1124,Other crops for fodder,conventional,129.2131823797023,5345.268016712862,0.0
1124,Other crops for fodder,organic,44.43321730304496,4826.323580922791,0.0
1124,Other fruit,conventional,5.906147225589823,11929.87331650831,0.0
1124,Other fruit,organic,0.6611314367378984,10308.023108668363,0.0
1124,"Other root, bulb and tuberous vegetables, n.e.c.",conventional,4.949803246833875,31480.878930370123,0.0
1124,"Other root, bulb and tuberous vegetables, n.e.c.",organic,0.554078726309161,31480.878930370127,0.0
1124,Other vegetables,conventional,2.66708554916264,12209.27459299464,0.0
1124,Other vegetables,organic,0.2985523444760877,9477.819624645574,0.0
1124,"Peas, dry",conventional,0.0,,
1124,"Peas, dry",organic,0.0,,
1124,"Peas, green",conventional,78.63869973521447,0.0,0.0
1124,"Peas, green",organic,11.103300264785531,0.0,0.0
1124,Potatoes,conventional,175.10582808503267,34725.54073024442,0.0
1124,Potatoes,organic,6.484171914967328,24684.5652504306,0.0
1124,"Pumpkins, squash and gourds",conventional,1.3139020420716814,25368.131376397254,0.0
1124,"Pumpkins, squash and gourds",organic,0.1470775975654686,12231.063338567514,0.0
1124,Rye,conventional,253.02696698416386,4918.686123370171,0.34862342503888494
1124,Rye,organic,23.450163180931764,2992.6637843419994,0.47907037519408846
1124,Semi-natural meadows,conventional,3481.992464970352,0.0,0.0
1124,Semi-natural meadows,organic,726.4855350296483,0.0,0.0
1124,Semi-natural pastures,conventional,121.12449415247023,0.0,0.0
1124,Semi-natural pastures,organic,25.27150584752977,0.0,0.0
1124,Short rotation coppice and other energy crops,conventional,41.39766580035022,0.0,0.0
1124,Short rotation coppice and other energy crops,organic,0.6343341996497881,0.0,0.0
1124,Spring rapeseed,conventional,1.8109023138421056,1359.0685031729458,0.3190719773386129
1124,Spring rapeseed,organic,0.3069820707737469,925.9948098177715,1.405670754293261
1124,Strawberries,conventional,0.0342779538259255,7422.381621434778,0.0
1124,Strawberries,organic,0.0038370585757124,7422.381621434778,0.0
1124,Sugar beet,conventional,128.8015545976602,49752.52214257618,0.0
1124,Sugar beet,organic,0.5764454023398055,38958.204739255816,0.0
1124,Tomatoes,conventional,0.0,,
1124,Tomatoes,organic,0.0,,
1124,"Triticale, spring",conventional,14.169714567476564,3237.771648934694,4.671229921233205
1124,"Triticale, spring",organic,0.7314766325234361,2295.4819217232625,0.8134850938664744
1124,"Triticale, winter",conventional,242.68438322325423,4974.962126905396,0.0
1124,"Triticale, winter",organic,18.820064779219578,3740.353905944437,0.4075681884658845
1124,"Wheat, spring",conventional,44.23184514702488,3613.624329463384,1.0491956158203422
1124,"Wheat, spring",organic,5.252654513278007,2322.7781808663663,0.46928007465782035
1124,"Wheat, winter",conventional,490.18302026542636,6473.950291946493,0.04297089968529224
1124,"Wheat, winter",organic,6.67905380226302,4171.900822597633,0.46458240555871866
1124,Winter rapeseed,conventional,187.44945337707446,2605.0752089442144,0.45393070343864494
1124,Winter rapeseed,organic,4.548754113171187,1692.6652789376349,1.4095865355189046
1131,Apples,conventional,0.0,,
1131,Apples,organic,0.0,,
1131,"Barley, spring",conventional,316.01664202994743,4077.111843354645,0.9500927310400281
1131,"Barley, spring",organic,14.1891477743763,2814.4967614785533,1.4756581777240103
1131,"Barley, winter",conventional,0.0,,
1131,"Barley, winter",organic,0.0,,
1131,"Beans, dry ",conventional,0.0,,
1131,"Beans, dry ",organic,0.0,,
1131,"Broad beans and horse beans, dry",conventional,0.0,,
1131,"Broad beans and horse beans, dry",organic,0.0,,
1131,"Cabbages, cauliflowers and broccoli",conventional,0.1683174421076565,20305.79727496279,0.0
1131,"Cabbages, cauliflowers and broccoli",organic,0.0310143986152348,16575.14770815242,0.0
1131,Carrots and turnips,conventional,0.1353898802123713,52380.421703808526,0.0
1131,Carrots and turnips,organic,0.0249471217052458,52380.421703808526,0.0
1131,Cereals for fodder,conventional,64.39619425316465,3702.1684585347616,0.0
1131,Cereals for fodder,organic,18.893740322160006,3367.547805491784,0.0
1131,Cucumbers and gherkins,conventional,0.0043330777239311,29481.77848695042,0.0
1131,Cucumbers and gherkins,organic,0.0007984187382959,14214.428909139411,0.0
1131,Fallow,conventional,241.23568905174503,0.0,0.0
1131,Fallow,organic,12.42031094825498,0.0,0.0
1131,Green manure,conventional,0.0914332776355854,0.0,0.0
1131,Green manure,organic,0.0505667223644145,0.0,0.0
1131,Herbs,conventional,0.0171934716419345,2909.4154777480608,0.0
1131,Herbs,organic,0.0031680922452566,2636.2359289213996,0.0
1131,Lettuce and spinach,conventional,0.1716135138132694,11551.756095232768,0.0
1131,Lettuce and spinach,organic,0.0316217372276935,10467.104025981424,0.0
1131,Ley for fodder,conventional,5779.5346295115405,6383.560178161166,0.0
1131,Ley for fodder,organic,844.6140117517375,5660.45266443519,0.0
1131,Ley for grazing,conventional,2343.817914386863,5106.848142528933,0.0
1131,Ley for grazing,organic,368.43880132926665,4528.362131548152,0.0
1131,Ley for seed,conventional,229.70224726007154,0.0,85.03790364718054
1131,Ley for seed,organic,42.45439576052385,0.0,87.83228839365299
1131,Maize (corn),conventional,7.646831660107928,4486.285478847224,4.027890730721037
1131,Maize (corn),organic,0.074879059675035,3861.780396569754,24.20192602893491
1131,Maize for forage and silage,conventional,50.94806161275569,11091.566452114665,0.0
1131,Maize for forage and silage,organic,1.4302276674613477,7963.306331402904,0.0
1131,Mixed grain,conventional,9.953076529455341,3259.735677312452,15.271520111641767
1131,Mixed grain,organic,2.9314962418248633,2287.0950532996458,5.022292506350986
1131,Oats,conventional,171.42462134138074,3688.053225951911,1.5644403545755574
1131,Oats,organic,20.857212033564913,2489.4110875016663,1.5451010402522876
1131,"Onions and shallots, dry (excluding dehydrated)",conventional,0.1482098440240918,31809.322862597404,0.0
1131,"Onions and shallots, dry (excluding dehydrated)",organic,0.0273093455063613,24692.9514261884,0.0
1131,Other berries,conventional,1.833687834448778,2268.8457961210183,0.0
1131,Other berries,organic,0.3378777904498237,2268.8457961210183,0.0
1131,Other crops for fodder,conventional,202.54437444504373,5195.820866948622,0.0
1131,Other crops for fodder,organic,64.15162555495625,4688.555736634542,0.0
1131,Other fruit,conventional,0.0,,
1131,Other fruit,organic,0.0,,
1131,"Other root, bulb and tuberous vegetables, n.e.c.",conventional,0.0856391531830804,23703.12743521741,0.0
1131,"Other root, bulb and tuberous vegetables, n.e.c.",organic,0.0157799857259736,23703.12743521741,0.0
1131,Other vegetables,conventional,0.1489272909546777,11954.524135096906,0.0
1131,Other vegetables,organic,0.0274415432442299,9280.061856904322,0.0
1131,"Peas, dry",conventional,0.0,,
1131,"Peas, dry",organic,0.0,,
1131,"Peas, green",conventional,0.0,,
1131,"Peas, green",organic,0.0,,
1131,Potatoes,conventional,1.9364754410867944,28725.585357496664,0.0
1131,Potatoes,organic,0.0715245589132054,20419.511725453533,0.0
1131,"Pumpkins, squash and gourds",conventional,0.0908797786260254,20354.04822485916,0.0
1131,"Pumpkins, squash and gourds",organic,0.0167456304294897,9813.558962649371,0.0
1131,Rye,conventional,18.06630456172404,4955.757338395974,0.4499878334424826
1131,Rye,organic,7.3835073686424755,3035.8197247550693,1.2549550588025433
1131,Semi-natural meadows,conventional,4356.3985046805765,0.0,0.0
1131,Semi-natural meadows,organic,903.5014953194232,0.0,0.0
1131,Semi-natural pastures,conventional,111.29567449228436,0.0,0.0
1131,Semi-natural pastures,organic,23.08232550771563,0.0,0.0
1131,Short rotation coppice and other energy crops,conventional,13.040034291818197,0.0,0.0
1131,Short rotation coppice and other energy crops,organic,0.2219657081818041,0.0,0.0
1131,Spring rapeseed,conventional,0.0,,
1131,Spring rapeseed,organic,0.0,,
1131,Strawberries,conventional,0.092884666300027,6732.430931637671,0.0
1131,Strawberries,organic,0.0171150537329907,6732.430931637671,0.0
1131,Sugar beet,conventional,0.0,,
1131,Sugar beet,organic,0.0,,
1131,Tomatoes,conventional,0.0,,
1131,Tomatoes,organic,0.0,,
1131,"Triticale, spring",conventional,2.453596867406187,3025.144289664807,4.605154631343086
1131,"Triticale, spring",organic,0.1288939325938131,2175.199840316465,2.1348330140770955
1131,"Triticale, winter",conventional,18.03867474810188,4647.771432848861,0.09602120146522959
1131,"Triticale, winter",organic,1.4539594565745537,3541.065150751667,1.2621025366242222
1131,"Wheat, spring",conventional,0.0,,
1131,"Wheat, spring",organic,0.0,,
1131,"Wheat, winter",conventional,11.497132126106875,5250.596710097479,0.06315794642628256
1131,"Wheat, winter",organic,0.3098004129759639,3409.090846811488,1.2300969304547593
1131,Winter rapeseed,conventional,0.0,,
1131,Winter rapeseed,organic,0.0,,
1211,Apples,conventional,9.228818186051654,17869.68101009469,0.0
1211,Apples,organic,0.9663418406732704,15440.321947232638,0.0
1211,"Barley, spring",conventional,8479.444317791185,7494.072465954503,0.32612714648733054
1211,"Barley, spring",organic,279.28229980881486,5146.91601072595,0.3471468865263615
1211,"Barley, winter",conventional,221.4151866599933,7050.903219866197,0.26083399917301525
1211,"Barley, winter",organic,4.332589740006651,4363.8342830885495,0.3514552443712228
1211,"Beans, dry ",conventional,0.0,,
1211,"Beans, dry ",organic,0.0,,
1211,"Broad beans and horse beans, dry",conventional,102.23219695472059,4748.221702857694,0.3833030084087116
1211,"Broad beans and horse beans, dry",organic,40.6372850452794,3802.3294640163863,3.2993890020366603
1211,"Cabbages, cauliflowers and broccoli",conventional,182.9209343628408,21175.793958754297,0.0
1211,"Cabbages, cauliflowers and broccoli",organic,19.15349818864366,17285.30566669894,0.0
1211,Carrots and turnips,conventional,171.36890806732288,66811.07092039878,0.0
1211,Carrots and turnips,organic,17.943895168097786,66811.07092039878,0.0
1211,Cereals for fodder,conventional,227.68743117427704,3761.0197099899583,0.0
1211,Cereals for fodder,organic,38.657090825723024,3519.7364753072384,0.0
1211,Cucumbers and gherkins,conventional,7.147296844708907,45930.915056391466,0.0
1211,Cucumbers and gherkins,organic,0.748387480337735,22145.262609912894,0.0
1211,Fallow,conventional,807.0820808114925,0.0,0.0
1211,Fallow,organic,27.63591918850741,0.0,0.0
1211,Green manure,conventional,17.314479887507126,0.0,0.0
1211,Green manure,organic,9.123520112492873,0.0,0.0
1211,Herbs,conventional,23.51959310526303,3505.602238349729,0.0
1211,Herbs,organic,2.4627169411113834,3176.443737213494,0.0
1211,Lettuce and spinach,conventional,302.7628186659831,15528.032809823371,0.0
1211,Lettuce and spinach,organic,31.70204175430661,14070.028262313204,0.0
1211,Ley for fodder,conventional,1124.5999012708032,6658.217571576993,0.0
1211,Ley for fodder,organic,158.63442731768436,5873.227790748871,0.0
1211,Ley for grazing,conventional,536.782374495031,5326.574057261594,0.0
1211,Ley for grazing,organic,80.34466550541788,4698.582232599097,0.0
1211,Ley for seed,conventional,615.8503855423075,0.0,8.975527317908302
1211,Ley for seed,organic,91.61824586875589,0.0,11.173333130536554
1211,Maize (corn),conventional,50.77890961132934,8238.237948295546,3.0932726032201727
1211,Maize (corn),organic,0.32600398867062436,5800.633910648976,6.432160804020091
1211,Maize for forage and silage,conventional,226.90024639529125,11418.01527125851,0.0
1211,Maize for forage and silage,organic,6.226840004708775,8197.683681039714,0.0
1211,Mixed grain,conventional,4.198561207619914,5999.2611783078255,21.372117471403822
1211,Mixed grain,organic,1.6899719923800882,3756.0755143246233,1.2279355333844941
1211,Oats,conventional,264.1562924648399,5705.378811190693,0.8052127682108348
1211,Oats,organic,41.07828753516009,3834.9160793958163,0.36722515492311214
1211,"Onions and shallots, dry (excluding dehydrated)",conventional,187.07633950511337,52862.4976854994,0.0
1211,"Onions and shallots, dry (excluding dehydrated)",organic,19.58860718884001,41036.11677788623,0.0
1211,Other berries,conventional,9.06828201172418,2357.3059360730595,0.0
1211,Other berries,organic,0.9495322320032542,2357.3059360730595,0.0
1211,Other crops for fodder,conventional,23.717344649424053,5277.041236652163,0.0
1211,Other crops for fodder,organic,8.19032455057595,4872.1742229130505,0.0
1211,Other fruit,conventional,1.0572477538810132,13399.147871025654,0.0
1211,Other fruit,organic,0.1107035288740643,11577.5517666119,0.0
1211,"Other root, bulb and tuberous vegetables, n.e.c.",conventional,117.3486412177788,33037.33621203097,0.0
1211,"Other root, bulb and tuberous vegetables, n.e.c.",organic,12.287478165545137,33037.33621203097,0.0
1211,Other vegetables,conventional,60.91823938571662,12158.022440590434,0.0
1211,Other vegetables,organic,6.378697942878602,9438.03358722279,0.0
1211,"Peas, dry",conventional,209.15580939700732,4764.775497586183,2.923011623877867
1211,"Peas, dry",organic,36.83164660299265,3814.21764676068,2.502585315408479
1211,"Peas, green",conventional,215.14868653174543,0.0,0.0
1211,"Peas, green",organic,28.18331346825456,0.0,0.0
1211,Potatoes,conventional,366.01625150457744,41812.12026945468,0.0
1211,Potatoes,organic,14.611748495422624,29722.04289251801,0.0
1211,"Pumpkins, squash and gourds",conventional,30.00202512720832,25404.31907954935,0.0
1211,"Pumpkins, squash and gourds",organic,3.1414869814177013,12248.51098115353,0.0
1211,Rye,conventional,686.4662014698313,7789.706139066208,0.044319605119014636
1211,Rye,organic,40.76519773016871,4746.972020316462,0.3328998699609881
1211,Semi-natural meadows,conventional,1213.483341407279,0.0,0.0
1211,Semi-natural meadows,organic,253.19865859272088,0.0,0.0
1211,Semi-natural pastures,conventional,36.03842372444624,0.0,0.0
1211,Semi-natural pastures,organic,7.519576275553757,0.0,0.0
1211,Short rotation coppice and other energy crops,conventional,109.49989414688332,0.0,0.0
1211,Short rotation coppice and other energy crops,organic,1.832105853116684,0.0,0.0
1211,Spring rapeseed,conventional,8.974025722330227,2274.7672363444103,0.26237363842826716
1211,Spring rapeseed,organic,1.503781477669772,1545.7247988989006,1.0830112247472372
1211,Strawberries,conventional,33.02939894493237,7376.2559296958525,0.0
1211,Strawberries,organic,3.458480764202052,7376.2559296958525,0.0
1211,Sugar beet,conventional,5596.923961917124,85361.05967131698,0.0
1211,Sugar beet,organic,28.05803808287592,66841.10666601082,0.0
1211,Tomatoes,conventional,0.0,,
1211,Tomatoes,organic,0.0,,
1211,"Triticale, spring",conventional,0.0,,
1211,"Triticale, spring",organic,0.0,,
1211,"Triticale, winter",conventional,101.94436800110454,8622.735338400358,0.0
1211,"Triticale, winter",organic,8.825306398895465,6473.206338239695,0.2587377589842983
1211,"Wheat, spring",conventional,431.1477803354535,4374.496473350658,1.108258680450774
1211,"Wheat, spring",organic,47.94464646454642,2806.1700290149433,0.3271983640081798
1211,"Wheat, winter",conventional,12575.59748586119,8534.804876891802,0.03693450424929318
1211,"Wheat, winter",organic,139.9809845388102,5492.364731058176,0.32122063842601883
1211,Winter rapeseed,conventional,6450.535947072935,4005.4237980888647,0.36447160452733923
1211,Winter rapeseed,organic,142.86163852706449,2596.425216293328,1.0881612090680102
1212,Apples,conventional,0.0714154062937518,17869.68101009469,0.0
1212,Apples,organic,0.0074778475184002,15440.321947232638,0.0
1212,"Barley, spring",conventional,5547.730473445241,6369.201548143888,0.32612714648733054
1212,"Barley, spring",organic,182.72222415475827,4374.35660952165,0.34714688652636144
1212,"Barley, winter",conventional,349.36247864339924,6375.2042864626,0.26083399917301525
1212,"Barley, winter",organic,6.836226156600752,3945.64131139592,0.3514552443712239
1212,"Beans, dry ",conventional,0.0,,
1212,"Beans, dry ",organic,0.0,,
1212,"Broad beans and horse beans, dry",conventional,181.449373529044,4035.506883361814,0.3833030084087117
1212,"Broad beans and horse beans, dry",organic,72.126102470956,3231.5944126224467,3.2993890020366607
1212,"Cabbages, cauliflowers and broccoli",conventional,22.478693787052634,21175.793958754297,0.0
1212,"Cabbages, cauliflowers and broccoli",organic,2.353725243275658,17285.305666698936,0.0
1212,Carrots and turnips,conventional,21.05909431572128,66811.07092039878,0.0
1212,Carrots and turnips,organic,2.205080168847981,66811.07092039878,0.0
1212,Cereals for fodder,conventional,190.1898226315028,3769.1650925093086,0.0
1212,Cereals for fodder,organic,36.42854576849723,3500.6393353061817,0.0
1212,Cucumbers and gherkins,conventional,0.8783133419747963,45930.91505639147,0.0
1212,Cucumbers and gherkins,organic,0.0919674561207208,22145.2626099129,0.0
1212,Fallow,conventional,744.0542648068324,0.0,0.0
1212,Fallow,organic,25.477735193167614,0.0,0.0
1212,Green manure,conventional,0.0,,
1212,Green manure,organic,0.0,,
1212,Herbs,conventional,2.8902636718472947,3505.6022383497284,0.0
1212,Herbs,organic,0.3026370939786512,3176.443737213493,0.0
1212,Lettuce and spinach,conventional,37.205761683885854,15528.032809823371,0.0
1212,Lettuce and spinach,organic,3.8957842168347225,14070.028262313204,0.0
1212,Ley for fodder,conventional,1793.4193314945855,6658.217571576992,0.0
1212,Ley for fodder,organic,252.97712392702837,5873.227790748871,0.0
1212,Ley for grazing,conventional,856.0163362428948,5326.574057261594,0.0
1212,Ley for grazing,organic,128.12705757581725,4698.582232599097,0.0
1212,Ley for seed,conventional,953.4336423839021,0.0,9.245460006170756
1212,Ley for seed,organic,141.9425083757725,0.0,11.501011821262095
1212,Maize (corn),conventional,49.24678117812422,7001.6667349611225,3.0932726032201723
1212,Maize (corn),organic,0.3161676218757553,4929.950524466372,6.432160804020097
1212,Maize for forage and silage,conventional,220.0540907439711,11418.01527125851,0.0
1212,Maize for forage and silage,organic,6.038960456028884,8197.683681039714,0.0
1212,Mixed grain,conventional,9.66453130840808,5098.76355722308,21.372117471403822
1212,Mixed grain,organic,3.8900914915919262,3192.283246454396,1.2279355333844955
1212,Oats,conventional,251.63401297876814,5517.021565808589,0.805212768210835
1212,Oats,organic,39.13097902123187,3708.31024779534,0.36722515492311225
1212,"Onions and shallots, dry (excluding dehydrated)",conventional,22.98934107889845,52862.4976854994,0.0
1212,"Onions and shallots, dry (excluding dehydrated)",organic,2.407194694508636,41036.11677788622,0.0
1212,Other berries,conventional,6.061388851231211,2357.3059360730595,0.0
1212,Other berries,organic,0.63468296172396,2357.3059360730595,0.0
1212,Other crops for fodder,conventional,36.740749914982004,5287.174577738777,0.0
1212,Other crops for fodder,organic,12.175471685018007,4828.9348965611325,0.0
1212,Other fruit,conventional,0.0081813051654527,13399.147871025656,0.0
1212,Other fruit,organic,0.0008566576275868,11577.551766611898,0.0
1212,"Other root, bulb and tuberous vegetables, n.e.c.",conventional,14.420679521725726,33037.33621203097,0.0
1212,"Other root, bulb and tuberous vegetables, n.e.c.",organic,1.5099773028192776,33037.33621203097,0.0
1212,Other vegetables,conventional,7.4860892984596,12158.022440590434,0.0
1212,Other vegetables,organic,0.7838621550754463,9438.03358722279,0.0
1212,"Peas, dry",conventional,87.68654865751064,4049.5759299971805,2.923011623877866
1212,"Peas, dry",organic,15.441311342489353,3241.698162257049,2.50258531540848
1212,"Peas, green",conventional,80.1860601218253,0.0,0.0
1212,"Peas, green",organic,10.503939878174698,0.0,0.0
1212,Potatoes,conventional,240.0355325096146,49513.607837708696,0.0
1212,Potatoes,organic,9.582467490385373,35196.62639521263,0.0
1212,"Pumpkins, squash and gourds",conventional,3.686873447126761,25404.319079549354,0.0
1212,"Pumpkins, squash and gourds",organic,0.3860494379020956,12248.510981153535,0.0
1212,Rye,conventional,619.8777329031014,7454.18104207163,0.04431960511901465
1212,Rye,organic,36.81089949689849,4542.5062524026325,0.3328998699609881
1212,Semi-natural meadows,conventional,1056.404529299721,0.0,0.0
1212,Semi-natural meadows,organic,220.42347070027895,0.0,0.0
1212,Semi-natural pastures,conventional,33.999793023839345,0.0,0.0
1212,Semi-natural pastures,organic,7.094206976160663,0.0,0.0
1212,Short rotation coppice and other energy crops,conventional,179.65016945076994,0.0,0.0
1212,Short rotation coppice and other energy crops,organic,3.00583054923006,0.0,0.0
1212,Spring rapeseed,conventional,9.638387863193445,1933.3214442764863,0.2623736384282676
1212,Spring rapeseed,organic,1.6151089368065532,1313.7093118430819,1.083011224747235
1212,Strawberries,conventional,0.0,,
1212,Strawberries,organic,0.0,,
1212,Sugar beet,conventional,2144.039676936117,72548.24341233638,0.0
1212,Sugar beet,organic,10.748323063882522,56808.16164920596,0.0
1212,Tomatoes,conventional,0.0,,
1212,Tomatoes,organic,0.0,,
1212,"Triticale, spring",conventional,0.0,,
1212,"Triticale, spring",organic,0.0,,
1212,"Triticale, winter",conventional,222.1735761375016,7328.450520871705,0.0
1212,"Triticale, winter",organic,19.2335282624984,5501.568875704729,0.2587377589842983
1212,"Wheat, spring",conventional,282.05669717898934,4296.92332716615,1.1082586804507737
1212,"Wheat, spring",organic,31.3653676210107,2756.408087450816,0.3271983640081799
1212,"Wheat, winter",conventional,7686.477404908321,8191.32367332661,0.036934504249293176
1212,"Wheat, winter",organic,85.5594078916802,5271.325811545126,0.3212206384260189
1212,Winter rapeseed,conventional,3337.357648180694,3828.416433274332,0.36447160452733923
1212,Winter rapeseed,organic,73.91329741930566,2481.6842029470326,1.0881612090680102
1213,Apples,conventional,0.0,,
1213,Apples,organic,0.0,,
1213,"Barley, spring",conventional,3328.9939650586725,5453.090458323351,0.32612714648733054
1213,"Barley, spring",organic,109.64504934132725,3745.173097189498,0.34714688652636144
1213,"Barley, winter",conventional,130.44715026372108,5622.897365091538,0.2608339991730152
1213,"Barley, winter",organic,2.5525529362788877,3480.0353269549446,0.3514552443712233
1213,"Beans, dry ",conventional,0.0,,
1213,"Beans, dry ",organic,0.0,,
1213,"Broad beans and horse beans, dry",conventional,14.980372050599783,3455.0616609976005,0.3833030084087118
1213,"Broad beans and horse beans, dry",organic,5.954695949400216,2766.77955995567,3.2993890020366594
1213,"Cabbages, cauliflowers and broccoli",conventional,4.612718942377047,21175.793958754293,0.0
1213,"Cabbages, cauliflowers and broccoli",organic,0.482993946074489,17285.305666698932,0.0
1213,Carrots and turnips,conventional,4.321411385361867,66811.07092039878,0.0
1213,Carrots and turnips,organic,0.4524913751956366,66811.07092039878,0.0
1213,Cereals for fodder,conventional,186.33208784094185,3778.7500579471443,0.0
1213,Cereals for fodder,organic,42.246653359058165,3493.3418448679404,0.0
1213,Cucumbers and gherkins,conventional,0.1802334525417655,45930.91505639147,0.0
1213,Cucumbers and gherkins,organic,0.0188720942128151,22145.262609912897,0.0
1213,Fallow,conventional,1054.6895623162543,0.0,0.0
1213,Fallow,organic,36.11443768374546,0.0,0.0
1213,Green manure,conventional,0.0,,
1213,Green manure,organic,0.0,,
1213,Herbs,conventional,0.5930938031316237,3505.602238349728,0.0
1213,Herbs,organic,0.0621023565375194,3176.443737213493,0.0
1213,Lettuce and spinach,conventional,7.634772879181999,15528.032809823371,0.0
1213,Lettuce and spinach,organic,0.7994306885730865,14070.028262313204,0.0
1213,Ley for fodder,conventional,4425.855402006135,6658.217571576992,0.0
1213,Ley for fodder,organic,624.3047294373347,5873.227790748872,0.0
1213,Ley for grazing,conventional,2112.503450494647,5326.574057261594,0.0
1213,Ley for grazing,organic,316.1958946001212,4698.582232599098,0.0
1213,Ley for seed,conventional,595.5112784267355,0.0,36.52955481840755
1213,Ley for seed,organic,95.159245035028,0.0,42.33630115943117
1213,Maize (corn),conventional,55.3163394092006,5994.585314371647,3.0932726032201723
1213,Maize (corn),organic,0.3551345907993663,4220.853424368106,6.432160804020097
1213,Maize for forage and silage,conventional,247.1752768561388,11418.01527125851,0.0
1213,Maize for forage and silage,organic,6.783249143861275,8197.683681039714,0.0
1213,Mixed grain,conventional,18.638349181948797,4365.385314465776,21.37211747140383
1213,Mixed grain,organic,7.502162418051209,2733.12269676549,1.2279355333844957
1213,Oats,conventional,244.49210873149343,4723.483380368499,0.8052127682108348
1213,Oats,organic,38.020359268506574,3174.92719862955,0.36722515492311214
1213,"Onions and shallots, dry (excluding dehydrated)",conventional,4.7175058333897,52862.49768549941,0.0
1213,"Onions and shallots, dry (excluding dehydrated)",organic,0.4939660938726372,41036.11677788623,0.0
1213,Other berries,conventional,0.606932260627209,2357.3059360730595,0.0
1213,Other berries,organic,0.0635513698584855,2357.3059360730595,0.0
1213,Other crops for fodder,conventional,25.808984538018354,5298.797971577043,0.0
1213,Other crops for fodder,organic,8.91238506198165,4809.161518723379,0.0
1213,Other fruit,conventional,0.0,,
1213,Other fruit,organic,0.0,,
1213,"Other root, bulb and tuberous vegetables, n.e.c.",conventional,2.95918180219736,33037.33621203097,0.0
1213,"Other root, bulb and tuberous vegetables, n.e.c.",organic,0.3098534538197084,33037.33621203097,0.0
1213,Other vegetables,conventional,1.5361758222455133,12158.022440590432,0.0
1213,Other vegetables,organic,0.1608516867208543,9438.033587222792,0.0
1213,"Peas, dry",conventional,75.66648256092384,3467.107092969742,2.923011623877867
1213,"Peas, dry",organic,13.324617439076158,2775.430041544181,2.5025853154084796
1213,"Peas, green",conventional,43.66775981140928,0.0,0.0
1213,"Peas, green",organic,5.720240188590715,0.0,0.0
1213,Potatoes,conventional,120.31682742271384,37485.20533300706,0.0
1213,Potatoes,organic,4.8031725772861655,26646.266048277856,0.0
1213,"Pumpkins, squash and gourds",conventional,0.7565613531113646,25404.319079549343,0.0
1213,"Pumpkins, squash and gourds",organic,0.0792189071026308,12248.510981153531,0.0
1213,Rye,conventional,1320.3139752574582,6668.561302767251,0.04431960511901465
1213,Rye,organic,78.40569594254197,4063.757137287328,0.3328998699609883
1213,Semi-natural meadows,conventional,4649.2363102818135,0.0,0.0
1213,Semi-natural meadows,organic,970.0836897181858,0.0,0.0
1213,Semi-natural pastures,conventional,447.1104333885439,0.0,0.0
1213,Semi-natural pastures,organic,93.29156661145602,0.0,0.0
1213,Short rotation coppice and other energy crops,conventional,429.198827002272,0.0,0.0
1213,Short rotation coppice and other energy crops,organic,7.1811729977280425,0.0,0.0
1213,Spring rapeseed,conventional,0.0,,
1213,Spring rapeseed,organic,0.0,,
1213,Strawberries,conventional,3.640777838021343,7376.255929695851,0.0
1213,Strawberries,organic,0.381222805190097,7376.255929695852,0.0
1213,Sugar beet,conventional,738.7266762891207,62113.30116177913,0.0
1213,Sugar beet,organic,3.703323710879354,48637.18660849279,0.0
1213,Tomatoes,conventional,0.0,,
1213,Tomatoes,organic,0.0,,
1213,"Triticale, spring",conventional,26.322557681724767,4094.8987226860727,4.706110397736306
1213,"Triticale, spring",organic,1.5079555182752375,2894.9136882021044,0.5673758865248217
1213,"Triticale, winter",conventional,178.41960913341893,6274.366309118637,0.0
1213,"Triticale, winter",organic,15.445754866581051,4710.253320631209,0.2587377589842983
1213,"Wheat, spring",conventional,219.05366232555352,4469.656544095948,1.108258680450774
1213,"Wheat, spring",organic,24.359282074446458,2867.213703438081,0.32719836400817975
1213,"Wheat, winter",conventional,4194.594368803738,7369.780911582966,0.03693450424929318
1213,"Wheat, winter",organic,46.69069999626238,4742.642080078241,0.3212206384260189
1213,Winter rapeseed,conventional,2086.7741515428206,3331.7843411375547,0.3644716045273392
1213,Winter rapeseed,organic,46.21631085717928,2159.753702643995,1.0881612090680102
1214,Apples,conventional,30.26227841697734,17869.68101009469,0.0
1214,Apples,organic,3.1687378859221127,15440.321947232638,0.0
1214,"Barley, spring",conventional,6410.215166909463,6810.029340258859,0.32612714648733054
1214,"Barley, spring",organic,211.12935789053768,4677.1163748584695,0.3471468865263614
1214,"Barley, winter",conventional,72.46481185992204,7022.09074399092,0.26083399917301525
1214,"Barley, winter",organic,1.417970940077972,4346.002118033307,0.3514552443712184
1214,"Beans, dry ",conventional,0.0,,
1214,"Beans, dry ",organic,0.0,,
1214,"Broad beans and horse beans, dry",conventional,56.030880328316975,4314.814042353442,0.3833030084087117
1214,"Broad beans and horse beans, dry",organic,22.272267671683018,3455.260851682234,3.2993890020366607
1214,"Cabbages, cauliflowers and broccoli",conventional,47.1640143608682,21175.793958754297,0.0
1214,"Cabbages, cauliflowers and broccoli",organic,4.938504533538856,17285.305666698936,0.0
1214,Carrots and turnips,conventional,44.1854600691096,66811.07092039878,0.0
1214,Carrots and turnips,organic,4.626622602524817,66811.07092039878,0.0
1214,Cereals for fodder,conventional,172.92876487331586,3759.9682467739885,0.0
1214,Cereals for fodder,organic,29.057369526684187,3523.8451919350905,0.0
1214,Cucumbers and gherkins,conventional,1.8428465402247456,45930.91505639147,0.0
1214,Cucumbers and gherkins,organic,0.1929629213468158,22145.2626099129,0.0
1214,Fallow,conventional,881.3954591824031,0.0,0.0
1214,Fallow,organic,30.18054081759688,0.0,0.0
1214,Green manure,conventional,9.18182192385392,0.0,0.0
1214,Green manure,organic,4.838178076146081,0.0,0.0
1214,Herbs,conventional,6.064250824227942,3505.6022383497275,0.0
1214,Herbs,organic,0.6349826365249869,3176.443737213493,0.0
1214,Lettuce and spinach,conventional,78.06383658184592,15528.032809823371,0.0
1214,Lettuce and spinach,organic,8.173999098447094,14070.028262313204,0.0
1214,Ley for fodder,conventional,868.4515671493797,6658.2175715769945,0.0
1214,Ley for fodder,organic,122.5025156521983,5873.227790748872,0.0
1214,Ley for grazing,conventional,414.52030524064674,5326.574057261595,0.0
1214,Ley for grazing,organic,62.0446885967412,4698.582232599098,0.0
1214,Ley for seed,conventional,474.38218510761976,0.0,8.998173889773994
1214,Ley for seed,organic,70.57673825341422,0.0,11.200842711881172
1214,Maize (corn),conventional,50.31512633094218,7486.2689672138,3.093272603220172
1214,Maize (corn),organic,0.3230264690578125,5271.164283916311,6.43216080402009
1214,Maize for forage and silage,conventional,224.827879316137,11418.01527125851,0.0
1214,Maize for forage and silage,organic,6.169967883863044,8197.683681039714,0.0
1214,Mixed grain,conventional,3.017311994476694,5451.661273594131,21.372117471403833
1214,Mixed grain,organic,1.214504805523306,3413.22886494408,1.2279355333844924
1214,Oats,conventional,172.0859606023829,4926.318400719532,0.805212768210835
1214,Oats,organic,26.76065939761712,3311.2643826712206,0.36722515492311203
1214,"Onions and shallots, dry (excluding dehydrated)",conventional,48.235436767975614,52862.497685499395,0.0
1214,"Onions and shallots, dry (excluding dehydrated)",organic,5.050692278507935,41036.11677788624,0.0
1214,Other berries,conventional,0.4125552621256845,2357.3059360730595,0.0
1214,Other berries,organic,0.0431983167665522,2357.3059360730595,0.0
1214,Other crops for fodder,conventional,9.960499678743348,5248.353716352415,0.0
1214,Other crops for fodder,organic,3.577929521256652,4963.666140489611,0.0
1214,Other fruit,conventional,3.4668280638606226,13399.147871025652,0.0
1214,Other fruit,organic,0.3630086696899278,11577.551766611898,0.0
1214,"Other root, bulb and tuberous vegetables, n.e.c.",conventional,30.25696877671327,33037.33621203097,0.0
1214,"Other root, bulb and tuberous vegetables, n.e.c.",organic,3.1681819179267903,33037.33621203097,0.0
1214,Other vegetables,conventional,15.707052488194634,12158.022440590432,0.0
1214,Other vegetables,organic,1.6446723412466977,9438.03358722279,0.0
1214,"Peas, dry",conventional,70.57377034631735,4329.856841619898,2.9230116238778656
1214,"Peas, dry",organic,12.427807653682674,3466.0639061841475,2.5025853154084796
1214,"Peas, green",conventional,213.44929732065108,0.0,0.0
1214,"Peas, green",organic,27.960702679348923,0.0,0.0
1214,Potatoes,conventional,246.47255970564763,46404.091783036805,0.0
1214,Potatoes,organic,9.839440294352396,32986.234552935064,0.0
1214,"Pumpkins, squash and gourds",conventional,7.7356697793155025,25404.31907954935,0.0
1214,"Pumpkins, squash and gourds",organic,0.8099955186767501,12248.510981153537,0.0
1214,Rye,conventional,529.8410909015896,7174.917775365778,0.04431960511901466
1214,Rye,organic,31.464151898410428,4372.32590288899,0.33289986996098814
1214,Semi-natural meadows,conventional,668.3035191371048,0.0,0.0
1214,Semi-natural meadows,organic,139.44448086289538,0.0,0.0
1214,Semi-natural pastures,conventional,78.17453749088634,0.0,0.0
1214,Semi-natural pastures,organic,16.311462509113646,0.0,0.0
1214,Short rotation coppice and other energy crops,conventional,48.6146010840742,0.0,0.0
1214,Short rotation coppice and other energy crops,organic,0.8133989159258026,0.0,0.0
1214,Spring rapeseed,conventional,6.066585219274184,2067.1312817085104,0.2623736384282664
1214,Spring rapeseed,organic,1.0165803807258162,1404.6343000136055,1.0830112247472383
1214,Strawberries,conventional,24.15222945222638,7376.2559296958525,0.0
1214,Strawberries,organic,2.528959764371826,7376.2559296958525,0.0
1214,Sugar beet,conventional,3573.5732569700326,77569.48221653144,0.0
1214,Sugar beet,organic,17.91474302996736,60739.99145308893,0.0
1214,Tomatoes,conventional,0.0,,
1214,Tomatoes,organic,0.0,,
1214,"Triticale, spring",conventional,0.0,,
1214,"Triticale, spring",organic,0.0,,
1214,"Triticale, winter",conventional,27.442439531110487,7835.670246659961,0.0
1214,"Triticale, winter",organic,2.3756872688895108,5882.345719130594,0.2587377589842983
1214,"Wheat, spring",conventional,709.5794549438823,5647.115385080276,1.1082586804507737
1214,"Wheat, spring",organic,78.90690305611774,3622.5348541345566,0.32719836400818
1214,"Wheat, winter",conventional,10689.693705311418,8145.124447116087,0.03693450424929318
1214,"Wheat, winter",organic,118.98868828858214,5241.595430557991,0.3212206384260188
1214,Winter rapeseed,conventional,4753.5789726745,3726.257897009944,0.3644716045273392
1214,Winter rapeseed,organic,105.27870652549987,2415.462246672884,1.0881612090680104
1215,Apples,conventional,5.012063059888764,17869.68101009469,0.0
1215,Apples,organic,0.5248089349277276,15440.321947232638,0.0
1215,"Barley, spring",conventional,8715.850836093903,5545.309605639356,0.32612714648733054
1215,"Barley, spring",organic,287.068677506095,3808.50904809904,0.3471468865263614
1215,"Barley, winter",conventional,546.8862458411727,5717.988177249748,0.26083399917301514
1215,"Barley, winter",organic,10.701315358827387,3538.887438969979,0.35145524437122383
1215,"Beans, dry ",conventional,0.0,,
1215,"Beans, dry ",organic,0.0,,
1215,"Broad beans and horse beans, dry",conventional,364.3942777870659,3513.491434487803,0.3833030084087117
1215,"Broad beans and horse beans, dry",organic,144.84667821293414,2813.569550655533,3.2993890020366603
1215,"Cabbages, cauliflowers and broccoli",conventional,7.78244089293299,21175.793958754297,0.0
1215,"Cabbages, cauliflowers and broccoli",organic,0.8148928829017569,17285.305666698936,0.0
1215,Carrots and turnips,conventional,7.290955529862709,66811.07092039878,0.0
1215,Carrots and turnips,organic,0.7634298612191833,66811.07092039878,0.0
1215,Cereals for fodder,conventional,696.4258326895842,3789.610186566077,0.0
1215,Cereals for fodder,organic,170.42884291041582,3466.06877949582,0.0
1215,Cucumbers and gherkins,conventional,0.304084469237727,45930.915056391466,0.0
1215,Cucumbers and gherkins,organic,0.0318404306813044,22145.262609912897,0.0
1215,Fallow,conventional,1249.671050977436,0.0,0.0
1215,Fallow,organic,42.790949022564114,0.0,0.0
1215,Green manure,conventional,5.400378287025635,0.0,0.0
1215,Green manure,organic,2.8456217129743635,0.0,0.0
1215,Herbs,conventional,1.0006500557474038,3505.602238349728,0.0
1215,Herbs,organic,0.1047772311954553,3176.443737213493,0.0
1215,Lettuce and spinach,conventional,12.88115955154697,15528.032809823371,0.0
1215,Lettuce and spinach,organic,1.348775453162699,14070.028262313204,0.0
1215,Ley for fodder,conventional,7068.124057466175,6658.217571576992,0.0
1215,Ley for fodder,organic,997.0193050875056,5873.227790748872,0.0
1215,Ley for grazing,conventional,3373.6837523325926,5326.574057261594,0.0
1215,Ley for grazing,organic,504.9671998958946,4698.582232599098,0.0
1215,Ley for seed,conventional,1317.4181166325716,0.0,26.370458553902353
1215,Ley for seed,organic,205.15956858525766,0.0,31.36021743138871
1215,Maize (corn),conventional,122.16973455062134,6095.961873302666,3.0932726032201754
1215,Maize (corn),organic,0.7843378493784758,4292.233774046138,6.4321608040200955
1215,Maize for forage and silage,conventional,545.9026805372484,11418.015271258508,0.0
1215,Maize for forage and silage,organic,14.981247062751692,8197.683681039714,0.0
1215,Mixed grain,conventional,83.49131473465877,4439.209894212365,21.372117471403843
1215,Mixed grain,organic,33.60627046534121,2779.343504311608,1.227935533384497
1215,Oats,conventional,1621.1603112020757,4998.004608990222,0.8052127682108347
1215,Oats,organic,252.10260479792439,3359.448841909749,0.36722515492311214
1215,"Onions and shallots, dry (excluding dehydrated)",conventional,7.959234189001435,52862.4976854994,0.0
1215,"Onions and shallots, dry (excluding dehydrated)",organic,0.8334047612048409,41036.11677788623,0.0
1215,Other berries,conventional,2.017157219143371,2357.3059360730595,0.0
1215,Other berries,organic,0.2112148468826137,2357.3059360730595,0.0
1215,Other crops for fodder,conventional,105.69447669859598,5294.592783924492,0.0
1215,Other crops for fodder,organic,35.213361701404025,4808.50049853068,0.0
1215,Other fruit,conventional,0.5741788716117779,13399.147871025654,0.0
1215,Other fruit,organic,0.060121789863368,11577.5517666119,0.0
1215,"Other root, bulb and tuberous vegetables, n.e.c.",conventional,4.992642680972913,33037.33621203097,0.0
1215,"Other root, bulb and tuberous vegetables, n.e.c.",organic,0.5227754432790916,33037.33621203097,0.0
1215,Other vegetables,conventional,2.591789720363417,12158.022440590434,0.0
1215,Other vegetables,organic,0.2713841359232111,9438.03358722279,0.0
1215,"Peas, dry",conventional,153.97338407325861,3525.740571033346,2.923011623877865
1215,"Peas, dry",organic,27.11420392674142,2822.3663236070915,2.5025853154084796
1215,"Peas, green",conventional,251.9623021369094,0.0,0.0
1215,"Peas, green",organic,33.00569786309061,0.0,0.0
1215,Potatoes,conventional,1019.2946981497184,40869.91029773627,0.0
1215,Potatoes,organic,40.69130185028176,29052.27525067874,0.0
1215,"Pumpkins, squash and gourds",conventional,1.2764475976141796,25404.31907954935,0.0
1215,"Pumpkins, squash and gourds",organic,0.1336557613482663,12248.510981153531,0.0
1215,Rye,conventional,2243.679190633068,7865.403874363767,0.04431960511901466
1215,Rye,organic,133.23893536693163,4793.101492345801,0.33289986996098825
1215,Semi-natural meadows,conventional,3530.3590021909304,0.0,0.0
1215,Semi-natural meadows,organic,736.6249978090701,0.0,0.0
1215,Semi-natural pastures,conventional,49.47816280750572,0.0,0.0
1215,Semi-natural pastures,organic,10.32383719249428,0.0,0.0
1215,Short rotation coppice and other energy crops,conventional,300.712604067516,0.0,0.0
1215,Short rotation coppice and other energy crops,organic,5.031395932483988,0.0,0.0
1215,Spring rapeseed,conventional,43.01231180021662,1683.235472248358,0.2623736384282678
1215,Spring rapeseed,organic,7.207592199783376,1143.773644296793,1.083011224747239
1215,Strawberries,conventional,0.2199516022969968,7376.255929695852,0.0
1215,Strawberries,organic,0.0230309484852522,7376.255929695852,0.0
1215,Sugar beet,conventional,2356.639887078476,63163.72123346134,0.0
1215,Sugar beet,organic,11.814112921523982,49459.707326086704,0.0
1215,Tomatoes,conventional,0.0,,
1215,Tomatoes,organic,0.0,,
1215,"Triticale, spring",conventional,6.395971498032281,4164.1490077194185,4.706110397736305
1215,"Triticale, spring",organic,0.3664097019677209,2943.8706006024745,0.567375886524818
1215,"Triticale, winter",conventional,1165.4973898757814,7611.617161583103,0.0
1215,"Triticale, winter",organic,100.89690852421836,5714.145978154811,0.2587377589842982
1215,"Wheat, spring",conventional,618.0057530163772,4189.998179722639,1.1082586804507737
1215,"Wheat, spring",organic,68.72369218362294,2687.8173031326937,0.3271983640081799
1215,"Wheat, winter",conventional,9476.967854487195,7436.06675788502,0.03693450424929319
1215,"Wheat, winter",organic,105.48964311280407,4785.29871366848,0.3212206384260189
1215,Winter rapeseed,conventional,4577.465437732517,3403.598757719452,0.3644716045273392
1215,Winter rapeseed,organic,101.3782758674827,2206.305770915921,1.0881612090680102
1216,Apples,conventional,49.83496897371263,17869.68101009469,0.0
1216,Apples,organic,5.2181779592036746,15440.321947232636,0.0
1216,"Barley, spring",conventional,7757.119928056589,6495.876201050488,0.32612714648733054
1216,"Barley, spring",organic,255.49154074341115,4461.3565420897,0.34714688652636144
1216,"Barley, winter",conventional,381.75380473705616,6698.155010265149,0.26083399917301525
1216,"Barley, winter",organic,7.470050462943803,4145.516901278795,0.35145524437122405
1216,"Beans, dry ",conventional,0.0,,
1216,"Beans, dry ",organic,0.0,,
1216,"Broad beans and horse beans, dry",conventional,353.6275705277949,4115.767561232971,0.3833030084087118
1216,"Broad beans and horse beans, dry",organic,140.56691347220513,3295.866377869512,3.2993890020366603
1216,"Cabbages, cauliflowers and broccoli",conventional,42.535167030580766,21175.793958754297,0.0
1216,"Cabbages, cauliflowers and broccoli",organic,4.453821797443129,17285.305666698936,0.0
1216,Carrots and turnips,conventional,39.848938853729,66811.07092039878,0.0
1216,Carrots and turnips,organic,4.172549089653672,66811.07092039878,0.0
1216,Cereals for fodder,conventional,269.18508526230283,3779.8678320659506,0.0
1216,Cereals for fodder,organic,59.32412153769723,3481.57300147539,0.0
1216,Cucumbers and gherkins,conventional,1.6619829007859817,45930.91505639147,0.0
1216,Cucumbers and gherkins,organic,0.1740248407905993,22145.2626099129,0.0
1216,Fallow,conventional,1132.8647069732174,0.0,0.0
1216,Fallow,organic,38.791293026782505,0.0,0.0
1216,Green manure,conventional,9.942825994860923,0.0,0.0
1216,Green manure,organic,5.2391740051390725,0.0,0.0
1216,Herbs,conventional,5.469083266539916,3505.602238349728,0.0
1216,Herbs,organic,0.5726631388806931,3176.443737213494,0.0
1216,Lettuce and spinach,conventional,70.40236869259687,15528.03280982337,0.0
1216,Lettuce and spinach,organic,7.371773197676202,14070.028262313204,0.0
1216,Ley for fodder,conventional,1453.2215029018414,6658.217571576993,0.0
1216,Ley for fodder,organic,204.9893127485402,5873.227790748872,0.0
1216,Ley for grazing,conventional,693.636633004691,5326.574057261594,0.0
1216,Ley for grazing,organic,103.82234199379826,4698.582232599098,0.0
1216,Ley for seed,conventional,826.4689855319807,0.0,8.642560021953312
1216,Ley for seed,organic,122.84122381914864,0.0,10.768478856229812
1216,Maize (corn),conventional,51.1176357668047,7140.92024997626,3.0932726032201745
1216,Maize (corn),organic,0.3281786331952369,5028.000455342791,6.432160804020093
1216,Maize for forage and silage,conventional,228.41380879208504,11418.01527125851,0.0
1216,Maize for forage and silage,organic,6.2683768079150575,8197.683681039714,0.0
1216,Mixed grain,conventional,1.8015989093234637,5200.1709469848765,21.372117471403822
1216,Mixed grain,organic,0.7251654906765372,3255.7733667100524,1.2279355333844912
1216,Oats,conventional,1293.6847626454055,6207.182269085516,0.805212768210835
1216,Oats,organic,201.17769735459441,4172.207294065515,0.36722515492311225
1216,"Onions and shallots, dry (excluding dehydrated)",conventional,43.50143615894471,52862.497685499395,0.0
1216,"Onions and shallots, dry (excluding dehydrated)",organic,4.55499903046092,41036.11677788623,0.0
1216,Other berries,conventional,3.633659808722375,2357.3059360730595,0.0
1216,Other berries,organic,0.3804774822900179,2357.3059360730595,0.0
1216,Other crops for fodder,conventional,15.504772829841508,5220.670894708321,0.0
1216,Other crops for fodder,organic,4.551489170158494,5011.121684056914,0.0
1216,Other fruit,conventional,5.709063495455968,13399.147871025652,0.0
1216,Other fruit,organic,0.5977912681233328,11577.551766611898,0.0
1216,"Other root, bulb and tuberous vegetables, n.e.c.",conventional,27.287440184997745,33037.33621203097,0.0
1216,"Other root, bulb and tuberous vegetables, n.e.c.",organic,2.857245060422398,33037.33621203097,0.0
1216,Other vegetables,conventional,14.165505421815402,12158.022440590434,0.0
1216,Other vegetables,organic,1.483258236040806,9438.03358722279,0.0
1216,"Peas, dry",conventional,146.76633890260425,4130.11642184279,2.9230116238778665
1216,"Peas, dry",organic,25.845067097395745,3306.171077178629,2.50258531540848
1216,"Peas, green",conventional,351.8849730652116,0.0,0.0
1216,"Peas, green",organic,46.09502693478847,0.0,0.0
1216,Potatoes,conventional,52.13088114002688,44653.441030398666,0.0
1216,Potatoes,organic,2.0811188599731265,31741.788769645238,0.0
1216,"Pumpkins, squash and gourds",conventional,6.976463106787668,25404.31907954935,0.0
1216,"Pumpkins, squash and gourds",organic,0.730499622388446,12248.510981153531,0.0
1216,Rye,conventional,300.7144452724041,6959.0769355308485,0.04431960511901465
1216,Rye,organic,17.857665527595955,4240.794570481009,0.33289986996098786
1216,Semi-natural meadows,conventional,752.5079026288122,0.0,0.0
1216,Semi-natural meadows,organic,157.01409737118797,0.0,0.0
1216,Semi-natural pastures,conventional,30.12771847885545,0.0,0.0
1216,Semi-natural pastures,organic,6.286281521144555,0.0,0.0
1216,Short rotation coppice and other energy crops,conventional,124.06224309182956,0.0,0.0
1216,Short rotation coppice and other energy crops,organic,2.0757569081704474,0.0,0.0
1216,Spring rapeseed,conventional,45.80160542770679,1971.7725469868385,0.26237363842826755
1216,Spring rapeseed,organic,7.674995372293214,1339.8371820070254,1.0830112247472397
1216,Strawberries,conventional,94.00808658174454,7376.255929695852,0.0
1216,Strawberries,organic,9.84350819294239,7376.255929695852,0.0
1216,Sugar beet,conventional,4065.9728001483054,73991.12812618552,0.0
1216,Sugar beet,organic,20.383199851695267,57937.99779974704,0.0
1216,Tomatoes,conventional,0.0,,
1216,Tomatoes,organic,0.0,,
1216,"Triticale, spring",conventional,0.0,,
1216,"Triticale, spring",organic,0.0,,
1216,"Triticale, winter",conventional,145.78226776096005,7474.203315638444,0.0
1216,"Triticale, winter",organic,12.62034583903991,5610.9875088730805,0.2587377589842983
1216,"Wheat, spring",conventional,1283.5627485131513,5740.412817653535,1.108258680450774
1216,"Wheat, spring",organic,142.73519428684872,3682.383675745467,0.32719836400818
1216,"Wheat, winter",conventional,14818.801134896983,7969.366521315184,0.036934504249293176
1216,"Wheat, winter",organic,164.95044270301437,5128.490720280845,0.32122063842601883
1216,Winter rapeseed,conventional,6402.46622096131,3793.0149603114246,0.36447160452733923
1216,Winter rapeseed,organic,141.7970262386902,2458.7360002777723,1.08816120906801
1221,Apples,conventional,14.524919793699665,17869.681010094693,0.0
1221,Apples,organic,1.5208922145946355,15440.32194723264,0.0
1221,"Barley, spring",conventional,1698.4942836998011,4681.895171427965,0.32612714648733054
1221,"Barley, spring",organic,55.94227310019912,3215.5175077151976,0.34714688652636133
1221,"Barley, winter",conventional,69.25015338756641,4827.687386493758,0.26083399917301514
1221,"Barley, winter",organic,1.355067412433588,2987.876456147899,0.3514552443712175
1221,"Beans, dry ",conventional,0.0,,
1221,"Beans, dry ",organic,0.0,,
1221,"Broad beans and horse beans, dry",conventional,16.019167137953136,2966.4346541179925,0.3833030084087111
1221,"Broad beans and horse beans, dry",organic,6.367616862046857,2375.491835531536,3.2993890020366603
1221,"Cabbages, cauliflowers and broccoli",conventional,0.9607911083772372,21175.793958754297,0.0
1221,"Cabbages, cauliflowers and broccoli",organic,0.1006036341224085,17285.305666698936,0.0
1221,Carrots and turnips,conventional,0.9001141596882611,66811.07092039878,0.0
1221,Carrots and turnips,organic,0.0942502015267635,66811.07092039878,0.0
1221,Cereals for fodder,conventional,177.09261758287312,3792.410035787731,0.0
1221,Cereals for fodder,organic,43.662825617126884,3456.6466792930514,0.0
1221,Cucumbers and gherkins,conventional,0.0375411337212368,45930.915056391466,0.0
1221,Cucumbers and gherkins,organic,0.0039309007426293,22145.262609912897,0.0
1221,Fallow,conventional,407.0170168199572,0.0,0.0
1221,Fallow,organic,13.93698318004278,0.0,0.0
1221,Green manure,conventional,18.795883681498395,0.0,0.0
1221,Green manure,organic,9.904116318501606,0.0,0.0
1221,Herbs,conventional,0.123536521431512,3505.602238349728,0.0
1221,Herbs,organic,0.0129354059321406,3176.443737213493,0.0
1221,Lettuce and spinach,conventional,1.590259885424023,15528.032809823371,0.0
1221,Lettuce and spinach,organic,0.1665147837837048,14070.028262313204,0.0
1221,Ley for fodder,conventional,7130.331117768103,6658.217571576994,0.0
1221,Ley for fodder,organic,1005.7941425874576,5873.227790748871,0.0
1221,Ley for grazing,conventional,3403.375781917063,5326.574057261594,0.0
1221,Ley for grazing,organic,509.41145197735545,4698.582232599097,0.0
1221,Ley for seed,conventional,368.9023810448002,0.0,95.00257775239935
1221,Ley for seed,organic,67.58112470521988,0.0,96.03973690965965
1221,Maize (corn),conventional,58.456702468771425,5146.809914959488,3.0932726032201745
1221,Maize (corn),organic,0.3752959312284955,3623.9254451924644,6.4321608040200955
1221,Maize for forage and silage,conventional,261.2076607226156,11418.015271258508,0.0
1221,Maize for forage and silage,organic,7.168340877384492,8197.683681039714,0.0
1221,Mixed grain,conventional,26.227868196420644,3748.017125595964,21.372117471403822
1221,Mixed grain,organic,10.557036203579374,2346.594844649055,1.2279355333844966
1221,Oats,conventional,282.90155876150584,4055.471699926122,0.805212768210835
1221,Oats,organic,43.99331723849408,2725.917795515429,0.3672251549231122
1221,"Onions and shallots, dry (excluding dehydrated)",conventional,0.98261734891284,52862.4976854994,0.0
1221,"Onions and shallots, dry (excluding dehydrated)",organic,0.1028890415309139,41036.11677788623,0.0
1221,Other berries,conventional,2.193683268802918,2357.3059360730595,0.0
1221,Other berries,organic,0.2296987420375326,2357.3059360730595,0.0
1221,Other crops for fodder,conventional,162.13499294656526,5304.8561343002375,0.0
1221,Other crops for fodder,organic,55.435523453434726,4787.81161037541,0.0
1221,Other fruit,conventional,1.6639659074008424,13399.147871025654,0.0
1221,Other fruit,organic,0.1742324797562437,11577.5517666119,0.0
1221,"Other root, bulb and tuberous vegetables, n.e.c.",conventional,0.6163730327254242,33037.33621203097,0.0
1221,"Other root, bulb and tuberous vegetables, n.e.c.",organic,0.064539905216193,33037.33621203097,0.0
1221,Other vegetables,conventional,0.3199726862519377,12158.022440590434,0.0
1221,Other vegetables,organic,0.0335040726086894,9438.03358722279,0.0
1221,"Peas, dry",conventional,7.083847817309811,2976.77657861368,2.9230116238778665
1221,"Peas, dry",organic,1.247442182690188,2382.918935501601,2.5025853154084747
1221,"Peas, green",conventional,12.841794433888971,0.0,0.0
1221,"Peas, green",organic,1.6822055661110302,0.0,0.0
1221,Potatoes,conventional,26.911658665697487,32183.91537604397,0.0
1221,Potatoes,organic,1.0743413343025146,22877.857116343373,0.0
1221,"Pumpkins, squash and gourds",conventional,0.1575854566670525,25404.319079549357,0.0
1221,"Pumpkins, squash and gourds",organic,0.0165006414894091,12248.510981153537,0.0
1221,Rye,conventional,216.69197983182164,5328.440887919444,0.04431960511901464
1221,Rye,organic,12.868064568178378,3247.100642219594,0.3328998699609881
1221,Semi-natural meadows,conventional,6532.50415660302,0.0,0.0
1221,Semi-natural meadows,organic,1363.0358433969814,0.0,0.0
1221,Semi-natural pastures,conventional,35.30206766781469,0.0,0.0
1221,Semi-natural pastures,organic,7.365932332185309,0.0,0.0
1221,Short rotation coppice and other energy crops,conventional,130.52609269781271,0.0,0.0
1221,Short rotation coppice and other energy crops,organic,2.183907302187288,0.0,0.0
1221,Spring rapeseed,conventional,4.676219089426417,1421.152756174601,0.2623736384282677
1221,Spring rapeseed,organic,0.7835961105735827,965.6860812593538,1.0830112247472279
1221,Strawberries,conventional,5.631918658815209,7376.255929695852,0.0
1221,Strawberries,organic,0.5897134967408019,7376.255929695852,0.0
1221,Sugar beet,conventional,11.952082803206926,53329.019023865374,0.0
1221,Sugar beet,organic,0.0599171967930751,41758.74412399864,0.0
1221,Tomatoes,conventional,0.0,,
1221,Tomatoes,organic,0.0,,
1221,"Triticale, spring",conventional,8.420538180746913,3515.7837016929293,4.706110397736307
1221,"Triticale, spring",organic,0.48239221925308823,2485.504783403405,0.567375886524807
1221,"Triticale, winter",conventional,319.4230672252665,5387.023294578721,0.0
1221,"Triticale, winter",organic,27.652399974733452,4044.1126819022834,0.2587377589842983
1221,"Wheat, spring",conventional,37.86847570269025,3837.541950143706,1.1082586804507737
1221,"Wheat, spring",organic,4.211063497309747,2461.722228188801,0.32719836400817903
1221,"Wheat, winter",conventional,427.6606584924824,5954.4489970698005,0.036934504249293176
1221,"Wheat, winter",organic,4.760359107517506,3831.8398763793434,0.32122063842601745
1221,Winter rapeseed,conventional,201.46959667901805,2809.4548065635645,0.36447160452733934
1221,Winter rapeseed,organic,4.461997720981916,1821.1654175717,1.0881612090680084
1222,Apples,conventional,91.70712014567192,17869.68101009469,0.0
1222,Apples,organic,9.60257592010572,15440.32194723264,0.0
1222,"Barley, spring",conventional,3203.3433981529374,6325.625467544015,0.32612714648733054
1222,"Barley, spring",organic,105.5065730470627,4344.42863271824,0.34714688652636133
1222,"Barley, winter",conventional,152.4777583564446,6522.602741665376,0.26083399917301525
1222,"Barley, winter",organic,2.983641643555387,4036.8668483279616,0.35145524437122433
1222,"Beans, dry ",conventional,0.0,,
1222,"Beans, dry ",organic,0.0,,
1222,"Broad beans and horse beans, dry",conventional,136.87448138257162,4007.897210174136,0.38330300840871173
1222,"Broad beans and horse beans, dry",organic,54.40758861742835,3209.4848565774564,3.2993890020366603
1222,"Cabbages, cauliflowers and broccoli",conventional,216.74644277102684,21175.793958754293,0.0
1222,"Cabbages, cauliflowers and broccoli",organic,22.695338909515,17285.305666698932,0.0
1222,Carrots and turnips,conventional,203.0582303470501,66811.07092039878,0.0
1222,Carrots and turnips,organic,21.26205762445249,66811.07092039878,0.0
1222,Cereals for fodder,conventional,141.9374310233434,3785.7506941548145,0.0
1222,Cereals for fodder,organic,34.8840033766566,3482.883980928893,0.0
1222,Cucumbers and gherkins,conventional,8.46896596015825,45930.91505639147,0.0
1222,Cucumbers and gherkins,organic,0.8867783490314811,22145.2626099129,0.0
1222,Fallow,conventional,815.714491778412,0.0,0.0
1222,Fallow,organic,27.931508221588043,0.0,0.0
1222,Green manure,conventional,18.08596249993936,0.0,0.0
1222,Green manure,organic,9.530037500060638,0.0,0.0
1222,Herbs,conventional,27.86880658982308,3505.602238349728,0.0
1222,Herbs,organic,2.9181194508826644,3176.443737213493,0.0
1222,Lettuce and spinach,conventional,358.7493371262384,15528.032809823371,0.0
1222,Lettuce and spinach,organic,37.5643433200196,14070.028262313206,0.0
1222,Ley for fodder,conventional,1917.06917856509,6658.217571576992,0.0
1222,Ley for fodder,organic,270.4189916132904,5873.227790748871,0.0
1222,Ley for grazing,conventional,915.0356002864456,5326.574057261594,0.0
1222,Ley for grazing,organic,136.9609598298096,4698.582232599097,0.0
1222,Ley for seed,conventional,174.79275646799346,0.0,53.907786959718884
1222,Ley for seed,organic,29.146513237371003,0.0,59.87118522706611
1222,Maize (corn),conventional,68.97543589813847,6953.763525795915,3.093272603220174
1222,Maize (corn),organic,0.442826901861462,4896.2213482448815,6.432160804020073
1222,Maize for forage and silage,conventional,308.20952084836483,11418.01527125851,0.0
1222,Maize for forage and silage,organic,8.458216351635256,8197.683681039714,0.0
1222,Mixed grain,conventional,5.3235194298134445,5063.879415145022,21.372117471403815
1222,Mixed grain,organic,2.14278137018656,3170.4426450864503,1.227935533384494
1222,Oats,conventional,700.5706396103104,5587.30740933309,0.805212768210835
1222,Oats,organic,108.94399638968972,3755.5534406500046,0.36722515492311214
1222,"Onions and shallots, dry (excluding dehydrated)",conventional,221.67026018972348,52862.4976854994,0.0
1222,"Onions and shallots, dry (excluding dehydrated)",organic,23.21090771709144,41036.11677788623,0.0
1222,Other berries,conventional,28.74201107434276,2357.3059360730595,0.0
1222,Other berries,organic,3.0095519628082146,2357.3059360730595,0.0
1222,Other crops for fodder,conventional,21.418673208194267,5283.227331947151,0.0
1222,Other crops for fodder,organic,6.986043591805735,4835.52563840728,0.0
1222,Other fruit,conventional,10.50591146496395,13399.147871025652,0.0
1222,Other fruit,organic,1.1000652107707318,11577.551766611898,0.0
1222,"Other root, bulb and tuberous vegetables, n.e.c.",conventional,139.04860390399358,33037.33621203097,0.0
1222,"Other root, bulb and tuberous vegetables, n.e.c.",organic,14.559663125958735,33037.33621203097,0.0
1222,Other vegetables,conventional,72.18316335809298,12158.022440590434,0.0
1222,Other vegetables,organic,7.558238719070646,9438.033587222792,0.0
1222,"Peas, dry",conventional,17.798687900084417,4021.8700008022925,2.9230116238778665
1222,"Peas, dry",organic,3.134290099915582,3219.519479524026,2.5025853154084787
1222,"Peas, green",conventional,185.22458223399423,0.0,0.0
1222,"Peas, green",organic,24.263417766005745,0.0,0.0
1222,Potatoes,conventional,1908.9526304865296,35428.25852859497,0.0
1222,Potatoes,organic,76.2073695134703,25184.09046965678,0.0
1222,"Pumpkins, squash and gourds",conventional,35.54996176298986,25404.319079549357,0.0
1222,"Pumpkins, squash and gourds",organic,3.7224067907019145,12248.510981153537,0.0
1222,Rye,conventional,796.814732429302,7180.032487210205,0.04431960511901465
1222,Rye,organic,47.31814917069809,4375.442759107189,0.33289986996098825
1222,Semi-natural meadows,conventional,1241.9695650362953,0.0,0.0
1222,Semi-natural meadows,organic,259.1424349637047,0.0,0.0
1222,Semi-natural pastures,conventional,57.03367236835891,0.0,0.0
1222,Semi-natural pastures,organic,11.900327631641092,0.0,0.0
1222,Short rotation coppice and other energy crops,conventional,27.415298830976045,0.0,0.0
1222,Short rotation coppice and other energy crops,organic,0.4587011690239503,0.0,0.0
1222,Spring rapeseed,conventional,8.585339624454067,1920.0942649441256,0.26237363842826755
1222,Spring rapeseed,organic,1.4386491755459334,1304.7213245066855,1.083011224747234
1222,Strawberries,conventional,20.675450615917704,7376.255929695852,0.0
1222,Strawberries,organic,2.1649091576137143,7376.255929695852,0.0
1222,Sugar beet,conventional,1168.812604945778,72051.89107077222,0.0
1222,Sugar beet,organic,5.859395054222045,56419.49801341982,0.0
1222,Tomatoes,conventional,0.0,,
1222,Tomatoes,organic,0.0,,
1222,"Triticale, spring",conventional,0.0,,
1222,"Triticale, spring",organic,0.0,,
1222,"Triticale, winter",conventional,113.43422652542058,7278.311559471946,0.0
1222,"Triticale, winter",organic,9.819981474579405,5463.928865894817,0.2587377589842983
1222,"Wheat, spring",conventional,366.10945749009045,5184.83481662273,1.108258680450774
1222,"Wheat, spring",organic,40.71223210990953,3325.9892096005387,0.32719836400817964
1222,"Wheat, winter",conventional,4377.012255763141,7296.464748248874,0.03693450424929318
1222,"Wheat, winter",organic,48.72122263685865,4695.461258076918,0.3212206384260187
1222,Winter rapeseed,conventional,1666.7874856377312,3431.919936089777,0.3644716045273392
1222,Winter rapeseed,organic,36.91476076226878,2224.6643330513284,1.0881612090680102
1311,Apples,conventional,0.3385781909505997,4287.378137011694,0.0
1311,Apples,organic,0.0597078072264542,3704.514854383305,0.0
1311,"Barley, spring",conventional,6609.554781172257,5322.07396193208,0.21785892273173263
1311,"Barley, spring",organic,206.7787548277428,3720.9327075628407,2.001482579688658
1311,"Barley, winter",conventional,423.033154285226,6484.606984437429,0.11636778971445454
1311,"Barley, winter",organic,9.110152114773996,4077.5888264795653,1.779242174629324
1311,"Beans, dry ",conventional,0.0,,
1311,"Beans, dry ",organic,0.0,,
1311,"Broad beans and horse beans, dry",conventional,685.6353587810884,3503.4187580565485,1.6432157423925797
1311,"Broad beans and horse beans, dry",organic,132.86155721891163,2775.2708413762984,3.482328482328481
1311,"Cabbages, cauliflowers and broccoli",conventional,11.055844541292888,21714.863832599283,0.0
1311,"Cabbages, cauliflowers and broccoli",organic,1.9496832703364448,17725.335805038438,0.0
1311,Carrots and turnips,conventional,8.994585389526417,54008.62068965517,0.0
1311,Carrots and turnips,organic,1.5861829995957517,54008.62068965517,0.0
1311,Cereals for fodder,conventional,751.1321651470884,4134.796495668692,0.0
1311,Cereals for fodder,organic,214.31623338624507,3806.863986536195,0.0
1311,Cucumbers and gherkins,conventional,0.1873871956151336,1084.1670820182344,0.0
1311,Cucumbers and gherkins,organic,0.0330454791582448,522.7234143896248,0.0
1311,Fallow,conventional,1004.2309515386944,0.0,0.0
1311,Fallow,organic,38.195048461305696,0.0,0.0
1311,Green manure,conventional,13.806458011769706,0.0,0.0
1311,Green manure,organic,8.143541988230293,0.0,0.0
1311,Herbs,conventional,2.0612591517664702,3506.5002712433525,0.0
1311,Herbs,organic,0.3635002707406931,3177.25744931396,0.0
1311,Lettuce and spinach,conventional,2.0612591517664702,11986.909266834902,0.0
1311,Lettuce and spinach,organic,0.3635002707406931,10861.398493146897,0.0
1311,Ley for fodder,conventional,7242.770431800803,7448.643162648044,0.0
1311,Ley for fodder,organic,1047.8800925498276,6579.450651791419,0.0
1311,Ley for grazing,conventional,3589.551917267961,5958.914530118436,0.0
1311,Ley for grazing,organic,625.0898365968641,5263.560521433135,0.0
1311,Ley for seed,conventional,269.4555387613587,0.0,74.09752030880189
1311,Ley for seed,organic,72.93818302318738,0.0,84.95118285021893
1311,Maize (corn),conventional,50.15866560979384,6504.252539601759,12.417586875648144
1311,Maize (corn),organic,0.8289311902061999,5742.865711040443,32.562814070351784
1311,Maize for forage and silage,conventional,1182.8754009187246,11366.34288552995,0.0
1311,Maize for forage and silage,organic,15.833002281275222,8160.584950377332,0.0
1311,Mixed grain,conventional,135.07451600174699,4809.654778389638,12.21407825685266
1311,Mixed grain,organic,80.15223999825292,3461.6250377000606,4.07035175879397
1311,Oats,conventional,2304.4558644343488,4972.274171223576,0.4821625343651521
1311,Oats,organic,171.41591316565152,3402.1272297048495,1.8048128342245988
1311,"Onions and shallots, dry (excluding dehydrated)",conventional,5.527922270646443,26409.896017159783,0.0
1311,"Onions and shallots, dry (excluding dehydrated)",organic,0.9748416351682224,20501.482610597217,0.0
1311,Other berries,conventional,9.973752283558088,1299.6323529411766,0.0
1311,Other berries,organic,1.7588577604455995,1299.6323529411766,0.0
1311,Other crops for fodder,conventional,99.73015391651218,5652.761420951498,0.0
1311,Other crops for fodder,organic,32.99398608348783,5206.2692556701195,0.0
1311,Other fruit,conventional,0.0483683129929428,1531.2064775041763,0.0
1311,Other fruit,organic,0.0085296867466363,1323.041019422609,0.0
1311,"Other root, bulb and tuberous vegetables, n.e.c.",conventional,10.212602161024783,19901.122019635342,0.0
1311,"Other root, bulb and tuberous vegetables, n.e.c.",organic,1.8009786141243431,19901.122019635342,0.0
1311,Other vegetables,conventional,7.214407031182647,12173.494986314176,0.0
1311,Other vegetables,organic,1.272250947592426,9450.04462001485,0.0
1311,"Peas, dry",conventional,98.26002325874126,3205.7346035797577,2.0552375476137885
1311,"Peas, dry",organic,4.1035287412587405,2589.1398913491366,2.502585315408478
1311,"Peas, green",conventional,167.76320383159086,0.0,0.0
1311,"Peas, green",organic,39.30879616840917,0.0,0.0
1311,Potatoes,conventional,421.8576918997775,36422.87735274241,0.0
1311,Potatoes,organic,5.67830810022245,25891.11281539064,0.0
1311,"Pumpkins, squash and gourds",conventional,3.56035671668754,24377.332571440296,0.0
1311,"Pumpkins, squash and gourds",organic,0.6278641040066516,11753.356772033383,0.0
1311,Rye,conventional,116.24448987342177,6111.282435247124,3.4513459539481555
1311,Rye,organic,54.9303727932449,3648.941555911244,1.7456896551724135
1311,Semi-natural meadows,conventional,2993.968336356562,0.0,0.0
1311,Semi-natural meadows,organic,624.3216636434379,0.0,0.0
1311,Semi-natural pastures,conventional,2.128211547750202,0.0,0.0
1311,Semi-natural pastures,organic,0.4437884522497982,0.0,0.0
1311,Short rotation coppice and other energy crops,conventional,30.38388235294118,0.0,0.0
1311,Short rotation coppice and other energy crops,organic,0.1121176470588235,0.0,0.0
1311,Spring rapeseed,conventional,66.34969032784315,1798.7548917928832,0.7478272815419265
1311,Spring rapeseed,organic,12.502341672156865,1255.279327464427,4.1529605263157885
1311,Strawberries,conventional,44.73092331528947,7485.784313725491,0.0
1311,Strawberries,organic,7.888237983882116,7485.784313725491,0.0
1311,Sugar beet,conventional,16.398,67136.1422290193,0.0
1311,Sugar beet,organic,0.0,,
1311,Tomatoes,conventional,0.0,,
1311,Tomatoes,organic,0.0,,
1311,"Triticale, spring",conventional,0.0,,
1311,"Triticale, spring",organic,0.0,,
1311,"Triticale, winter",conventional,660.9274327895885,5917.562857270942,0.08538171879256878
1311,"Triticale, winter",organic,6.171249210411589,4528.978977193356,1.6981132075471694
1311,"Wheat, spring",conventional,1057.9586384018885,4985.921293684868,0.4274197843005856
1311,"Wheat, spring",organic,198.83207919811147,3264.106518147656,1.6615384615384614
1311,"Wheat, winter",conventional,4648.60303595309,6727.860904687211,0.06585851018271936
1311,"Wheat, winter",organic,154.37492724691134,4392.1279960952925,1.7698470502549162
1311,Winter rapeseed,conventional,1273.8294588484112,3489.3655428704365,1.1671681965717562
1311,Winter rapeseed,organic,53.59790115158876,2315.4232830018022,4.1529605263157885
1321,Apples,conventional,0.2896067732048182,4417.14772317664,0.0
1321,Apples,organic,0.0508177697761397,3816.6424401087593,0.0
1321,"Barley, spring",conventional,6929.554480168427,5439.54998965181,0.21916425976419876
1321,"Barley, spring",organic,216.94380378944888,3802.1767431058333,1.9798403554691302
1321,"Barley, winter",conventional,331.86620042232454,6616.004318764349,0.11806388815200379
1321,"Barley, winter",organic,7.13931902129224,4159.446549020133,1.76281505277549
1321,"Beans, dry ",conventional,0.0,,
1321,"Beans, dry ",organic,0.0,,
1321,"Broad beans and horse beans, dry",conventional,621.8576806204475,3579.2545877020693,1.6305142122037537
1321,"Broad beans and horse beans, dry",organic,121.73134836287085,2835.648050233465,3.4801804635963975
1321,"Cabbages, cauliflowers and broccoli",conventional,30.53454763419296,21720.508263928987,0.0
1321,"Cabbages, cauliflowers and broccoli",organic,5.357946551877036,17729.943222405578,0.0
1321,Carrots and turnips,conventional,24.90473540857463,54155.91676409818,0.0
1321,Carrots and turnips,organic,4.370074278040281,54155.91676409819,0.0
1321,Cereals for fodder,conventional,528.7865232875478,4117.503651479022,0.0
1321,Cereals for fodder,organic,145.85900772739964,3842.6540265033373,0.0
1321,Cucumbers and gherkins,conventional,0.5288525556897103,1515.6862439248864,0.0
1321,Cucumbers and gherkins,organic,0.09279861490517,730.7772959615436,0.0
1321,Fallow,conventional,919.8948828968888,0.0,0.0
1321,Fallow,organic,34.94711710311123,0.0,0.0
1321,Green manure,conventional,0.0,,
1321,Green manure,organic,0.0,,
1321,Herbs,conventional,5.66328123147144,3508.2630535262037,0.0
1321,Herbs,organic,0.9937451345273328,3178.8547151649386,0.0
1321,Lettuce and spinach,conventional,6.444224701377409,12026.159991499826,0.0
1321,Lettuce and spinach,organic,1.130778550640824,10896.963771254908,0.0
1321,Ley for fodder,conventional,6538.440004568644,7439.896685780483,0.0
1321,Ley for fodder,organic,945.7287503572054,6571.714505599601,0.0
1321,Ley for grazing,conventional,3239.744353183997,5951.917348624386,0.0
1321,Ley for grazing,organic,563.2424508077115,5257.37160447968,0.0
1321,Ley for seed,conventional,425.73605716893894,0.0,42.72283245415993
1321,Ley for seed,organic,94.3023839135027,0.0,59.370650409604664
1321,Maize (corn),conventional,57.04198880603508,6611.729957910052,11.954867113518159
1321,Maize (corn),organic,0.9142916755410795,5842.557540922064,32.262172975921374
1321,Maize for forage and silage,conventional,1291.4982890725362,11367.482756850486,0.0
1321,Maize for forage and silage,organic,17.4634304458877,8161.403332933391,0.0
1321,Mixed grain,conventional,52.01500640094566,4907.668999760251,12.282816327048698
1321,Mixed grain,organic,30.72922088001611,3528.6117093719577,4.048853389831107
1321,Oats,conventional,1484.9345146981059,5162.861041055042,0.4844007777001152
1321,Oats,organic,111.78082485890285,3531.8733096196456,1.788750339322128
1321,"Onions and shallots, dry (excluding dehydrated)",conventional,15.534677228443746,26672.61127153367,0.0
1321,"Onions and shallots, dry (excluding dehydrated)",organic,2.7258949858309496,20705.4232931196,0.0
1321,Other berries,conventional,1.9855131626301836,1310.1675988300412,0.0
1321,Other berries,organic,0.3484012119933288,1310.1675988300412,0.0
1321,Other crops for fodder,conventional,79.98207315703068,5635.511457797275,0.0
1321,Other crops for fodder,organic,25.801113297447202,5233.777060719507,0.0
1321,Other fruit,conventional,0.0412601598169519,1643.4892844290882,0.0
1321,Other fruit,organic,0.0072399871014816,1420.0591299910195,0.0
1321,"Other root, bulb and tuberous vegetables, n.e.c.",conventional,28.06127682558265,20033.91114052321,0.0
1321,"Other root, bulb and tuberous vegetables, n.e.c.",organic,4.923957715375907,20033.91114052321,0.0
1321,Other vegetables,conventional,19.761635219822423,12179.298169516056,0.0
1321,Other vegetables,organic,3.4676061539857765,9454.549516945232,0.0
1321,"Peas, dry",conventional,49.55906003969624,3278.4872185671197,2.064048267997242
1321,"Peas, dry",organic,2.1372775170949474,2647.660989523464,2.502585315408479
1321,"Peas, green",conventional,298.40992783111926,0.0,0.0
1321,"Peas, green",organic,69.53407216888068,0.0,0.0
1321,Potatoes,conventional,1534.6991054791445,43115.17950467916,0.0
1321,Potatoes,organic,21.1128945208556,30648.319346121516,0.0
1321,"Pumpkins, squash and gourds",conventional,9.752323249416907,24398.148107115445,0.0
1321,"Pumpkins, squash and gourds",organic,1.7112559633433266,11763.392833873784,0.0
1321,Rye,conventional,420.3522786353576,6245.316073437112,3.402969332831771
1321,Rye,organic,195.9218601518146,3730.200222522689,1.728859620678512
1321,Semi-natural meadows,conventional,1626.641738002009,0.0,0.0
1321,Semi-natural meadows,organic,339.2002619979904,0.0,0.0
1321,Semi-natural pastures,conventional,13.1647762391952,0.0,0.0
1321,Semi-natural pastures,organic,2.7452237608047985,0.0,0.0
1321,Short rotation coppice and other energy crops,conventional,0.0,,
1321,Short rotation coppice and other energy crops,organic,0.0,,
1321,Spring rapeseed,conventional,21.439422019273238,2219.853636842355,0.742838574579981
1321,Spring rapeseed,organic,4.0344730561974425,1548.644080896111,4.116993387014632
1321,Strawberries,conventional,17.28386471123492,7488.629942774637,0.0
1321,Strawberries,organic,3.032827747838287,7488.629942774636,0.0
1321,Sugar beet,conventional,707.3834011221965,68541.30416246252,0.0
1321,Sugar beet,organic,0.040598877803631,53670.568760407295,0.0
1321,Tomatoes,conventional,0.0,,
1321,Tomatoes,organic,0.0,,
1321,"Triticale, spring",conventional,2.249482815826362,4031.377539104173,4.49341555971393
1321,"Triticale, spring",organic,0.015889584173637398,2923.3552990239086,2.845821109134703
1321,"Triticale, winter",conventional,749.7328293473106,6557.714770896249,0.08335437502867166
1321,"Triticale, winter",organic,7.603326883920614,5018.217727981986,1.6824351211237771
1321,"Wheat, spring",conventional,882.5939831724596,5383.975693882411,0.4370183860770341
1321,"Wheat, spring",organic,165.0215141293223,3523.807108696371,1.6461397820913672
1321,"Wheat, winter",conventional,5043.791828581528,6947.989075629309,0.06588571477941982
1321,"Wheat, winter",organic,166.30410544387595,4534.995743893524,1.7517261187796944
1321,Winter rapeseed,conventional,1544.8709660228478,3288.6370302526807,1.1583935549699298
1321,Winter rapeseed,organic,64.64658590709418,2181.601812933731,4.116993387014632
1322,Apples,conventional,0.739910601045157,9772.779241333035,0.0
1322,Apples,organic,0.1231612540295014,8444.183067407448,0.0
1322,"Barley, spring",conventional,576.1267177700823,4347.930136685684,0.8588395189913783
1322,"Barley, spring",organic,38.49054330765791,3019.449440291089,1.972846792671978
1322,"Barley, winter",conventional,0.0,,
1322,"Barley, winter",organic,0.0,,
1322,"Beans, dry ",conventional,0.0,,
1322,"Beans, dry ",organic,0.0,,
1322,"Broad beans and horse beans, dry",conventional,1.4779550976370726,2812.357186862992,1.8334418533484478
1322,"Broad beans and horse beans, dry",organic,0.20648519306873692,2221.194339294273,3.380825880828571
1322,"Cabbages, cauliflowers and broccoli",conventional,0.215531493089615,16582.193977092553,0.0
1322,"Cabbages, cauliflowers and broccoli",organic,0.0358761300814877,13535.657367880824,0.0
1322,Carrots and turnips,conventional,0.1394638855444489,51654.82637458362,0.0
1322,Carrots and turnips,organic,0.023214354560157,51654.826374583616,0.0
1322,Cereals for fodder,conventional,185.22079187306826,3941.0823479711653,0.0
1322,Cereals for fodder,organic,54.975403453834865,3598.133194091442,0.0
1322,Cucumbers and gherkins,conventional,0.0025252381786071,8726.807313652973,0.0
1322,Cucumbers and gherkins,organic,0.0004203365925033,4207.567810693139,0.0
1322,Fallow,conventional,223.9278843825756,0.0,0.0
1322,Fallow,organic,15.246115617424415,0.0,0.0
1322,Green manure,conventional,0.1026283244948977,0.0,0.0
1322,Green manure,organic,0.0593716755051023,0.0,0.0
1322,Herbs,conventional,0.0276733404888727,3222.845045843491,0.0
1322,Herbs,organic,0.0046063447570295,2920.2360296010866,0.0
1322,Lettuce and spinach,conventional,0.0276212007509698,11046.371498074495,0.0
1322,Lettuce and spinach,organic,0.0045976658767758,10009.17251254102,0.0
1322,Ley for fodder,conventional,5015.96206235945,7109.952455199396,0.0
1322,Ley for fodder,organic,829.7566548919287,6283.859589606163,0.0
1322,Ley for grazing,conventional,2366.491793526021,5687.961964159517,0.0
1322,Ley for grazing,organic,461.4447491722101,5027.08767168493,0.0
1322,Ley for seed,conventional,112.09566412984549,0.0,99.99999999999878
1322,Ley for seed,organic,38.19107592054436,,100.0
1322,Maize (corn),conventional,0.8821274312620062,5090.987868332474,10.210028448300367
1322,Maize (corn),organic,0.0111447934561594,4501.883922745086,30.96816761534819
1322,Maize for forage and silage,conventional,16.877856619870467,10992.109992946189,0.0
1322,Maize for forage and silage,organic,0.212871155411369,7891.900524620381,0.0
1322,Mixed grain,conventional,43.84517406321378,3774.812320718796,9.162850288836088
1322,Mixed grain,organic,17.886027724672807,2824.774476209168,4.5295040663429225
1322,Oats,conventional,362.88940854765883,3408.890819546524,0.921020633960625
1322,Oats,organic,34.592746179592154,2325.130406374686,1.9309302416817289
1322,"Onions and shallots, dry (excluding dehydrated)",conventional,0.0930541148570322,22537.80017161508,0.0
1322,"Onions and shallots, dry (excluding dehydrated)",organic,0.0154892516233835,17495.65079693081,0.0
1322,Other berries,conventional,4.993233815314756,1418.299258349003,0.0
1322,Other berries,organic,0.8311449214107767,1418.299258349003,0.0
1322,Other crops for fodder,conventional,286.48780115335603,5398.680440890893,0.0
1322,Other crops for fodder,organic,109.1357585559382,4871.632362024104,0.0
1322,Other fruit,conventional,0.0907707883736626,2668.8113626189656,0.0
1322,Other fruit,organic,0.0151091822573636,2305.9900527598224,0.0
1322,"Other root, bulb and tuberous vegetables, n.e.c.",conventional,0.1366826204736779,19693.230838353265,0.0
1322,"Other root, bulb and tuberous vegetables, n.e.c.",organic,0.0227514012068455,19693.230838353265,0.0
1322,Other vegetables,conventional,0.1350392116909247,10828.58840766846,0.0
1322,Other vegetables,organic,0.0224778488529786,8406.020106738928,0.0
1322,"Peas, dry",conventional,0.0,,
1322,"Peas, dry",organic,0.0,,
1322,"Peas, green",conventional,0.0,,
1322,"Peas, green",organic,0.0,,
1322,Potatoes,conventional,3.624522070899007,31274.43204028052,0.0
1322,Potatoes,organic,0.1394779291009932,22231.353123209617,0.0
1322,"Pumpkins, squash and gourds",conventional,0.0668348439772687,19090.93008969184,0.0
1322,"Pumpkins, squash and gourds",organic,0.0111249429126696,9204.555576231289,0.0
1322,Rye,conventional,3.7687278650457183,5236.192673937345,2.7647318844597555
1322,Rye,organic,2.5596619831642973,3144.7634398966693,1.6234942005668818
1322,Semi-natural meadows,conventional,4994.691579720527,0.0,0.0
1322,Semi-natural meadows,organic,1115.4584202794715,0.0,0.0
1322,Semi-natural pastures,conventional,19.046392282920763,0.0,0.0
1322,Semi-natural pastures,organic,4.253607717079236,0.0,0.0
1322,Short rotation coppice and other energy crops,conventional,11.18567312225606,0.0,0.0
1322,Short rotation coppice and other energy crops,organic,0.4803268777439422,0.0,0.0
1322,Spring rapeseed,conventional,0.0,,
1322,Spring rapeseed,organic,0.0,,
1322,Strawberries,conventional,0.0,,
1322,Strawberries,organic,0.0,,
1322,Sugar beet,conventional,0.0,,
1322,Sugar beet,organic,0.0,,
1322,Tomatoes,conventional,0.0,,
1322,Tomatoes,organic,0.0,,
1322,"Triticale, spring",conventional,0.0,,
1322,"Triticale, spring",organic,0.0,,
1322,"Triticale, winter",conventional,49.42970846408869,4965.067723628984,0.12453592941427034
1322,"Triticale, winter",organic,3.6101949331928,3795.2915202985328,1.6149542336096196
1322,"Wheat, spring",conventional,7.94270157146388,4306.687988435657,0.5903631258166117
1322,"Wheat, spring",organic,2.04533571075562,2813.1053103984323,1.6015044022758158
1322,"Wheat, winter",conventional,54.293444957836826,5858.8753996876085,0.1433822770251932
1322,"Wheat, winter",organic,3.8794115946710876,3817.9708181465658,1.6696856799157969
1322,Winter rapeseed,conventional,0.0,,
1322,Winter rapeseed,organic,0.0,,
1331,Apples,conventional,5.482701969997025,4327.812194401176,0.0
1331,Apples,organic,1.2722798920239191,3739.451956135362,0.0
1331,"Barley, spring",conventional,2199.2011097883774,4768.597477856624,0.24549101019883907
1331,"Barley, spring",organic,82.49466052585487,3326.324824235945,1.8034702400047304
1331,"Barley, winter",conventional,148.27860487406613,5768.7286993331145,0.19732528623756176
1331,"Barley, winter",organic,3.7525756496125826,3618.922547181801,1.6279478098702727
1331,"Beans, dry ",conventional,0.0,,
1331,"Beans, dry ",organic,0.0,,
1331,"Broad beans and horse beans, dry",conventional,381.81434387205786,3179.750480074261,1.5591347947313408
1331,"Broad beans and horse beans, dry",organic,94.85795680238064,2522.5739198592,3.541523344022483
1331,"Cabbages, cauliflowers and broccoli",conventional,12.136136235047346,25215.28180753242,0.0
1331,"Cabbages, cauliflowers and broccoli",organic,2.8162322488453606,20582.64518270703,0.0
1331,Carrots and turnips,conventional,7.003987465895899,52211.852089017775,0.0
1331,Carrots and turnips,organic,1.6252994354992734,52211.85208901777,0.0
1331,Cereals for fodder,conventional,457.82043684241694,4099.76240498203,0.0
1331,Cereals for fodder,organic,157.7742699612455,3743.995862984105,0.0
1331,Cucumbers and gherkins,conventional,0.233000940095589,8817.665959447877,0.0
1331,Cucumbers and gherkins,organic,0.0540686713464472,4251.374657759847,0.0
1331,Fallow,conventional,1449.474261544795,0.0,0.0
1331,Fallow,organic,70.81173845520513,0.0,0.0
1331,Green manure,conventional,7.495352102511504,0.0,0.0
1331,Green manure,organic,5.418647897488494,0.0,0.0
1331,Herbs,conventional,2.0630698901779736,3278.2312805546203,0.0
1331,Herbs,organic,0.4787424797986703,2970.4217741363323,0.0
1331,Lettuce and spinach,conventional,1.81309966474122,11818.69051033998,0.0
1331,Lettuce and spinach,organic,0.4207360272925458,10708.97463578375,0.0
1331,Ley for fodder,conventional,7766.815715611645,7190.175587117638,0.0
1331,Ley for fodder,organic,1376.7801037133809,6348.017614111413,0.0
1331,Ley for grazing,conventional,3705.578148377104,5752.140469694111,0.0
1331,Ley for grazing,organic,795.5463855926256,5078.414091289131,0.0
1331,Ley for seed,conventional,387.01771997264814,0.0,67.51816884715556
1331,Ley for seed,organic,104.41192673259638,0.0,76.88620598995067
1331,Maize (corn),conventional,4.228020673075505,5719.130942966419,11.055557940811712
1331,Maize (corn),organic,0.0525930650400942,4925.925051699009,29.79389911330415
1331,Maize for forage and silage,conventional,87.61883229094269,11206.925044963516,0.0
1331,Maize for forage and silage,organic,1.0045539709417,8046.12924165467,0.0
1331,Mixed grain,conventional,128.2173235538579,4106.065684764926,9.43027810734545
1331,Mixed grain,organic,72.86410589315116,3033.3486694529784,3.5769887940786687
1331,Oats,conventional,2170.054810748824,4068.0741955250564,0.5343267393489343
1331,Oats,organic,210.69586505504776,2777.5100045597496,1.6461838587727207
1331,"Onions and shallots, dry (excluding dehydrated)",conventional,4.0752499314028885,23053.692661201567,0.0
1331,"Onions and shallots, dry (excluding dehydrated)",organic,0.9456757947210772,17896.127985380284,0.0
1331,Other berries,conventional,0.6830595606584502,1201.840232936088,0.0
1331,Other berries,organic,0.1585063256832307,1201.840232936088,0.0
1331,Other crops for fodder,conventional,117.48780768758908,5605.9027001308,0.0
1331,Other crops for fodder,organic,46.11562363580308,5090.674026459144,0.0
1331,Other fruit,conventional,1.2400480949967412,1838.8735079023743,0.0
1331,Other fruit,organic,0.2877574351187608,1588.8811314656616,0.0
1331,"Other root, bulb and tuberous vegetables, n.e.c.",conventional,8.178256325228315,20868.045521357948,0.0
1331,"Other root, bulb and tuberous vegetables, n.e.c.",organic,1.8977925722289557,20868.045521357948,0.0
1331,Other vegetables,conventional,6.450003087192915,11255.98669417686,0.0
1331,Other vegetables,organic,1.4967454507347957,8737.800986639317,0.0
1331,"Peas, dry",conventional,9.647251653831557,2888.0090139277545,2.1315690503937943
1331,"Peas, dry",organic,0.7019760455977511,2326.1163187657494,2.3101201684595276
1331,"Peas, green",conventional,0.0,,
1331,"Peas, green",organic,0.0,,
1331,Potatoes,conventional,16.868164892345153,35170.33942164666,0.0
1331,Potatoes,organic,0.6958351076548458,25000.749306613256,0.0
1331,"Pumpkins, squash and gourds",conventional,2.7744369269843228,26145.4691150178,0.0
1331,"Pumpkins, squash and gourds",organic,0.6438176529031185,12605.851176719942,0.0
1331,Rye,conventional,26.698720386734067,5486.943187185389,3.0830445871288235
1331,Rye,organic,12.332037401665508,3283.15645091251,1.5810816789500965
1331,Semi-natural meadows,conventional,3381.4099806904637,0.0,0.0
1331,Semi-natural meadows,organic,822.3640193095371,0.0,0.0
1331,Semi-natural pastures,conventional,67.89727908067418,0.0,0.0
1331,Semi-natural pastures,organic,16.51272091932583,0.0,0.0
1331,Short rotation coppice and other energy crops,conventional,16.07115228141929,0.0,0.0
1331,Short rotation coppice and other energy crops,organic,0.3788477185807068,0.0,0.0
1331,Spring rapeseed,conventional,52.95133449842949,2381.486496629944,0.8874350677416836
1331,Spring rapeseed,organic,8.675733516726002,1652.61077223741,3.7472096668552064
1331,Strawberries,conventional,0.0412053136056701,7072.921900148454,0.0
1331,Strawberries,organic,0.0095618350645206,7072.9219001484535,0.0
1331,Sugar beet,conventional,0.8960000000000001,59874.819029420265,0.0
1331,Sugar beet,organic,0.0,,
1331,Tomatoes,conventional,0.0,,
1331,Tomatoes,organic,0.0,,
1331,"Triticale, spring",conventional,2.8005808889113224,3538.491135783761,4.517261780536249
1331,"Triticale, spring",organic,0.053484711088678305,2559.5617964307103,2.628096597317032
1331,"Triticale, winter",conventional,65.0201125878144,5476.513865326654,0.1902179743606896
1331,"Triticale, winter",organic,1.7922129855518092,4180.885007293333,1.553717485206377
1331,"Wheat, spring",conventional,877.6788364078701,4947.768678736515,0.46323907285941895
1331,"Wheat, spring",organic,193.80633290167077,3233.351766563351,1.5212588658893695
1331,"Wheat, winter",conventional,2198.164322185107,6796.760801742553,0.04974572491056857
1331,"Wheat, winter",organic,91.60559665113318,4430.106988136693,1.5987550770836272
1331,Winter rapeseed,conventional,344.5184446866213,3005.7233021687466,1.1352054675174967
1331,Winter rapeseed,organic,21.7075276009633,1986.7294506538556,3.7472096668552073
1411,Apples,conventional,3.953559839729597,4345.131541811035,0.0
1411,Apples,organic,2.7722862488571027,3754.416761594011,0.0
1411,"Barley, spring",conventional,316.67618524561703,5194.116271577605,0.4500372319942433
1411,"Barley, spring",organic,24.81589635438294,3577.7016345170755,0.7601162530739993
1411,"Barley, winter",conventional,0.0,,
1411,"Barley, winter",organic,0.0,,
1411,"Beans, dry ",conventional,0.0,,
1411,"Beans, dry ",organic,0.0,,
1411,"Broad beans and horse beans, dry",conventional,40.946866346504585,3714.829890189984,0.7251658742735484
1411,"Broad beans and horse beans, dry",organic,28.488205653495406,2982.687949738063,3.886118038237739
1411,"Cabbages, cauliflowers and broccoli",conventional,0.8592871874102744,40851.042969104514,0.0
1411,"Cabbages, cauliflowers and broccoli",organic,0.602543062466845,33345.7515642527,0.0
1411,Carrots and turnips,conventional,0.1012627998631636,41747.86324786325,0.0
1411,Carrots and turnips,organic,0.0710067582031635,41747.86324786325,0.0
1411,Cereals for fodder,conventional,84.95999451518381,3825.1674646921224,0.0
1411,Cereals for fodder,organic,88.97193948481618,3474.911599480868,0.0
1411,Cucumbers and gherkins,conventional,0.0202525599726327,49477.830053785154,0.0
1411,Cucumbers and gherkins,organic,0.0142013516406327,23855.38234029244,0.0
1411,Fallow,conventional,1402.8847075437418,0.0,0.0
1411,Fallow,organic,163.62329245625838,0.0,0.0
1411,Green manure,conventional,8.310614020594485,0.0,0.0
1411,Green manure,organic,19.631385979405515,0.0,0.0
1411,Herbs,conventional,0.1186221369825631,2088.1693022293075,0.0
1411,Herbs,organic,0.0831793453237058,1892.1006581255028,0.0
1411,Lettuce and spinach,conventional,0.0665441256243646,10551.210247161796,0.0
1411,Lettuce and spinach,organic,0.0466615839620789,9560.5044243118,0.0
1411,Ley for fodder,conventional,5365.440311109984,5784.927105038206,0.0
1411,Ley for fodder,organic,2255.705493263616,5101.457612832597,0.0
1411,Ley for grazing,conventional,2020.4331746882312,4627.941684030565,0.0
1411,Ley for grazing,organic,1086.3335733516749,4081.1660902660774,0.0
1411,Ley for seed,conventional,420.44287024010504,0.0,97.7264250740388
1411,Ley for seed,organic,126.15657734638995,0.0,96.63361481932901
1411,Maize (corn),conventional,3.0005760000000024,5839.285705670472,6.770833333333329
1411,Maize (corn),organic,0.0,,
1411,Maize for forage and silage,conventional,36.069424000000005,10141.2309310889,0.0
1411,Maize for forage and silage,organic,0.0,,
1411,Mixed grain,conventional,118.36302854484963,3711.688024737937,0.8473847287489598
1411,Mixed grain,organic,61.190827055150365,2933.604628512231,1.3338564142801097
1411,Oats,conventional,1110.26059894583,3339.998248692824,1.019913781592859
1411,Oats,organic,276.1624786541702,2248.59911064916,0.7417102966841186
1411,"Onions and shallots, dry (excluding dehydrated)",conventional,0.0144661142661662,6150.492884177418,0.0
1411,"Onions and shallots, dry (excluding dehydrated)",organic,0.0101438226004519,4774.506602738448,0.0
1411,Other berries,conventional,4.632518472913104,706.9296375266524,0.0
1411,Other berries,organic,3.2483806444452035,706.9296375266524,0.0
1411,Other crops for fodder,conventional,39.04703770824275,5113.658218729934,0.0
1411,Other crops for fodder,organic,24.146366291757257,4624.283024493983,0.0
1411,Other fruit,conventional,1.383745943905359,3203.3097457155704,0.0
1411,Other fruit,organic,0.970300187099986,2767.824100643766,0.0
1411,"Other root, bulb and tuberous vegetables, n.e.c.",conventional,0.1620204797810618,24271.409749670613,0.0
1411,"Other root, bulb and tuberous vegetables, n.e.c.",organic,0.1136108131250616,24271.409749670616,0.0
1411,Other vegetables,conventional,0.2546036110845258,6459.26932476706,0.0
1411,Other vegetables,organic,0.178531277767954,5014.203677774164,0.0
1411,"Peas, dry",conventional,4.496662297399425,3259.5538632097346,2.9752617426365355
1411,"Peas, dry",organic,1.3582841026005752,2573.216087693565,1.1892450879007188
1411,"Peas, green",conventional,0.0,,
1411,"Peas, green",organic,0.0,,
1411,Potatoes,conventional,17.56698952013631,37105.33402024026,0.0
1411,Potatoes,organic,4.201010479863692,26376.23545956504,0.0
1411,"Pumpkins, squash and gourds",conventional,0.0405051199452654,34989.407655808456,0.0
1411,"Pumpkins, squash and gourds",organic,0.0284027032812654,16869.89297190916,0.0
1411,Rye,conventional,6.119137032653238,6029.261872639582,1.0182889717441526
1411,Rye,organic,2.4379461673467615,3651.2708383229183,0.6849660035255569
1411,Semi-natural meadows,conventional,2969.34360633766,0.0,0.0
1411,Semi-natural meadows,organic,1462.7303936623412,0.0,0.0
1411,Semi-natural pastures,conventional,45.83914653627683,0.0,0.0
1411,Semi-natural pastures,organic,22.58085346372316,0.0,0.0
1411,Short rotation coppice and other energy crops,conventional,0.0,,
1411,Short rotation coppice and other energy crops,organic,0.0,,
1411,Spring rapeseed,conventional,0.0,,
1411,Spring rapeseed,organic,0.0,,
1411,Strawberries,conventional,18.29826792630372,4892.543859649123,0.0
1411,Strawberries,organic,12.830977298035355,4892.543859649123,0.0
1411,Sugar beet,conventional,0.0,,
1411,Sugar beet,organic,0.0,,
1411,Tomatoes,conventional,0.0,,
1411,Tomatoes,organic,0.0,,
1411,"Triticale, spring",conventional,0.0,,
1411,"Triticale, spring",organic,0.0,,
1411,"Triticale, winter",conventional,11.972681434387892,5649.238234453442,1.0036701837626496
1411,"Triticale, winter",organic,1.7911985656121063,4241.201408087105,0.708897745338641
1411,"Wheat, spring",conventional,143.3237749411163,4695.992444033172,0.8994569949269051
1411,"Wheat, spring",organic,64.46763465888368,3030.1166046313638,0.7005975685143209
1411,"Wheat, winter",conventional,244.90150075974145,6645.858181423105,0.0
1411,"Wheat, winter",organic,24.035177640258546,4288.376663385094,0.6718951797115273
1411,Winter rapeseed,conventional,2.995981657153573,3293.309596531972,1.2770661460195105
1411,Winter rapeseed,organic,0.6185959428464273,2122.6143783147345,1.430874647319621
1412,Apples,conventional,3.3338687615232945,4345.131541811035,0.0
1412,Apples,organic,2.337751013703494,3754.416761594012,0.0
1412,"Barley, spring",conventional,1231.3654464861795,3878.369422652346,0.45003723199424334
1412,"Barley, spring",organic,96.49426991382022,2671.4166370538137,0.7601162530739994
1412,"Barley, winter",conventional,16.886901040982046,4490.592675711472,0.7014492403816996
1412,"Barley, winter",organic,0.806188959017959,2777.9918431442525,0.74684239428884
1412,"Beans, dry ",conventional,0.0,,
1412,"Beans, dry ",organic,0.0,,
1412,"Broad beans and horse beans, dry",conventional,174.26468923302133,2773.8082675018427,0.7251658742735478
1412,"Broad beans and horse beans, dry",organic,121.24220356697869,2227.1287619951936,3.886118038237739
1412,"Cabbages, cauliflowers and broccoli",conventional,2.197026181157497,40851.042969104514,0.0
1412,"Cabbages, cauliflowers and broccoli",organic,1.540582593235402,33345.7515642527,0.0
1412,Carrots and turnips,conventional,0.2589088092273145,41747.86324786325,0.0
1412,Carrots and turnips,organic,0.1815501372499632,41747.86324786325,0.0
1412,Cereals for fodder,conventional,213.15174939731136,3815.9960604382163,0.0
1412,Cereals for fodder,organic,212.86583220268864,3475.7756042005158,0.0
1412,Cucumbers and gherkins,conventional,0.0517817618454629,49477.830053785154,0.0
1412,Cucumbers and gherkins,organic,0.0363100274499926,23855.38234029244,0.0
1412,Fallow,conventional,3532.1187782625657,0.0,0.0
1412,Fallow,organic,411.9632217374341,0.0,0.0
1412,Green manure,conventional,9.900046463728724,0.0,0.0
1412,Green manure,organic,23.38595353627128,0.0,0.0
1412,Herbs,conventional,0.3032931765234254,2088.169302229308,0.0
1412,Herbs,organic,0.2126730179213854,1892.100658125503,0.0
1412,Lettuce and spinach,conventional,0.1701400746350924,10551.210247161798,0.0
1412,Lettuce and spinach,organic,0.1193043759071186,9560.504424311805,0.0
1412,Ley for fodder,conventional,5377.531330388412,5784.927105038205,0.0
1412,Ley for fodder,organic,2260.7887253981776,5101.457612832595,0.0
1412,Ley for grazing,conventional,2024.9862206731707,4627.941684030564,0.0
1412,Ley for grazing,organic,1088.7816259655494,4081.166090266077,0.0
1412,Ley for seed,conventional,476.16146998629694,0.0,86.48530784184999
1412,Ley for seed,organic,150.77462758839187,0.0,81.03776237890547
1412,Maize (corn),conventional,0.0,,
1412,Maize (corn),organic,0.0,,
1412,Maize for forage and silage,conventional,0.0,,
1412,Maize for forage and silage,organic,0.0,,
1412,Mixed grain,conventional,278.0557948585606,2771.462283264642,0.8473847287489598
1412,Mixed grain,organic,143.74813034143935,2190.478975534662,1.3338564142801097
1412,Oats,conventional,2362.9848539369586,3904.9462060234655,1.019913781592859
1412,Oats,organic,587.7608868630416,2628.9410688863886,0.7417102966841187
1412,"Onions and shallots, dry (excluding dehydrated)",conventional,0.0369869727467592,6150.492884177418,0.0
1412,"Onions and shallots, dry (excluding dehydrated)",organic,0.0259357338928518,4774.506602738448,0.0
1412,Other berries,conventional,9.034970792710151,706.9296375266524,0.0
1412,Other berries,organic,6.335435987524862,706.9296375266524,0.0
1412,Other crops for fodder,conventional,61.87134468164194,5114.397963564269,0.0
1412,Other crops for fodder,organic,39.94980531835805,4635.922126478741,0.0
1412,Other fruit,conventional,1.166854066533153,3203.3097457155704,0.0
1412,Other fruit,organic,0.8182128547962229,2767.824100643766,0.0
1412,"Other root, bulb and tuberous vegetables, n.e.c.",conventional,0.4142540947637032,24271.409749670613,0.0
1412,"Other root, bulb and tuberous vegetables, n.e.c.",organic,0.2904802195999411,24271.409749670613,0.0
1412,Other vegetables,conventional,0.6509707203429622,6459.269324767061,0.0
1412,Other vegetables,organic,0.4564689165141933,5014.203677774165,0.0
1412,"Peas, dry",conventional,79.4212008088149,2433.8604246764944,2.9752617426365364
1412,"Peas, dry",organic,23.99036159118508,1921.382208364896,1.189245087900724
1412,"Peas, green",conventional,0.0,,
1412,"Peas, green",organic,0.0,,
1412,Potatoes,conventional,19.59581217971104,27706.001436446957,0.0
1412,Potatoes,organic,4.686187820288963,19694.74300196693,0.0
1412,"Pumpkins, squash and gourds",conventional,0.1035635236909258,34989.407655808456,0.0
1412,"Pumpkins, squash and gourds",organic,0.0726200548999852,16869.89297190916,0.0
1412,Rye,conventional,8.585887429374885,4501.960230648952,1.0182889717441528
1412,Rye,organic,3.4207325706251144,2726.349668116441,0.68496600352556
1412,Semi-natural meadows,conventional,2271.365219126923,0.0,0.0
1412,Semi-natural meadows,organic,1118.8987808730774,0.0,0.0
1412,Semi-natural pastures,conventional,31.33837939755751,0.0,0.0
1412,Semi-natural pastures,organic,15.43762060244248,0.0,0.0
1412,Short rotation coppice and other energy crops,conventional,1.7993841391513898,0.0,0.0
1412,Short rotation coppice and other energy crops,organic,0.2826158608486099,0.0,0.0
1412,Spring rapeseed,conventional,72.37369508221366,1377.4083085501877,1.2986984775597588
1412,Spring rapeseed,organic,2.6627017177863372,929.5050292482908,1.430874647319627
1412,Strawberries,conventional,36.46277460881328,4892.543859649123,0.0
1412,Strawberries,organic,25.56815951724729,4892.543859649123,0.0
1412,Sugar beet,conventional,0.0,,
1412,Sugar beet,organic,0.0,,
1412,Tomatoes,conventional,0.0,,
1412,Tomatoes,organic,0.0,,
1412,"Triticale, spring",conventional,0.0,,
1412,"Triticale, spring",organic,0.0,,
1412,"Triticale, winter",conventional,42.662193469528425,4218.202228100702,1.0036701837626505
1412,"Triticale, winter",organic,6.382568530471578,3166.842056741074,0.7088977453386418
1412,"Wheat, spring",conventional,672.8531791808665,3906.686063898729,0.8994569949269051
1412,"Wheat, spring",organic,302.6521800191335,2520.8120439679865,0.700597568514321
1412,"Wheat, winter",conventional,949.4755626329568,5749.712677266856,0.0
1412,"Wheat, winter",organic,93.18364216704299,3710.120347629917,0.6718951797115273
1412,Winter rapeseed,conventional,33.70479364297769,2459.065329055042,1.2770661460195116
1412,Winter rapeseed,organic,6.959204357022307,1584.92460902068,1.4308746473196292
1421,Apples,conventional,0.0,,
1421,Apples,organic,0.0,,
1421,"Barley, spring",conventional,698.3802830202923,4163.105264177578,0.4500372319942433
1421,"Barley, spring",organic,54.72761617970785,2867.5423747860978,0.7601162530739995
1421,"Barley, winter",conventional,0.0,,
1421,"Barley, winter",organic,0.0,,
1421,"Beans, dry ",conventional,0.0,,
1421,"Beans, dry ",organic,0.0,,
1421,"Broad beans and horse beans, dry",conventional,186.0688895130276,2977.451228036698,0.7251658742735481
1421,"Broad beans and horse beans, dry",organic,129.4548096869724,2390.6364924676745,3.886118038237738
1421,"Cabbages, cauliflowers and broccoli",conventional,1.2768928811389555,40851.04296910452,0.0
1421,"Cabbages, cauliflowers and broccoli",organic,0.8953734657237832,33345.7515642527,0.0
1421,Carrots and turnips,conventional,0.1504755920534123,41747.86324786325,0.0
1421,Carrots and turnips,organic,0.1055153915836108,41747.86324786325,0.0
1421,Cereals for fodder,conventional,100.65543890447634,3823.3582601508697,0.0
1421,Cereals for fodder,organic,108.38145709552366,3481.2847987355817,0.0
1421,Cucumbers and gherkins,conventional,0.0300951184106824,49477.83005378516,0.0
1421,Cucumbers and gherkins,organic,0.0211030783167221,23855.38234029244,0.0
1421,Fallow,conventional,1453.3757614108883,0.0,0.0
1421,Fallow,organic,169.51223858911172,0.0,0.0
1421,Green manure,conventional,9.270697839164344,0.0,0.0
1421,Green manure,organic,21.899302160835653,0.0,0.0
1421,Herbs,conventional,0.1762714078339972,2088.169302229308,0.0
1421,Herbs,organic,0.1236037444265155,1892.1006581255028,0.0
1421,Lettuce and spinach,conventional,0.0988839604922423,10551.2102471618,0.0
1421,Lettuce and spinach,organic,0.0693386858978013,9560.5044243118,0.0
1421,Ley for fodder,conventional,4243.142524666161,5784.927105038205,0.0
1421,Ley for fodder,organic,1783.8759443043425,5101.457612832595,0.0
1421,Ley for grazing,conventional,1597.8159153153154,4627.941684030564,0.0
1421,Ley for grazing,organic,859.103431179061,4081.166090266077,0.0
1421,Ley for seed,conventional,582.7513292249739,0.0,55.75938607896443
1421,Ley for seed,organic,210.95085531014632,0.0,45.70240819859473
1421,Maize (corn),conventional,0.0,,
1421,Maize (corn),organic,0.0,,
1421,Maize for forage and silage,conventional,0.0,,
1421,Maize for forage and silage,organic,0.0,,
1421,Mixed grain,conventional,117.71655602435061,2974.933010130347,0.84738472874896
1421,Mixed grain,organic,60.85661637564942,2351.2960113743397,1.33385641428011
1421,Oats,conventional,1766.611460279566,4307.86320044857,1.0199137815928592
1421,Oats,organic,439.42097932043384,2900.1983354685794,0.7417102966841185
1421,"Onions and shallots, dry (excluding dehydrated)",conventional,0.0214965131504874,6150.492884177417,0.0
1421,"Onions and shallots, dry (excluding dehydrated)",organic,0.0150736273690872,4774.506602738448,0.0
1421,Other berries,conventional,1.6923510246164033,706.9296375266524,0.0
1421,Other berries,organic,1.186697979536379,706.9296375266524,0.0
1421,Other crops for fodder,conventional,34.23236966532272,5115.910741691069,0.0
1421,Other crops for fodder,organic,24.328243134677287,4660.380560541177,0.0
1421,Other fruit,conventional,0.0,,
1421,Other fruit,organic,0.0,,
1421,"Other root, bulb and tuberous vegetables, n.e.c.",conventional,0.2407609472854597,24271.409749670613,0.0
1421,"Other root, bulb and tuberous vegetables, n.e.c.",organic,0.1688246265337773,24271.40974967061,0.0
1421,Other vegetables,conventional,0.3783386314485795,6459.269324767058,0.0
1421,Other vegetables,organic,0.2652958416959358,5014.203677774164,0.0
1421,"Peas, dry",conventional,18.996650413525654,2612.545645359079,2.975261742636536
1421,"Peas, dry",organic,5.7382223864743445,2062.4431338133663,1.1892450879007233
1421,"Peas, green",conventional,35.091088466517085,0.0,0.0
1421,"Peas, green",organic,7.03291153348292,0.0,0.0
1421,Potatoes,conventional,4.217433261311666,29740.07575340848,0.0
1421,Potatoes,organic,1.008566738688334,21140.65972911902,0.0
1421,"Pumpkins, squash and gourds",conventional,0.0601902368213649,34989.40765580846,0.0
1421,"Pumpkins, squash and gourds",organic,0.0422061566334443,16869.892971909165,0.0
1421,Rye,conventional,6.656378453545244,4832.477851610985,1.0182889717441528
1421,Rye,organic,2.651990346454756,2926.508390106436,0.6849660035255601
1421,Semi-natural meadows,conventional,2757.7666675120336,0.0,0.0
1421,Semi-natural meadows,organic,1358.5053324879666,0.0,0.0
1421,Semi-natural pastures,conventional,24.376081665827197,0.0,0.0
1421,Semi-natural pastures,organic,12.007918334172809,0.0,0.0
1421,Short rotation coppice and other energy crops,conventional,0.0,,
1421,Short rotation coppice and other energy crops,organic,0.0,,
1421,Spring rapeseed,conventional,0.0,,
1421,Spring rapeseed,organic,0.0,,
1421,Strawberries,conventional,0.0,,
1421,Strawberries,organic,0.0,,
1421,Sugar beet,conventional,0.0,,
1421,Sugar beet,organic,0.0,,
1421,Tomatoes,conventional,0.0,,
1421,Tomatoes,organic,0.0,,
1421,"Triticale, spring",conventional,0.0,,
1421,"Triticale, spring",organic,0.0,,
1421,"Triticale, winter",conventional,10.976111419039999,4527.887363850474,1.0036701837626503
1421,"Triticale, winter",organic,1.6421045809600003,3399.3401351183006,0.7088977453386421
1421,"Wheat, spring",conventional,228.82168752634308,3763.856995514417,0.8994569949269051
1421,"Wheat, spring",organic,102.92495407365685,2428.6507517825094,0.700597568514321
1421,"Wheat, winter",conventional,802.570330271088,5261.519767810128,0.0
1421,"Wheat, winter",organic,78.76603612891203,3395.103833134267,0.6718951797115275
1421,Winter rapeseed,conventional,6.735998494063827,2639.6010025637224,1.277066146019511
1421,Winter rapeseed,organic,1.390816705936173,1701.2840356569714,1.4308746473196223
1511,Apples,conventional,0.1348217004532988,4403.031857619701,0.0
1511,Apples,organic,0.0938883743147035,3804.4456074602153,0.0
1511,"Barley, spring",conventional,2372.1860070331036,4252.020553475852,0.45668020394556685
1511,"Barley, spring",organic,186.35819944948113,2928.767575261277,0.7660759991790836
1511,"Barley, winter",conventional,51.91103735679788,4923.9967216755285,0.6981001967866711
1511,"Barley, winter",organic,2.4781976565620125,3046.366325664471,0.7519663801682069
1511,"Beans, dry ",conventional,0.0,,
1511,"Beans, dry ",organic,0.0,,
1511,"Broad beans and horse beans, dry",conventional,0.0,,
1511,"Broad beans and horse beans, dry",organic,0.0,,
1511,"Cabbages, cauliflowers and broccoli",conventional,1.620585551266326,40696.686046499504,0.0
1511,"Cabbages, cauliflowers and broccoli",organic,1.1285582538620924,33219.75361611458,0.0
1511,Carrots and turnips,conventional,0.19247645129309,41792.34678442109,0.0
1511,Carrots and turnips,organic,0.1340385193556523,41792.34678442109,0.0
1511,Cereals for fodder,conventional,213.59446939827956,3799.2719698233755,0.0
1511,Cereals for fodder,organic,185.9806293914404,3470.238308971342,0.0
1511,Cucumbers and gherkins,conventional,0.0381304468102481,49275.59822916157,0.0
1511,Cucumbers and gherkins,organic,0.0265536308388838,23757.877710592096,0.0
1511,Fallow,conventional,838.51692092169,0.0,0.0
1511,Fallow,organic,97.72707907831,0.0,0.0
1511,Green manure,conventional,0.0862497781935122,0.0,0.0
1511,Green manure,organic,0.2017502218064877,0.0,0.0
1511,Herbs,conventional,0.2234744666289194,2092.888511943131,0.0
1511,Herbs,organic,0.1556252020415852,1896.376757671562,0.0
1511,Lettuce and spinach,conventional,0.1254942424870143,10550.140092869076,0.0
1511,Lettuce and spinach,organic,0.0873928334485168,9559.534752149972,0.0
1511,Ley for fodder,conventional,12142.277981102365,5790.010983668137,0.0
1511,Ley for fodder,organic,5084.449130993552,5105.987200831651,0.0
1511,Ley for grazing,conventional,4576.824371261647,4632.00878693451,0.0
1511,Ley for grazing,organic,2449.080639048653,4084.7897606653214,0.0
1511,Ley for seed,conventional,964.0293085755413,0.0,95.9399476092785
1511,Ley for seed,organic,291.44256901824497,0.0,94.0571807789537
1511,Maize (corn),conventional,6.482974674956267,4780.125107696224,6.77986154786351
1511,Maize (corn),organic,0.0002913276417109972,3512.891411987739,13.762118374737033
1511,Maize for forage and silage,conventional,78.04516949304953,10143.934827684743,0.0
1511,Maize for forage and silage,organic,0.00556450435248,7282.944279095887,0.0
1511,Mixed grain,conventional,272.74934690319753,3041.251139711174,0.8702015252525799
1511,Mixed grain,organic,140.52579482320772,2403.471595160603,1.3467014690497678
1511,Oats,conventional,1069.9327287608353,3742.2158685611066,1.0218465333143392
1511,Oats,organic,265.1407309438134,2519.493769759395,0.7479124367460223
1511,"Onions and shallots, dry (excluding dehydrated)",conventional,0.0286760909768081,6219.539560512907,0.0
1511,"Onions and shallots, dry (excluding dehydrated)",organic,0.0199697196702074,4828.106178946237,0.0
1511,Other berries,conventional,0.8344665270915677,711.2501407669799,0.0
1511,Other berries,organic,0.5811134660462358,711.2501407669799,0.0
1511,Other crops for fodder,conventional,915.0188578827756,5113.127093990106,0.0
1511,Other crops for fodder,organic,544.4412386713559,4613.970372303981,0.0
1511,Other fruit,conventional,0.0471290912612642,3206.708567347031,0.0
1511,Other fruit,organic,0.0328201895286296,2770.760857052642,0.0
1511,"Other root, bulb and tuberous vegetables, n.e.c.",conventional,0.3063002979257399,24250.337768468733,0.0
1511,"Other root, bulb and tuberous vegetables, n.e.c.",organic,0.2133042153278481,24250.337768468733,0.0
1511,Other vegetables,conventional,0.4813791138675284,6476.336464806557,0.0
1511,Other vegetables,organic,0.3352272095524438,5027.452562756713,0.0
1511,"Peas, dry",conventional,0.5379399287501162,2665.3209433724983,2.9660161925531456
1511,"Peas, dry",organic,0.16131253741177928,2104.4745130330343,1.1971352694173703
1511,"Peas, green",conventional,0.0,,
1511,"Peas, green",organic,0.0,,
1511,Potatoes,conventional,21.18360848446259,30370.24060354568,0.0
1511,Potatoes,organic,5.040391515537412,21588.61086348945,0.0
1511,"Pumpkins, squash and gourds",conventional,0.0773824267862677,34861.236459429216,0.0
1511,"Pumpkins, squash and gourds",organic,0.0538882852468241,16808.09614510177,0.0
1511,Rye,conventional,25.352144818213663,4938.051272303295,1.023026728766217
1511,Rye,organic,10.162438459347085,2990.4472592962907,0.6898686178141251
1511,Semi-natural meadows,conventional,10464.310668595266,0.0,0.0
1511,Semi-natural meadows,organic,5135.657331404734,0.0,0.0
1511,Semi-natural pastures,conventional,64.26173195043901,0.0,0.0
1511,Semi-natural pastures,organic,31.53826804956097,0.0,0.0
1511,Short rotation coppice and other energy crops,conventional,24.72880860328312,0.0,0.0
1511,Short rotation coppice and other energy crops,organic,3.873191396716885,0.0,0.0
1511,Spring rapeseed,conventional,0.0,,
1511,Spring rapeseed,organic,0.0,,
1511,Strawberries,conventional,7.893752948949004,4910.462749415528,0.0
1511,Strawberries,organic,5.497124195340062,4910.462749415528,0.0
1511,Sugar beet,conventional,0.0,,
1511,Sugar beet,organic,0.0,,
1511,Tomatoes,conventional,0.0,,
1511,Tomatoes,organic,0.0,,
1511,"Triticale, spring",conventional,4.889297261992806,3181.271188565778,4.805922026138596
1511,"Triticale, spring",organic,0.48484753800719316,2261.3682315089372,1.2139457254311103
1511,"Triticale, winter",conventional,291.7284626321334,4625.153912286972,0.9986689917402791
1511,"Triticale, winter",organic,43.524808282255925,3472.7757529248206,0.7156658702376429
1511,"Wheat, spring",conventional,50.39727567252483,3846.8646162392533,0.89848081045089
1511,"Wheat, spring",organic,22.638880245754557,2482.358991908832,0.7055032662474463
1511,"Wheat, winter",conventional,203.3905617334337,5436.5477120154,0.0004496331479486597
1511,"Wheat, winter",organic,19.98614163961811,3512.7534764975194,0.6878241485553678
1511,Winter rapeseed,conventional,13.059926188727339,2698.426522245634,1.2732647916263824
1511,Winter rapeseed,organic,2.696724790979156,1739.5483558311748,1.4469070979025496
1512,Apples,conventional,0.0,,
1512,Apples,organic,0.0,,
1512,"Barley, spring",conventional,3506.539014068302,5637.152905864157,0.4500372319942433
1512,"Barley, spring",organic,274.78513633169854,3882.864786006656,0.7601162530739994
1512,"Barley, winter",conventional,138.46081271933315,6527.010398516226,0.7014492403816999
1512,"Barley, winter",organic,6.610187280666876,4037.770280361272,0.7468423942888512
1512,"Beans, dry ",conventional,0.0,,
1512,"Beans, dry ",organic,0.0,,
1512,"Broad beans and horse beans, dry",conventional,723.1686639793783,4031.689514704507,0.7251658742735477
1512,"Broad beans and horse beans, dry",organic,503.1344144206218,3237.0988949858584,3.886118038237739
1512,"Cabbages, cauliflowers and broccoli",conventional,0.0814199780225731,40851.042969104514,0.0
1512,"Cabbages, cauliflowers and broccoli",organic,0.0570927201318559,33345.7515642527,0.0
1512,Carrots and turnips,conventional,0.009594946905017,41747.86324786325,0.0
1512,Carrots and turnips,organic,0.0067280983320368,41747.86324786325,0.0
1512,Cereals for fodder,conventional,246.50230698152174,3810.7716728212836,0.0
1512,Cereals for fodder,organic,262.5363462184783,3491.2915260660684,0.0
1512,Cucumbers and gherkins,conventional,0.0019189893810034,49477.830053785154,0.0
1512,Cucumbers and gherkins,organic,0.0013456196664073,23855.38234029244,0.0
1512,Fallow,conventional,1967.6949381087516,0.0,0.0
1512,Fallow,organic,229.49906189124863,0.0,0.0
1512,Green manure,conventional,7.107832433761615,0.0,0.0
1512,Green manure,organic,16.790167566238384,0.0,0.0
1512,Herbs,conventional,0.011239794945877,2088.169302229308,0.0
1512,Herbs,organic,0.0078814866175289,1892.1006581255024,0.0
1512,Lettuce and spinach,conventional,0.0063052508232969,10551.2102471618,0.0
1512,Lettuce and spinach,organic,0.0044213217610528,9560.504424311805,0.0
1512,Ley for fodder,conventional,3588.8399896154083,5784.927105038207,0.0
1512,Ley for fodder,organic,1508.7980873176225,5101.457612832595,0.0
1512,Ley for grazing,conventional,1351.428951441765,4627.941684030566,0.0
1512,Ley for grazing,organic,726.6276659593943,4081.166090266077,0.0
1512,Ley for seed,conventional,1399.6897951620927,0.0,19.635227422049063
1512,Ley for seed,organic,581.2955105037157,0.0,14.027810246092978
1512,Maize (corn),conventional,0.0,,
1512,Maize (corn),organic,0.0,,
1512,Maize for forage and silage,conventional,0.0,,
1512,Maize for forage and silage,organic,0.0,,
1512,Mixed grain,conventional,190.95845723567294,4472.577343717011,0.8473847287489598
1512,Mixed grain,organic,98.7209103643271,3534.988261259796,1.3338564142801097
1512,Oats,conventional,5298.954012012718,5222.798037655176,1.0199137815928592
1512,Oats,organic,1318.0439579872818,3516.163227680688,0.7417102966841186
1512,"Onions and shallots, dry (excluding dehydrated)",conventional,0.0013707067007167,6150.492884177418,0.0
1512,"Onions and shallots, dry (excluding dehydrated)",organic,0.0009611569045766,4774.506602738448,0.0
1512,Other berries,conventional,5.131645042385225,706.9296375266524,0.0
1512,Other berries,organic,3.5983745185941824,706.9296375266524,0.0
1512,Other crops for fodder,conventional,149.9877542506007,5109.950124563386,0.0
1512,Other crops for fodder,organic,104.65645614939932,4663.995110102869,0.0
1512,Other fruit,conventional,0.0,,
1512,Other fruit,organic,0.0,,
1512,"Other root, bulb and tuberous vegetables, n.e.c.",conventional,0.0153519150480272,24271.409749670613,0.0
1512,"Other root, bulb and tuberous vegetables, n.e.c.",organic,0.010764957331259,24271.409749670616,0.0
1512,Other vegetables,conventional,0.0241244379326142,6459.269324767059,0.0
1512,Other vegetables,organic,0.0169163615205498,5014.203677774164,0.0
1512,"Peas, dry",conventional,138.21546940524553,3537.580325715849,2.975261742636536
1512,"Peas, dry",organic,41.7500497947545,2792.700776748766,1.189245087900724
1512,"Peas, green",conventional,355.1460734830364,0.0,0.0
1512,"Peas, green",organic,71.17792651696354,0.0,0.0
1512,Potatoes,conventional,0.0,,
1512,Potatoes,organic,0.0,,
1512,"Pumpkins, squash and gourds",conventional,0.0038379787620068,34989.40765580846,0.0
1512,"Pumpkins, squash and gourds",organic,0.0026912393328147,16869.892971909165,0.0
1512,Rye,conventional,111.65786284501907,6543.532972403617,1.018288971744153
1512,Rye,organic,44.485988354980954,3962.709138603382,0.6849660035255604
1512,Semi-natural meadows,conventional,457.49504943079626,0.0,0.0
1512,Semi-natural meadows,organic,225.36695056920385,0.0,0.0
1512,Semi-natural pastures,conventional,21.28485363135801,0.0,0.0
1512,Semi-natural pastures,organic,10.485146368641988,0.0,0.0
1512,Short rotation coppice and other energy crops,conventional,10.469615495523506,0.0,0.0
1512,Short rotation coppice and other energy crops,organic,1.6443845044764942,0.0,0.0
1512,Spring rapeseed,conventional,44.82374453238865,2002.0427151044871,1.2986984775597588
1512,Spring rapeseed,organic,1.6491110676113432,1351.0218871978866,1.4308746473196243
1512,Strawberries,conventional,0.0,,
1512,Strawberries,organic,0.0,,
1512,Sugar beet,conventional,0.0,,
1512,Sugar beet,organic,0.0,,
1512,Tomatoes,conventional,0.0,,
1512,Tomatoes,organic,0.0,,
1512,"Triticale, spring",conventional,0.0,,
1512,"Triticale, spring",organic,0.0,,
1512,"Triticale, winter",conventional,111.47396890427918,6131.09488971753,1.0036701837626505
1512,"Triticale, winter",organic,16.67730109572081,4602.958345923152,0.7088977453386422
1512,"Wheat, spring",conventional,879.6050091392133,4883.640919448687,0.8994569949269051
1512,"Wheat, spring",organic,395.6500196607868,3151.1978814789827,0.7005975685143209
1512,"Wheat, winter",conventional,4723.851429546443,6839.87226745201,0.0
1512,"Wheat, winter",organic,463.6092792535565,4413.568242287577,0.6718951797115273
1512,Winter rapeseed,conventional,987.4884508076001,3298.811318337021,1.2770661460195118
1512,Winter rapeseed,organic,203.89188559240003,2126.1603655554068,1.4308746473196294
1521,Apples,conventional,3.664622137440668,4346.702398026056,0.0
1521,Apples,organic,2.5483334245567746,3755.7740620225436,0.0
1521,"Barley, spring",conventional,977.497083042336,4745.304214918207,0.44784361479444
1521,"Barley, spring",organic,76.20352798861715,3268.917490299436,0.7687711389681192
1521,"Barley, winter",conventional,27.426917492629233,5496.640593131496,0.69664643627313
1521,"Barley, winter",organic,1.3037241485228865,3400.794857632336,0.7547921973625048
1521,"Beans, dry ",conventional,0.0,,
1521,"Beans, dry ",organic,0.0,,
1521,"Broad beans and horse beans, dry",conventional,128.06012455895086,3391.8564378534743,0.7363701220322147
1521,"Broad beans and horse beans, dry",organic,88.40268520004552,2722.9727138755834,3.883010014002485
1521,"Cabbages, cauliflowers and broccoli",conventional,0.8193592140061413,40748.08890564013,0.0
1521,"Cabbages, cauliflowers and broccoli",organic,0.5697723785592405,33261.71256859204,0.0
1521,Carrots and turnips,conventional,0.0980290893462333,41842.27493706755,0.0
1521,Carrots and turnips,organic,0.0681682300632321,41842.27493706755,0.0
1521,Cereals for fodder,conventional,111.33268997249387,3812.570945414498,0.0
1521,Cereals for fodder,organic,105.43576286612108,3477.646301419403,0.0
1521,Cucumbers and gherkins,conventional,0.0192974939752018,49150.09737775284,0.0
1521,Cucumbers and gherkins,organic,0.0134192413468129,23697.368371537963,0.0
1521,Fallow,conventional,1277.1290390615195,0.0,0.0
1521,Fallow,organic,148.1249609384804,0.0,0.0
1521,Green manure,conventional,0.6491501087345435,0.0,0.0
1521,Green manure,organic,1.5148498912654569,0.0,0.0
1521,Herbs,conventional,0.1132125587349132,2097.8164743164766,0.0
1521,Herbs,organic,0.0787266290175455,1900.8420090474297,0.0
1521,Lettuce and spinach,conventional,0.0636826212387598,10564.898186325056,0.0
1521,Lettuce and spinach,organic,0.0442841161188472,9572.907134509454,0.0
1521,Ley for fodder,conventional,4758.538178954619,5796.9077250628025,0.0
1521,Ley for fodder,organic,1987.6502551389185,5112.013512774238,0.0
1521,Ley for grazing,conventional,1795.9834089624792,4637.526180050242,0.0
1521,Ley for grazing,organic,958.7841630143278,4089.6108102193903,0.0
1521,Ley for seed,conventional,405.49177701600763,0.0,89.32471327317751
1521,Ley for seed,organic,126.60421691364849,0.0,84.90367018115211
1521,Maize (corn),conventional,7.04865573913645,5336.932058372558,6.794892849327244
1521,Maize (corn),organic,0.0004705080616794271,3923.806898550896,13.813835089420962
1521,Maize for forage and silage,conventional,85.05988681238759,10151.88910200729,0.0
1521,Maize for forage and silage,organic,0.0089869404142906,7288.655133676068,0.0
1521,Mixed grain,conventional,140.67363189030027,3395.5059136028376,0.8941258264207519
1521,Mixed grain,organic,72.73498692944106,2682.886929767897,1.3503350188174545
1521,Oats,conventional,1013.305245085559,3789.996490006729,1.013964381668767
1521,Oats,organic,250.48753150948792,2551.9125136797147,0.7497263740989394
1521,"Onions and shallots, dry (excluding dehydrated)",conventional,0.0148159386309587,6281.544622209253,0.0
1521,"Onions and shallots, dry (excluding dehydrated)",organic,0.0103028225594419,4876.239488267513,0.0
1521,Other berries,conventional,6.414977370959211,710.8256526294573,0.0
1521,Other berries,organic,4.460896823487405,710.8256526294573,0.0
1521,Other crops for fodder,conventional,83.75117723453938,5118.336710253551,0.0
1521,Other crops for fodder,organic,52.536915890949565,4634.838599472943,0.0
1521,Other fruit,conventional,1.2811174625351378,3194.3823013448564,0.0
1521,Other fruit,organic,0.8908734183551306,2760.110330309983,0.0
1521,"Other root, bulb and tuberous vegetables, n.e.c.",conventional,0.156047051926392,24257.702668654976,0.0
1521,"Other root, bulb and tuberous vegetables, n.e.c.",organic,0.1085132118165101,24257.702668654976,0.0
1521,Other vegetables,conventional,0.24352664829239,6498.109049594094,0.0
1521,Other vegetables,organic,0.1693454534570897,5044.354191908126,0.0
1521,"Peas, dry",conventional,0.0,,
1521,"Peas, dry",organic,0.0,,
1521,"Peas, green",conventional,0.0,,
1521,"Peas, green",organic,0.0,,
1521,Potatoes,conventional,5.422704420107278,33909.57384152251,0.0
1521,Potatoes,organic,1.2852955798927224,24104.53719375288,0.0
1521,"Pumpkins, squash and gourds",conventional,0.039204465415376,34922.600564962,0.0
1521,"Pumpkins, squash and gourds",organic,0.0272623058702734,16837.68241026059,0.0
1521,Rye,conventional,8.750428708253937,5507.977117863611,1.0362761065815291
1521,Rye,organic,3.491372673361939,3335.2355144672288,0.6926050116843655
1521,Semi-natural meadows,conventional,2370.474028548549,0.0,0.0
1521,Semi-natural meadows,organic,1161.3279714514504,0.0,0.0
1521,Semi-natural pastures,conventional,23.391957092434417,0.0,0.0
1521,Semi-natural pastures,organic,11.460042907565583,0.0,0.0
1521,Short rotation coppice and other energy crops,conventional,0.0,,
1521,Short rotation coppice and other energy crops,organic,0.0,,
1521,Spring rapeseed,conventional,33.85483494466227,1687.2719529213016,1.2976642112702843
1521,Spring rapeseed,organic,1.2806499486196945,1138.857107814923,1.4514247099428377
1521,Strawberries,conventional,1.8355561370509,4910.506759828014,0.0
1521,Strawberries,organic,1.2764232931158122,4910.506759828014,0.0
1521,Sugar beet,conventional,0.0,,
1521,Sugar beet,organic,0.0,,
1521,Tomatoes,conventional,0.0,,
1521,Tomatoes,organic,0.0,,
1521,"Triticale, spring",conventional,0.0,,
1521,"Triticale, spring",organic,0.0,,
1521,"Triticale, winter",conventional,157.6578651973538,5163.683716392856,0.9945435292201703
1521,"Triticale, winter",organic,23.3883972928115,3877.32471107979,0.7165555429314069
1521,"Wheat, spring",conventional,149.71573069902954,4293.1745619052845,0.8934409431755093
1521,"Wheat, spring",organic,66.9822918795384,2770.5715628632543,0.7080304004209738
1521,"Wheat, winter",conventional,549.3255851940181,5926.577041429591,0.0
1521,"Wheat, winter",organic,53.59922743012452,3824.584368663652,0.6806903172791203
1521,Winter rapeseed,conventional,54.332178930357536,3008.493275746884,1.2728984221762234
1521,Winter rapeseed,organic,11.137433291875206,1939.5298770224613,1.451424709942839
1522,Apples,conventional,0.0,,
1522,Apples,organic,0.0,,
1522,"Barley, spring",conventional,1111.172127984039,4023.3071614792693,0.45003723199424334
1522,"Barley, spring",organic,87.07548481596058,2771.2495938056263,0.7601162530739995
1522,"Barley, winter",conventional,0.0,,
1522,"Barley, winter",organic,0.0,,
1522,"Beans, dry ",conventional,0.0,,
1522,"Beans, dry ",organic,0.0,,
1522,"Broad beans and horse beans, dry",conventional,36.980950706005466,2877.467680626084,0.7251658742735473
1522,"Broad beans and horse beans, dry",organic,25.728975693994546,2310.3583287699944,3.886118038237739
1522,"Cabbages, cauliflowers and broccoli",conventional,0.0901748143690863,40851.04296910452,0.0
1522,"Cabbages, cauliflowers and broccoli",organic,0.0632317222965715,33345.7515642527,0.0
1522,Carrots and turnips,conventional,0.0106266616259866,41747.86324786325,0.0
1522,Carrots and turnips,organic,0.0074515497655892,41747.86324786325,0.0
1522,Cereals for fodder,conventional,136.31069405398097,3809.8299468772957,0.0
1522,Cereals for fodder,organic,130.79679394601905,3475.2635997264,0.0
1522,Cucumbers and gherkins,conventional,0.0021253323251973,49477.83005378516,0.0
1522,Cucumbers and gherkins,organic,0.0014903099531178,23855.382340292435,0.0
1522,Fallow,conventional,3188.258402435095,0.0,0.0
1522,Fallow,organic,371.85759756490535,0.0,0.0
1522,Green manure,conventional,5.793219522336962,0.0,0.0
1522,Green manure,organic,13.68478047766304,0.0,0.0
1522,Herbs,conventional,0.0124483750475843,2088.1693022293075,0.0
1522,Herbs,organic,0.0087289582968331,1892.1006581255026,0.0
1522,Lettuce and spinach,conventional,0.0069832347827911,10551.210247161798,0.0
1522,Lettuce and spinach,organic,0.0048967327031015,9560.504424311805,0.0
1522,Ley for fodder,conventional,5500.866778852375,5784.927105038206,0.0
1522,Ley for fodder,organic,2312.640657855281,5101.457612832595,0.0
1522,Ley for grazing,conventional,2071.4299451845877,4627.941684030565,0.0
1522,Ley for grazing,organic,1113.7531904005043,4081.166090266077,0.0
1522,Ley for seed,conventional,463.18284210359036,0.0,90.94782145787978
1522,Ley for seed,organic,143.6145856036638,0.0,87.02926859551401
1522,Maize (corn),conventional,0.0,,
1522,Maize (corn),organic,0.0,,
1522,Maize for forage and silage,conventional,0.0,,
1522,Maize for forage and silage,organic,0.0,,
1522,Mixed grain,conventional,170.92873979499342,2875.0340250988097,0.84738472874896
1522,Mixed grain,organic,88.36603020500658,2272.3389107454727,1.3338564142801097
1522,Oats,conventional,1347.1063490742574,3866.058774926136,1.0199137815928592
1522,Oats,organic,335.07469212574273,2602.7607428891797,0.7417102966841188
1522,"Onions and shallots, dry (excluding dehydrated)",conventional,0.001518094517998,6150.492884177419,0.0
1522,"Onions and shallots, dry (excluding dehydrated)",organic,0.0010645071093698,4774.506602738448,0.0
1522,Other berries,conventional,0.0,,
1522,Other berries,organic,0.0,,
1522,Other crops for fodder,conventional,85.39885802585674,5113.2877076119,0.0
1522,Other crops for fodder,organic,51.60135277414328,4617.813837748093,0.0
1522,Other fruit,conventional,0.0,,
1522,Other fruit,organic,0.0,,
1522,"Other root, bulb and tuberous vegetables, n.e.c.",conventional,0.0170026586015785,24271.409749670613,0.0
1522,"Other root, bulb and tuberous vegetables, n.e.c.",organic,0.0119224796249427,24271.409749670616,0.0
1522,Other vegetables,conventional,0.0267184635167663,6459.26932476706,0.0
1522,Other vegetables,organic,0.0187353251249101,5014.203677774165,0.0
1522,"Peas, dry",conventional,9.430644712375903,2524.8157175149213,2.975261742636536
1522,"Peas, dry",organic,2.8486672876240973,1993.1857841346948,1.1892450879007217
1522,"Peas, green",conventional,0.0,,
1522,"Peas, green",organic,0.0,,
1522,Potatoes,conventional,1.3928989301614876,28741.396666380453,0.0
1522,Potatoes,organic,0.333101069838512,20430.75115549922,0.0
1522,"Pumpkins, squash and gourds",conventional,0.0042506646503946,34989.40765580846,0.0
1522,"Pumpkins, squash and gourds",organic,0.0029806199062356,16869.89297190916,0.0
1522,Rye,conventional,1.7043520938642929,4670.202052149482,1.0182889717441501
1522,Rye,organic,0.6790367061357073,2828.235515771998,0.6849660035255518
1522,Semi-natural meadows,conventional,878.4755539256065,0.0,0.0
1522,Semi-natural meadows,organic,432.7464460743937,0.0,0.0
1522,Semi-natural pastures,conventional,3.842931080562466,0.0,0.0
1522,Semi-natural pastures,organic,1.8930689194375336,0.0,0.0
1522,Short rotation coppice and other energy crops,conventional,4.563279661248482,0.0,0.0
1522,Short rotation coppice and other energy crops,organic,0.7167203387515181,0.0,0.0
1522,Spring rapeseed,conventional,50.03974536628597,1428.883148599373,1.2986984775597588
1522,Spring rapeseed,organic,1.841013033714033,964.2413687987836,1.4308746473196252
1522,Strawberries,conventional,0.0,,
1522,Strawberries,organic,0.0,,
1522,Sugar beet,conventional,0.0,,
1522,Sugar beet,organic,0.0,,
1522,Tomatoes,conventional,0.0,,
1522,Tomatoes,organic,0.0,,
1522,"Triticale, spring",conventional,3.3853455569020903,3010.548455697092,4.8067686308400175
1522,"Triticale, spring",organic,0.3357352430979094,2139.813825260046,1.2056737588652353
1522,"Triticale, winter",conventional,0.0,,
1522,"Triticale, winter",organic,0.0,,
1522,"Wheat, spring",conventional,352.26841301756804,3637.4657482576363,0.8994569949269053
1522,"Wheat, spring",organic,158.45180858243197,2347.096059870801,0.7005975685143209
1522,"Wheat, winter",conventional,233.8480312286611,5147.810987945779,0.0
1522,"Wheat, winter",organic,22.950365571338907,3321.7309045100446,0.6718951797115271
1522,Winter rapeseed,conventional,3.2456467952497032,2550.9625491442985,1.2770661460195094
1522,Winter rapeseed,organic,0.6701456047502964,1644.154497669478,1.4308746473196292
1611,Apples,conventional,0.0,,
1611,Apples,organic,0.0,,
1611,"Barley, spring",conventional,634.5486836040731,4115.900354015455,2.0690992061813
1611,"Barley, spring",organic,92.53211451208358,2804.8007202917206,1.322034218792863
1611,"Barley, winter",conventional,0.0,,
1611,"Barley, winter",organic,0.0,,
1611,"Beans, dry ",conventional,0.0,,
1611,"Beans, dry ",organic,0.0,,
1611,"Broad beans and horse beans, dry",conventional,0.0,,
1611,"Broad beans and horse beans, dry",organic,0.0,,
1611,"Cabbages, cauliflowers and broccoli",conventional,0.5271915356841916,19500.85820141369,0.0
1611,"Cabbages, cauliflowers and broccoli",organic,0.1718388394391514,15918.094756255252,0.0
1611,Carrots and turnips,conventional,0.0955797320701794,43307.96435767568,0.0
1611,Carrots and turnips,organic,0.0311543511629585,43307.96435767568,0.0
1611,Cereals for fodder,conventional,400.12714162513043,3512.6496006036396,0.0
1611,Cereals for fodder,organic,178.43185268175276,3193.339596339258,0.0
1611,Cucumbers and gherkins,conventional,0.0077285805963893,36246.92408617264,0.0
1611,Cucumbers and gherkins,organic,0.0025191419632182,17476.19553636939,0.0
1611,Fallow,conventional,263.66455385958955,0.0,0.0
1611,Fallow,organic,38.89144614041044,0.0,0.0
1611,Green manure,conventional,0.0,,
1611,Green manure,organic,0.0,,
1611,Herbs,conventional,0.0452674006359948,2282.356462831244,0.0
1611,Herbs,organic,0.0147549743559923,2068.0546164478437,0.0
1611,Lettuce and spinach,conventional,0.0253939076738507,9356.415011281062,0.0
1611,Lettuce and spinach,organic,0.0082771807362883,8477.894479935318,0.0
1611,Ley for fodder,conventional,3119.3148193665825,5868.893515220254,0.0
1611,Ley for fodder,organic,967.8061055447328,5180.082688768667,0.0
1611,Ley for grazing,conventional,1195.8338330581364,4695.114812176204,0.0
1611,Ley for grazing,organic,432.9745583808859,4144.066151014934,0.0
1611,Ley for seed,conventional,113.00853509389208,,100.0
1611,Ley for seed,organic,27.60614855576997,,100.0
1611,Maize (corn),conventional,0.0,,
1611,Maize (corn),organic,0.0,,
1611,Maize for forage and silage,conventional,0.0,,
1611,Maize for forage and silage,organic,0.0,,
1611,Mixed grain,conventional,187.4101980455413,3147.8761367805264,1.980787641626564
1611,Mixed grain,organic,46.79525364223389,2509.656096427846,3.3039514639158196
1611,Oats,conventional,509.21375241657137,3701.009374186396,1.9661461692919837
1611,Oats,organic,95.55564148897943,2487.52682450848,1.527890090545414
1611,"Onions and shallots, dry (excluding dehydrated)",conventional,0.0624572437999393,9660.164008010004,0.0
1611,"Onions and shallots, dry (excluding dehydrated)",organic,0.0203580284634519,7498.995236370981,0.0
1611,Other berries,conventional,0.0,,
1611,Other berries,organic,0.0,,
1611,Other crops for fodder,conventional,148.4759801977579,4758.703607756218,0.0
1611,Other crops for fodder,organic,73.41342722511739,4295.876383477252,0.0
1611,Other fruit,conventional,0.0,,
1611,Other fruit,organic,0.0,,
1611,"Other root, bulb and tuberous vegetables, n.e.c.",conventional,0.0618286447711149,21200.06223569273,0.0
1611,"Other root, bulb and tuberous vegetables, n.e.c.",organic,0.0201531357057456,21200.06223569273,0.0
1611,Other vegetables,conventional,0.211032957102503,6874.487742007756,0.0
1611,Other vegetables,organic,0.0687864959456209,5336.529564825321,0.0
1611,"Peas, dry",conventional,0.0,,
1611,"Peas, dry",organic,0.0,,
1611,"Peas, green",conventional,0.0,,
1611,"Peas, green",organic,0.0,,
1611,Potatoes,conventional,19.656989872098936,25267.569063455165,0.0
1611,Potatoes,organic,3.3490101279010647,17961.38934485731,0.0
1611,"Pumpkins, squash and gourds",conventional,0.0723939902810113,17330.160283269503,0.0
1611,"Pumpkins, squash and gourds",organic,0.0235969252733039,8355.612991243486,0.0
1611,Rye,conventional,23.198952478136388,5236.001901314454,0.31000608482627107
1611,Rye,organic,22.791248603480316,3205.3182666598927,1.0490093378910679
1611,Semi-natural meadows,conventional,2101.937766058087,0.0,0.0
1611,Semi-natural meadows,organic,751.7202339419131,0.0,0.0
1611,Semi-natural pastures,conventional,4.591818652973172,0.0,0.0
1611,Semi-natural pastures,organic,1.6421813470268287,0.0,0.0
1611,Short rotation coppice and other energy crops,conventional,9.720888126259617,0.0,0.0
1611,Short rotation coppice and other energy crops,organic,1.6791118737403838,0.0,0.0
1611,Spring rapeseed,conventional,0.0,,
1611,Spring rapeseed,organic,0.0,,
1611,Strawberries,conventional,7.163178567384538,7004.320186328971,0.0
1611,Strawberries,organic,2.3348483585140998,7004.320186328971,0.0
1611,Sugar beet,conventional,0.0,,
1611,Sugar beet,organic,0.0,,
1611,Tomatoes,conventional,0.0,,
1611,Tomatoes,organic,0.0,,
1611,"Triticale, spring",conventional,0.0,,
1611,"Triticale, spring",organic,0.0,,
1611,"Triticale, winter",conventional,54.49394529231247,4484.697202404177,0.7281144792142656
1611,"Triticale, winter",organic,14.171407830553367,3388.993803577856,1.0811937136404852
1611,"Wheat, spring",conventional,33.37419212858614,4002.200026715616,1.1887356605259565
1611,"Wheat, spring",organic,17.381377203712546,2585.1399118006,1.0937475452527146
1611,"Wheat, winter",conventional,206.42642343316498,5618.587896108901,0.27275667957982086
1611,"Wheat, winter",organic,33.84981501368793,3634.3539372638497,1.0666551668961812
1611,Winter rapeseed,conventional,78.8845046837589,3047.701704604965,0.6804149395764801
1611,Winter rapeseed,organic,25.588087893365806,2007.1682197761031,2.9523610237364073
1612,Apples,conventional,0.0,,
1612,Apples,organic,0.0,,
1612,"Barley, spring",conventional,5002.7380667417265,5205.456975516766,0.4503171419457071
1612,"Barley, spring",organic,392.098493004442,3585.5066051689014,0.7602155536871747
1612,"Barley, winter",conventional,149.20670629843102,6027.16857251176,0.7013925373749584
1612,"Barley, winter",organic,7.123634297402773,3728.560815040949,0.746920607828124
1612,"Beans, dry ",conventional,0.0,,
1612,"Beans, dry ",organic,0.0,,
1612,"Broad beans and horse beans, dry",conventional,137.84895645300685,3722.8774233875047,0.7255327222985922
1612,"Broad beans and horse beans, dry",organic,95.88772390516115,2989.135476034381,3.8860246964984198
1612,"Cabbages, cauliflowers and broccoli",conventional,4.455755313550936,40846.73615906951,0.0
1612,"Cabbages, cauliflowers and broccoli",organic,3.123997418711804,33342.23601588419,0.0
1612,Carrots and turnips,conventional,0.5251289059688182,41748.17935930049,0.0
1612,Carrots and turnips,organic,0.3681758156127681,41748.17935930049,0.0
1612,Cereals for fodder,conventional,279.10374580931705,3790.9714644333303,0.0
1612,Cereals for fodder,organic,248.67140919651987,3483.1856903020207,0.0
1612,Cucumbers and gherkins,conventional,0.1050122005651605,49474.93667924128,0.0
1612,Cucumbers and gherkins,organic,0.0736256415385089,23853.987320423483,0.0
1612,Fallow,conventional,1501.1254170852249,0.0,0.0
1612,Fallow,organic,175.090582914775,0.0,0.0
1612,Green manure,conventional,2.5992418828516968,0.0,0.0
1612,Green manure,organic,6.138758117148303,0.0,0.0
1612,Herbs,conventional,0.615071460453083,2088.2081698301,0.0
1612,Herbs,organic,0.4312359004398379,1892.135876253152,0.0
1612,Lettuce and spinach,conventional,0.3450400875712417,10550.974709011787,0.0
1612,Lettuce and spinach,organic,0.2419128221979579,9560.291002014972,0.0
1612,Ley for fodder,conventional,5203.217607658238,5784.946190536035,0.0
1612,Ley for fodder,organic,2187.380330331197,5101.476311322585,0.0
1612,Ley for grazing,conventional,1959.3538196945435,4627.956952428828,0.0
1612,Ley for grazing,organic,1053.4114131176634,4081.181049058068,0.0
1612,Ley for seed,conventional,421.2343282392412,0.0,94.58289529575666
1612,Ley for seed,organic,128.34250095911557,0.0,92.10137303441302
1612,Maize (corn),conventional,6.894023771077002,5851.998441127035,6.7708283008242764
1612,Maize (corn),organic,5.028923000485063e-06,4296.422117116246,13.669773134221261
1612,Maize for forage and silage,conventional,82.8718751450436,10141.17975408406,0.0
1612,Maize for forage and silage,organic,9.605495640624984e-05,7280.966245141664,0.0
1612,Mixed grain,conventional,256.0946459336506,4481.257349665528,0.8475717604816252
1612,Mixed grain,organic,132.37763679920255,3541.850767189875,1.3341008851688696
1612,Oats,conventional,2922.64533779983,4535.781146021704,1.0200711839670942
1612,Oats,organic,726.9318599991599,3053.639111772466,0.7418276020045055
1612,"Onions and shallots, dry (excluding dehydrated)",conventional,0.0750766178324159,6151.206346459109,0.0
1612,"Onions and shallots, dry (excluding dehydrated)",organic,0.0526373518763013,4775.060449468928,0.0
1612,Other berries,conventional,0.0,,
1612,Other berries,organic,0.0,,
1612,Other crops for fodder,conventional,112.90168324272622,5109.0449666936265,0.0
1612,Other crops for fodder,organic,69.70774507184751,4631.105683997578,0.0
1612,Other fruit,conventional,0.0,,
1612,Other fruit,organic,0.0,,
1612,"Other root, bulb and tuberous vegetables, n.e.c.",conventional,0.8400976045212842,24270.81645863008,0.0
1612,"Other root, bulb and tuberous vegetables, n.e.c.",organic,0.5890051323080714,24270.81645863008,0.0
1612,Other vegetables,conventional,1.3202891848194778,6459.353580512879,0.0
1612,Other vegetables,organic,0.9256747094674164,5014.269083851745,0.0
1612,"Peas, dry",conventional,114.47353184199794,3266.548840728764,2.975079101792641
1612,"Peas, dry",organic,34.57318793728365,2578.74698075948,1.1893959386411832
1612,"Peas, green",conventional,0.0,,
1612,"Peas, green",organic,0.0,,
1612,Potatoes,conventional,357.0270041452667,38854.08967686214,0.0
1612,Potatoes,organic,85.37499585473324,27619.334118511066,0.0
1612,"Pumpkins, squash and gourds",conventional,0.2100923042733366,34985.56222799962,0.0
1612,"Pumpkins, squash and gourds",organic,0.1472988909972414,16868.03892635902,0.0
1612,Rye,conventional,260.70315149872584,6042.539055597241,1.0182093938025558
1612,Rye,organic,103.88921946139644,3659.317072005046,0.6850403723698081
1612,Semi-natural meadows,conventional,3075.139756328552,0.0,0.0
1612,Semi-natural meadows,organic,1514.754243671448,0.0,0.0
1612,Semi-natural pastures,conventional,17.927339847029018,0.0,0.0
1612,Semi-natural pastures,organic,8.830660152970987,0.0,0.0
1612,Short rotation coppice and other energy crops,conventional,49.364526897796445,0.0,0.0
1612,Short rotation coppice and other energy crops,organic,7.7534731022035475,0.0,0.0
1612,Spring rapeseed,conventional,29.26267437687154,1848.7646101061662,1.2986661645369768
1612,Spring rapeseed,organic,1.0782252374027996,1247.5907820044638,1.4311811327356
1612,Strawberries,conventional,0.0,,
1612,Strawberries,organic,0.0,,
1612,Sugar beet,conventional,0.0,,
1612,Sugar beet,organic,0.0,,
1612,Tomatoes,conventional,0.0,,
1612,Tomatoes,organic,0.0,,
1612,"Triticale, spring",conventional,0.0,,
1612,"Triticale, spring",organic,0.0,,
1612,"Triticale, winter",conventional,273.36391443382183,5661.557840657167,1.0036136379928922
1612,"Triticale, winter",organic,40.897907635775155,4250.458992263253,0.7090410343212147
1612,"Wheat, spring",conventional,381.51220886500636,5081.992834033496,0.8995066259906028
1612,"Wheat, spring",organic,171.6104279400853,3279.1865288270565,0.7006749688285718
1612,"Wheat, winter",conventional,1791.6393464850396,6061.062783901176,0.0
1612,"Wheat, winter",organic,175.85828780046847,3911.050734414168,0.6725384186325586
1612,Winter rapeseed,conventional,628.7676445532936,3371.103773708268,1.2769838426537161
1612,Winter rapeseed,organic,129.8386273804086,2172.7630961313184,1.431181132735601
1613,Apples,conventional,4.645952105881891,4345.131541811035,0.0
1613,Apples,organic,3.2578004780790124,3754.416761594012,0.0
1613,"Barley, spring",conventional,2589.4775519098275,4942.274101275505,0.45003723199424317
1613,"Barley, spring",organic,202.92086849017304,3404.233021721372,0.7601162530739994
1613,"Barley, winter",conventional,80.51429783244514,5722.440918319841,0.7014492403817
1613,"Barley, winter",organic,3.843792167554864,3540.043673956419,0.7468423942888518
1613,"Beans, dry ",conventional,0.0,,
1613,"Beans, dry ",organic,0.0,,
1613,"Broad beans and horse beans, dry",conventional,43.694365854002385,3534.712470222332,0.725165874273548
1613,"Broad beans and horse beans, dry",organic,30.39973974599761,2838.0691989591546,3.886118038237738
1613,"Cabbages, cauliflowers and broccoli",conventional,1.950139796185824,40851.042969104514,0.0
1613,"Cabbages, cauliflowers and broccoli",organic,1.3674627321904196,33345.7515642527,0.0
1613,Carrots and turnips,conventional,0.2298144540959724,41747.86324786325,0.0
1613,Carrots and turnips,organic,0.1611488068237868,41747.86324786325,0.0
1613,Cereals for fodder,conventional,212.53890971656224,3802.2920557600696,0.0
1613,Cereals for fodder,organic,196.1863324834378,3476.680645750846,0.0
1613,Cucumbers and gherkins,conventional,0.0459628908191945,49477.830053785154,0.0
1613,Cucumbers and gherkins,organic,0.0322297613647573,23855.382340292435,0.0
1613,Fallow,conventional,1279.3670042168114,0.0,0.0
1613,Fallow,organic,149.21699578318874,0.0,0.0
1613,Green manure,conventional,0.0,,
1613,Green manure,organic,0.0,,
1613,Herbs,conventional,0.269211217655282,2088.1693022293075,0.0
1613,Herbs,organic,0.1887743165650074,1892.1006581255024,0.0
1613,Lettuce and spinach,conventional,0.1510209269773533,10551.210247161798,0.0
1613,Lettuce and spinach,organic,0.1058977873413456,9560.504424311805,0.0
1613,Ley for fodder,conventional,6765.232135919371,5784.927105038207,0.0
1613,Ley for fodder,organic,2844.197383129561,5101.457612832595,0.0
1613,Ley for grazing,conventional,2547.5447771872978,4627.941684030566,0.0
1613,Ley for grazing,organic,1369.7475649014302,4081.166090266077,0.0
1613,Ley for seed,conventional,529.6353440494793,0.0,97.81813552204827
1613,Ley for seed,organic,158.8487948128631,0.0,96.7679486825462
1613,Maize (corn),conventional,2.912563200000001,5556.161819288271,6.770833333333328
1613,Maize (corn),organic,0.0,,
1613,Maize for forage and silage,conventional,35.01143679999999,10141.2309310889,0.0
1613,Maize for forage and silage,organic,0.0,,
1613,Mixed grain,conventional,249.0308963687633,3531.7229414090643,0.84738472874896
1613,Mixed grain,organic,128.74295883123668,2791.3657339969936,1.33385641428011
1613,Oats,conventional,1935.7390530010905,3763.4391650859625,1.0199137815928592
1613,Oats,organic,481.4892065989092,2533.673771507656,0.7417102966841185
1613,"Onions and shallots, dry (excluding dehydrated)",conventional,0.0328306362994246,6150.492884177418,0.0
1613,"Onions and shallots, dry (excluding dehydrated)",organic,0.0230212581176838,4774.506602738449,0.0
1613,Other berries,conventional,0.0,,
1613,Other berries,organic,0.0,,
1613,Other crops for fodder,conventional,292.53319109077046,5112.635545553306,0.0
1613,Other crops for fodder,organic,175.2551705092295,4616.250321025002,0.0
1613,Other fruit,conventional,1.626083237058662,3203.3097457155704,0.0
1613,Other fruit,organic,1.1402301673276545,2767.824100643766,0.0
1613,"Other root, bulb and tuberous vegetables, n.e.c.",conventional,0.367703126553556,24271.409749670616,0.0
1613,"Other root, bulb and tuberous vegetables, n.e.c.",organic,0.2578380909180589,24271.409749670613,0.0
1613,Other vegetables,conventional,0.5778191988698738,6459.269324767059,0.0
1613,Other vegetables,organic,0.4051741428712354,5014.203677774164,0.0
1613,"Peas, dry",conventional,33.936933614015174,3101.5109784904816,2.975261742636536
1613,"Peas, dry",organic,10.251158385984825,2448.451009228312,1.1892450879007235
1613,"Peas, green",conventional,0.0,,
1613,"Peas, green",organic,0.0,,
1613,Potatoes,conventional,13.364082435384844,35306.243017873574,0.0
1613,Potatoes,organic,3.1959175646151565,25097.356043852913,0.0
1613,"Pumpkins, squash and gourds",conventional,0.091925781638389,34989.40765580846,0.0
1613,"Pumpkins, squash and gourds",organic,0.0644595227295147,16869.892971909165,0.0
1613,Rye,conventional,138.6424876354992,5736.926792727314,1.0182889717441528
1613,Rye,organic,55.237024364500805,3474.235145588085,0.6849660035255601
1613,Semi-natural meadows,conventional,5529.35609549376,0.0,0.0
1613,Semi-natural meadows,organic,2723.819904506239,0.0,0.0
1613,Semi-natural pastures,conventional,156.84464947843756,0.0,0.0
1613,Semi-natural pastures,organic,77.26335052156244,0.0,0.0
1613,Short rotation coppice and other energy crops,conventional,9.27521161449218,0.0,0.0
1613,Short rotation coppice and other energy crops,organic,1.4567883855078203,0.0,0.0
1613,Spring rapeseed,conventional,0.0,,
1613,Spring rapeseed,organic,0.0,,
1613,Strawberries,conventional,0.0,,
1613,Strawberries,organic,0.0,,
1613,Sugar beet,conventional,0.0,,
1613,Sugar beet,organic,0.0,,
1613,Tomatoes,conventional,0.0,,
1613,Tomatoes,organic,0.0,,
1613,"Triticale, spring",conventional,1.28293240506353,3698.190335971287,4.806768630840014
1613,"Triticale, spring",organic,0.12723239493646968,2628.570483354703,1.205673758865239
1613,"Triticale, winter",conventional,128.36894494572397,5375.328998862489,1.0036701837626505
1613,"Triticale, winter",organic,19.20491005427605,4035.5623134935295,0.7088977453386422
1613,"Wheat, spring",conventional,204.33758062634442,4468.302329489708,0.899456994926905
1613,"Wheat, spring",organic,91.91190017365558,2883.198225819828,0.700597568514321
1613,"Wheat, winter",conventional,749.3939336349835,5810.736790948947,0.0
1613,"Wheat, winter",organic,73.54718636501659,3749.497411941872,0.6718951797115273
1613,Winter rapeseed,conventional,209.39795416769942,3133.6300297102166,1.277066146019512
1613,Winter rapeseed,organic,43.23548663230057,2019.6971959107948,1.4308746473196294
1614,Apples,conventional,0.0,,
1614,Apples,organic,0.0,,
1614,"Barley, spring",conventional,1594.1276809619612,4823.219426488477,0.4609812992218425
1614,"Barley, spring",organic,125.74026820226364,3321.9930013858266,0.7639980477745686
1614,"Barley, winter",conventional,279.6474598214631,5584.585646132095,0.6992342338717041
1614,"Barley, winter",organic,13.382187555007581,3454.946376207404,0.749896852318657
1614,"Beans, dry ",conventional,0.0,,
1614,"Beans, dry ",organic,0.0,,
1614,"Broad beans and horse beans, dry",conventional,309.1631699791628,3447.2716790532263,0.739437755283855
1614,"Broad beans and horse beans, dry",organic,213.45901560417448,2767.358911935884,3.882472534887947
1614,"Cabbages, cauliflowers and broccoli",conventional,4.1140790934787,40682.84398332141,0.0
1614,"Cabbages, cauliflowers and broccoli",organic,2.8692055082585783,33208.454663472854,0.0
1614,Carrots and turnips,conventional,0.4862660863233873,41760.20828590621,0.0
1614,Carrots and turnips,organic,0.3391274940654291,41760.20828590621,0.0
1614,Cereals for fodder,conventional,298.69834620337446,3813.70375558588,0.0
1614,Cereals for fodder,organic,291.2154945568807,3470.2124799508388,0.0
1614,Cucumbers and gherkins,conventional,0.096762375584114,49364.90661062067,0.0
1614,Cucumbers and gherkins,organic,0.0674831802476047,23800.937108782837,0.0
1614,Fallow,conventional,828.7490913199459,0.0,0.0
1614,Fallow,organic,96.8569086800542,0.0,0.0
1614,Green manure,conventional,0.0,,
1614,Green manure,organic,0.0,,
1614,Herbs,conventional,0.5667510569926683,2089.687337637749,0.0
1614,Herbs,organic,0.3952586271645422,1893.4761576083763,0.0
1614,Lettuce and spinach,conventional,0.3179335197763748,10542.009816186586,0.0
1614,Lettuce and spinach,organic,0.221730449384987,9552.167867747808,0.0
1614,Ley for fodder,conventional,5095.376552065657,5785.671869316146,0.0
1614,Ley for fodder,organic,2137.408657722612,5102.187023580253,0.0
1614,Ley for grazing,conventional,1919.0394692856328,4628.537495452917,0.0
1614,Ley for grazing,organic,1028.7071913316029,4081.749618864202,0.0
1614,Ley for seed,conventional,404.03288901049103,0.0,96.14928360951906
1614,Ley for seed,organic,121.9612405840065,0.0,94.34587637275826
1614,Maize (corn),conventional,8.988262339713089,5420.993640918752,6.770635242536716
1614,Maize (corn),organic,0.00025606028688667377,3982.5078642695357,13.724242895200273
1614,Maize for forage and silage,conventional,108.04459071984697,10139.23230068049,0.0
1614,Maize for forage and silage,organic,0.004890880153047,7279.568050568721,0.0
1614,Mixed grain,conventional,408.47324592725647,3197.206992396716,0.8546979258817252
1614,Mixed grain,organic,210.10691589320538,2527.033440321995,1.343432309880275
1614,Oats,conventional,2674.6187268734757,4188.838512289395,1.0260691049163313
1614,Oats,organic,663.9504394190429,2820.021959508032,0.746300730420452
1614,"Onions and shallots, dry (excluding dehydrated)",conventional,0.0715701909628983,6178.35485844977,0.0
1614,"Onions and shallots, dry (excluding dehydrated)",organic,0.0499138644328373,4796.135305126006,0.0
1614,Other berries,conventional,4.814883963668675,711.0701671021427,0.0
1614,Other berries,organic,3.357954788006455,711.0701671021427,0.0
1614,Other crops for fodder,conventional,174.04675926516484,5108.101433647879,0.0
1614,Other crops for fodder,organic,109.30703862095635,4631.0807891836075,0.0
1614,Other fruit,conventional,0.0,,
1614,Other fruit,organic,0.0,,
1614,"Other root, bulb and tuberous vegetables, n.e.c.",conventional,0.7740990046729127,24248.231327016,0.0
1614,"Other root, bulb and tuberous vegetables, n.e.c.",organic,0.5398654419808381,24248.231327016,0.0
1614,Other vegetables,conventional,1.221349709863068,6462.559709295121,0.0
1614,Other vegetables,organic,0.8517831659104135,5016.757938538402,0.0
1614,"Peas, dry",conventional,165.28585319033843,2408.2661582299143,2.9681469282930166
1614,"Peas, dry",organic,49.631192988906086,1901.4298959562298,1.19513623232127
1614,"Peas, green",conventional,0.0,,
1614,"Peas, green",organic,0.0,,
1614,Potatoes,conventional,37.364164622341455,34441.50278668667,0.0
1614,Potatoes,organic,8.913835377658545,24482.65757660012,0.0
1614,"Pumpkins, squash and gourds",conventional,0.195978959571045,34839.32214970597,0.0
1614,"Pumpkins, squash and gourds",organic,0.1366779533226149,16797.530317202618,0.0
1614,Rye,conventional,297.490976890407,5602.820925042411,1.0151672937388878
1614,Rye,organic,119.48864708774968,3393.228000633928,0.6878707406569716
1614,Semi-natural meadows,conventional,1856.669356780037,0.0,0.0
1614,Semi-natural meadows,organic,912.4366432199624,0.0,0.0
1614,Semi-natural pastures,conventional,14.288230206060216,0.0,0.0
1614,Semi-natural pastures,organic,7.021769793939775,0.0,0.0
1614,Short rotation coppice and other energy crops,conventional,9.350277552296197,0.0,0.0
1614,Short rotation coppice and other energy crops,organic,1.4697224477038042,0.0,0.0
1614,Spring rapeseed,conventional,24.617944983804932,1714.3954440840655,1.297409573034918
1614,Spring rapeseed,organic,0.9591045460569131,1157.066884951751,1.4428447955399362
1614,Strawberries,conventional,0.0,,
1614,Strawberries,organic,0.0,,
1614,Sugar beet,conventional,0.0,,
1614,Sugar beet,organic,0.0,,
1614,Tomatoes,conventional,0.0,,
1614,Tomatoes,organic,0.0,,
1614,"Triticale, spring",conventional,0.0,,
1614,"Triticale, spring",organic,0.0,,
1614,"Triticale, winter",conventional,338.4350241549268,5513.788756016112,1.0014589680297403
1614,"Triticale, winter",organic,50.66691470359656,4139.838067193334,0.7145041211989008
1614,"Wheat, spring",conventional,370.2685651861859,5104.070365112671,0.9013975132068814
1614,"Wheat, spring",organic,166.7243295524211,3293.467057443866,0.7036209295025744
1614,"Wheat, winter",conventional,3521.2912746892894,5622.949063111325,0.0010938529115068567
1614,"Wheat, winter",organic,347.33950232149226,3633.097443314257,0.6858177957131428
1614,Winter rapeseed,conventional,663.2538974241245,3813.016715074116,1.27384131892723
1614,Winter rapeseed,organic,137.51002339731062,2457.956433632834,1.4428447955399393
1615,Apples,conventional,0.0,,
1615,Apples,organic,0.0,,
1615,"Barley, spring",conventional,2975.9224408644386,5538.471892194763,0.4500372319942433
1615,"Barley, spring",organic,233.20409393556156,3814.893411196912,0.7601162530739997
1615,"Barley, winter",conventional,134.24241127832298,6412.752010796028,0.7014492403817
1615,"Barley, winter",organic,6.408798721677011,3967.0872119960864,0.7468423942888516
1615,"Beans, dry ",conventional,0.0,,
1615,"Beans, dry ",organic,0.0,,
1615,"Broad beans and horse beans, dry",conventional,389.82502364872386,3961.112893002897,0.7251658742735482
1615,"Broad beans and horse beans, dry",organic,271.21527075127614,3180.4319559051432,3.886118038237739
1615,"Cabbages, cauliflowers and broccoli",conventional,25.43980345569817,40851.04296910452,0.0
1615,"Cabbages, cauliflowers and broccoli",organic,17.83871249023085,33345.7515642527,0.0
1615,Carrots and turnips,conventional,2.997956636193387,41747.86324786325,0.0
1615,Carrots and turnips,organic,2.1022051756164304,41747.86324786325,0.0
1615,Cereals for fodder,conventional,227.41761625488212,3804.084604539659,0.0
1615,Cereals for fodder,organic,222.2983467451179,3484.2748929202517,0.0
1615,Cucumbers and gherkins,conventional,0.5995913272386774,49477.83005378516,0.0
1615,Cucumbers and gherkins,organic,0.420441035123286,23855.382340292443,0.0
1615,Fallow,conventional,1045.4155687761292,0.0,0.0
1615,Fallow,organic,121.93043122387078,0.0,0.0
1615,Green manure,conventional,8.202946628301337,0.0,0.0
1615,Green manure,organic,19.377053371698665,0.0,0.0
1615,Herbs,conventional,3.511892059540825,2088.1693022293075,0.0
1615,Herbs,organic,2.462583205722104,1892.1006581255024,0.0
1615,Lettuce and spinach,conventional,1.9700857894985115,10551.210247161798,0.0
1615,Lettuce and spinach,organic,1.3814491154050823,9560.504424311805,0.0
1615,Ley for fodder,conventional,3018.7838803471946,5784.927105038207,0.0
1615,Ley for fodder,organic,1269.1385957224634,5101.457612832596,0.0
1615,Ley for grazing,conventional,1136.7661823463195,4627.941684030566,0.0
1615,Ley for grazing,organic,611.2091626708585,4081.166090266077,0.0
1615,Ley for seed,conventional,288.5929831167166,0.0,80.10504918766102
1615,Ley for seed,organic,94.09919579644716,0.0,72.8918321297373
1615,Maize (corn),conventional,0.0,,
1615,Maize (corn),organic,0.0,,
1615,Maize for forage and silage,conventional,0.0,,
1615,Maize for forage and silage,organic,0.0,,
1615,Mixed grain,conventional,236.75884917407245,2851.920670045235,0.8473847287489598
1615,Mixed grain,organic,122.39860682592762,2254.0708222332646,1.3338564142801097
1615,Oats,conventional,2918.5553378228633,5161.22627175107,1.0199137815928592
1615,Oats,organic,725.9516161771367,3474.7110448517733,0.7417102966841186
1615,"Onions and shallots, dry (excluding dehydrated)",conventional,0.4282795194561982,6150.492884177419,0.0
1615,"Onions and shallots, dry (excluding dehydrated)",organic,0.3003150250880614,4774.506602738448,0.0
1615,Other berries,conventional,1.4193911819363385,706.9296375266524,0.0
1615,Other berries,organic,0.9952950796111566,706.9296375266524,0.0
1615,Other crops for fodder,conventional,37.09557910505731,5102.314294013658,0.0
1615,Other crops for fodder,organic,29.840705294942687,4708.31557910138,0.0
1615,Other fruit,conventional,0.0,,
1615,Other fruit,organic,0.0,,
1615,"Other root, bulb and tuberous vegetables, n.e.c.",conventional,4.796730617909419,24271.409749670613,0.0
1615,"Other root, bulb and tuberous vegetables, n.e.c.",organic,3.363528280986288,24271.409749670613,0.0
1615,Other vegetables,conventional,7.537719542429087,6459.26932476706,0.0
1615,Other vegetables,organic,5.285544441549881,5014.203677774165,0.0
1615,"Peas, dry",conventional,144.8764200396334,4481.043360422697,2.975261742636536
1615,"Peas, dry",organic,43.76208956036659,3537.5064651754715,1.1892450879007241
1615,"Peas, green",conventional,35.102751063576505,0.0,0.0
1615,"Peas, green",organic,7.035248936423494,0.0,0.0
1615,Potatoes,conventional,474.0875963560417,41665.05984395572,0.0
1615,Potatoes,organic,113.37440364395827,29617.505350620977,0.0
1615,"Pumpkins, squash and gourds",conventional,1.1991826544773547,34989.40765580846,0.0
1615,"Pumpkins, squash and gourds",organic,0.840882070246572,16869.892971909165,0.0
1615,Rye,conventional,428.2882907176839,5477.9064608571825,1.018288971744153
1615,Rye,organic,170.63579248231608,3317.374587153577,0.6849660035255603
1615,Semi-natural meadows,conventional,1723.8721540207227,0.0,0.0
1615,Semi-natural meadows,organic,849.1978459792774,0.0,0.0
1615,Semi-natural pastures,conventional,54.53799889855421,0.0,0.0
1615,Semi-natural pastures,organic,26.866001101445782,0.0,0.0
1615,Short rotation coppice and other energy crops,conventional,64.21260459686359,0.0,0.0
1615,Short rotation coppice and other energy crops,organic,10.08539540313642,0.0,0.0
1615,Spring rapeseed,conventional,6.666707078367459,1966.9960154965304,1.2986984775597579
1615,Spring rapeseed,organic,0.24527492163254078,1327.3716134613808,1.4308746473196232
1615,Strawberries,conventional,0.0,,
1615,Strawberries,organic,0.0,,
1615,Sugar beet,conventional,0.0,,
1615,Sugar beet,organic,0.0,,
1615,Tomatoes,conventional,0.0,,
1615,Tomatoes,organic,0.0,,
1615,"Triticale, spring",conventional,2.467649889165259,4144.311466350519,4.806768630840017
1615,"Triticale, spring",organic,0.2447245108347408,2945.660932677857,1.2056737588652435
1615,"Triticale, winter",conventional,537.5509043724201,5059.798778630936,1.0036701837626505
1615,"Triticale, winter",organic,80.42145062757996,3798.676000896806,0.7088977453386422
1615,"Wheat, spring",conventional,274.0186494335651,3885.152256177792,0.8994569949269053
1615,"Wheat, spring",organic,123.25473696643486,2506.917228524009,0.700597568514321
1615,"Wheat, winter",conventional,4911.547494891382,6437.526839954831,0.0
1615,"Wheat, winter",organic,482.03018830861765,4153.946580976543,0.6718951797115275
1615,Winter rapeseed,conventional,725.9336305389571,3480.0409787296376,1.277066146019512
1615,Winter rapeseed,organic,149.88729906104285,2242.967082825946,1.4308746473196294
1616,Apples,conventional,0.0,,
1616,Apples,organic,0.0,,
1616,"Barley, spring",conventional,2272.853721174575,4847.704796509001,0.4500372319942431
1616,"Barley, spring",organic,178.1090748254252,3339.0937875287,0.7601162530739994
1616,"Barley, winter",conventional,110.36789254194416,5612.943296754654,0.7014492403816998
1616,"Barley, winter",organic,5.269017458055851,3472.305733439782,0.7468423942888515
1616,"Beans, dry ",conventional,0.0,,
1616,"Beans, dry ",organic,0.0,,
1616,"Broad beans and horse beans, dry",conventional,914.3294935212238,3467.076541091623,0.7251658742735482
1616,"Broad beans and horse beans, dry",organic,636.1318696787762,2783.763382340136,3.886118038237739
1616,"Cabbages, cauliflowers and broccoli",conventional,2.619884776694086,40851.04296910452,0.0
1616,"Cabbages, cauliflowers and broccoli",organic,1.8370963977911692,33345.75156425271,0.0
1616,Carrots and turnips,conventional,0.3087406302501448,41747.86324786325,0.0
1616,Carrots and turnips,organic,0.2164928414905418,41747.86324786325,0.0
1616,Cereals for fodder,conventional,272.9705769080902,3811.5849576871674,0.0
1616,Cereals for fodder,organic,275.8403768919097,3482.1377622215186,0.0
1616,Cucumbers and gherkins,conventional,0.0617481260500289,49477.83005378516,0.0
1616,Cucumbers and gherkins,organic,0.0432985682981083,23855.382340292443,0.0
1616,Fallow,conventional,1963.896019156917,0.0,0.0
1616,Fallow,organic,229.0559808430833,0.0,0.0
1616,Green manure,conventional,0.0,,
1616,Green manure,organic,0.0,,
1616,Herbs,conventional,0.3616675954358839,2088.1693022293075,0.0
1616,Herbs,organic,0.2536059000317776,1892.1006581255028,0.0
1616,Lettuce and spinach,conventional,0.2028866998786666,10551.210247161796,0.0
1616,Lettuce and spinach,organic,0.1422667244080703,9560.504424311805,0.0
1616,Ley for fodder,conventional,5425.59522850838,5784.927105038207,0.0
1616,Ley for fodder,organic,2280.995454525772,5101.457612832595,0.0
1616,Ley for grazing,conventional,2043.0853679258844,4627.941684030566,0.0
1616,Ley for grazing,organic,1098.513059578884,4081.166090266077,0.0
1616,Ley for seed,conventional,637.6536176040263,0.0,65.15926834971718
1616,Ley for seed,organic,221.979271857054,0.0,55.53512118202527
1616,Maize (corn),conventional,0.0,,
1616,Maize (corn),organic,0.0,,
1616,Maize for forage and silage,conventional,0.0,,
1616,Maize for forage and silage,organic,0.0,,
1616,Mixed grain,conventional,310.3169597704215,3611.1276218726844,0.8473847287489598
1616,Mixed grain,organic,160.42637342957858,2854.124763468512,1.3338564142801095
1616,Oats,conventional,3561.544573003427,4382.397443385118,1.0199137815928592
1616,Oats,organic,885.886590996573,2950.3772936298983,0.7417102966841186
1616,"Onions and shallots, dry (excluding dehydrated)",conventional,0.0441058043214492,6150.492884177419,0.0
1616,"Onions and shallots, dry (excluding dehydrated)",organic,0.0309275487843631,4774.506602738448,0.0
1616,Other berries,conventional,0.3158535322440753,706.9296375266524,0.0
1616,Other berries,organic,0.2214804984849002,706.9296375266524,0.0
1616,Other crops for fodder,conventional,45.38948716596837,5109.411140492013,0.0
1616,Other crops for fodder,organic,45.96031723403163,4746.191890848425,0.0
1616,Other fruit,conventional,0.0,,
1616,Other fruit,organic,0.0,,
1616,"Other root, bulb and tuberous vegetables, n.e.c.",conventional,0.4939850084002317,24271.409749670613,0.0
1616,"Other root, bulb and tuberous vegetables, n.e.c.",organic,0.346388546384867,24271.409749670616,0.0
1616,Other vegetables,conventional,0.776262156057507,6459.269324767059,0.0
1616,Other vegetables,organic,0.544324858604791,5014.203677774165,0.0
1616,"Peas, dry",conventional,179.11828774923802,2797.682734181978,2.975261742636536
1616,"Peas, dry",organic,54.10535785076198,2208.597409944493,1.1892450879007237
1616,"Peas, green",conventional,0.0,,
1616,"Peas, green",organic,0.0,,
1616,Potatoes,conventional,4.327186595322074,34630.66598841343,0.0
1616,Potatoes,organic,1.034813404677927,24617.12377346304,0.0
1616,"Pumpkins, squash and gourds",conventional,0.1234962521000579,34989.40765580846,0.0
1616,"Pumpkins, squash and gourds",organic,0.0865971365962167,16869.89297190916,0.0
1616,Rye,conventional,324.21308463809294,5128.712672758522,1.0182889717441528
1616,Rye,organic,129.17083616190712,3105.905733695075,0.6849660035255604
1616,Semi-natural meadows,conventional,1735.8980628240863,0.0,0.0
1616,Semi-natural meadows,organic,855.1219371759131,0.0,0.0
1616,Semi-natural pastures,conventional,50.287727842925165,0.0,0.0
1616,Semi-natural pastures,organic,24.77227215707484,0.0,0.0
1616,Short rotation coppice and other energy crops,conventional,98.6532664341272,0.0,0.0
1616,Short rotation coppice and other energy crops,organic,15.494733565872778,0.0,0.0
1616,Spring rapeseed,conventional,42.030076804310866,1881.934023738755,1.298698477559759
1616,Spring rapeseed,organic,1.5463291956891358,1269.9699347827104,1.4308746473196239
1616,Strawberries,conventional,0.1499747278904018,4892.543859649123,0.0
1616,Strawberries,organic,0.1051641792868584,4892.543859649124,0.0
1616,Sugar beet,conventional,0.0,,
1616,Sugar beet,organic,0.0,,
1616,Tomatoes,conventional,0.0,,
1616,Tomatoes,organic,0.0,,
1616,"Triticale, spring",conventional,7.138997067410937,3627.4262946007884,4.80676863084002
1616,"Triticale, spring",organic,0.7079965325890636,2578.273377599995,1.2056737588652362
1616,"Triticale, winter",conventional,399.1799259914075,5402.128398967352,1.0036701837626503
1616,"Triticale, winter",organic,59.72016500859242,4055.682132970682,0.7088977453386422
1616,"Wheat, spring",conventional,931.6207401329068,5169.247211326401,0.8994569949269051
1616,"Wheat, spring",organic,419.04691346709285,3335.4870126306896,0.700597568514321
1616,"Wheat, winter",conventional,7158.431777887926,6265.831876035728,0.0
1616,"Wheat, winter",organic,702.5444061120737,4043.156874607309,0.6718951797115273
1616,Winter rapeseed,conventional,766.6803038054542,2977.344420735833,1.2770661460195118
1616,Winter rapeseed,organic,158.30047699454582,1918.9674980159987,1.4308746473196292
1617,Apples,conventional,0.0,,
1617,Apples,organic,0.0,,
1617,"Barley, spring",conventional,1031.5729378182696,4285.338089045648,0.452622327509397
1617,"Barley, spring",organic,80.66165752916592,2951.706094624797,0.7616807569808262
1617,"Barley, winter",conventional,12.600661710720312,4964.615103858158,0.7026323357987115
1617,"Barley, winter",organic,0.6003591852415031,3071.254484107028,0.7486915488510744
1617,"Beans, dry ",conventional,0.0,,
1617,"Beans, dry ",organic,0.0,,
1617,"Broad beans and horse beans, dry",conventional,121.00918363095276,3063.6569690753686,0.7068613679368948
1617,"Broad beans and horse beans, dry",organic,84.14745599945964,2460.078070905955,3.8772200473914102
1617,"Cabbages, cauliflowers and broccoli",conventional,1.1442651218702755,40840.534669505614,0.0
1617,"Cabbages, cauliflowers and broccoli",organic,0.8079401391571073,33337.17388490061,0.0
1617,Carrots and turnips,conventional,0.1492001881202929,41772.08245336777,0.0
1617,Carrots and turnips,organic,0.1053469326716419,41772.08245336777,0.0
1617,Cereals for fodder,conventional,103.19810126729635,3804.7891739280526,0.0
1617,Cereals for fodder,organic,102.4745219155455,3477.1511955118863,0.0
1617,Cucumbers and gherkins,conventional,0.0271842672012723,49079.11653741234,0.0
1617,Cucumbers and gherkins,organic,0.0191942061378062,23663.14546638393,0.0
1617,Fallow,conventional,736.4901590366815,0.0,0.0
1617,Fallow,organic,85.76184096331859,0.0,0.0
1617,Green manure,conventional,0.0,,
1617,Green manure,organic,0.0,,
1617,Herbs,conventional,0.1598250729229534,2097.078428727622,0.0
1617,Herbs,organic,0.1128489273946471,1900.1732622447123,0.0
1617,Lettuce and spinach,conventional,0.0882113808501123,10538.10096305543,0.0
1617,Lettuce and spinach,organic,0.0622840930454927,9548.626036357948,0.0
1617,Ley for fodder,conventional,2619.0393193608297,5772.566650459069,0.0
1617,Ley for fodder,organic,1101.218855808106,5091.838883489547,0.0
1617,Ley for grazing,conventional,985.8437680345678,4618.053320367256,0.0
1617,Ley for grazing,organic,529.1201926987683,4073.4711067916382,0.0
1617,Ley for seed,conventional,251.42133969899348,0.0,79.7948227152428
1617,Ley for seed,organic,82.21052439873469,0.0,72.55841299261478
1617,Maize (corn),conventional,3.2953717563375307,4819.313740996699,6.761542703654088
1617,Maize (corn),organic,0.0044170436624628995,3539.926728523804,13.70218402470192
1617,Maize for forage and silage,conventional,39.58184344642703,10129.75376543238,0.0
1617,Maize for forage and silage,organic,0.0843677535729732,7272.762836888621,0.0
1617,Mixed grain,conventional,116.24143653216383,3063.1668348557027,0.920033491396081
1617,Mixed grain,organic,60.23049592015546,2419.4894418615995,1.3432356700968286
1617,Oats,conventional,1289.1315157559206,3990.0067671303404,1.0275418295640493
1617,Oats,organic,319.8086575311541,2686.059899112424,0.7439355139559252
1617,"Onions and shallots, dry (excluding dehydrated)",conventional,0.0199098240652939,6193.2212313668,0.0
1617,"Onions and shallots, dry (excluding dehydrated)",organic,0.0140578837180801,4807.675777895877,0.0
1617,Other berries,conventional,0.0,,
1617,Other berries,organic,0.0,,
1617,Other crops for fodder,conventional,155.25617595690431,5100.601925241721,0.0
1617,Other crops for fodder,organic,95.66391063730326,4612.121191730088,0.0
1617,Other fruit,conventional,0.0,,
1617,Other fruit,organic,0.0,,
1617,"Other root, bulb and tuberous vegetables, n.e.c.",conventional,0.2163851745173844,24188.84177256126,0.0
1617,"Other root, bulb and tuberous vegetables, n.e.c.",organic,0.1527847564953836,24188.84177256126,0.0
1617,Other vegetables,conventional,0.339528364907859,6460.797711768967,0.0
1617,Other vegetables,organic,0.2397334229178226,5015.390134529675,0.0
1617,"Peas, dry",conventional,44.58689453323254,2689.6352491214866,2.9664741524796967
1617,"Peas, dry",organic,13.431047535779246,2123.801944522724,1.2036228293379487
1617,"Peas, green",conventional,0.0,,
1617,"Peas, green",organic,0.0,,
1617,Potatoes,conventional,24.46126001892408,30580.659785502994,0.0
1617,Potatoes,organic,5.810739981075923,21738.18682163843,0.0
1617,"Pumpkins, squash and gourds",conventional,0.0536024383023902,34879.91624817016,0.0
1617,"Pumpkins, squash and gourds",organic,0.0378474888672724,16817.102471813483,0.0
1617,Rye,conventional,166.55242546878299,4978.686092463709,1.0114039404436483
1617,Rye,organic,66.72911717513524,3015.318623281188,0.6868768633658188
1617,Semi-natural meadows,conventional,1226.1067589984182,0.0,0.0
1617,Semi-natural meadows,organic,606.9712410015818,0.0,0.0
1617,Semi-natural pastures,conventional,27.05079082691191,0.0,0.0
1617,Semi-natural pastures,organic,13.39120917308809,0.0,0.0
1617,Short rotation coppice and other energy crops,conventional,13.831691515102422,0.0,0.0
1617,Short rotation coppice and other energy crops,organic,2.1523084848975778,0.0,0.0
1617,Spring rapeseed,conventional,0.0,,
1617,Spring rapeseed,organic,0.0,,
1617,Strawberries,conventional,0.0,,
1617,Strawberries,organic,0.0,,
1617,Sugar beet,conventional,0.0,,
1617,Sugar beet,organic,0.0,,
1617,Tomatoes,conventional,0.0,,
1617,Tomatoes,organic,0.0,,
1617,"Triticale, spring",conventional,6.94804071107325,3207.164216120834,4.808406192072585
1617,"Triticale, spring",organic,0.6931632889267489,2279.592487505315,1.20865896317183
1617,"Triticale, winter",conventional,235.5467563057583,4663.8660790873055,1.015315544471057
1617,"Triticale, winter",organic,35.41501497099555,3501.1090609935736,0.7115616307339461
1617,"Wheat, spring",conventional,156.09392867210104,3879.872359733024,0.8965463808111622
1617,"Wheat, spring",organic,69.45636490281049,2503.635541583792,0.7026468390347017
1617,"Wheat, winter",conventional,1332.0106391948973,6872.225707240587,0.0013433402496749027
1617,"Wheat, winter",organic,130.1222041438858,4440.21488097708,0.684619480932374
1617,Winter rapeseed,conventional,195.08513546049733,2717.6859735540934,1.2894527780749627
1617,Winter rapeseed,organic,40.19219624587092,1751.8541518815405,1.4568870574434258
1621,Apples,conventional,1.3120833443585966,4345.131541811035,0.0
1621,Apples,organic,0.9200494643755184,3754.416761594012,0.0
1621,"Barley, spring",conventional,4658.97191220369,4735.660728905212,0.45003723199424334
1621,"Barley, spring",organic,365.09396499630924,3261.91795571347,0.7601162530739994
1621,"Barley, winter",conventional,139.6630856199002,5483.212419030679,0.7014492403816996
1621,"Barley, winter",organic,6.667584380099827,3392.0509995668085,0.7468423942888511
1621,"Beans, dry ",conventional,0.0,,
1621,"Beans, dry ",organic,0.0,,
1621,"Broad beans and horse beans, dry",conventional,480.35045508870184,3386.9426685345848,0.7251658742735483
1621,"Broad beans and horse beans, dry",organic,334.1970649112983,2719.422795258908,3.886118038237739
1621,"Cabbages, cauliflowers and broccoli",conventional,8.378816125430497,40851.04296910452,0.0
1621,"Cabbages, cauliflowers and broccoli",organic,5.87533202174115,33345.7515642527,0.0
1621,Carrots and turnips,conventional,0.9874025737039304,41747.86324786325,0.0
1621,Carrots and turnips,organic,0.6923791944812803,41747.86324786325,0.0
1621,Cereals for fodder,conventional,314.80147651343003,3808.364630320115,0.0
1621,Cereals for fodder,organic,333.49062808657,3492.7344475267782,0.0
1621,Cucumbers and gherkins,conventional,0.1974805147407861,49477.830053785154,0.0
1621,Cucumbers and gherkins,organic,0.1384758388962561,23855.38234029244,0.0
1621,Fallow,conventional,3726.0964875518825,0.0,0.0
1621,Fallow,organic,434.5875124481169,0.0,0.0
1621,Green manure,conventional,28.785263980430017,0.0,0.0
1621,Green manure,organic,67.99673601956998,0.0,0.0
1621,Herbs,conventional,1.15667158633889,2088.169302229308,0.0
1621,Herbs,organic,0.8110727706780713,1892.1006581255028,0.0
1621,Lettuce and spinach,conventional,0.6488645484340114,10551.210247161796,0.0
1621,Lettuce and spinach,organic,0.4549920420876985,9560.5044243118,0.0
1621,Ley for fodder,conventional,6154.339295161676,5784.927105038206,0.0
1621,Ley for fodder,organic,2587.369563455713,5101.457612832595,0.0
1621,Ley for grazing,conventional,2317.504353647286,4627.941684030565,0.0
1621,Ley for grazing,organic,1246.06090282803,4081.1660902660765,0.0
1621,Ley for seed,conventional,653.9669084887421,0.0,72.06747384602524
1621,Ley for seed,organic,220.9909764185533,0.0,63.27609228064846
1621,Maize (corn),conventional,6.790963199999993,5323.884671684914,6.77083333333334
1621,Maize (corn),organic,0.0,,
1621,Maize for forage and silage,conventional,81.63303680000001,10141.2309310889,0.0
1621,Maize for forage and silage,organic,0.0,,
1621,Mixed grain,conventional,254.28934132717043,3384.078117943336,0.84738472874896
1621,Mixed grain,organic,131.46144787282955,2674.671783802859,1.3338564142801097
1621,Oats,conventional,6420.2722931628805,4786.394644229592,1.019913781592859
1621,Oats,organic,1596.9568872371208,3222.361791489789,0.7417102966841186
1621,"Onions and shallots, dry (excluding dehydrated)",conventional,0.1410575105291329,6150.492884177419,0.0
1621,"Onions and shallots, dry (excluding dehydrated)",organic,0.0989113134973257,4774.506602738448,0.0
1621,Other berries,conventional,5.888133749241404,706.9296375266524,0.0
1621,Other berries,organic,4.1288339841012265,706.9296375266524,0.0
1621,Other crops for fodder,conventional,142.2676697464079,5110.634721599744,0.0
1621,Other crops for fodder,organic,94.4792406535921,4649.645955005041,0.0
1621,Other fruit,conventional,0.4592291705255088,3203.3097457155704,0.0
1621,Other fruit,organic,0.3220173125314314,2767.824100643766,0.0
1621,"Other root, bulb and tuberous vegetables, n.e.c.",conventional,1.5798441179262888,24271.409749670613,0.0
1621,"Other root, bulb and tuberous vegetables, n.e.c.",organic,1.1078067111700487,24271.409749670613,0.0
1621,Other vegetables,conventional,2.4826121853127394,6459.269324767059,0.0
1621,Other vegetables,organic,1.7408391175529334,5014.203677774165,0.0
1621,"Peas, dry",conventional,134.90730633894833,3102.177728793833,2.9752617426365364
1621,"Peas, dry",organic,40.750769661051656,2448.97736733714,1.189245087900724
1621,"Peas, green",conventional,188.7924551126856,0.0,0.0
1621,"Peas, green",organic,37.83754488731446,0.0,0.0
1621,Potatoes,conventional,298.5984713518722,37870.29854703419,0.0
1621,Potatoes,organic,71.40752864812775,26920.008612662798,0.0
1621,"Pumpkins, squash and gourds",conventional,0.3949610294815721,34989.407655808456,0.0
1621,"Pumpkins, squash and gourds",organic,0.2769516777925121,16869.892971909165,0.0
1621,Rye,conventional,1130.9843937653025,6810.985026497677,1.018288971744153
1621,Rye,organic,450.59933343469726,4124.675877881149,0.6849660035255604
1621,Semi-natural meadows,conventional,1374.357036269915,0.0,0.0
1621,Semi-natural meadows,organic,677.0229637300852,0.0,0.0
1621,Semi-natural pastures,conventional,13.896456846761971,0.0,0.0
1621,Semi-natural pastures,organic,6.845543153238027,0.0,0.0
1621,Short rotation coppice and other energy crops,conventional,54.8405961410722,0.0,0.0
1621,Short rotation coppice and other energy crops,organic,8.613403858927807,0.0,0.0
1621,Spring rapeseed,conventional,127.83338672260098,1690.2555583579558,1.2986984775597588
1621,Spring rapeseed,organic,4.703120077399032,1140.6211451289155,1.4308746473196277
1621,Strawberries,conventional,17.224124604926512,4892.543859649123,0.0
1621,Strawberries,organic,12.07777439233218,4892.543859649123,0.0
1621,Sugar beet,conventional,0.0,,
1621,Sugar beet,organic,0.0,,
1621,Tomatoes,conventional,0.0,,
1621,Tomatoes,organic,0.0,,
1621,"Triticale, spring",conventional,18.346240314036486,3543.586289064002,4.80676863084002
1621,"Triticale, spring",organic,1.8194536859635118,2518.682241434092,1.2056737588652437
1621,"Triticale, winter",conventional,629.3529964112382,6057.564379367565,1.0036701837626503
1621,"Triticale, winter",organic,94.15569858876181,4547.754849258471,0.7088977453386422
1621,"Wheat, spring",conventional,580.7619894769781,3914.619572006444,0.899456994926905
1621,"Wheat, spring",organic,261.229176923022,2525.9311864999786,0.7005975685143211
1621,"Wheat, winter",conventional,4535.744089240355,6592.672891688962,0.0
1621,"Wheat, winter",organic,445.14800675964517,4254.057761430669,0.6718951797115275
1621,Winter rapeseed,conventional,701.1142703537848,2927.722013723569,1.2770661460195118
1621,Winter rapeseed,organic,144.7627164462152,1886.9847063823984,1.4308746473196292
1622,Apples,conventional,0.0,,
1622,Apples,organic,0.0,,
1622,"Barley, spring",conventional,5234.373255704842,5951.698636935351,0.4500372319942433
1622,"Barley, spring",organic,410.1845046951574,4099.5235432127165,0.7601162530739994
1622,"Barley, winter",conventional,394.2733370254525,6891.209009374351,0.7014492403816999
1622,"Barley, winter",organic,18.822802974547518,4263.072560775305,0.7468423942888524
1622,"Beans, dry ",conventional,0.0,,
1622,"Beans, dry ",organic,0.0,,
1622,"Broad beans and horse beans, dry",conventional,1367.8551604381512,4256.65249637839,0.7251658742735482
1622,"Broad beans and horse beans, dry",organic,951.6659659618489,3417.724763305639,3.886118038237738
1622,"Cabbages, cauliflowers and broccoli",conventional,4.625617783680269,40851.04296910452,0.0
1622,"Cabbages, cauliflowers and broccoli",organic,3.243541793727533,33345.75156425271,0.0
1622,Carrots and turnips,conventional,0.545106472824274,41747.86324786326,0.0
1622,Carrots and turnips,organic,0.3822355649173861,41747.86324786326,0.0
1622,Cereals for fodder,conventional,247.14478627550895,3810.7448279943765,0.0
1622,Cereals for fodder,organic,285.6307017244911,3503.4529101429066,0.0
1622,Cucumbers and gherkins,conventional,0.1090212945648548,49477.830053785154,0.0
1622,Cucumbers and gherkins,organic,0.0764471129834772,23855.38234029244,0.0
1622,Fallow,conventional,2154.270039181222,0.0,0.0
1622,Fallow,organic,251.25996081877855,0.0,0.0
1622,Green manure,conventional,42.48698063280804,0.0,0.0
1622,Green manure,organic,100.36301936719197,0.0,0.0
1622,Herbs,conventional,0.6385532967370067,2088.169302229308,0.0
1622,Herbs,organic,0.4477616617603665,1892.1006581255024,0.0
1622,Lettuce and spinach,conventional,0.3582128249988086,10551.210247161798,0.0
1622,Lettuce and spinach,organic,0.2511833712314251,9560.504424311805,0.0
1622,Ley for fodder,conventional,2050.2263391120982,5784.927105038206,0.0
1622,Ley for fodder,organic,861.9435773039415,5101.457612832596,0.0
1622,Ley for grazing,conventional,772.0420079195202,4627.941684030565,0.0
1622,Ley for grazing,organic,415.1066037461159,4081.166090266077,0.0
1622,Ley for seed,conventional,523.8499123291851,0.0,29.97150625836686
1622,Ley for seed,organic,209.56555958913907,0.0,22.22873011742118
1622,Maize (corn),conventional,3.8567424000000017,6690.968580216117,6.770833333333329
1622,Maize (corn),organic,0.0,,
1622,Maize for forage and silage,conventional,46.3612576,10141.2309310889,0.0
1622,Maize for forage and silage,organic,0.0,,
1622,Mixed grain,conventional,78.2473786617081,4253.052377445609,0.84738472874896
1622,Mixed grain,organic,40.452004938291914,3361.482445890722,1.3338564142801095
1622,Oats,conventional,7961.676354318464,6037.273677860346,1.019913781592859
1622,Oats,organic,1980.3605372815364,4064.495611066673,0.7417102966841187
1622,"Onions and shallots, dry (excluding dehydrated)",conventional,0.0778723532606105,6150.492884177419,0.0
1622,"Onions and shallots, dry (excluding dehydrated)",organic,0.0546050807024837,4774.506602738449,0.0
1622,Other berries,conventional,0.0,,
1622,Other berries,organic,0.0,,
1622,Other crops for fodder,conventional,47.91056708015643,5076.320439772382,0.0
1622,Other crops for fodder,organic,57.636783319843566,4802.266991282434,0.0
1622,Other fruit,conventional,0.0,,
1622,Other fruit,organic,0.0,,
1622,"Other root, bulb and tuberous vegetables, n.e.c.",conventional,0.8721703565188385,24271.409749670613,0.0
1622,"Other root, bulb and tuberous vegetables, n.e.c.",organic,0.6115769038678177,24271.409749670613,0.0
1622,Other vegetables,conventional,1.3705534173867462,6459.269324767059,0.0
1622,Other vegetables,organic,0.9610494203637135,5014.203677774164,0.0
1622,"Peas, dry",conventional,308.0221111135571,3364.56171351256,2.9752617426365355
1622,"Peas, dry",organic,93.04268568644284,2656.1132880691,1.1892450879007237
1622,"Peas, green",conventional,725.7784097756958,0.0,0.0
1622,"Peas, green",organic,145.45959022430424,0.0,0.0
1622,Potatoes,conventional,167.36576426778157,40543.471171491336,0.0
1622,Potatoes,organic,40.02423573221844,28820.22680038439,0.0
1622,"Pumpkins, squash and gourds",conventional,0.2180425891297096,34989.407655808456,0.0
1622,"Pumpkins, squash and gourds",organic,0.1528942259669544,16869.892971909165,0.0
1622,Rye,conventional,505.5570024513876,6957.7146638420645,1.018288971744153
1622,Rye,organic,201.42068234861236,4213.534125751335,0.6849660035255601
1622,Semi-natural meadows,conventional,779.1663359911965,0.0,0.0
1622,Semi-natural meadows,organic,383.8256640088034,0.0,0.0
1622,Semi-natural pastures,conventional,30.101620196944147,0.0,0.0
1622,Semi-natural pastures,organic,14.828379803055856,0.0,0.0
1622,Short rotation coppice and other energy crops,conventional,81.03624131767096,0.0,0.0
1622,Short rotation coppice and other energy crops,organic,12.72775868232904,0.0,0.0
1622,Spring rapeseed,conventional,16.319483243495753,1907.559487024958,1.2986984775597588
1622,Spring rapeseed,organic,0.6004103565042457,1287.2625537203835,1.4308746473196203
1622,Strawberries,conventional,0.0,,
1622,Strawberries,organic,0.0,,
1622,Sugar beet,conventional,0.0,,
1622,Sugar beet,organic,0.0,,
1622,Tomatoes,conventional,0.0,,
1622,Tomatoes,organic,0.0,,
1622,"Triticale, spring",conventional,0.0,,
1622,"Triticale, spring",organic,0.0,,
1622,"Triticale, winter",conventional,115.19034458651404,6036.690622029978,1.0036701837626505
1622,"Triticale, winter",organic,17.233297413485957,4532.08374364421,0.7088977453386422
1622,"Wheat, spring",conventional,500.5705645174609,5467.320444516238,0.899456994926905
1622,"Wheat, spring",organic,225.15873788253907,3527.820510618384,0.7005975685143211
1622,"Wheat, winter",conventional,18878.49067055795,7544.235342324961,0.0
1622,"Wheat, winter",organic,1852.777036642048,4868.073001549309,0.6718951797115276
1622,Winter rapeseed,conventional,2849.962273009058,3415.316100017989,1.2770661460195118
1622,Winter rapeseed,organic,588.4465597909422,2201.250398086468,1.4308746473196292
1623,Apples,conventional,4.8882893990351945,4345.131541811034,0.0
1623,Apples,organic,3.4277304583066805,3754.416761594011,0.0
1623,"Barley, spring",conventional,3623.040436925746,5763.587954628069,0.45003723199424334
1623,"Barley, spring",organic,283.9146110742534,3969.9531099816404,0.7601162530739997
1623,"Barley, winter",conventional,332.43700397053715,6673.403957782727,0.7014492403817
1623,"Barley, winter",organic,15.870706029462866,4128.332961704167,0.7468423942888516
1623,"Beans, dry ",conventional,0.0,,
1623,"Beans, dry ",organic,0.0,,
1623,"Broad beans and horse beans, dry",conventional,724.099510807055,4122.115811259694,0.7251658742735477
1623,"Broad beans and horse beans, dry",organic,503.7820379929449,3309.703410683024,3.886118038237738
1623,"Cabbages, cauliflowers and broccoli",conventional,24.33275439968157,40851.042969104514,0.0
1623,"Cabbages, cauliflowers and broccoli",organic,17.06243566650255,33345.7515642527,0.0
1623,Carrots and turnips,conventional,2.867496309726784,41747.86324786325,0.0
1623,Carrots and turnips,organic,2.0107247418437346,41747.86324786325,0.0
1623,Cereals for fodder,conventional,196.26525142661635,3803.186536952949,0.0
1623,Cereals for fodder,organic,206.07358877338368,3496.2949583225077,0.0
1623,Cucumbers and gherkins,conventional,0.5734992619453568,49477.83005378516,0.0
1623,Cucumbers and gherkins,organic,0.4021449483687469,23855.38234029244,0.0
1623,Fallow,conventional,1585.630440997625,0.0,0.0
1623,Fallow,organic,184.937559002375,0.0,0.0
1623,Green manure,conventional,47.78647675402172,0.0,0.0
1623,Green manure,organic,112.88152324597829,0.0,0.0
1623,Herbs,conventional,3.359067105679947,2088.169302229308,0.0
1623,Herbs,organic,2.355420411874089,1892.1006581255026,0.0
1623,Lettuce and spinach,conventional,1.8843547178204585,10551.210247161798,0.0
1623,Lettuce and spinach,organic,1.3213334017830256,9560.504424311805,0.0
1623,Ley for fodder,conventional,1787.7336268405631,5784.927105038205,0.0
1623,Ley for fodder,organic,751.5880018656087,5101.457612832595,0.0
1623,Ley for grazing,conventional,673.1966283727321,4627.941684030564,0.0
1623,Ley for grazing,organic,361.9600529382999,4081.166090266077,0.0
1623,Ley for seed,conventional,525.5210762744737,0.0,26.051114483860694
1623,Ley for seed,organic,213.27461370832268,0.0,19.0456763978805
1623,Maize (corn),conventional,0.0,,
1623,Maize (corn),organic,0.0,,
1623,Maize for forage and silage,conventional,0.0,,
1623,Maize for forage and silage,organic,0.0,,
1623,Mixed grain,conventional,124.67238173102454,4118.629478469347,0.8473847287489598
1623,Mixed grain,organic,64.45261026897546,3255.2387001915854,1.3338564142801097
1623,Oats,conventional,4285.836805825831,5617.073380725316,1.0199137815928592
1623,Oats,organic,1066.0445993741696,3781.602644041277,0.7417102966841186
1623,"Onions and shallots, dry (excluding dehydrated)",conventional,0.4096423299609691,6150.492884177418,0.0
1623,"Onions and shallots, dry (excluding dehydrated)",organic,0.2872463916919621,4774.506602738448,0.0
1623,Other berries,conventional,0.0,,
1623,Other berries,organic,0.0,,
1623,Other crops for fodder,conventional,23.596593197089422,5065.344109808417,0.0
1623,Other crops for fodder,organic,28.896572802910576,4813.424337420662,0.0
1623,Other fruit,conventional,1.7109012896623177,3203.3097457155704,0.0
1623,Other fruit,organic,1.1997056604073382,2767.824100643766,0.0
1623,"Other root, bulb and tuberous vegetables, n.e.c.",conventional,4.587994095562854,24271.409749670613,0.0
1623,"Other root, bulb and tuberous vegetables, n.e.c.",organic,3.217159586949975,24271.409749670613,0.0
1623,Other vegetables,conventional,7.209705007313057,6459.269324767059,0.0
1623,Other vegetables,organic,5.055536493778534,5014.203677774164,0.0
1623,"Peas, dry",conventional,245.6727572075716,3894.72853037221,2.975261742636536
1623,"Peas, dry",organic,74.20913079242838,3074.6471855151626,1.189245087900724
1623,"Peas, green",conventional,390.2854784230855,0.0,0.0
1623,"Peas, green",organic,78.22052157691456,0.0,0.0
1623,Potatoes,conventional,250.00841075800017,36545.36235321648,0.0
1623,Potatoes,organic,59.78758924199983,25978.180976830896,0.0
1623,"Pumpkins, squash and gourds",conventional,1.1469985238907134,34989.40765580846,0.0
1623,"Pumpkins, squash and gourds",organic,0.8042898967374937,16869.892971909165,0.0
1623,Rye,conventional,589.774226567769,6776.861855022237,1.0182889717441528
1623,Rye,organic,234.97395263223112,4104.0111690741305,0.6849660035255601
1623,Semi-natural meadows,conventional,1243.1520263404882,0.0,0.0
1623,Semi-natural meadows,organic,612.3899736595118,0.0,0.0
1623,Semi-natural pastures,conventional,17.717948981268307,0.0,0.0
1623,Semi-natural pastures,organic,8.728051018731698,0.0,0.0
1623,Short rotation coppice and other energy crops,conventional,84.1717675697561,0.0,0.0
1623,Short rotation coppice and other energy crops,organic,13.220232430243913,0.0,0.0
1623,Spring rapeseed,conventional,1.9586458313933834,2046.9462989771803,1.2986984775597563
1623,Spring rapeseed,organic,0.07206056860661651,1381.323800422785,1.430874647319569
1623,Strawberries,conventional,0.0,,
1623,Strawberries,organic,0.0,,
1623,Sugar beet,conventional,0.0,,
1623,Sugar beet,organic,0.0,,
1623,Tomatoes,conventional,0.0,,
1623,Tomatoes,organic,0.0,,
1623,"Triticale, spring",conventional,0.0,,
1623,"Triticale, spring",organic,0.0,,
1623,"Triticale, winter",conventional,308.68583209773357,6364.408612230085,1.0036701837626505
1623,"Triticale, winter",organic,46.18160290226648,4778.120101788103,0.7088977453386421
1623,"Wheat, spring",conventional,308.10844411201145,4276.1608700579945,0.8994569949269051
1623,"Wheat, spring",organic,138.58846948798853,2759.2178247436077,0.7005975685143211
1623,"Wheat, winter",conventional,10794.288054125289,7410.809737833607,0.0
1623,"Wheat, winter",organic,1059.375422674711,4781.9773863587625,0.6718951797115273
1623,Winter rapeseed,conventional,1762.571391909773,3668.8218749719463,1.2770661460195123
1623,Winter rapeseed,organic,363.92729889022706,2364.6407466494247,1.4308746473196294
1711,Apples,conventional,0.0,,
1711,Apples,organic,0.0,,
1711,"Barley, spring",conventional,2357.9788493524734,4244.398191062167,1.8844512842746024
1711,"Barley, spring",organic,213.65760124378832,2883.0531112390063,0.8166182455812058
1711,"Barley, winter",conventional,20.34141113686068,5301.58344742494,0.17141431453004027
1711,"Barley, winter",organic,4.090747263139319,3296.2628363116746,0.7187102266748202
1711,"Beans, dry ",conventional,0.0,,
1711,"Beans, dry ",organic,0.0,,
1711,"Broad beans and horse beans, dry",conventional,102.94983001549753,3345.817832329349,1.3526027619395107
1711,"Broad beans and horse beans, dry",organic,73.87569907479181,2646.694514447807,3.0606860158311338
1711,"Cabbages, cauliflowers and broccoli",conventional,1.6577617143610337,14228.078738332655,0.0
1711,"Cabbages, cauliflowers and broccoli",organic,0.8944480922869659,11614.048121216598,0.0
1711,Carrots and turnips,conventional,2.536256575435111,14812.038756215064,0.0
1711,Carrots and turnips,organic,1.3684414568125047,14812.038756215063,0.0
1711,Cereals for fodder,conventional,460.9629395648993,2733.436550998397,0.0
1711,Cereals for fodder,organic,337.70313470998957,2485.4727096490315,0.0
1711,Cucumbers and gherkins,conventional,0.0975081687479634,8562.862224296092,0.0
1711,Cucumbers and gherkins,organic,0.0526106947479046,4128.522856919492,0.0
1711,Fallow,conventional,1112.0074448028558,0.0,0.0
1711,Fallow,organic,280.87055519714426,0.0,0.0
1711,Green manure,conventional,9.641127016553384,0.0,0.0
1711,Green manure,organic,10.384872983446614,0.0,0.0
1711,Herbs,conventional,0.0979995513305802,1036.1135454530197,0.0
1711,Herbs,organic,0.0528758210382497,938.8276703193897,0.0
1711,Lettuce and spinach,conventional,0.1948934918502727,4143.561014418248,0.0
1711,Lettuce and spinach,organic,0.105155107923223,3754.5013778308135,0.0
1711,Ley for fodder,conventional,5147.833140421932,3933.5701292248696,0.0
1711,Ley for fodder,organic,2177.7625112088785,3458.628587861644,0.0
1711,Ley for grazing,conventional,1395.1094985836153,3146.8561033798965,0.0
1711,Ley for grazing,organic,959.3834495592488,2766.902870289315,0.0
1711,Ley for seed,conventional,483.08703341680507,0.0,95.58078378165165
1711,Ley for seed,organic,132.0023668095228,0.0,92.47487775363913
1711,Maize (corn),conventional,2.5758320477306356,4693.458365517046,6.732868177060551
1711,Maize (corn),organic,0.014171152269366001,3447.3209264135853,13.67160359997725
1711,Maize for forage and silage,conventional,30.863320670473065,7990.470441918451,0.0
1711,Maize for forage and silage,organic,0.2706761295269365,5736.841963281524,0.0
1711,Mixed grain,conventional,72.59611619113343,3396.206124041563,18.909565643637833
1711,Mixed grain,organic,51.11630997584311,2220.3951793068363,2.4499517956164305
1711,Oats,conventional,2688.609814260311,4597.323707284302,4.059739908228886
1711,Oats,organic,1205.8778634061034,3000.617050846596,0.7615074802771765
1711,"Onions and shallots, dry (excluding dehydrated)",conventional,0.1950163374959269,5434.440299973321,0.0
1711,"Onions and shallots, dry (excluding dehydrated)",organic,0.1052213894958093,4218.649071387506,0.0
1711,Other berries,conventional,0.0,,
1711,Other berries,organic,0.0,,
1711,Other crops for fodder,conventional,82.82407809498469,3764.063319867521,0.0
1711,Other crops for fodder,organic,71.47832411066568,3412.1567289105046,0.0
1711,Other fruit,conventional,0.0,,
1711,Other fruit,organic,0.0,,
1711,"Other root, bulb and tuberous vegetables, n.e.c.",conventional,1.3644387114203909,22528.859153878668,0.0
1711,"Other root, bulb and tuberous vegetables, n.e.c.",organic,0.7361851778214411,22528.859153878668,0.0
1711,Other vegetables,conventional,0.9748359961883264,7922.338249060297,0.0
1711,Other vegetables,organic,0.5259743843338741,6149.955294895784,0.0
1711,"Peas, dry",conventional,143.39594570526037,1908.7193130825865,3.6639044264735716
1711,"Peas, dry",organic,89.01302789577797,1516.2745381988357,2.5025853154084796
1711,"Peas, green",conventional,0.0,,
1711,"Peas, green",organic,0.0,,
1711,Potatoes,conventional,99.21452266407827,28055.983260120607,0.0
1711,Potatoes,organic,11.703477335921733,19943.52672084542,0.0
1711,"Pumpkins, squash and gourds",conventional,0.0,,
1711,"Pumpkins, squash and gourds",organic,0.0,,
1711,Rye,conventional,106.04147271701103,5437.937015793204,0.3827828280805005
1711,Rye,organic,54.87013528298898,3314.3134146659045,0.6849778114400504
1711,Semi-natural meadows,conventional,1170.7511958686823,0.0,0.0
1711,Semi-natural meadows,organic,949.4828041313176,0.0,0.0
1711,Semi-natural pastures,conventional,32.2716185531169,0.0,0.0
1711,Semi-natural pastures,organic,26.172381446883087,0.0,0.0
1711,Short rotation coppice and other energy crops,conventional,72.2594275487522,0.0,0.0
1711,Short rotation coppice and other energy crops,organic,8.12657245124779,0.0,0.0
1711,Spring rapeseed,conventional,77.44613934106977,1649.6095782934583,0.5315792842040984
1711,Spring rapeseed,organic,17.986116365024376,1153.7011633124732,4.152645428467549
1711,Strawberries,conventional,31.322227953137787,6426.234131375708,0.0
1711,Strawberries,organic,16.899960227191077,6426.234131375708,0.0
1711,Sugar beet,conventional,0.0,,
1711,Sugar beet,organic,0.0,,
1711,Tomatoes,conventional,0.0,,
1711,Tomatoes,organic,0.0,,
1711,"Triticale, spring",conventional,10.68868182693296,3210.2216972638066,5.201146366383158
1711,"Triticale, spring",organic,2.346908573067041,2272.2895660677614,1.2059614877639637
1711,"Triticale, winter",conventional,4.888587137519862,4324.240218677769,0.5533144314384106
1711,"Triticale, winter",organic,1.7444800624801378,3261.352934635964,0.7129583638352994
1711,"Wheat, spring",conventional,555.8999369010348,4932.974229953682,0.21064517661642854
1711,"Wheat, spring",organic,261.4758470460454,3205.5590130143937,0.7131259271650137
1711,"Wheat, winter",conventional,1163.3658699061543,6297.757648117808,0.2721458969886077
1711,"Wheat, winter",organic,173.2012934422239,4058.232733632807,0.6896787263176384
1711,Winter rapeseed,conventional,67.34608706073391,3279.5495882070504,0.0
1711,Winter rapeseed,organic,42.166752336193916,2158.770553086848,3.153032520291367
1712,Apples,conventional,0.0,,
1712,Apples,organic,0.0,,
1712,"Barley, spring",conventional,1670.928398683355,3368.118470065126,1.8754428941429337
1712,"Barley, spring",organic,151.23409275573985,2288.038797416538,0.8165338973347327
1712,"Barley, winter",conventional,0.0,,
1712,"Barley, winter",organic,0.0,,
1712,"Beans, dry ",conventional,0.0,,
1712,"Beans, dry ",organic,0.0,,
1712,"Broad beans and horse beans, dry",conventional,116.77468571234817,2653.2966983993133,1.3449036198493662
1712,"Broad beans and horse beans, dry",organic,83.77164691363366,2099.1225275723127,3.064380757781042
1712,"Cabbages, cauliflowers and broccoli",conventional,0.5489027965780828,14398.159030233885,0.0
1712,"Cabbages, cauliflowers and broccoli",organic,0.2970813304552014,11752.880688208908,0.0
1712,Carrots and turnips,conventional,0.8354284732226915,14989.668751960891,0.0
1712,Carrots and turnips,organic,0.4521569280980135,14989.668751960891,0.0
1712,Cereals for fodder,conventional,489.55812152364257,2739.0597485682692,0.0
1712,Cereals for fodder,organic,349.1421371374911,2486.490975085379,0.0
1712,Cucumbers and gherkins,conventional,0.0321592314593604,8692.809035798837,0.0
1712,Cucumbers and gherkins,organic,0.0174054629124202,4191.175783875467,0.0
1712,Fallow,conventional,1595.558372221753,0.0,0.0
1712,Fallow,organic,401.3736277782474,0.0,0.0
1712,Green manure,conventional,0.4430036350087294,0.0,0.0
1712,Green manure,organic,0.4789963649912706,0.0,0.0
1712,Herbs,conventional,0.0330287154658377,1047.1454993696912,0.0
1712,Herbs,organic,0.017876051634256,948.823778989247,0.0
1712,Lettuce and spinach,conventional,0.0643053608753811,4189.410510178515,0.0
1712,Lettuce and spinach,organic,0.0348038346376733,3796.0458354617676,0.0
1712,Ley for fodder,conventional,8229.642690540055,3942.2159423308494,0.0
1712,Ley for fodder,organic,3481.543901029984,3466.4624848627054,0.0
1712,Ley for grazing,conventional,2234.4019320068755,3153.7727538646795,0.0
1712,Ley for grazing,organic,1533.318955299704,2773.169987890165,0.0
1712,Ley for seed,conventional,794.8458665109837,0.0,92.77999982149491
1712,Ley for seed,organic,221.8486546123969,0.0,87.96831692952884
1712,Maize (corn),conventional,0.0,,
1712,Maize (corn),organic,0.0,,
1712,Maize for forage and silage,conventional,0.0,,
1712,Maize for forage and silage,organic,0.0,,
1712,Mixed grain,conventional,102.74938588159125,2688.582376033115,18.68397166042509
1712,Mixed grain,organic,72.08448363909599,1762.5007759107446,2.4416861011033966
1712,Oats,conventional,2175.1976774079403,4174.471258665182,4.037682545105622
1712,Oats,organic,971.933178334136,2725.2608736651405,0.7618003105062874
1712,"Onions and shallots, dry (excluding dehydrated)",conventional,0.0642134103116057,5481.569577119256,0.0
1712,"Onions and shallots, dry (excluding dehydrated)",organic,0.0347540684568618,4255.23460187311,0.0
1712,Other berries,conventional,0.0,,
1712,Other berries,organic,0.0,,
1712,Other crops for fodder,conventional,82.25903657636533,3779.2842009498363,0.0
1712,Other crops for fodder,organic,77.7051971032944,3424.791641953809,0.0
1712,Other fruit,conventional,0.0,,
1712,Other fruit,organic,0.0,,
1712,"Other root, bulb and tuberous vegetables, n.e.c.",conventional,0.4490891443536731,22702.085871890624,0.0
1712,"Other root, bulb and tuberous vegetables, n.e.c.",organic,0.2430594293366811,22702.085871890624,0.0
1712,Other vegetables,conventional,0.3215661105069249,7981.54052075927,0.0
1712,Other vegetables,organic,0.1740404467498682,6195.912853492596,0.0
1712,"Peas, dry",conventional,54.483968147298945,1518.6418831872047,3.657556965617635
1712,"Peas, dry",organic,33.66416802904099,1206.4073655253787,2.496797245775708
1712,"Peas, green",conventional,0.0,,
1712,"Peas, green",organic,0.0,,
1712,Potatoes,conventional,7.625011578947073,19760.77666757109,0.0
1712,Potatoes,organic,0.9029884210529272,14046.899509472714,0.0
1712,"Pumpkins, squash and gourds",conventional,0.0001634151666235,6798.102533409511,0.0
1712,"Pumpkins, squash and gourds",organic,8.844479463349039e-05,3277.6565776369994,0.0
1712,Rye,conventional,5.656950138402161,4313.294275155781,0.38562058135370086
1712,Rye,organic,2.925139416852851,2628.800693038408,0.6853304009686918
1712,Semi-natural meadows,conventional,794.357394096773,0.0,0.0
1712,Semi-natural meadows,organic,642.778605903227,0.0,0.0
1712,Semi-natural pastures,conventional,6.128741320059493,0.0,0.0
1712,Semi-natural pastures,organic,4.959258679940508,0.0,0.0
1712,Short rotation coppice and other energy crops,conventional,55.26697678254377,0.0,0.0
1712,Short rotation coppice and other energy crops,organic,6.217023217456237,0.0,0.0
1712,Spring rapeseed,conventional,0.0,,
1712,Spring rapeseed,organic,0.0,,
1712,Strawberries,conventional,0.0,,
1712,Strawberries,organic,0.0,,
1712,Sugar beet,conventional,0.0,,
1712,Sugar beet,organic,0.0,,
1712,Tomatoes,conventional,0.0,,
1712,Tomatoes,organic,0.0,,
1712,"Triticale, spring",conventional,17.310230221860692,2547.3486522324474,5.198654035041081
1712,"Triticale, spring",organic,3.788264178139303,1803.14591206477,1.2065108436758523
1712,"Triticale, winter",conventional,0.0,,
1712,"Triticale, winter",organic,0.0,,
1712,"Wheat, spring",conventional,524.8232987612314,3669.198392000668,0.21504867712059778
1712,"Wheat, spring",organic,246.30803624021303,2384.230772490735,0.7134299041165167
1712,"Wheat, winter",conventional,623.1732908828495,5527.2528488970665,0.27071818601023473
1712,"Wheat, winter",organic,92.50531479745948,3561.785734008637,0.6899611307948357
1712,Winter rapeseed,conventional,36.47361748935659,2599.1995625291147,0.0
1712,Winter rapeseed,organic,22.69768002866193,1711.2937112522025,3.1736901702032414
1713,Apples,conventional,0.0,,
1713,Apples,organic,0.0,,
1713,"Barley, spring",conventional,1108.8412680226688,3667.8805025327774,1.8857671588953302
1713,"Barley, spring",organic,100.50244157733137,2491.411454838816,0.8165225744476466
1713,"Barley, winter",conventional,0.989518844357554,4581.606355719756,0.17066154437187178
1713,"Barley, winter",organic,0.19920115564244592,2848.632242461028,0.7185058007081278
1713,"Beans, dry ",conventional,0.0,,
1713,"Beans, dry ",organic,0.0,,
1713,"Broad beans and horse beans, dry",conventional,41.347972715685586,2891.743472307775,1.3551152099771917
1713,"Broad beans and horse beans, dry",organic,29.673325784314414,2287.4427241768526,3.0606860158311338
1713,"Cabbages, cauliflowers and broccoli",conventional,0.4501571212778019,14199.388826457332,0.0
1713,"Cabbages, cauliflowers and broccoli",organic,0.2426409792460968,11590.629216722078,0.0
1713,Carrots and turnips,conventional,0.6884755972484029,14781.250000000002,0.0
1713,Carrots and turnips,organic,0.3710979682587362,14781.249999999998,0.0
1713,Cereals for fodder,conventional,275.958010066489,2724.4095433756415,0.0
1713,Cereals for fodder,organic,177.40377993351103,2478.03146070883,0.0
1713,Cucumbers and gherkins,conventional,0.0264798306634001,8550.880214186638,0.0
1713,Cucumbers and gherkins,organic,0.0142729987791821,4122.745816332717,0.0
1713,Fallow,conventional,1663.6180327093416,0.0,0.0
1713,Fallow,organic,420.50196729065823,0.0,0.0
1713,Green manure,conventional,0.0,,
1713,Green manure,organic,0.0,,
1713,Herbs,conventional,0.0264798306634001,1034.0033613627004,0.0
1713,Herbs,organic,0.0142729987791821,936.9156219515698,0.0
1713,Lettuce and spinach,conventional,0.0529596613268002,4136.013445450802,0.0
1713,Lettuce and spinach,organic,0.0285459975583643,3747.66248780628,0.0
1713,Ley for fodder,conventional,6443.409659560898,3932.781225157208,0.0
1713,Ley for fodder,organic,2725.797725444229,3457.859155165793,0.0
1713,Ley for grazing,conventional,1745.6065687476464,3146.2249801257663,0.0
1713,Ley for grazing,organic,1201.0238704935416,2766.2873241326342,0.0
1713,Ley for seed,conventional,613.1260724859974,0.0,94.27425610824855
1713,Ley for seed,organic,169.10010326769023,0.0,90.33946695464972
1713,Maize (corn),conventional,0.0,,
1713,Maize (corn),organic,0.0,,
1713,Maize for forage and silage,conventional,0.0,,
1713,Maize for forage and silage,organic,0.0,,
1713,Mixed grain,conventional,67.18769222539783,2935.195640359754,18.921047418306102
1713,Mixed grain,organic,47.3206469746021,1918.713281224397,2.4495677233429403
1713,Oats,conventional,564.6953921632136,2916.037097535341,4.062849687987418
1713,Oats,organic,253.4657574367864,1903.1962850462437,0.7613076578593819
1713,"Onions and shallots, dry (excluding dehydrated)",conventional,0.0529596613268002,5425.076941765616,0.0
1713,"Onions and shallots, dry (excluding dehydrated)",organic,0.0285459975583643,4211.380480653665,0.0
1713,Other berries,conventional,0.0,,
1713,Other berries,organic,0.0,,
1713,Other crops for fodder,conventional,101.08100576500091,3779.268139918436,0.0
1713,Other crops for fodder,organic,94.7356437349991,3410.3310595916164,0.0
1713,Other fruit,conventional,0.0,,
1713,Other fruit,organic,0.0,,
1713,"Other root, bulb and tuberous vegetables, n.e.c.",conventional,0.3707176292876016,22500.0,0.0
1713,"Other root, bulb and tuberous vegetables, n.e.c.",organic,0.1998219829085503,22500.0,0.0
1713,Other vegetables,conventional,0.2647983066340011,7911.570540074855,0.0
1713,Other vegetables,organic,0.1427299877918216,6141.596534286594,0.0
1713,"Peas, dry",conventional,31.151376530750984,1648.7221203624697,3.665902940265294
1713,"Peas, dry",organic,19.354895469249012,1309.707243613257,2.5025853154084796
1713,"Peas, green",conventional,0.0,,
1713,"Peas, green",organic,0.0,,
1713,Potatoes,conventional,4.6101367677680365,21492.82614530184,0.0
1713,Potatoes,organic,0.5438632322319634,15278.122622228484,0.0
1713,"Pumpkins, squash and gourds",conventional,0.0,,
1713,"Pumpkins, squash and gourds",organic,0.0,,
1713,Rye,conventional,0.0,,
1713,Rye,organic,0.0,,
1713,Semi-natural meadows,conventional,833.078101239749,0.0,0.0
1713,Semi-natural meadows,organic,675.6818987602508,0.0,0.0
1713,Semi-natural pastures,conventional,20.979901067569067,0.0,0.0
1713,Semi-natural pastures,organic,17.01609893243093,0.0,0.0
1713,Short rotation coppice and other energy crops,conventional,0.0,,
1713,Short rotation coppice and other energy crops,organic,0.0,,
1713,Spring rapeseed,conventional,44.73348642846086,1298.5107319087083,0.5289839703014826
1713,Spring rapeseed,organic,10.398293571539146,908.1769255102056,4.152960526315789
1713,Strawberries,conventional,0.8302795429764094,6416.666666666666,0.0
1713,Strawberries,organic,0.447532276694724,6416.666666666666,0.0
1713,Sugar beet,conventional,0.0,,
1713,Sugar beet,organic,0.0,,
1713,Tomatoes,conventional,0.0,,
1713,Tomatoes,organic,0.0,,
1713,"Triticale, spring",conventional,0.0,,
1713,"Triticale, spring",organic,0.0,,
1713,"Triticale, winter",conventional,3.9035908203676,3736.3377993041386,0.5514559573223698
1713,"Triticale, winter",organic,1.3934875796324004,2818.0032740510933,0.712788259958069
1713,"Wheat, spring",conventional,127.88409149621977,3999.621085284136,0.20996517430947725
1713,"Wheat, spring",organic,60.21630370378021,2599.0576648153524,0.7129377227930384
1713,"Wheat, winter",conventional,374.68980757688826,5413.664873487371,0.27222192204869117
1713,"Wheat, winter",organic,55.823010423111796,3488.520887346919,0.6895153112958832
1713,Winter rapeseed,conventional,0.0,,
1713,Winter rapeseed,organic,0.0,,
1721,Apples,conventional,0.0,,
1721,Apples,organic,0.0,,
1721,"Barley, spring",conventional,491.80264536788303,4617.2341959844325,1.1771111235353924
1721,"Barley, spring",organic,41.74714660966194,3158.0069504932994,0.7880548592193137
1721,"Barley, winter",conventional,2.4765409005935006,5558.919385466918,0.44764278127305857
1721,"Barley, winter",organic,0.2991654778492454,3446.9555556799,0.726127189400767
1721,"Beans, dry ",conventional,0.0,,
1721,"Beans, dry ",organic,0.0,,
1721,"Broad beans and horse beans, dry",conventional,0.0,,
1721,"Broad beans and horse beans, dry",organic,0.0,,
1721,"Cabbages, cauliflowers and broccoli",conventional,0.0,,
1721,"Cabbages, cauliflowers and broccoli",organic,0.0,,
1721,Carrots and turnips,conventional,0.0,,
1721,Carrots and turnips,organic,0.0,,
1721,Cereals for fodder,conventional,66.04105581477805,3230.122653846475,0.0
1721,Cereals for fodder,organic,49.01486784125108,2942.045078709524,0.0
1721,Cucumbers and gherkins,conventional,0.0,,
1721,Cucumbers and gherkins,organic,0.0,,
1721,Fallow,conventional,1547.145200425639,0.0,0.0
1721,Fallow,organic,282.4807995743609,0.0,0.0
1721,Green manure,conventional,45.396166207047145,0.0,0.0
1721,Green manure,organic,70.44183379295285,0.0,0.0
1721,Herbs,conventional,0.0,,
1721,Herbs,organic,0.0,,
1721,Lettuce and spinach,conventional,0.0,,
1721,Lettuce and spinach,organic,0.0,,
1721,Ley for fodder,conventional,4786.466236569698,4771.996066988811,0.0
1721,Ley for fodder,organic,2018.701254720618,4205.241793461024,0.0
1721,Ley for grazing,conventional,1502.7649174283877,3817.596853591049,0.0
1721,Ley for grazing,organic,913.235505762996,3364.1934347688198,0.0
1721,Ley for seed,conventional,397.52912202035304,0.0,99.9999999999996
1721,Ley for seed,organic,110.59496349794935,0.0,99.99999999999994
1721,Maize (corn),conventional,0.0,,
1721,Maize (corn),organic,0.0,,
1721,Maize for forage and silage,conventional,0.0,,
1721,Maize for forage and silage,organic,0.0,,
1721,Mixed grain,conventional,33.42023813215495,3321.0903850457084,6.096109070003253
1721,Mixed grain,organic,18.98655819506761,2496.2321404671693,1.7407581278395534
1721,Oats,conventional,307.5422124756519,2171.827120138831,2.438720259795945
1721,Oats,organic,105.53163586520469,1441.3324242824579,0.7516399933374911
1721,"Onions and shallots, dry (excluding dehydrated)",conventional,0.0,,
1721,"Onions and shallots, dry (excluding dehydrated)",organic,0.0,,
1721,Other berries,conventional,0.0,,
1721,Other berries,organic,0.0,,
1721,Other crops for fodder,conventional,134.14584970106958,4414.074964995362,0.0
1721,Other crops for fodder,organic,102.1681502989304,3983.131256643565,0.0
1721,Other fruit,conventional,0.0,,
1721,Other fruit,organic,0.0,,
1721,"Other root, bulb and tuberous vegetables, n.e.c.",conventional,0.0,,
1721,"Other root, bulb and tuberous vegetables, n.e.c.",organic,0.0,,
1721,Other vegetables,conventional,0.0,,
1721,Other vegetables,organic,0.0,,
1721,"Peas, dry",conventional,0.0,,
1721,"Peas, dry",organic,0.0,,
1721,"Peas, green",conventional,0.0,,
1721,"Peas, green",organic,0.0,,
1721,Potatoes,conventional,1.5657892845364727,29882.55723526513,0.0
1721,Potatoes,organic,0.272210715463527,21241.942340185906,0.0
1721,"Pumpkins, squash and gourds",conventional,0.0,,
1721,"Pumpkins, squash and gourds",organic,0.0,,
1721,Rye,conventional,2.2596474352310074,5645.261270541671,0.70650870215229
1721,Rye,organic,1.0321041972417995,3429.488771066625,0.6848774916162239
1721,Semi-natural meadows,conventional,709.4192427620104,0.0,0.0
1721,Semi-natural meadows,organic,454.50075723798943,0.0,0.0
1721,Semi-natural pastures,conventional,47.93906993755383,0.0,0.0
1721,Semi-natural pastures,organic,30.712930062446173,0.0,0.0
1721,Short rotation coppice and other energy crops,conventional,0.0,,
1721,Short rotation coppice and other energy crops,organic,0.0,,
1721,Spring rapeseed,conventional,0.0,,
1721,Spring rapeseed,organic,0.0,,
1721,Strawberries,conventional,0.0,,
1721,Strawberries,organic,0.0,,
1721,Sugar beet,conventional,0.0,,
1721,Sugar beet,organic,0.0,,
1721,Tomatoes,conventional,0.0,,
1721,Tomatoes,organic,0.0,,
1721,"Triticale, spring",conventional,0.0,,
1721,"Triticale, spring",organic,0.0,,
1721,"Triticale, winter",conventional,0.0,,
1721,"Triticale, winter",organic,0.0,,
1721,"Wheat, spring",conventional,86.527855721578,4621.206036562975,0.5496225435013236
1721,"Wheat, spring",organic,39.85558458374547,2992.575725418168,0.7068767260687386
1721,"Wheat, winter",conventional,37.05850479512278,6369.541450620592,0.13481984020633087
1721,"Wheat, winter",organic,4.5782365869850645,4110.000302395221,0.6862633494363055
1721,Winter rapeseed,conventional,0.0,,
1721,Winter rapeseed,organic,0.0,,
1722,Apples,conventional,0.0,,
1722,Apples,organic,0.0,,
1722,"Barley, spring",conventional,1845.7163859150082,4593.746031342663,1.5672683209298186
1722,"Barley, spring",organic,162.65366667104388,3130.026883688409,0.8035686732760725
1722,"Barley, winter",conventional,75.46851741576181,5644.865224186152,0.299178074605854
1722,"Barley, winter",organic,12.373413923149071,3505.2914467370874,0.7211112642557697
1722,"Beans, dry ",conventional,0.0,,
1722,"Beans, dry ",organic,0.0,,
1722,"Broad beans and horse beans, dry",conventional,335.71227679671586,3549.177446328903,1.2133196164692888
1722,"Broad beans and horse beans, dry",organic,239.31715070554887,2816.7995937251017,3.2421984770012395
1722,"Cabbages, cauliflowers and broccoli",conventional,0.2605812143659057,19906.2931247945,0.0
1722,"Cabbages, cauliflowers and broccoli",organic,0.1489388274990312,16249.041807980548,0.0
1722,Carrots and turnips,conventional,0.2937722181264594,20639.34256448996,0.0
1722,Carrots and turnips,organic,0.1679096086262973,20639.34256448996,0.0
1722,Cereals for fodder,conventional,353.4183373069217,2949.998724694585,0.0
1722,Cereals for fodder,organic,263.08136622000853,2687.8835960458578,0.0
1722,Cucumbers and gherkins,conventional,0.0127117852305735,14575.62978246308,0.0
1722,Cucumbers and gherkins,organic,0.0072655981447788,7027.535785891038,0.0
1722,Fallow,conventional,1646.028095132141,0.0,0.0
1722,Fallow,organic,362.853904867859,0.0,0.0
1722,Green manure,conventional,20.201932176465878,0.0,0.0
1722,Green manure,organic,25.55406782353413,0.0,0.0
1722,Herbs,conventional,0.0212081303157941,1354.8391822522924,0.0
1722,Herbs,organic,0.0121218026800873,1227.6265653637486,0.0
1722,Lettuce and spinach,conventional,0.0276726029837055,5654.359090353918,0.0
1722,Lettuce and spinach,organic,0.0158166621959628,5123.443077491291,0.0
1722,Ley for fodder,conventional,3993.5123223321793,4294.217538329909,0.0
1722,Ley for fodder,organic,1687.2173944093772,3779.991060033267,0.0
1722,Ley for grazing,conventional,1150.497530805244,3435.3740306639274,0.0
1722,Ley for grazing,organic,748.610942896962,3023.9928480266135,0.0
1722,Ley for seed,conventional,441.40250150126013,0.0,78.39443493449834
1722,Ley for seed,organic,137.41130805497795,0.0,68.02556066214476
1722,Maize (corn),conventional,0.0,,
1722,Maize (corn),organic,0.0,,
1722,Maize for forage and silage,conventional,0.0,,
1722,Maize for forage and silage,organic,0.0,,
1722,Mixed grain,conventional,78.60661989857763,3419.7067221287894,11.38011993473929
1722,Mixed grain,organic,48.98957937561002,2433.9477305019414,2.072905488979793
1722,Oats,conventional,2390.47073199667,4313.096109851424,3.299898052687654
1722,Oats,organic,954.9187242004313,2837.2707223994885,0.7569628788250335
1722,"Onions and shallots, dry (excluding dehydrated)",conventional,0.0231745379385887,6601.729920161865,0.0
1722,"Onions and shallots, dry (excluding dehydrated)",organic,0.0132457303831524,5124.793034782018,0.0
1722,Other berries,conventional,0.0,,
1722,Other berries,organic,0.0,,
1722,Other crops for fodder,conventional,37.64737540742053,4025.3652359747366,0.0
1722,Other crops for fodder,organic,35.04953881142614,3716.070894169416,0.0
1722,Other fruit,conventional,0.0,,
1722,Other fruit,organic,0.0,,
1722,"Other root, bulb and tuberous vegetables, n.e.c.",conventional,0.1674695081227576,27198.941622818555,0.0
1722,"Other root, bulb and tuberous vegetables, n.e.c.",organic,0.0957195331303456,27198.941622818555,0.0
1722,Other vegetables,conventional,0.1316159173508526,9361.119100814823,0.0
1722,Other vegetables,organic,0.0752269132605984,7266.852559222002,0.0
1722,"Peas, dry",conventional,83.53160109596341,2055.561181918555,3.534262290981243
1722,"Peas, dry",organic,44.90923763065752,1630.3514172046698,2.2172818347417573
1722,"Peas, green",conventional,0.0,,
1722,"Peas, green",organic,0.0,,
1722,Potatoes,conventional,55.06396456321437,28159.64993080088,0.0
1722,Potatoes,organic,7.832035436785624,20017.217918819293,0.0
1722,"Pumpkins, squash and gourds",conventional,0.0034984950350908,11001.591804671276,0.0
1722,"Pumpkins, squash and gourds",organic,0.0019996136321858,5304.338904251994,0.0
1722,Rye,conventional,53.02427916377606,5765.6260625559935,0.5309075010138952
1722,Rye,organic,25.961758160217638,3508.802970661532,0.6848310093838986
1722,Semi-natural meadows,conventional,544.8424971030067,0.0,0.0
1722,Semi-natural meadows,organic,398.1955028969933,0.0,0.0
1722,Semi-natural pastures,conventional,23.99405846284866,0.0,0.0
1722,Semi-natural pastures,organic,17.53594153715135,0.0,0.0
1722,Short rotation coppice and other energy crops,conventional,25.04624021703348,0.0,0.0
1722,Short rotation coppice and other energy crops,organic,3.0537597829665213,0.0,0.0
1722,Spring rapeseed,conventional,80.67745188898019,1432.4711585263412,0.8063913557938708
1722,Spring rapeseed,organic,14.823873659962313,992.8530242104052,3.552342804299253
1722,Strawberries,conventional,0.0,,
1722,Strawberries,organic,0.0,,
1722,Sugar beet,conventional,0.0,,
1722,Sugar beet,organic,0.0,,
1722,Tomatoes,conventional,0.0,,
1722,Tomatoes,organic,0.0,,
1722,"Triticale, spring",conventional,0.0,,
1722,"Triticale, spring",organic,0.0,,
1722,"Triticale, winter",conventional,110.16201817972927,4748.69444097454,0.6644383162643458
1722,"Triticale, winter",organic,33.581518859854135,3577.4692353864566,0.7127882599580713
1722,"Wheat, spring",conventional,952.8260070116415,4642.782153690931,0.3624860994366451
1722,"Wheat, spring",organic,444.2921045693468,3012.306744924319,0.7102201899535641
1722,"Wheat, winter",conventional,1718.005432973743,6034.407294844214,0.20983699347558873
1722,"Wheat, winter",organic,236.1575381585102,3890.897639659349,0.6880603127258794
1722,Winter rapeseed,conventional,108.45943624852282,3370.7986272041994,0.04503632648348895
1722,Winter rapeseed,organic,55.52605775480253,2248.054745127872,3.552342804299253
1723,Apples,conventional,0.0,,
1723,Apples,organic,0.0,,
1723,"Barley, spring",conventional,127.82653281082119,2737.2123552822577,1.4968270024920676
1723,"Barley, spring",organic,10.519510514653284,1867.1443030674527,0.8441309732233834
1723,"Barley, winter",conventional,0.0,,
1723,"Barley, winter",organic,0.0,,
1723,"Beans, dry ",conventional,0.0,,
1723,"Beans, dry ",organic,0.0,,
1723,"Broad beans and horse beans, dry",conventional,0.0,,
1723,"Broad beans and horse beans, dry",organic,0.0,,
1723,"Cabbages, cauliflowers and broccoli",conventional,2.94329249773638,22608.211530942644,0.0
1723,"Cabbages, cauliflowers and broccoli",organic,2.114698126753149,18454.554650980364,0.0
1723,Carrots and turnips,conventional,4.984588589806197,23987.72752950668,0.0
1723,Carrots and turnips,organic,3.581329467460355,23987.72752950668,0.0
1723,Cereals for fodder,conventional,52.005509174484395,2930.7917732031674,0.0
1723,Cereals for fodder,organic,40.352492142867646,2646.888462068737,0.0
1723,Cucumbers and gherkins,conventional,0.1690582079405319,10927.803007526574,0.0
1723,Cucumbers and gherkins,organic,0.1214650178054128,5268.762162782055,0.0
1723,Fallow,conventional,520.0625384955538,0.0,0.0
1723,Fallow,organic,104.06946150444612,0.0,0.0
1723,Green manure,conventional,3.618336454239439,0.0,0.0
1723,Green manure,organic,4.249663545760561,0.0,0.0
1723,Herbs,conventional,0.4462700589298807,1656.775671997769,0.0
1723,Herbs,organic,0.3206363140499408,1501.2127302161923,0.0
1723,Lettuce and spinach,conventional,0.2688134531337267,6191.721604153494,0.0
1723,Lettuce and spinach,organic,0.1931372115496936,5610.349941281831,0.0
1723,Ley for fodder,conventional,2594.335348409036,4173.2875700202285,0.0
1723,Ley for fodder,organic,1102.5555288670548,3694.3182751815216,0.0
1723,Ley for grazing,conventional,779.0150349108266,3338.6300560161826,0.0
1723,Ley for grazing,organic,462.53127579988745,2955.4546201452176,0.0
1723,Ley for seed,conventional,244.15452108243457,0.0,91.69608154843243
1723,Ley for seed,organic,73.87629093076086,0.0,87.56623057577532
1723,Maize (corn),conventional,0.0,,
1723,Maize (corn),organic,0.0,,
1723,Maize for forage and silage,conventional,0.0,,
1723,Maize for forage and silage,organic,0.0,,
1723,Mixed grain,conventional,14.809940462580812,2141.163940166077,15.991148018076954
1723,Mixed grain,organic,9.74856293532005,1451.9085939793645,2.5616790997455166
1723,Oats,conventional,307.85684329028015,2735.859509357992,3.2019626560260632
1723,Oats,organic,109.19249694604876,1802.716782348536,0.8214859290979436
1723,"Onions and shallots, dry (excluding dehydrated)",conventional,0.3381164158810639,7850.48364892192,0.0
1723,"Onions and shallots, dry (excluding dehydrated)",organic,0.2429300356108256,6094.175982691328,0.0
1723,Other berries,conventional,0.0,,
1723,Other berries,organic,0.0,,
1723,Other crops for fodder,conventional,9.654262004736967,3869.1996783317695,0.0
1723,Other crops for fodder,organic,9.454778174873976,3490.1824557928207,0.0
1723,Other fruit,conventional,0.0,,
1723,Other fruit,organic,0.0,,
1723,"Other root, bulb and tuberous vegetables, n.e.c.",conventional,1.9856486160570928,27793.859608673112,0.0
1723,"Other root, bulb and tuberous vegetables, n.e.c.",organic,1.4266497169395531,27793.859608673116,0.0
1723,Other vegetables,conventional,1.551976153910645,10027.14470523549,0.0
1723,Other vegetables,organic,1.115064529931864,7783.875130547948,0.0
1723,"Peas, dry",conventional,4.6776696267939855,1393.5557111619587,3.13214519992337
1723,"Peas, dry",organic,2.1972901935950717,1113.1424659595268,2.502585315408479
1723,"Peas, green",conventional,0.0,,
1723,"Peas, green",organic,0.0,,
1723,Potatoes,conventional,21.29435843901259,16557.72428692461,0.0
1723,Potatoes,organic,2.449641560987409,11770.01759984842,0.0
1723,"Pumpkins, squash and gourds",conventional,0.0,,
1723,"Pumpkins, squash and gourds",organic,0.0,,
1723,Rye,conventional,0.0,,
1723,Rye,organic,0.0,,
1723,Semi-natural meadows,conventional,558.3479171787068,0.0,0.0
1723,Semi-natural meadows,organic,442.3440828212933,0.0,0.0
1723,Semi-natural pastures,conventional,18.79215368023212,0.0,0.0
1723,Semi-natural pastures,organic,14.88784631976788,0.0,0.0
1723,Short rotation coppice and other energy crops,conventional,8.577069217936172,0.0,0.0
1723,Short rotation coppice and other energy crops,organic,0.7529307820638278,0.0,0.0
1723,Spring rapeseed,conventional,0.0,,
1723,Spring rapeseed,organic,0.0,,
1723,Strawberries,conventional,0.0,,
1723,Strawberries,organic,0.0,,
1723,Sugar beet,conventional,0.0,,
1723,Sugar beet,organic,0.0,,
1723,Tomatoes,conventional,0.0,,
1723,Tomatoes,organic,0.0,,
1723,"Triticale, spring",conventional,0.0,,
1723,"Triticale, spring",organic,0.0,,
1723,"Triticale, winter",conventional,0.0,,
1723,"Triticale, winter",organic,0.0,,
1723,"Wheat, spring",conventional,11.172614887622567,2916.10606582048,0.39892696768618885
1723,"Wheat, spring",organic,3.7533572001806537,1892.4539991983595,0.7696428407334136
1723,"Wheat, winter",conventional,5.207117602145143,3908.0546265293024,0.25145454347797797
1723,"Wheat, winter",organic,0.617022032995363,2520.081875049652,0.7383558455967224
1723,Winter rapeseed,conventional,0.0,,
1723,Winter rapeseed,organic,0.0,,
1724,Apples,conventional,0.0,,
1724,Apples,organic,0.0,,
1724,"Barley, spring",conventional,298.2415057604893,2865.115738670955,1.6037821067505338
1724,"Barley, spring",organic,32.65013930250827,1954.0138459515224,0.9326522280700824
1724,"Barley, winter",conventional,0.0,,
1724,"Barley, winter",organic,0.0,,
1724,"Beans, dry ",conventional,0.0,,
1724,"Beans, dry ",organic,0.0,,
1724,"Broad beans and horse beans, dry",conventional,0.0,,
1724,"Broad beans and horse beans, dry",organic,0.0,,
1724,"Cabbages, cauliflowers and broccoli",conventional,0.1985455078841038,17997.47012055967,0.0
1724,"Cabbages, cauliflowers and broccoli",organic,0.1460388571577652,14690.91420454373,0.0
1724,Carrots and turnips,conventional,0.2503682989188875,21769.22636664016,0.0
1724,Carrots and turnips,organic,0.1841567740932782,21769.22636664016,0.0
1724,Cereals for fodder,conventional,106.84085028844525,2759.014952470032,0.0
1724,Cereals for fodder,organic,67.199360668095,2509.869478684478,0.0
1724,Cucumbers and gherkins,conventional,0.0066258293902303,14362.16266103345,0.0
1724,Cucumbers and gherkins,organic,0.0048735857193828,6924.614138089391,0.0
1724,Fallow,conventional,528.6173343754293,0.0,0.0
1724,Fallow,organic,119.17066562457065,0.0,0.0
1724,Green manure,conventional,0.0,,
1724,Green manure,organic,0.0,,
1724,Herbs,conventional,0.0066258293902303,1409.8085901692418,0.0
1724,Herbs,organic,0.0048735857193828,1277.4346210541523,0.0
1724,Lettuce and spinach,conventional,0.0405855159509748,5262.68431844106,0.0
1724,Lettuce and spinach,organic,0.0298524123250293,4768.544605937143,0.0
1724,Ley for fodder,conventional,2943.328895640462,4202.906287402484,0.0
1724,Ley for fodder,organic,1117.9189309911826,3743.005818000908,0.0
1724,Ley for grazing,conventional,884.396735868944,3362.325029921987,0.0
1724,Ley for grazing,organic,499.20342824146576,2994.404654400727,0.0
1724,Ley for seed,conventional,285.51510684894293,-0.0,100.00000000000011
1724,Ley for seed,organic,148.06290240900262,-0.0,100.00000000000004
1724,Maize (corn),conventional,0.0,,
1724,Maize (corn),organic,0.0,,
1724,Maize for forage and silage,conventional,0.0,,
1724,Maize for forage and silage,organic,0.0,,
1724,Mixed grain,conventional,44.097423685589895,2327.692552016404,13.539383400689717
1724,Mixed grain,organic,20.430105091165586,1629.244208393575,2.8479752540921996
1724,Oats,conventional,232.81867588124467,3431.3841465177375,2.630628054516765
1724,Oats,organic,94.38966745329927,2276.0937094970022,0.8971084873941106
1724,"Onions and shallots, dry (excluding dehydrated)",conventional,0.0249661689963954,6289.8778202583035,0.0
1724,"Onions and shallots, dry (excluding dehydrated)",organic,0.0183637032471643,4882.708385940653,0.0
1724,Other berries,conventional,0.0,,
1724,Other berries,organic,0.0,,
1724,Other crops for fodder,conventional,45.78083342149218,3714.2785370567995,0.0
1724,Other crops for fodder,organic,40.15353837184783,3351.5804175798107,0.0
1724,Other fruit,conventional,0.0,,
1724,Other fruit,organic,0.0,,
1724,"Other root, bulb and tuberous vegetables, n.e.c.",conventional,0.1279051421110293,22923.61876533626,0.0
1724,"Other root, bulb and tuberous vegetables, n.e.c.",organic,0.0940797954965556,22923.618765336258,0.0
1724,Other vegetables,conventional,0.1053066612887526,8264.381720474383,0.0
1724,Other vegetables,organic,0.0774576298884906,6415.47691136515,0.0
1724,"Peas, dry",conventional,0.0,,
1724,"Peas, dry",organic,0.0,,
1724,"Peas, green",conventional,0.0,,
1724,"Peas, green",organic,0.0,,
1724,Potatoes,conventional,35.83562320457051,11488.900712446137,0.0
1724,Potatoes,organic,5.114376795429495,8166.856824351575,0.0
1724,"Pumpkins, squash and gourds",conventional,0.0039048367386448,7206.603215573721,0.0
1724,"Pumpkins, squash and gourds",organic,0.0028721772694662,3474.6122636221007,0.0
1724,Rye,conventional,0.0,,
1724,Rye,organic,0.0,,
1724,Semi-natural meadows,conventional,1834.90922308424,0.0,0.0
1724,Semi-natural meadows,organic,1276.83277691576,0.0,0.0
1724,Semi-natural pastures,conventional,27.279437202159787,0.0,0.0
1724,Semi-natural pastures,organic,18.98256279784021,0.0,0.0
1724,Short rotation coppice and other energy crops,conventional,0.0,,
1724,Short rotation coppice and other energy crops,organic,0.0,,
1724,Spring rapeseed,conventional,0.5972932299213715,1020.8947073335698,0.7482954435169429
1724,Spring rapeseed,organic,0.1963349767386142,712.4383554108907,4.152960526315772
1724,Strawberries,conventional,0.0,,
1724,Strawberries,organic,0.0,,
1724,Sugar beet,conventional,0.0,,
1724,Sugar beet,organic,0.0,,
1724,Tomatoes,conventional,0.0,,
1724,Tomatoes,organic,0.0,,
1724,"Triticale, spring",conventional,0.0,,
1724,"Triticale, spring",organic,0.0,,
1724,"Triticale, winter",conventional,0.0,,
1724,"Triticale, winter",organic,0.0,,
1724,"Wheat, spring",conventional,22.023426430491813,3009.2216859085233,0.0
1724,"Wheat, spring",organic,11.432347786925032,1940.1559028420256,0.7697842547276321
1724,"Wheat, winter",conventional,2.555960406181067,4173.258469477438,0.553153897220426
1724,"Wheat, winter",organic,0.47253724556485327,2685.098392881257,0.8175090505530995
1724,Winter rapeseed,conventional,0.0,,
1724,Winter rapeseed,organic,0.0,,
1811,Apples,conventional,0.0,,
1811,Apples,organic,0.0,,
1811,"Barley, spring",conventional,1568.3431898756696,4580.189863680467,0.49343912386894445
1811,"Barley, spring",organic,91.33290218579253,3158.533578541325,0.9197037079224695
1811,"Barley, winter",conventional,89.217062774556,5553.722970394541,0.8873392429844285
1811,"Barley, winter",organic,1.488654389926376,3436.37346378335,0.9529110896958071
1811,"Beans, dry ",conventional,0.0,,
1811,"Beans, dry ",organic,0.0,,
1811,"Broad beans and horse beans, dry",conventional,29.923700566111183,3179.466165063161,0.0
1811,"Broad beans and horse beans, dry",organic,21.077645081021878,2468.352828939283,1.30869585327509
1811,"Cabbages, cauliflowers and broccoli",conventional,1.0467252921012624,43284.66631769423,0.0
1811,"Cabbages, cauliflowers and broccoli",organic,1.4802659249175951,35332.261422627955,0.0
1811,Carrots and turnips,conventional,2.353906123157186,48632.61829556777,0.0
1811,Carrots and turnips,organic,3.328864842436019,48632.61829556777,0.0
1811,Cereals for fodder,conventional,217.89718041254943,3422.9405700954135,0.0
1811,Cereals for fodder,organic,169.18876178466644,3123.7719316491657,0.0
1811,Cucumbers and gherkins,conventional,0.0550710746205934,4087.362697326761,0.0
1811,Cucumbers and gherkins,organic,0.0778808306483266,1970.6927284843505,0.0
1811,Fallow,conventional,1564.5377153807206,0.0,0.0
1811,Fallow,organic,122.53028461927936,0.0,0.0
1811,Green manure,conventional,0.7294608609725106,0.0,0.0
1811,Green manure,organic,1.0545391390274894,0.0,0.0
1811,Herbs,conventional,0.493035462208011,3267.3655427391286,0.0
1811,Herbs,organic,0.6972446352351166,2960.5762747078297,0.0
1811,Lettuce and spinach,conventional,0.0012661817702142,9562.797836624464,0.0
1811,Lettuce and spinach,organic,0.0017906185542124,8664.898991131397,0.0
1811,Ley for fodder,conventional,3816.5868416346048,4887.553724008554,0.0
1811,Ley for fodder,organic,1628.592955144704,4407.565313326539,0.0
1811,Ley for grazing,conventional,1468.7227905096076,3910.0429792068435,0.0
1811,Ley for grazing,organic,614.4505407399588,3526.052250661231,0.0
1811,Ley for seed,conventional,417.6478009154573,0.0,70.06374525511997
1811,Ley for seed,organic,159.6830710556677,0.0,67.01222613435554
1811,Maize (corn),conventional,0.0,,
1811,Maize (corn),organic,0.0,,
1811,Maize for forage and silage,conventional,0.0,,
1811,Maize for forage and silage,organic,0.0,,
1811,Mixed grain,conventional,88.65080759565807,3502.175584219737,10.961009475838331
1811,Mixed grain,organic,52.3383884641636,2524.70613627869,2.859260658725784
1811,Oats,conventional,1496.8583938222307,4142.4248686788205,1.44647915969966
1811,Oats,organic,243.40533179210294,2783.995502826095,0.9982183085687272
1811,"Onions and shallots, dry (excluding dehydrated)",conventional,0.1153568635856114,10617.491395199711,0.0
1811,"Onions and shallots, dry (excluding dehydrated)",organic,0.163136245641257,8242.149649715355,0.0
1811,Other berries,conventional,0.0,,
1811,Other berries,organic,0.0,,
1811,Other crops for fodder,conventional,47.820113195276065,4060.2350002122676,0.0
1811,Other crops for fodder,organic,54.01594269645954,3667.8541829914557,0.0
1811,Other fruit,conventional,0.0,,
1811,Other fruit,organic,0.0,,
1811,"Other root, bulb and tuberous vegetables, n.e.c.",conventional,0.1832155380135176,9170.541628447469,0.0
1811,"Other root, bulb and tuberous vegetables, n.e.c.",organic,0.2591011413246881,9170.541628447469,0.0
1811,Other vegetables,conventional,0.3377528806522235,4133.311020148981,0.0
1811,Other vegetables,organic,0.4776459344634602,3208.608013780711,0.0
1811,"Peas, dry",conventional,98.6216478048111,3057.944826079567,2.1649241020946266
1811,"Peas, dry",organic,18.481942339460595,2466.2014712012165,2.470608990878264
1811,"Peas, green",conventional,0.0,,
1811,"Peas, green",organic,0.0,,
1811,Potatoes,conventional,52.54102784104544,30179.4587928956,0.0
1811,Potatoes,organic,5.72897215895456,21452.99408245296,0.0
1811,"Pumpkins, squash and gourds",conventional,0.0012946154681403,25553.458499894583,0.0
1811,"Pumpkins, squash and gourds",organic,0.001830829137139,12320.417487370109,0.0
1811,Rye,conventional,37.51145726118202,5736.196968665145,0.2727347257795621
1811,Rye,organic,24.326513111577274,3507.3691746774884,0.8948039746418187
1811,Semi-natural meadows,conventional,1497.974816685546,0.0,0.0
1811,Semi-natural meadows,organic,1104.549183314454,0.0,0.0
1811,Semi-natural pastures,conventional,21.364578864876595,0.0,0.0
1811,Semi-natural pastures,organic,15.753421135123409,0.0,0.0
1811,Short rotation coppice and other energy crops,conventional,108.77023044870326,0.0,0.0
1811,Short rotation coppice and other energy crops,organic,2.9237695512967443,0.0,0.0
1811,Spring rapeseed,conventional,25.493388795206407,1682.0783673435087,2.7946603555255436
1811,Spring rapeseed,organic,1.0624252070395686,1145.54914876026,3.8100520700956144
1811,Strawberries,conventional,0.0,,
1811,Strawberries,organic,0.0,,
1811,Sugar beet,conventional,0.0,,
1811,Sugar beet,organic,0.0,,
1811,Tomatoes,conventional,0.0,,
1811,Tomatoes,organic,0.0,,
1811,"Triticale, spring",conventional,6.047530286583287,3481.9604973657783,4.905332237665103
1811,"Triticale, spring",organic,0.8700365134167122,2480.670988715453,1.5383431687376476
1811,"Triticale, winter",conventional,191.89464826903338,5426.743142090447,2.3641569696048994
1811,"Triticale, winter",organic,43.18141847413855,4026.308748729638,0.9095690892754223
1811,"Wheat, spring",conventional,405.90190555110047,4234.421359033476,0.8268912534533452
1811,"Wheat, spring",organic,33.578838763085244,2740.7919843179534,0.9363156817895549
1811,"Wheat, winter",conventional,1068.974426183848,5920.747400588066,0.20748249598426965
1811,"Wheat, winter",organic,48.82055248871924,3825.028281573405,0.8782914117224433
1811,Winter rapeseed,conventional,175.20283534578158,2877.350259217593,2.7263914713368855
1811,Winter rapeseed,organic,20.246358968832112,1871.8579873900144,3.7775848162078773
1812,Apples,conventional,0.0,,
1812,Apples,organic,0.0,,
1812,"Barley, spring",conventional,8004.787270771963,5369.477907971758,0.4917959174971523
1812,"Barley, spring",organic,455.1299108280361,3702.5330908392957,0.91005291005291
1812,"Barley, winter",conventional,415.3390636006254,6516.277620391376,0.9079355688236023
1812,"Barley, winter",organic,6.9774907993744515,4030.7767321915912,0.944535969247666
1812,"Beans, dry ",conventional,0.0,,
1812,"Beans, dry ",organic,0.0,,
1812,"Broad beans and horse beans, dry",conventional,198.0457102211512,3732.360224118877,0.0
1812,"Broad beans and horse beans, dry",organic,139.02415277884882,2891.387819587947,1.097077716003924
1812,"Cabbages, cauliflowers and broccoli",conventional,1.8965324115508824,43587.44716134817,0.0
1812,"Cabbages, cauliflowers and broccoli",organic,2.8679755496295534,35579.41434840601,0.0
1812,Carrots and turnips,conventional,4.2921522998256805,48932.142857142855,0.0
1812,Carrots and turnips,organic,6.490681507056358,48932.142857142855,0.0
1812,Cereals for fodder,conventional,547.8546289381385,3399.587209040972,0.0
1812,Cereals for fodder,organic,238.31904052852815,3128.795575250834,0.0
1812,Cucumbers and gherkins,conventional,0.0998174953447832,2905.802308026641,0.0
1812,Cucumbers and gherkins,organic,0.1509460815594502,1401.011826669159,0.0
1812,Fallow,conventional,3715.411524758005,0.0,0.0
1812,Fallow,organic,287.628475241996,0.0,0.0
1812,Green manure,conventional,18.797439907351407,0.0,0.0
1812,Green manure,organic,28.04456009264859,0.0,0.0
1812,Herbs,conventional,0.8983574581030493,3259.209535911206,0.0
1812,Herbs,organic,1.3585147340350516,2953.186076092081,0.0
1812,Lettuce and spinach,conventional,0.0,,
1812,Lettuce and spinach,organic,0.0,,
1812,Ley for fodder,conventional,4517.59455154616,4878.034479061988,0.0
1812,Ley for fodder,organic,1927.047761587529,4402.41712211353,0.0
1812,Ley for grazing,conventional,1753.8768457423705,3902.427583249591,0.0
1812,Ley for grazing,organic,731.5284737794132,3521.9336976908244,0.0
1812,Ley for seed,conventional,609.44094254026,0.0,57.266702642427056
1812,Ley for seed,organic,237.15142480426493,0.0,53.78489085784164
1812,Maize (corn),conventional,2.823453680487802,6243.205727597104,5.027674422909612
1812,Maize (corn),organic,0.468040719512194,4873.508889940549,17.286432160804054
1812,Maize for forage and silage,conventional,30.626692660975607,9222.15147216957,0.0
1812,Maize for forage and silage,organic,8.93981293902439,6621.140262247003,0.0
1812,Mixed grain,conventional,50.53724947049854,4128.02628020763,11.127834598619708
1812,Mixed grain,organic,29.94245786283479,2969.720073734069,2.8401585204755615
1812,Oats,conventional,4444.405364006927,5206.7540477731245,1.405605358340338
1812,Oats,organic,705.8437287930736,3500.4221488339335,0.9889604415823366
1812,"Onions and shallots, dry (excluding dehydrated)",conventional,0.1996349906895665,10400.621777132568,0.0
1812,"Onions and shallots, dry (excluding dehydrated)",organic,0.3018921631189004,8073.798032553304,0.0
1812,Other berries,conventional,0.0,,
1812,Other berries,organic,0.0,,
1812,Other crops for fodder,conventional,41.10269174957336,4114.443948211049,0.0
1812,Other crops for fodder,organic,55.41364925042664,3742.40422958157,0.0
1812,Other fruit,conventional,0.0,,
1812,Other fruit,organic,0.0,,
1812,"Other root, bulb and tuberous vegetables, n.e.c.",conventional,0.2994524860343498,8500.0,0.0
1812,"Other root, bulb and tuberous vegetables, n.e.c.",organic,0.4528382446783505,8500.0,0.0
1812,Other vegetables,conventional,0.5989049720686996,3900.233166424713,0.0
1812,Other vegetables,organic,0.9056764893567012,3027.6742622074894,0.0
1812,"Peas, dry",conventional,673.5077113420111,3510.9819688350444,2.133887641143657
1812,"Peas, dry",organic,125.87147585798886,2832.972485116048,2.487921718703335
1812,"Peas, green",conventional,0.0,,
1812,"Peas, green",organic,0.0,,
1812,Potatoes,conventional,350.7555271043106,35285.556479521896,0.0
1812,Potatoes,organic,37.58847289568941,25082.651068926403,0.0
1812,"Pumpkins, squash and gourds",conventional,0.0,,
1812,"Pumpkins, squash and gourds",organic,0.0,,
1812,Rye,conventional,258.7244787960054,6721.579412792004,0.2201211575711326
1812,Rye,organic,171.7115532039945,4111.687010323264,0.8861837505753539
1812,Semi-natural meadows,conventional,1632.8141958476954,0.0,0.0
1812,Semi-natural meadows,organic,1213.3998041523046,0.0,0.0
1812,Semi-natural pastures,conventional,24.12665871946757,0.0,0.0
1812,Semi-natural pastures,organic,17.92934128053243,0.0,0.0
1812,Short rotation coppice and other energy crops,conventional,381.14005995269264,0.0,0.0
1812,Short rotation coppice and other energy crops,organic,9.875940047307305,0.0,0.0
1812,Spring rapeseed,conventional,177.8604522725807,2128.151160147263,2.8475477901354997
1812,Spring rapeseed,organic,7.29167292741932,1448.4510710568677,3.803453947368421
1812,Strawberries,conventional,0.0,,
1812,Strawberries,organic,0.0,,
1812,Sugar beet,conventional,0.0,,
1812,Sugar beet,organic,0.0,,
1812,Tomatoes,conventional,0.0,,
1812,Tomatoes,organic,0.0,,
1812,"Triticale, spring",conventional,9.524361925998933,4085.517256014449,4.912652079972399
1812,"Triticale, spring",organic,1.3875472740010628,2910.042383009068,1.5248226950354553
1812,"Triticale, winter",conventional,249.315811621504,6359.553523517114,2.4352136388818066
1812,"Triticale, winter",organic,56.87563317849599,4714.5771460044425,0.9014675052410902
1812,"Wheat, spring",conventional,3675.9208371833934,5376.038404152953,0.8093141437397349
1812,"Wheat, spring",organic,284.8050936166072,3480.03544588697,0.9277238403451994
1812,"Wheat, winter",conventional,9050.993766515607,6941.397909931913,0.2129344038329387
1812,"Wheat, winter",organic,402.2947110843944,4483.807462890515,0.8704453441295548
1812,Winter rapeseed,conventional,1910.5862503844612,3374.6482631785207,2.7830843885495966
1812,Winter rapeseed,organic,221.96623321553898,2193.7879095265816,3.764101690035815
1813,Apples,conventional,0.0,,
1813,Apples,organic,0.0,,
1813,"Barley, spring",conventional,712.8609000855342,3067.579088320406,0.4928372559254931
1813,"Barley, spring",organic,40.53455959770872,2115.1946509854997,0.9082794019913396
1813,"Barley, winter",conventional,10.07116026546439,3722.9288653551225,0.9050314861739033
1813,"Barley, winter",organic,0.1716437345356082,2302.919092944607,0.9427227979087192
1813,"Beans, dry ",conventional,0.0,,
1813,"Beans, dry ",organic,0.0,,
1813,"Broad beans and horse beans, dry",conventional,11.121468140826014,2133.0288983716714,0.0
1813,"Broad beans and horse beans, dry",organic,7.813540585842644,1652.6368353484936,1.1102612788061503
1813,"Cabbages, cauliflowers and broccoli",conventional,0.1561153342767859,43415.13945107613,0.0
1813,"Cabbages, cauliflowers and broccoli",organic,0.2355858253133364,35438.76359185905,0.0
1813,Carrots and turnips,conventional,0.3533863908356611,48826.834872324274,0.0
1813,Carrots and turnips,organic,0.5332776880963965,48826.834872324274,0.0
1813,Cereals for fodder,conventional,131.7913370718678,3460.754335599732,0.0
1813,Cereals for fodder,organic,113.69059995505081,3149.170987399801,0.0
1813,Cucumbers and gherkins,conventional,0.0082177327430151,3060.863518107781,0.0
1813,Cucumbers and gherkins,organic,0.0124009685495419,1475.7734815075569,0.0
1813,Fallow,conventional,811.1618356594682,0.0,0.0
1813,Fallow,organic,62.998164340531886,0.0,0.0
1813,Green manure,conventional,4.958914776691606,0.0,0.0
1813,Green manure,organic,7.425085223308394,0.0,0.0
1813,Herbs,conventional,0.073873243325128,3250.6562303140936,0.0
1813,Herbs,organic,0.1114784084340334,2945.4358830726887,0.0
1813,Lettuce and spinach,conventional,2.15878405021065e-05,9664.757941884069,0.0
1813,Lettuce and spinach,organic,3.257712796107871e-05,8757.285552919413,0.0
1813,Ley for fodder,conventional,3988.688306880316,4876.661872100954,0.0
1813,Ley for fodder,organic,1700.2077005656763,4401.057228190266,0.0
1813,Ley for grazing,conventional,1546.5402252092968,3901.329497680763,0.0
1813,Ley for grazing,organic,645.9510194929908,3520.8457825522128,0.0
1813,Ley for seed,conventional,347.93672909044545,0.0,89.22458518385692
1813,Ley for seed,organic,127.89201876127353,0.0,87.67212035942927
1813,Maize (corn),conventional,0.0,,
1813,Maize (corn),organic,0.0,,
1813,Maize for forage and silage,conventional,0.0,,
1813,Maize for forage and silage,organic,0.0,,
1813,Mixed grain,conventional,64.4387746246917,2356.3172873381673,11.133843239835771
1813,Mixed grain,organic,38.14414028083206,1694.9191989749502,2.833789514346273
1813,Oats,conventional,914.5329264490598,4180.697316690823,1.4040805364615796
1813,Oats,organic,145.6726205906279,2810.598594622812,0.9866857699844628
1813,"Onions and shallots, dry (excluding dehydrated)",conventional,0.0166428450163076,10426.565049921466,0.0
1813,"Onions and shallots, dry (excluding dehydrated)",organic,0.0251148831528447,8093.937284733551,0.0
1813,Other berries,conventional,0.0,,
1813,Other berries,organic,0.0,,
1813,Other crops for fodder,conventional,15.78056610611576,4113.99176282887,0.0
1813,Other crops for fodder,organic,17.941033281011563,3714.540432438977,0.0
1813,Other fruit,conventional,0.0,,
1813,Other fruit,organic,0.0,,
1813,"Other root, bulb and tuberous vegetables, n.e.c.",conventional,0.025083000647223,8555.109433848495,0.0
1813,"Other root, bulb and tuberous vegetables, n.e.c.",organic,0.037851498933053,8555.109433848495,0.0
1813,Other vegetables,conventional,0.0497643311996497,3913.719548178028,0.0
1813,Other vegetables,organic,0.0750968576606956,3038.1434749910536,0.0
1813,"Peas, dry",conventional,21.320766011646906,2048.4255641010554,2.131009208626932
1813,"Peas, dry",organic,3.990247968439523,1652.8437020305007,2.484569312783682
1813,"Peas, green",conventional,0.0,,
1813,"Peas, green",organic,0.0,,
1813,Potatoes,conventional,4.0637566310130095,20186.33411185137,0.0
1813,Potatoes,organic,0.4382433689869913,14349.40597244606,0.0
1813,"Pumpkins, squash and gourds",conventional,0.0,,
1813,"Pumpkins, squash and gourds",organic,0.0,,
1813,Rye,conventional,0.0,,
1813,Rye,organic,0.0,,
1813,Semi-natural meadows,conventional,742.7572566894903,0.0,0.0
1813,Semi-natural meadows,organic,551.3367433105097,0.0,0.0
1813,Semi-natural pastures,conventional,27.91737923626631,0.0,0.0
1813,Semi-natural pastures,organic,20.722620763733698,0.0,0.0
1813,Short rotation coppice and other energy crops,conventional,32.412523788754456,0.0,0.0
1813,Short rotation coppice and other energy crops,organic,0.841476211245539,0.0,0.0
1813,Spring rapeseed,conventional,12.404951883193945,1130.4632800727532,2.8475293487844366
1813,Spring rapeseed,organic,0.5088778491059347,769.521561227662,3.817383838827177
1813,Strawberries,conventional,0.0,,
1813,Strawberries,organic,0.0,,
1813,Sugar beet,conventional,0.0,,
1813,Sugar beet,organic,0.0,,
1813,Tomatoes,conventional,0.0,,
1813,Tomatoes,organic,0.0,,
1813,"Triticale, spring",conventional,0.0,,
1813,"Triticale, spring",organic,0.0,,
1813,"Triticale, winter",conventional,30.965883341058515,3633.1061722830423,2.4268896920165126
1813,"Triticale, winter",organic,7.059014258941489,2693.541535481352,0.8997370099538107
1813,"Wheat, spring",conventional,204.12627100076253,3084.3369148519923,0.8092967310659351
1813,"Wheat, spring",organic,15.917442265630433,1996.530682129708,0.9260803672533352
1813,"Wheat, winter",conventional,281.3238167398969,4057.817952887136,0.21333566144217594
1813,"Wheat, winter",organic,12.592909738336981,2621.098816095286,0.8687486214522573
1813,Winter rapeseed,conventional,12.17498813272435,1927.8552692239064,2.7811964012555714
1813,Winter rapeseed,organic,1.4235600410933646,1253.4885177644355,3.779916233141029
1821,Apples,conventional,0.0,,
1821,Apples,organic,0.0,,
1821,"Barley, spring",conventional,3460.4217740768436,4236.196825666329,0.4849166406995606
1821,"Barley, spring",organic,192.6267164675577,2919.280467525089,0.8422149249341667
1821,"Barley, winter",conventional,130.1056165394723,5146.45450489448,0.8153896324406844
1821,"Barley, winter",organic,2.7457306605277036,3184.309929332684,0.8789661785195189
1821,"Beans, dry ",conventional,0.0,,
1821,"Beans, dry ",organic,0.0,,
1821,"Broad beans and horse beans, dry",conventional,172.32887070817998,2970.770751383926,0.0
1821,"Broad beans and horse beans, dry",organic,125.18036315001663,2310.3477157523057,1.4801571841793744
1821,"Cabbages, cauliflowers and broccoli",conventional,0.2908485922754516,37851.6319833557,0.0
1821,"Cabbages, cauliflowers and broccoli",organic,0.4202499298050491,30897.402481818903,0.0
1821,Carrots and turnips,conventional,0.6762679146450998,45956.72375154586,0.0
1821,Carrots and turnips,organic,0.9771460175741666,45956.72375154586,0.0
1821,Cereals for fodder,conventional,303.2948150053682,3409.9664696032055,0.0
1821,Cereals for fodder,organic,165.614376313472,3103.0468474630325,0.0
1821,Cucumbers and gherkins,conventional,0.0153078206460764,7746.510225917279,0.0
1821,Cucumbers and gherkins,organic,0.0221184173581604,3734.9245721034727,0.0
1821,Fallow,conventional,2761.477126122343,0.0,0.0
1821,Fallow,organic,226.1608738776568,0.0,0.0
1821,Green manure,conventional,33.42589707246147,0.0,0.0
1821,Green manure,organic,58.50810292753853,0.0,0.0
1821,Herbs,conventional,0.1377703858146876,2997.111602306399,0.0
1821,Herbs,organic,0.1990657562234443,2715.69782639051,0.0
1821,Lettuce and spinach,conventional,0.0,,
1821,Lettuce and spinach,organic,0.0,,
1821,Ley for fodder,conventional,3660.274857198204,4860.557924851411,0.0
1821,Ley for fodder,organic,1516.260832300521,4385.975612971521,0.0
1821,Ley for grazing,conventional,1365.4378067050066,3888.44633988113,0.0
1821,Ley for grazing,organic,592.4740662813225,3508.7804903772167,0.0
1821,Ley for seed,conventional,637.2557201479318,0.0,57.30412246731328
1821,Ley for seed,organic,196.9827173670141,0.0,43.76152403807387
1821,Maize (corn),conventional,0.0,,
1821,Maize (corn),organic,0.0,,
1821,Maize for forage and silage,conventional,0.0,,
1821,Maize for forage and silage,organic,0.0,,
1821,Mixed grain,conventional,37.391211589256194,3144.4467815842504,11.182648630574048
1821,Mixed grain,organic,21.255810894834816,2255.1877334258725,2.601232161852528
1821,Oats,conventional,4098.242182217391,4756.715558026809,1.2692404581202301
1821,Oats,organic,695.4352126176118,3199.65252985452,0.9073146705768652
1821,"Onions and shallots, dry (excluding dehydrated)",conventional,0.0486472681559672,11313.38117257972,0.0
1821,"Onions and shallots, dry (excluding dehydrated)",organic,0.070290905889587,8782.355190872304,0.0
1821,Other berries,conventional,0.0,,
1821,Other berries,organic,0.0,,
1821,Other crops for fodder,conventional,2.190636972981235,4111.846816912501,0.0
1821,Other crops for fodder,organic,7.713424459412664,3887.4675501418697,0.0
1821,Other fruit,conventional,0.0,,
1821,Other fruit,organic,0.0,,
1821,"Other root, bulb and tuberous vegetables, n.e.c.",conventional,0.0729709022339509,8481.509568887941,0.0
1821,"Other root, bulb and tuberous vegetables, n.e.c.",organic,0.1054363588343806,8481.509568887941,0.0
1821,Other vegetables,conventional,0.1279101776040873,3671.207073828144,0.0
1821,Other vegetables,organic,0.1848186464954951,2849.885813071196,0.0
1821,"Peas, dry",conventional,256.7580918781456,2917.9192425533315,1.9835440600849064
1821,"Peas, dry",organic,48.476210522453854,2354.1376720170874,2.3257152680863347
1821,"Peas, green",conventional,0.0,,
1821,"Peas, green",organic,0.0,,
1821,Potatoes,conventional,5.028911565009835,28999.066788186683,0.0
1821,Potatoes,organic,0.6770884349901649,20613.91532806668,0.0
1821,"Pumpkins, squash and gourds",conventional,0.0,,
1821,"Pumpkins, squash and gourds",organic,0.0,,
1821,Rye,conventional,17.752139143472533,5489.750275029353,0.21332958568107901
1821,Rye,organic,14.389476856527464,3356.2149027075666,0.8220106699851624
1821,Semi-natural meadows,conventional,932.7956681195898,0.0,0.0
1821,Semi-natural meadows,organic,659.7823318804102,0.0,0.0
1821,Semi-natural pastures,conventional,40.4892563791356,0.0,0.0
1821,Semi-natural pastures,organic,28.638743620864407,0.0,0.0
1821,Short rotation coppice and other energy crops,conventional,517.0009662438771,0.0,0.0
1821,Short rotation coppice and other energy crops,organic,12.915033756122831,0.0,0.0
1821,Spring rapeseed,conventional,130.69108989010098,1384.7307255400788,2.917378458150045
1821,Spring rapeseed,organic,4.736952016406376,947.1753779529881,4.35032626049774
1821,Strawberries,conventional,0.0,,
1821,Strawberries,organic,0.0,,
1821,Sugar beet,conventional,0.0,,
1821,Sugar beet,organic,0.0,,
1821,Tomatoes,conventional,0.0,,
1821,Tomatoes,organic,0.0,,
1821,"Triticale, spring",conventional,14.088755554716895,3220.0562499155903,4.908211592006374
1821,"Triticale, spring",organic,1.9611464452831031,2291.2338725641976,1.418969336067412
1821,"Triticale, winter",conventional,95.15233197558882,5028.184451350296,2.1659516924825715
1821,"Triticale, winter",organic,20.67438122441117,3735.511521495287,0.8388875320146986
1821,"Wheat, spring",conventional,1231.3917936484374,4726.2177358543,0.8273789388173389
1821,"Wheat, spring",organic,107.58833324416052,3057.035300707057,0.8694271012961602
1821,"Wheat, winter",conventional,3819.4139683750914,5514.165052898572,0.22833864547083324
1821,"Wheat, winter",organic,205.34622714997627,3559.128082010888,0.8090004953025972
1821,Winter rapeseed,conventional,428.6950552366871,2638.579203446709,2.780710002960175
1821,Winter rapeseed,organic,57.907305165615625,1725.8397950645904,4.35032626049774
1911,Apples,conventional,4.889885191701936,1312.44008079263,0.0
1911,Apples,organic,5.398384409318982,1134.015619665661,0.0
1911,"Barley, spring",conventional,7474.334321757496,4748.38432685014,0.44159877086410726
1911,"Barley, spring",organic,361.92162244546523,3260.7398864212564,0.449093775750498
1911,"Barley, winter",conventional,219.72329273067302,5806.514771707967,0.2527149431442757
1911,"Barley, winter",organic,10.519884069327032,3598.7641130313364,0.48421742883805585
1911,"Beans, dry ",conventional,0.0,,
1911,"Beans, dry ",organic,0.0,,
1911,"Broad beans and horse beans, dry",conventional,403.9290945990628,3552.224938312967,2.410708971163715
1911,"Broad beans and horse beans, dry",organic,372.069835231645,2718.719921202971,0.8816670748332707
1911,"Cabbages, cauliflowers and broccoli",conventional,0.0013938943245376,11917.88759725073,0.0
1911,"Cabbages, cauliflowers and broccoli",organic,0.0015388454114611,9728.29308884896,0.0
1911,Carrots and turnips,conventional,0.1924633141017118,28026.781920647358,0.0
1911,Carrots and turnips,organic,0.2124775763602172,28026.781920647354,0.0
1911,Cereals for fodder,conventional,217.17705257423154,3297.7248404928205,0.0
1911,Cereals for fodder,organic,140.2291263779092,3016.323674960682,0.0
1911,Cucumbers and gherkins,conventional,3.435406859375298e-05,22149.68580709305,0.0
1911,Cucumbers and gherkins,organic,3.792654858398473e-05,10679.312796684197,0.0
1911,Fallow,conventional,2853.770283324711,0.0,0.0
1911,Fallow,organic,313.1657166752888,0.0,0.0
1911,Green manure,conventional,37.46861159956623,0.0,0.0
1911,Green manure,organic,237.2633884004337,0.0,0.0
1911,Herbs,conventional,0.0003092040522687,1594.6578334786695,0.0
1911,Herbs,organic,0.0003413581852389,1444.927445772137,0.0
1911,Lettuce and spinach,conventional,0.0002390701070064,5500.521880204365,0.0
1911,Lettuce and spinach,organic,0.0002639310101979,4984.050411265707,0.0
1911,Ley for fodder,conventional,4386.089253142837,4754.8135836831625,0.0
1911,Ley for fodder,organic,1505.165824384436,4285.773638878703,0.0
1911,Ley for grazing,conventional,1266.7774333638476,3803.85086694653,0.0
1911,Ley for grazing,organic,689.2406418781707,3428.6189111029616,0.0
1911,Ley for seed,conventional,1366.2101213529827,0.0,72.97867816724494
1911,Ley for seed,organic,121.97472587772454,0.0,0.11868006191202388
1911,Maize (corn),conventional,0.0,,
1911,Maize (corn),organic,0.0,,
1911,Maize for forage and silage,conventional,0.0,,
1911,Maize for forage and silage,organic,0.0,,
1911,Mixed grain,conventional,64.861236980845,2752.736790649608,11.10075050172467
1911,Mixed grain,organic,26.700475503476234,1950.1800933016636,1.3079524009920755
1911,Oats,conventional,3954.9008336574634,4473.233846154013,0.4467776540238216
1911,Oats,organic,962.8041434726586,3020.4167936014446,0.4606493589261983
1911,"Onions and shallots, dry (excluding dehydrated)",conventional,0.1909591709900579,12461.153975422149,0.0
1911,"Onions and shallots, dry (excluding dehydrated)",organic,0.2108170173889929,9673.34863299344,0.0
1911,Other berries,conventional,0.0,,
1911,Other berries,organic,0.0,,
1911,Other crops for fodder,conventional,33.13570514977041,4160.234642773281,0.0
1911,Other crops for fodder,organic,42.27755956610397,4151.07247925644,0.0
1911,Other fruit,conventional,0.0,,
1911,Other fruit,organic,0.0,,
1911,"Other root, bulb and tuberous vegetables, n.e.c.",conventional,0.2864746217957422,7002.217528101939,0.0
1911,"Other root, bulb and tuberous vegetables, n.e.c.",organic,0.3162651210282145,7002.217528101938,0.0
1911,Other vegetables,conventional,0.382058885348164,2270.625692244939,0.0
1911,Other vegetables,organic,0.4217891932525023,1762.642045788,0.0
1911,"Peas, dry",conventional,663.3244095339228,2750.6739943349357,1.0778874238113754
1911,"Peas, dry",organic,132.8877141455766,2217.767408191611,1.3592557022036889
1911,"Peas, green",conventional,0.0,,
1911,"Peas, green",organic,0.0,,
1911,Potatoes,conventional,0.0374810073308296,40640.95500157182,0.0
1911,Potatoes,organic,0.0125189926691703,28889.522941319283,0.0
1911,"Pumpkins, squash and gourds",conventional,1.7434924995355076e-08,14230.1434768875,0.0
1911,"Pumpkins, squash and gourds",organic,1.9247983047187225e-08,6860.962031466453,0.0
1911,Rye,conventional,14.229601749592822,7688.115565752806,0.596382103993281
1911,Rye,organic,40.754574250407174,4664.579511811616,0.44810443957916285
1911,Semi-natural meadows,conventional,2312.4452671992576,0.0,0.0
1911,Semi-natural meadows,organic,1200.5547328007428,0.0,0.0
1911,Semi-natural pastures,conventional,5.868990037673949,0.0,0.0
1911,Semi-natural pastures,organic,3.047009962326052,0.0,0.0
1911,Short rotation coppice and other energy crops,conventional,364.655437645811,0.0,0.0
1911,Short rotation coppice and other energy crops,organic,7.07856235418905,0.0,0.0
1911,Spring rapeseed,conventional,371.3679687413507,2020.6089649785563,3.4357542449343526
1911,Spring rapeseed,organic,3.0517546413889924,1423.87273296351,7.650505246234139
1911,Strawberries,conventional,0.0,,
1911,Strawberries,organic,0.0,,
1911,Sugar beet,conventional,0.0,,
1911,Sugar beet,organic,0.0,,
1911,Tomatoes,conventional,0.0,,
1911,Tomatoes,organic,0.0,,
1911,"Triticale, spring",conventional,4.311465111024359,3587.549740649648,4.858240369797581
1911,"Triticale, spring",organic,0.4385636889756409,2537.6612022347927,0.7817020726188793
1911,"Triticale, winter",conventional,201.1226413626936,5702.990089816534,0.6167258866780928
1911,"Triticale, winter",organic,31.354258548764427,4287.635474976511,0.4621383322400945
1911,"Wheat, spring",conventional,1536.856941364337,4540.236832344203,0.9704898032198486
1911,"Wheat, spring",organic,227.83565611045998,2921.6201946067504,0.5002628409406613
1911,"Wheat, winter",conventional,9490.329039165837,5940.971489509793,0.3511672033456818
1911,"Wheat, winter",organic,1082.1072690783596,3815.784884542492,0.44233109912178975
1911,Winter rapeseed,conventional,1088.530506489096,2785.0142021922784,2.3160597792652724
1911,Winter rapeseed,organic,300.5014519020827,1895.7342274669638,7.650505246234142
1912,Apples,conventional,0.0,,
1912,Apples,organic,0.0,,
1912,"Barley, spring",conventional,1551.5014986987878,3311.3424652327026,0.441573457981423
1912,"Barley, spring",organic,75.14329775451618,2273.900744776531,0.44840650394072473
1912,"Barley, winter",conventional,5.420374153036579,4049.257236040407,0.25199643247263714
1912,"Barley, winter",organic,0.2597262469634213,2509.6505144647326,0.48350849778792715
1912,"Beans, dry ",conventional,0.0,,
1912,"Beans, dry ",organic,0.0,,
1912,"Broad beans and horse beans, dry",conventional,18.60451507964501,2477.533132506689,2.4146701385269074
1912,"Broad beans and horse beans, dry",organic,17.1361512948484,1896.0804192280443,0.8795901944947356
1912,"Cabbages, cauliflowers and broccoli",conventional,7.73253341532651e-05,11900.766310266335,0.0
1912,"Cabbages, cauliflowers and broccoli",organic,8.541889736655575e-05,9714.31738245944,0.0
1912,Carrots and turnips,conventional,0.0490551660462025,28004.90898721021,0.0
1912,Carrots and turnips,organic,0.0541897198335352,28004.908987210212,0.0
1912,Cereals for fodder,conventional,148.6300520477039,3305.967093712241,0.0
1912,Cereals for fodder,organic,100.89307411292133,3011.7658480873893,0.0
1912,Cucumbers and gherkins,conventional,1.2292807839160895e-06,22157.43591839127,0.0
1912,Cucumbers and gherkins,organic,1.3579483395167952e-06,10683.049457487588,0.0
1912,Fallow,conventional,2652.357576383824,0.0,0.0
1912,Fallow,organic,291.1864236161765,0.0,0.0
1912,Green manure,conventional,27.68843150239553,0.0,0.0
1912,Green manure,organic,175.81756849760447,0.0,0.0
1912,Herbs,conventional,1.1063527055244807e-05,1593.151492921423,0.0
1912,Herbs,organic,1.2221535055651154e-05,1443.562543052475,0.0
1912,Lettuce and spinach,conventional,1.7171954309637073e-05,5498.995440150552,0.0
1912,Lettuce and spinach,organic,1.8969325109552568e-05,4982.667296291589,0.0
1912,Ley for fodder,conventional,4509.930205526594,4754.7028522853,0.0
1912,Ley for fodder,organic,1547.1835990640088,4285.761709267472,0.0
1912,Ley for grazing,conventional,1302.1773754709257,3803.7622818282393,0.0
1912,Ley for grazing,organic,708.7785652009861,3428.609367413977,0.0
1912,Ley for seed,conventional,1111.0750648902308,0.0,92.35052883367389
1912,Ley for seed,organic,28.15718984725356,0.0,0.41394959121777974
1912,Maize (corn),conventional,0.0,,
1912,Maize (corn),organic,0.0,,
1912,Maize for forage and silage,conventional,0.0,,
1912,Maize for forage and silage,organic,0.0,,
1912,Mixed grain,conventional,62.161012420749984,1918.484287289152,11.099120473402186
1912,Mixed grain,organic,25.559872089298466,1359.1563976190173,1.3064053793691215
1912,Oats,conventional,2509.8973928031664,3621.4796823580987,0.4455126472860763
1912,Oats,organic,611.1164389867841,2445.3088371069884,0.4599323909152368
1912,"Onions and shallots, dry (excluding dehydrated)",conventional,0.0489630622164528,12462.286903104494,0.0
1912,"Onions and shallots, dry (excluding dehydrated)",organic,0.0540879755906346,9674.228102460627,0.0
1912,Other berries,conventional,1.439176632846349,667.0978885759896,0.0
1912,Other berries,organic,1.5898137711216944,667.0978885759896,0.0
1912,Other crops for fodder,conventional,48.6219079632607,4347.249749529098,0.0
1912,Other crops for fodder,organic,47.371086270484646,3958.998844991077,0.0
1912,Other fruit,conventional,0.0,,
1912,Other fruit,organic,0.0,,
1912,"Other root, bulb and tuberous vegetables, n.e.c.",conventional,0.073455632438164,7001.707913113504,0.0
1912,"Other root, bulb and tuberous vegetables, n.e.c.",organic,0.0811441579520938,7001.707913113505,0.0
1912,Other vegetables,conventional,0.0979383955397933,2266.930776263281,0.0
1912,Other vegetables,organic,0.1081895066922966,1759.7737552163007,0.0
1912,"Peas, dry",conventional,232.30685212813376,2037.5592100958008,1.0787490128361459
1912,"Peas, dry",organic,46.616033776966866,1642.7746337863744,1.3580422850081142
1912,"Peas, green",conventional,0.0,,
1912,"Peas, green",organic,0.0,,
1912,Potatoes,conventional,1.199042421272731,28358.153824814948,0.0
1912,Potatoes,organic,0.400957578727269,20158.32392382923,0.0
1912,"Pumpkins, squash and gourds",conventional,2.4531363299481537e-06,14217.560791042704,0.0
1912,"Pumpkins, squash and gourds",organic,2.709903587078938e-06,6854.895379364509,0.0
1912,Rye,conventional,29.59743973969654,5363.077693070155,0.5960992233864739
1912,Rye,organic,85.02044026030345,3253.9062475075225,0.4474428624512882
1912,Semi-natural meadows,conventional,1110.1293750159002,0.0,0.0
1912,Semi-natural meadows,organic,576.1606249840999,0.0,0.0
1912,Semi-natural pastures,conventional,336.3113534812356,0.0,0.0
1912,Semi-natural pastures,organic,174.54664651876442,0.0,0.0
1912,Short rotation coppice and other energy crops,conventional,79.90925576321493,0.0,0.0
1912,Short rotation coppice and other energy crops,organic,1.5507442367850766,0.0,0.0
1912,Spring rapeseed,conventional,80.32128915113177,1355.351132141674,3.4355449313846114
1912,Spring rapeseed,organic,0.6648003160221232,955.1438987519037,7.6562769743056185
1912,Strawberries,conventional,0.0,,
1912,Strawberries,organic,0.0,,
1912,Sugar beet,conventional,0.0,,
1912,Sugar beet,organic,0.0,,
1912,Tomatoes,conventional,0.0,,
1912,Tomatoes,organic,0.0,,
1912,"Triticale, spring",conventional,4.417605976244874,2501.735691446422,4.857897349519471
1912,"Triticale, spring",organic,0.44881202375512647,1769.594213583396,0.7805576014821471
1912,"Triticale, winter",conventional,55.42887663454993,3981.638984908229,0.6148382239273789
1912,"Triticale, winter",organic,8.630223765450072,2993.5217320936026,0.4614617266624035
1912,"Wheat, spring",conventional,962.6649260850421,3240.017409308627,0.9702442048831474
1912,"Wheat, spring",organic,142.89638631387368,2084.925895616811,0.4995646195135599
1912,"Wheat, winter",conventional,1143.44819851624,4634.863370593399,0.3515732162563279
1912,"Wheat, winter",organic,130.542351370916,2976.8619970564346,0.4416708903216795
1912,Winter rapeseed,conventional,125.44807450177696,1942.028612518509,2.3126430483312226
1912,Winter rapeseed,organic,34.689289517729726,1322.0503494426928,7.656276974305623
1921,Apples,conventional,0.0,,
1921,Apples,organic,0.0,,
1921,"Barley, spring",conventional,9170.544719950023,4681.398856806332,0.5035560856212166
1921,"Barley, spring",organic,460.77734883264645,3217.2375887257654,0.5882619759911035
1921,"Barley, winter",conventional,215.96730171355597,5750.888416365276,0.23908224920983975
1921,"Barley, winter",organic,13.968789086444046,3569.78988351666,0.6240148445653093
1921,"Beans, dry ",conventional,0.0,,
1921,"Beans, dry ",organic,0.0,,
1921,"Broad beans and horse beans, dry",conventional,113.46709427640872,3518.6490356370123,3.025029527455341
1921,"Broad beans and horse beans, dry",organic,153.81973765429123,2678.9071510934377,0.9866437906637953
1921,"Cabbages, cauliflowers and broccoli",conventional,0.1320818226698593,10153.407405308411,0.0
1921,"Cabbages, cauliflowers and broccoli",organic,0.1024087193316266,8287.989149361974,0.0
1921,Carrots and turnips,conventional,0.0943315089785232,28024.27377196529,0.0
1921,Carrots and turnips,organic,0.0731392770923267,28024.27377196529,0.0
1921,Cereals for fodder,conventional,281.9249541482389,3285.4273148902794,0.0
1921,Cereals for fodder,organic,164.69670290964646,3012.747009551595,0.0
1921,Cucumbers and gherkins,conventional,0.0,,
1921,Cucumbers and gherkins,organic,0.0,,
1921,Fallow,conventional,2903.5348613816277,0.0,0.0
1921,Fallow,organic,330.4611386183729,0.0,0.0
1921,Green manure,conventional,74.47806285149824,0.0,0.0
1921,Green manure,organic,430.5039371485017,0.0,0.0
1921,Herbs,conventional,0.0,,
1921,Herbs,organic,0.0,,
1921,Lettuce and spinach,conventional,0.0426070395709223,4422.014560225467,0.0
1921,Lettuce and spinach,organic,0.0330350707521376,4006.809529625183,0.0
1921,Ley for fodder,conventional,3833.3985450191626,4731.68540131892,0.0
1921,Ley for fodder,organic,1335.4603373821567,4235.877778009384,0.0
1921,Ley for grazing,conventional,1103.1535609340149,3785.3483210551367,0.0
1921,Ley for grazing,organic,560.9406046562987,3388.702222407508,0.0
1921,Ley for seed,conventional,1069.8450090282631,0.0,72.07967829841841
1921,Ley for seed,organic,104.80194298010457,0.0,5.0381806471989785
1921,Maize (corn),conventional,3.8093787454570887,5304.487172971202,6.762517340703332
1921,Maize (corn),organic,0.0068132545429075,3795.8940947459546,11.420412381441007
1921,Maize for forage and silage,conventional,45.74367141448447,8814.999783496316,0.0
1921,Maize for forage and silage,organic,0.1301365855155364,6328.821441974783,0.0
1921,Mixed grain,conventional,39.666541636241206,3119.1926990220118,11.329537837409392
1921,Mixed grain,organic,19.64044344760808,2208.1251589612534,1.4874437907148177
1921,Oats,conventional,4365.3903049766495,5060.875452751051,0.5586477202419566
1921,Oats,organic,1226.4898881040983,3417.963160445006,0.5945835762699929
1921,"Onions and shallots, dry (excluding dehydrated)",conventional,0.0772886931501543,10258.265445631978,0.0
1921,"Onions and shallots, dry (excluding dehydrated)",organic,0.0599252487914717,7963.289613554931,0.0
1921,Other berries,conventional,0.0,,
1921,Other berries,organic,0.0,,
1921,Other crops for fodder,conventional,15.272418848097828,3965.6717216452644,0.0
1921,Other crops for fodder,organic,24.93884294850883,3987.5091734313237,0.0
1921,Other fruit,conventional,0.0,,
1921,Other fruit,organic,0.0,,
1921,"Other root, bulb and tuberous vegetables, n.e.c.",conventional,0.1223240956608698,6345.99921525263,0.0
1921,"Other root, bulb and tuberous vegetables, n.e.c.",organic,0.0948431338000282,6345.999215252631,0.0
1921,Other vegetables,conventional,0.1673594981715853,3150.8029308313203,0.0
1921,Other vegetables,organic,0.1297610188085847,2445.9063168550847,0.0
1921,"Peas, dry",conventional,1304.8014457224722,3062.516057443901,1.1049544060665912
1921,"Peas, dry",organic,214.06656291086253,2472.949253339673,1.5359855111950143
1921,"Peas, green",conventional,0.0,,
1921,"Peas, green",organic,0.0,,
1921,Potatoes,conventional,2.339481904411981,35424.45572618006,0.0
1921,Potatoes,organic,0.6665180955880186,25181.387256909868,0.0
1921,"Pumpkins, squash and gourds",conventional,0.0,,
1921,"Pumpkins, squash and gourds",organic,0.0,,
1921,Rye,conventional,70.49526734057304,7316.959932934127,0.9620422741603976
1921,Rye,organic,111.55756465942694,4428.901600685151,0.5794270508754601
1921,Semi-natural meadows,conventional,885.5761363527699,0.0,0.0
1921,Semi-natural meadows,organic,447.0298636472298,0.0,0.0
1921,Semi-natural pastures,conventional,10.733724562526312,0.0,0.0
1921,Semi-natural pastures,organic,5.418275437473684,0.0,0.0
1921,Short rotation coppice and other energy crops,conventional,492.34089571815457,0.0,0.0
1921,Short rotation coppice and other energy crops,organic,10.479104281845396,0.0,0.0
1921,Spring rapeseed,conventional,354.63445399225213,1890.092030533496,3.518521606353702
1921,Spring rapeseed,organic,2.7579379544265468,1317.3909531365573,6.713393970065297
1921,Strawberries,conventional,0.0,,
1921,Strawberries,organic,0.0,,
1921,Sugar beet,conventional,0.0,,
1921,Sugar beet,organic,0.0,,
1921,Tomatoes,conventional,0.0,,
1921,Tomatoes,organic,0.0,,
1921,"Triticale, spring",conventional,12.885898178910725,3564.615555956691,4.962030484064556
1921,"Triticale, spring",organic,1.7808278210892727,2524.430130479266,1.0073856666253802
1921,"Triticale, winter",conventional,38.01298066404127,5794.93796783393,0.5899236352646527
1921,"Triticale, winter",organic,8.14606985700979,4363.7882322176165,0.5955613375017966
1921,"Wheat, spring",conventional,2870.580650633259,5228.658168120203,1.0502178858337747
1921,"Wheat, spring",organic,396.1260398528265,3366.448412900871,0.6344865004181872
1921,"Wheat, winter",conventional,7252.124696769452,5987.061870813704,0.3391916392606122
1921,"Wheat, winter",organic,751.5610094182589,3850.951362139152,0.5742132050123829
1921,Winter rapeseed,conventional,633.7027463129776,2815.6233177940007,2.838153085808985
1921,Winter rapeseed,organic,140.92875937970217,1887.1760385000837,6.713393970065296
1922,Apples,conventional,0.0,,
1922,Apples,organic,0.0,,
1922,"Barley, spring",conventional,3093.382778517917,4091.444073797631,0.6531438655617728
1922,"Barley, spring",organic,168.30264140356638,2817.703541043076,0.9457653399699223
1922,"Barley, winter",conventional,25.31345432914936,5082.184370660977,0.18714780148191673
1922,"Barley, winter",organic,2.7225068708506424,3167.139155852847,0.9627754120480189
1922,"Beans, dry ",conventional,0.0,,
1922,"Beans, dry ",organic,0.0,,
1922,"Broad beans and horse beans, dry",conventional,18.578673623059785,3214.973011483335,7.192316820596978
1922,"Broad beans and horse beans, dry",organic,87.15513987894482,2348.0625382929675,1.2203598572912024
1922,"Cabbages, cauliflowers and broccoli",conventional,4.336031661020305,6187.403849416641,0.0
1922,"Cabbages, cauliflowers and broccoli",organic,1.2540792112218588,5050.633144088632,0.0
1922,Carrots and turnips,conventional,0.9849393266431417,28082.778340828623,0.0
1922,Carrots and turnips,organic,0.2848669083674007,28082.778340828623,0.0
1922,Cereals for fodder,conventional,277.19241984329193,3218.450626978985,0.0
1922,Cereals for fodder,organic,127.50381657857942,2940.380497060425,0.0
1922,Cucumbers and gherkins,conventional,0.0,,
1922,Cucumbers and gherkins,organic,0.0,,
1922,Fallow,conventional,3431.1328973880964,0.0,0.0
1922,Fallow,organic,424.3711026119036,0.0,0.0
1922,Green manure,conventional,14.629896576309363,0.0,0.0
1922,Green manure,organic,68.90210342369063,0.0,0.0
1922,Herbs,conventional,0.0,,
1922,Herbs,organic,0.0,,
1922,Lettuce and spinach,conventional,1.398719890651711,1895.9395323164867,0.0
1922,Lettuce and spinach,organic,0.4045416810393093,1717.9203013052672,0.0
1922,Ley for fodder,conventional,4354.660200967412,4675.739315720452,0.0
1922,Ley for fodder,organic,1573.6474615279446,4119.228502880261,0.0
1922,Ley for grazing,conventional,1244.8319347965526,3740.591452576361,0.0
1922,Ley for grazing,organic,525.6599394230412,3295.382802304209,0.0
1922,Ley for seed,conventional,737.4097660557115,0.0,83.09640332743372
1922,Ley for seed,organic,62.59269722933828,0.0,32.06040128608668
1922,Maize (corn),conventional,0.0,,
1922,Maize (corn),organic,0.0,,
1922,Maize for forage and silage,conventional,0.0,,
1922,Maize for forage and silage,organic,0.0,,
1922,Mixed grain,conventional,77.41040006138289,3624.803119723004,12.076567758966013
1922,Mixed grain,organic,57.85773453043155,2552.237984181447,1.7885812372348147
1922,Oats,conventional,1519.0461994665811,4070.408034433548,0.839454020313618
1922,Oats,organic,584.242520501443,2750.3173877182694,0.9216427768498758
1922,"Onions and shallots, dry (excluding dehydrated)",conventional,0.425451370382457,5306.400960526984,0.0
1922,"Onions and shallots, dry (excluding dehydrated)",organic,0.123050235951677,4119.254651605396,0.0
1922,Other berries,conventional,0.030560242612537,749.4434105510701,0.0
1922,Other berries,organic,0.0088387188900878,749.4434105510701,0.0
1922,Other crops for fodder,conventional,44.667739764495145,3701.7862883865955,0.0
1922,Other crops for fodder,organic,35.31259249182266,3365.6509795799175,0.0
1922,Other fruit,conventional,0.0,,
1922,Other fruit,organic,0.0,,
1922,"Other root, bulb and tuberous vegetables, n.e.c.",conventional,0.8479850391714422,4765.029375740817,0.0
1922,"Other root, bulb and tuberous vegetables, n.e.c.",organic,0.2452566060834119,4765.029375740817,0.0
1922,Other vegetables,conventional,1.2705187079604274,5138.527096713601,0.0
1922,Other vegetables,organic,0.3674629762151468,3988.9374743810877,0.0
1922,"Peas, dry",conventional,236.65699847571173,2901.7653419544704,1.2070984085680814
1922,"Peas, dry",organic,20.96796056865618,2350.7850867503207,1.9573735914923167
1922,"Peas, green",conventional,0.0,,
1922,"Peas, green",organic,0.0,,
1922,Potatoes,conventional,34.975954199377675,21258.43040404338,0.0
1922,Potatoes,organic,6.270045800622318,15111.502985850062,0.0
1922,"Pumpkins, squash and gourds",conventional,0.0,,
1922,"Pumpkins, squash and gourds",organic,0.0,,
1922,Rye,conventional,83.40434990586803,5951.700669243187,1.5010840217304948
1922,Rye,organic,37.522898094131975,3593.999013906933,0.8861107402211571
1922,Semi-natural meadows,conventional,875.9214561630943,0.0,0.0
1922,Semi-natural meadows,organic,413.1725438369058,0.0,0.0
1922,Semi-natural pastures,conventional,91.95621304999004,0.0,0.0
1922,Semi-natural pastures,organic,43.375786950009946,0.0,0.0
1922,Short rotation coppice and other energy crops,conventional,135.64054382195485,0.0,0.0
1922,Short rotation coppice and other energy crops,organic,3.5074561780451807,0.0,0.0
1922,Spring rapeseed,conventional,162.75490922929632,2044.2137989120322,3.7112676735504286
1922,Spring rapeseed,organic,1.1099466953599089,1388.163590187011,4.441746325716089
1922,Strawberries,conventional,0.0,,
1922,Strawberries,organic,0.0,,
1922,Sugar beet,conventional,0.0,,
1922,Sugar beet,organic,0.0,,
1922,Tomatoes,conventional,0.0,,
1922,Tomatoes,organic,0.0,,
1922,"Triticale, spring",conventional,20.49193722664985,3174.5943640472474,5.176568127517176
1922,"Triticale, spring",organic,4.864040373350152,2255.6251957090003,1.5550880134310827
1922,"Triticale, winter",conventional,68.87925644886666,5429.667924299907,0.46050346730084085
1922,"Triticale, winter",organic,27.068063557304377,4106.534751938006,0.8977643904502907
1922,"Wheat, spring",conventional,1837.0034556356077,4091.5864622704817,1.2429619706917765
1922,"Wheat, spring",organic,207.1494369058779,2637.412789123087,0.9432137645647157
1922,"Wheat, winter",conventional,1665.4359726408686,5232.38932451232,0.3198300323937474
1922,"Wheat, winter",organic,132.43011710828063,3377.339017443732,0.9024125442919059
1922,Winter rapeseed,conventional,134.1464739831166,2594.063223820264,3.636442636305463
1922,Winter rapeseed,organic,14.749565289536907,1683.397074390034,4.441746325716091
2011,Apples,conventional,0.0,,
2011,Apples,organic,0.0,,
2011,"Barley, spring",conventional,5073.305330683726,3919.9598641082125,1.157764956040133
2011,"Barley, spring",organic,707.4281277155021,2689.538545631487,1.08002410768273
2011,"Barley, winter",conventional,7.8084312014085615,4942.962214919899,0.060851078952091874
2011,"Barley, winter",organic,2.0282267985914406,3086.6409762251456,1.0386651719295503
2011,"Beans, dry ",conventional,0.0,,
2011,"Beans, dry ",organic,0.0,,
2011,"Broad beans and horse beans, dry",conventional,0.3045699864428712,3144.8265595540693,0.0
2011,"Broad beans and horse beans, dry",organic,45.63538131099268,2465.7611801037147,2.281316753483764
2011,"Cabbages, cauliflowers and broccoli",conventional,1.6786592839487458,19836.320325847453,0.0
2011,"Cabbages, cauliflowers and broccoli",organic,1.913646728749055,16191.924647674296,0.0
2011,Carrots and turnips,conventional,1.531573651493664,32069.127830672696,0.0
2011,Carrots and turnips,organic,1.7459712855634997,32069.127830672696,0.0
2011,Cereals for fodder,conventional,468.6872415006979,2786.7801380701117,0.0
2011,Cereals for fodder,organic,286.0679760144566,2600.3751527167997,0.0
2011,Cucumbers and gherkins,conventional,0.0,,
2011,Cucumbers and gherkins,organic,0.0,,
2011,Fallow,conventional,2381.3617479351065,0.0,0.0
2011,Fallow,organic,443.0402520648941,0.0,0.0
2011,Green manure,conventional,24.873533665552287,0.0,0.0
2011,Green manure,organic,172.0784663344477,0.0,0.0
2011,Herbs,conventional,0.0,,
2011,Herbs,organic,0.0,,
2011,Lettuce and spinach,conventional,0.5341188630746009,5916.531039293871,0.0
2011,Lettuce and spinach,organic,0.608887595511063,5360.998392858559,0.0
2011,Ley for fodder,conventional,9360.176818458622,4627.0114047106745,0.0
2011,Ley for fodder,organic,2997.039989433268,4228.294331742377,0.0
2011,Ley for grazing,conventional,3235.461130747793,3701.6091237685396,0.0
2011,Ley for grazing,organic,1395.717602770245,3382.635465393901,0.0
2011,Ley for seed,conventional,1169.3316794034836,0.0,92.82326622725559
2011,Ley for seed,organic,811.4647791865889,0.0,96.09001163542112
2011,Maize (corn),conventional,0.0,,
2011,Maize (corn),organic,0.0,,
2011,Maize for forage and silage,conventional,0.0,,
2011,Maize for forage and silage,organic,0.0,,
2011,Mixed grain,conventional,203.0652732051594,3384.939628178825,9.53559820756987
2011,Mixed grain,organic,56.65063679224636,2492.508881907694,3.375774671457367
2011,Oats,conventional,3228.414148486687,4247.890942143668,0.774490069390657
2011,Oats,organic,1168.861505137686,2875.8461630827487,1.0499990916846753
2011,"Onions and shallots, dry (excluding dehydrated)",conventional,0.2344278411696331,5496.005951959543,0.0
2011,"Onions and shallots, dry (excluding dehydrated)",organic,0.2672442678937752,4266.441275597077,0.0
2011,Other berries,conventional,5.138588972943353,2078.020447281797,0.0
2011,Other berries,organic,5.857915344993415,2078.020447281797,0.0
2011,Other crops for fodder,conventional,261.2126043471547,3623.499383717089,0.0
2011,Other crops for fodder,organic,203.51955316593637,3274.3701406440005,0.0
2011,Other fruit,conventional,0.0,,
2011,Other fruit,organic,0.0,,
2011,"Other root, bulb and tuberous vegetables, n.e.c.",conventional,0.6950038880166932,11437.967488068292,0.0
2011,"Other root, bulb and tuberous vegetables, n.e.c.",organic,0.7922941418120605,11437.967488068292,0.0
2011,Other vegetables,conventional,0.7740664612390381,4416.342240287641,0.0
2011,Other vegetables,organic,0.8824243046510151,3428.319580769034,0.0
2011,"Peas, dry",conventional,105.58488392058632,3512.5033491287686,22.659283574746038
2011,"Peas, dry",organic,302.0415195614762,2245.8974566874413,2.753305591239162
2011,"Peas, green",conventional,0.0,,
2011,"Peas, green",organic,0.0,,
2011,Potatoes,conventional,356.7458464495261,34288.86594296748,0.0
2011,Potatoes,organic,65.34215355047392,24374.15605152164,0.0
2011,"Pumpkins, squash and gourds",conventional,0.0763026947249429,4289.912745360286,0.0
2011,"Pumpkins, squash and gourds",organic,0.0869839422158661,2068.3507873287217,0.0
2011,Rye,conventional,236.92188890012724,4847.830062580401,0.34164673700316966
2011,Rye,organic,62.21684709987279,2966.326001214111,1.034879984022458
2011,Semi-natural meadows,conventional,1379.6382797904398,0.0,0.0
2011,Semi-natural meadows,organic,757.9917202095603,0.0,0.0
2011,Semi-natural pastures,conventional,45.92447777995655,0.0,0.0
2011,Semi-natural pastures,organic,25.23152222004344,0.0,0.0
2011,Short rotation coppice and other energy crops,conventional,135.05720217230885,0.0,0.0
2011,Short rotation coppice and other energy crops,organic,5.890797827691165,0.0,0.0
2011,Spring rapeseed,conventional,98.97917873350413,1409.2605423866005,1.1642899805414801
2011,Spring rapeseed,organic,48.73729447176982,979.7891026003182,4.19688217657742
2011,Strawberries,conventional,0.0,,
2011,Strawberries,organic,0.0,,
2011,Sugar beet,conventional,0.0,,
2011,Sugar beet,organic,0.0,,
2011,Tomatoes,conventional,0.0,,
2011,Tomatoes,organic,0.0,,
2011,"Triticale, spring",conventional,0.0,,
2011,"Triticale, spring",organic,0.0,,
2011,"Triticale, winter",conventional,67.22138348426778,4385.594167252554,0.47773190968532603
2011,"Triticale, winter",organic,17.471321715732234,3321.1078415057896,1.0408462732385204
2011,"Wheat, spring",conventional,1150.5049906694285,3819.765170462624,0.0
2011,"Wheat, spring",organic,678.7991102149933,2451.262885514556,0.3050506866573133
2011,"Wheat, winter",conventional,2022.9386013856704,5590.747591520502,0.9736106634882913
2011,"Wheat, winter",organic,486.0949589937463,3588.456353047486,0.9984305005663074
2011,Winter rapeseed,conventional,208.91524317178764,3064.85446148889,0.5584035881097629
2011,Winter rapeseed,organic,165.1617713303493,2047.1972653945404,4.19688217657742
2012,Apples,conventional,0.0,,
2012,Apples,organic,0.0,,
2012,"Barley, spring",conventional,1032.0398579111538,3701.7528396242737,1.1617358038097916
2012,"Barley, spring",organic,144.43338773897403,2539.827483537138,1.0841456043245172
2012,"Barley, winter",conventional,4.4444758556282205,4668.595411755682,0.05987504906078408
2012,"Barley, winter",organic,1.1603389443717793,2915.439475766401,1.0420199972075646
2012,"Beans, dry ",conventional,0.0,,
2012,"Beans, dry ",organic,0.0,,
2012,"Broad beans and horse beans, dry",conventional,0.0,,
2012,"Broad beans and horse beans, dry",organic,0.0,,
2012,"Cabbages, cauliflowers and broccoli",conventional,3.3678160685581906,19914.169356505172,0.0
2012,"Cabbages, cauliflowers and broccoli",organic,3.841162891952615,16255.470991834803,0.0
2012,Carrots and turnips,conventional,3.070774276011991,32113.881271836828,0.0
2012,Carrots and turnips,organic,3.502371851212668,32113.881271836828,0.0
2012,Cereals for fodder,conventional,120.2657752894665,2790.0973022317394,0.0
2012,Cereals for fodder,organic,64.81091887010234,2571.9014877140166,0.0
2012,Cucumbers and gherkins,conventional,0.0001464394954986,25530.187144912663,0.0
2012,Cucumbers and gherkins,organic,0.0001670215785467,12309.197369792862,0.0
2012,Fallow,conventional,579.2351614503422,0.0,0.0
2012,Fallow,organic,107.9888385496578,0.0,0.0
2012,Green manure,conventional,3.3658670076491006,0.0,0.0
2012,Green manure,organic,23.230132992350903,0.0,0.0
2012,Herbs,conventional,0.001271307342658,1828.6420666718248,0.0
2012,Herbs,organic,0.0014499896934619,1656.9417307935266,0.0
2012,Lettuce and spinach,conventional,1.0707079193569558,5922.931157475323,0.0
2012,Lettuce and spinach,organic,1.2211960048383712,5366.797571981763,0.0
2012,Ley for fodder,conventional,5601.033242642186,4626.433021708379,0.0
2012,Ley for fodder,organic,1792.9373129065325,4228.110188327823,0.0
2012,Ley for grazing,conventional,1938.3572991976275,3701.146417366703,0.0
2012,Ley for grazing,organic,834.8652180762892,3382.4881506622582,0.0
2012,Ley for seed,conventional,659.7592275608927,0.0,97.74829331929773
2012,Ley for seed,organic,475.1456996164714,0.0,98.81675086168352
2012,Maize (corn),conventional,0.0,,
2012,Maize (corn),organic,0.0,,
2012,Maize for forage and silage,conventional,0.0,,
2012,Maize for forage and silage,organic,0.0,,
2012,Mixed grain,conventional,63.34752875590138,3202.5058728120703,9.528978435955898
2012,Mixed grain,organic,17.645999964293466,2358.701418308057,3.390339149664339
2012,Oats,conventional,337.13026915834615,4422.825036715231,0.7773863751688381
2012,Oats,organic,122.26688392310763,2994.29899949648,1.053596710790842
2012,"Onions and shallots, dry (excluding dehydrated)",conventional,0.4646070447202777,5448.887285306425,0.0
2012,"Onions and shallots, dry (excluding dehydrated)",organic,0.5299076027876205,4229.863981828265,0.0
2012,Other berries,conventional,37.70545421628443,2087.75760907318,0.0
2012,Other berries,organic,43.0049588847692,2087.75760907318,0.0
2012,Other crops for fodder,conventional,176.39172196998612,3621.369592178893,0.0
2012,Other crops for fodder,organic,136.9042832476738,3267.432913819064,0.0
2012,Other fruit,conventional,0.0,,
2012,Other fruit,organic,0.0,,
2012,"Other root, bulb and tuberous vegetables, n.e.c.",conventional,1.3852794450946102,11470.43163841957,0.0
2012,"Other root, bulb and tuberous vegetables, n.e.c.",organic,1.5799805842010124,11470.431638419572,0.0
2012,Other vegetables,conventional,1.541356725248681,4432.57653282865,0.0
2012,Other vegetables,organic,1.7579945388233535,3440.9219426264444,0.0
2012,"Peas, dry",conventional,0.19596137968761362,3334.3606340262777,23.034171245068446
2012,"Peas, dry",organic,0.5700156264973989,2121.843090705436,2.7617602109919237
2012,"Peas, green",conventional,0.0,,
2012,"Peas, green",organic,0.0,,
2012,Potatoes,conventional,322.1110710023528,37856.07437440459,0.0
2012,Potatoes,organic,58.690928997647234,26909.89739452119,0.0
2012,"Pumpkins, squash and gourds",conventional,0.1529566081896783,4232.86544893979,0.0
2012,"Pumpkins, squash and gourds",organic,0.1744546719585723,2040.8458408484184,0.0
2012,Rye,conventional,9.962493179006529,4570.093776846315,0.34343186484762533
2012,Rye,organic,2.567322820993471,2796.4322072174105,1.038405597925704
2012,Semi-natural meadows,conventional,3134.917050152707,0.0,0.0
2012,Semi-natural meadows,organic,1723.6289498472945,0.0,0.0
2012,Semi-natural pastures,conventional,52.36103941794359,0.0,0.0
2012,Semi-natural pastures,organic,28.78896058205643,0.0,0.0
2012,Short rotation coppice and other energy crops,conventional,0.0,,
2012,Short rotation coppice and other energy crops,organic,0.0,,
2012,Spring rapeseed,conventional,12.542626046639121,1333.6506471184389,1.1561812105955918
2012,Spring rapeseed,organic,6.224761770645748,927.0786944427508,4.174285897150988
2012,Strawberries,conventional,0.0,,
2012,Strawberries,organic,0.0,,
2012,Sugar beet,conventional,0.0,,
2012,Sugar beet,organic,0.0,,
2012,Tomatoes,conventional,0.0,,
2012,Tomatoes,organic,0.0,,
2012,"Triticale, spring",conventional,4.129941976360314,2747.312724649486,4.92946672775167
2012,"Triticale, spring",organic,0.6808116236396861,1961.3317863333696,1.7665803553074666
2012,"Triticale, winter",conventional,21.350983157847327,4139.766086100392,0.4787344269398196
2012,"Triticale, winter",organic,5.564112842152668,3135.028782314396,1.0443934176031586
2012,"Wheat, spring",conventional,130.6380577317212,3613.476951916836,0.0
2012,"Wheat, spring",organic,77.5166661843898,2318.5889781478013,0.292482347552438
2012,"Wheat, winter",conventional,50.77039059716651,5277.526459542378,0.9766386748088708
2012,"Wheat, winter",organic,12.231783475377352,3387.4270081988584,1.0018552234560731
2012,Winter rapeseed,conventional,2.474185257949684,2898.615890799873,0.5557267933890309
2012,Winter rapeseed,organic,1.9644447009205652,1935.7522564255344,4.17428589715099
2019,Apples,conventional,0.0,,
2019,Apples,organic,0.0,,
2019,"Barley, spring",conventional,0.0,,
2019,"Barley, spring",organic,0.0,,
2019,"Barley, winter",conventional,0.0,,
2019,"Barley, winter",organic,0.0,,
2019,"Beans, dry ",conventional,0.0,,
2019,"Beans, dry ",organic,0.0,,
2019,"Broad beans and horse beans, dry",conventional,0.0,,
2019,"Broad beans and horse beans, dry",organic,0.0,,
2019,"Cabbages, cauliflowers and broccoli",conventional,0.0,,
2019,"Cabbages, cauliflowers and broccoli",organic,0.0,,
2019,Carrots and turnips,conventional,0.0,,
2019,Carrots and turnips,organic,0.0,,
2019,Cereals for fodder,conventional,0.0,,
2019,Cereals for fodder,organic,0.0,,
2019,Cucumbers and gherkins,conventional,0.0,,
2019,Cucumbers and gherkins,organic,0.0,,
2019,Fallow,conventional,0.5576697141135931,0.0,0.0
2019,Fallow,organic,0.1043302858864068,0.0,0.0
2019,Green manure,conventional,0.0,,
2019,Green manure,organic,0.0,,
2019,Herbs,conventional,0.0,,
2019,Herbs,organic,0.0,,
2019,Lettuce and spinach,conventional,0.0,,
2019,Lettuce and spinach,organic,0.0,,
2019,Ley for fodder,conventional,31.824418645254493,4625.350239638934,0.0
2019,Ley for fodder,organic,10.177533584390584,4227.59670934178,0.0
2019,Ley for grazing,conventional,11.023615916004196,3700.2801917111474,0.0
2019,Ley for grazing,organic,4.740878640826514,3382.0773674734246,0.0
2019,Ley for seed,conventional,3.641713526030449,0.0,99.99999999999996
2019,Ley for seed,organic,2.6878396874937702,0.0,99.99999999999997
2019,Maize (corn),conventional,0.0,,
2019,Maize (corn),organic,0.0,,
2019,Maize for forage and silage,conventional,0.0,,
2019,Maize for forage and silage,organic,0.0,,
2019,Mixed grain,conventional,0.0,,
2019,Mixed grain,organic,0.0,,
2019,Oats,conventional,0.0,,
2019,Oats,organic,0.0,,
2019,"Onions and shallots, dry (excluding dehydrated)",conventional,0.0,,
2019,"Onions and shallots, dry (excluding dehydrated)",organic,0.0,,
2019,Other berries,conventional,0.0,,
2019,Other berries,organic,0.0,,
2019,Other crops for fodder,conventional,0.0,,
2019,Other crops for fodder,organic,0.0,,
2019,Other fruit,conventional,0.0,,
2019,Other fruit,organic,0.0,,
2019,"Other root, bulb and tuberous vegetables, n.e.c.",conventional,0.0,,
2019,"Other root, bulb and tuberous vegetables, n.e.c.",organic,0.0,,
2019,Other vegetables,conventional,0.0,,
2019,Other vegetables,organic,0.0,,
2019,"Peas, dry",conventional,0.0,,
2019,"Peas, dry",organic,0.0,,
2019,"Peas, green",conventional,0.0,,
2019,"Peas, green",organic,0.0,,
2019,Potatoes,conventional,0.0,,
2019,Potatoes,organic,0.0,,
2019,"Pumpkins, squash and gourds",conventional,0.0,,
2019,"Pumpkins, squash and gourds",organic,0.0,,
2019,Rye,conventional,0.0,,
2019,Rye,organic,0.0,,
2019,Semi-natural meadows,conventional,295.3126049526627,0.0,0.0
2019,Semi-natural meadows,organic,162.36539504733733,0.0,0.0
2019,Semi-natural pastures,conventional,0.7588034020082488,0.0,0.0
2019,Semi-natural pastures,organic,0.4171965979917511,0.0,0.0
2019,Short rotation coppice and other energy crops,conventional,0.0,,
2019,Short rotation coppice and other energy crops,organic,0.0,,
2019,Spring rapeseed,conventional,0.0,,
2019,Spring rapeseed,organic,0.0,,
2019,Strawberries,conventional,0.0,,
2019,Strawberries,organic,0.0,,
2019,Sugar beet,conventional,0.0,,
2019,Sugar beet,organic,0.0,,
2019,Tomatoes,conventional,0.0,,
2019,Tomatoes,organic,0.0,,
2019,"Triticale, spring",conventional,0.0,,
2019,"Triticale, spring",organic,0.0,,
2019,"Triticale, winter",conventional,0.0,,
2019,"Triticale, winter",organic,0.0,,
2019,"Wheat, spring",conventional,0.0,,
2019,"Wheat, spring",organic,0.0,,
2019,"Wheat, winter",conventional,0.0,,
2019,"Wheat, winter",organic,0.0,,
2019,Winter rapeseed,conventional,0.0,,
2019,Winter rapeseed,organic,0.0,,
2111,Apples,conventional,0.0,,
2111,Apples,organic,0.0,,
2111,"Barley, spring",conventional,3719.147076209978,3533.0755256663374,5.68056152304833
2111,"Barley, spring",organic,730.256158813512,2439.653937267425,6.2084963225116425
2111,"Barley, winter",conventional,4.19521595726175,4237.7480485929855,0.0
2111,"Barley, winter",organic,1.225347242738249,2643.5889922264014,1.1610749593076062
2111,"Beans, dry ",conventional,0.0,,
2111,"Beans, dry ",organic,0.0,,
2111,"Broad beans and horse beans, dry",conventional,0.0,,
2111,"Broad beans and horse beans, dry",organic,1.0314616,2094.9769556313167,2.273666804464655
2111,"Cabbages, cauliflowers and broccoli",conventional,0.197671631291764,10115.111450408136,0.0
2111,"Cabbages, cauliflowers and broccoli",organic,0.2955444271472437,8256.729056468232,0.0
2111,Carrots and turnips,conventional,0.543492676194367,33016.51820722635,0.0
2111,Carrots and turnips,organic,0.8125912180463657,33016.51820722635,0.0
2111,Cereals for fodder,conventional,495.04866509446,2664.980645142016,0.0
2111,Cereals for fodder,organic,305.1698556198702,2463.1806162136486,0.0
2111,Cucumbers and gherkins,conventional,0.0,,
2111,Cucumbers and gherkins,organic,0.0,,
2111,Fallow,conventional,656.352488253786,0.0,0.0
2111,Fallow,organic,146.12751174621408,0.0,0.0
2111,Green manure,conventional,0.1055328561966479,0.0,0.0
2111,Green manure,organic,12.386467143803351,0.0,0.0
2111,Herbs,conventional,0.0,,
2111,Herbs,organic,0.0,,
2111,Lettuce and spinach,conventional,0.0494217711510144,1060.4529711546732,0.0
2111,Lettuce and spinach,organic,0.0738918829574981,960.881745790823,0.0
2111,Ley for fodder,conventional,12966.03841220818,4459.232944257434,0.0
2111,Ley for fodder,organic,4909.528969120752,3923.141637422019,0.0
2111,Ley for grazing,conventional,3047.775546530524,3567.386355405947,0.0
2111,Ley for grazing,organic,1440.860665866336,3138.5133099376158,0.0
2111,Ley for seed,conventional,398.812625994086,0.0,98.39830750677551
2111,Ley for seed,organic,12.05778028012078,0.0,79.46348291395667
2111,Maize (corn),conventional,0.0,,
2111,Maize (corn),organic,0.0,,
2111,Maize for forage and silage,conventional,0.0,,
2111,Maize for forage and silage,organic,0.0,,
2111,Mixed grain,conventional,63.39319001525084,3057.2282465151347,6.953444138584682
2111,Mixed grain,organic,41.77580851777685,2936.594052087442,23.813442989115117
2111,Oats,conventional,686.184905342397,2999.494145832556,4.62528431709923
2111,Oats,organic,253.55152166024993,2078.564474137999,7.081427297033311
2111,"Onions and shallots, dry (excluding dehydrated)",conventional,0.09881521122949,1732.8553577468808,0.0
2111,"Onions and shallots, dry (excluding dehydrated)",organic,0.1477414073299567,1345.1815168240296,0.0
2111,Other berries,conventional,0.0,,
2111,Other berries,organic,0.0,,
2111,Other crops for fodder,conventional,777.2423396758035,4963.6106322207515,0.0
2111,Other crops for fodder,organic,517.0798689595879,4478.409698042199,0.0
2111,Other fruit,conventional,0.0,,
2111,Other fruit,organic,0.0,,
2111,"Other root, bulb and tuberous vegetables, n.e.c.",conventional,0.1976381491151271,12333.192919850371,0.0
2111,"Other root, bulb and tuberous vegetables, n.e.c.",organic,0.2954943670012879,12333.192919850371,0.0
2111,Other vegetables,conventional,0.1976407246671761,2309.998393957311,0.0
2111,Other vegetables,organic,0.295498217781746,1793.2062993906627,0.0
2111,"Peas, dry",conventional,5.9119946858379535,2509.8641357165616,0.9402265414031395
2111,"Peas, dry",organic,16.79465928455618,2049.574475026342,2.473267760001359
2111,"Peas, green",conventional,0.0,,
2111,"Peas, green",organic,0.0,,
2111,Potatoes,conventional,53.93885037421441,23762.22220274529,0.0
2111,Potatoes,organic,49.6791496257856,16891.317230030312,0.0
2111,"Pumpkins, squash and gourds",conventional,2.575552048990408e-06,17699.223696755234,0.0
2111,"Pumpkins, squash and gourds",organic,3.850780458138987e-06,8533.554279835671,0.0
2111,Rye,conventional,9.659974308382171,4008.0932205591976,0.0
2111,Rye,organic,4.05346569161783,2463.4274045954967,1.6436305391154986
2111,Semi-natural meadows,conventional,1435.6967937588324,0.0,0.0
2111,Semi-natural meadows,organic,1134.133206241168,0.0,0.0
2111,Semi-natural pastures,conventional,13.423815022953743,0.0,0.0
2111,Semi-natural pastures,organic,10.604184977046256,0.0,0.0
2111,Short rotation coppice and other energy crops,conventional,0.0,,
2111,Short rotation coppice and other energy crops,organic,0.0,,
2111,Spring rapeseed,conventional,182.66015990463052,1512.3214133796016,0.8458807805462231
2111,Spring rapeseed,organic,21.523515889583887,1054.3461793760523,4.1529605263157885
2111,Strawberries,conventional,0.0,,
2111,Strawberries,organic,0.0,,
2111,Sugar beet,conventional,0.0,,
2111,Sugar beet,organic,0.0,,
2111,Tomatoes,conventional,0.0,,
2111,Tomatoes,organic,0.0,,
2111,"Triticale, spring",conventional,0.0,,
2111,"Triticale, spring",organic,0.0,,
2111,"Triticale, winter",conventional,0.0,,
2111,"Triticale, winter",organic,0.0,,
2111,"Wheat, spring",conventional,705.8648947117765,4057.689786862513,4.52056078460334
2111,"Wheat, spring",organic,87.00131706624302,2665.0136045115805,6.007798084262115
2111,"Wheat, winter",conventional,220.12083620136724,5551.739939421557,3.081425045715517
2111,"Wheat, winter",organic,68.06176754711868,3658.22260658833,5.616751020794228
2111,Winter rapeseed,conventional,0.0,,
2111,Winter rapeseed,organic,0.0,,
2121,Apples,conventional,0.0,,
2121,Apples,organic,0.0,,
2121,"Barley, spring",conventional,2417.8109481601236,3762.587161115648,5.501301345484967
2121,"Barley, spring",organic,461.56456997562043,2597.9149433955167,6.022244983036159
2121,"Barley, winter",conventional,0.0,,
2121,"Barley, winter",organic,0.0,,
2121,"Beans, dry ",conventional,0.0,,
2121,"Beans, dry ",organic,0.0,,
2121,"Broad beans and horse beans, dry",conventional,0.0952765504221986,2844.3539478155976,0.0
2121,"Broad beans and horse beans, dry",organic,16.456489049577804,2230.2957464333917,2.286830434281819
2121,"Cabbages, cauliflowers and broccoli",conventional,0.5989026047675589,9972.263806817338,0.0
2121,"Cabbages, cauliflowers and broccoli",organic,0.8499625701468246,8140.125863783038,0.0
2121,Carrots and turnips,conventional,1.5375547542623744,32851.84906959389,0.0
2121,Carrots and turnips,organic,2.182097690460916,32851.84906959389,0.0
2121,Cereals for fodder,conventional,409.8104995312459,2695.9153989032334,0.0
2121,Cereals for fodder,organic,303.70013480693797,2486.3615896451697,0.0
2121,Cucumbers and gherkins,conventional,0.0,,
2121,Cucumbers and gherkins,organic,0.0,,
2121,Fallow,conventional,1736.350240602197,0.0,0.0
2121,Fallow,organic,380.3297593978029,0.0,0.0
2121,Green manure,conventional,1.533128607011463,0.0,0.0
2121,Green manure,organic,107.16287139298854,0.0,0.0
2121,Herbs,conventional,0.0,,
2121,Herbs,organic,0.0,,
2121,Lettuce and spinach,conventional,0.1528890846000498,1099.0405880906362,0.0
2121,Lettuce and spinach,organic,0.2169801871950261,995.8461786661096,0.0
2121,Ley for fodder,conventional,7435.682011929817,4466.410992150897,0.0
2121,Ley for fodder,organic,2810.857899048457,3929.751201842637,0.0
2121,Ley for grazing,conventional,1759.9919694773048,3573.128793720718,0.0
2121,Ley for grazing,organic,828.8653824937763,3143.8009614741086,0.0
2121,Ley for seed,conventional,290.4821557229317,0.0,86.22039404104078
2121,Ley for seed,organic,22.44658132771268,0.0,31.157875069334857
2121,Maize (corn),conventional,0.0,,
2121,Maize (corn),organic,0.0,,
2121,Maize for forage and silage,conventional,0.0,,
2121,Maize for forage and silage,organic,0.0,,
2121,Mixed grain,conventional,53.799686825288006,3267.2699423580857,7.295812361933546
2121,Mixed grain,organic,35.87203453748077,3065.903299220759,22.300179794822693
2121,Oats,conventional,1235.2489203662576,3938.5564483020244,4.50049909453635
2121,Oats,organic,457.58522357464915,2725.442039965555,6.82787923604034
2121,"Onions and shallots, dry (excluding dehydrated)",conventional,0.281893523059456,1888.8323667476561,0.0
2121,"Onions and shallots, dry (excluding dehydrated)",organic,0.4000632848480424,1466.2633997517246,0.0
2121,Other berries,conventional,0.0,,
2121,Other berries,organic,0.0,,
2121,Other crops for fodder,conventional,200.0930120183421,4919.585664531942,0.0
2121,Other crops for fodder,organic,137.7175775138806,4447.019898332967,0.0
2121,Other fruit,conventional,0.0,,
2121,Other fruit,organic,0.0,,
2121,"Other root, bulb and tuberous vegetables, n.e.c.",conventional,0.5639387026080097,12048.210366401723,0.0
2121,"Other root, bulb and tuberous vegetables, n.e.c.",organic,0.8003418005837565,12048.210366401725,0.0
2121,Other vegetables,conventional,0.5681060616558573,2436.2698939962784,0.0
2121,Other vegetables,organic,0.806256116498959,1891.2283802266063,0.0
2121,"Peas, dry",conventional,53.48379829179667,2670.3549143674877,1.0290748540609367
2121,"Peas, dry",organic,135.7922203391134,2178.2860927954694,2.455781989261434
2121,"Peas, green",conventional,0.0,,
2121,"Peas, green",organic,0.0,,
2121,Potatoes,conventional,32.16944918319844,23764.53471162709,0.0
2121,Potatoes,organic,28.32655081680156,16892.961071283302,0.0
2121,"Pumpkins, squash and gourds",conventional,5.055216303252715e-05,17433.752083245243,0.0
2121,"Pumpkins, squash and gourds",organic,7.174362922379383e-05,8405.559037645562,0.0
2121,Rye,conventional,30.086524184723952,4304.330747841515,0.0
2121,Rye,organic,12.624715815276044,2648.009207298364,1.736871095224118
2121,Semi-natural meadows,conventional,1117.612365112636,0.0,0.0
2121,Semi-natural meadows,organic,868.289634887364,0.0,0.0
2121,Semi-natural pastures,conventional,107.52456752808068,0.0,0.0
2121,Semi-natural pastures,organic,83.53743247191932,0.0,0.0
2121,Short rotation coppice and other energy crops,conventional,14.41292764397674,0.0,0.0
2121,Short rotation coppice and other energy crops,organic,3.06907235602326,0.0,0.0
2121,Spring rapeseed,conventional,122.98600647450561,1615.772136853894,0.9512313520783504
2121,Spring rapeseed,organic,14.019871266598148,1125.376331216473,4.161835468409389
2121,Strawberries,conventional,0.0,,
2121,Strawberries,organic,0.0,,
2121,Sugar beet,conventional,0.0,,
2121,Sugar beet,organic,0.0,,
2121,Tomatoes,conventional,0.0,,
2121,Tomatoes,organic,0.0,,
2121,"Triticale, spring",conventional,0.0,,
2121,"Triticale, spring",organic,0.0,,
2121,"Triticale, winter",conventional,22.02960313560009,4376.262019296037,0.0
2121,"Triticale, winter",organic,26.18939246938168,3313.025788125887,1.0928348198019777
2121,"Wheat, spring",conventional,856.0882041001242,4783.895734631872,4.402433238250072
2121,"Wheat, spring",organic,105.46182863715329,3140.026537433929,5.833207409985705
2121,"Wheat, winter",conventional,495.828028341907,5913.578858572908,3.0011145251923463
2121,"Wheat, winter",organic,148.67168553823117,3893.333506945508,5.458073537516513
2121,Winter rapeseed,conventional,49.59056970887789,2800.466378021089,0.0
2121,Winter rapeseed,organic,41.42517878688559,1836.9408071736425,2.8118062572282474
2122,Apples,conventional,0.0,,
2122,Apples,organic,0.0,,
2122,"Barley, spring",conventional,377.5357496415727,2288.7354655524127,4.125090570216508
2122,"Barley, spring",organic,66.76498662533507,1576.7792841101057,4.441954643195848
2122,"Barley, winter",conventional,0.0,,
2122,"Barley, winter",organic,0.0,,
2122,"Beans, dry ",conventional,0.0,,
2122,"Beans, dry ",organic,0.0,,
2122,"Broad beans and horse beans, dry",conventional,0.0,,
2122,"Broad beans and horse beans, dry",organic,0.0,,
2122,"Cabbages, cauliflowers and broccoli",conventional,0.0474108064509842,13537.738027798829,0.0
2122,"Cabbages, cauliflowers and broccoli",organic,0.0646026432067563,11050.53913454126,0.0
2122,Carrots and turnips,conventional,0.0893899797698793,32713.365071748187,0.0
2122,Carrots and turnips,organic,0.1218040653938886,32713.365071748187,0.0
2122,Cereals for fodder,conventional,77.01969334152275,2722.283559741819,0.0
2122,Cereals for fodder,organic,53.689735122922464,2503.629772720954,0.0
2122,Cucumbers and gherkins,conventional,0.0,,
2122,Cucumbers and gherkins,organic,0.0,,
2122,Fallow,conventional,352.1001743410174,0.0,0.0
2122,Fallow,organic,74.06982565898255,0.0,0.0
2122,Green manure,conventional,1.759535378962255,0.0,0.0
2122,Green manure,organic,34.67446462103775,0.0,0.0
2122,Herbs,conventional,0.0,,
2122,Herbs,organic,0.0,,
2122,Lettuce and spinach,conventional,0.0133708400560915,2743.590800156768,0.0
2122,Lettuce and spinach,organic,0.0182192979655665,2485.9813584375934,0.0
2122,Ley for fodder,conventional,2651.3350804840056,4514.828435557643,0.0
2122,Ley for fodder,organic,955.0247862447632,4011.7623041309207,0.0
2122,Ley for grazing,conventional,713.7041028109722,3611.862748446115,0.0
2122,Ley for grazing,organic,325.0705194944439,3209.409843304737,0.0
2122,Ley for seed,conventional,157.68277608163532,0.0,94.01823042261547
2122,Ley for seed,organic,74.79873488417952,0.0,95.14994514654421
2122,Maize (corn),conventional,0.0,,
2122,Maize (corn),organic,0.0,,
2122,Maize for forage and silage,conventional,0.0,,
2122,Maize for forage and silage,organic,0.0,,
2122,Mixed grain,conventional,20.872280867698855,1999.557760511012,8.944725120513034
2122,Mixed grain,organic,9.808138980917086,1700.786245488148,15.80555753766402
2122,Oats,conventional,204.71485353826228,3273.8310738133823,3.285661981863803
2122,Oats,organic,74.42725287117318,2246.35943033867,4.840393307861109
2122,"Onions and shallots, dry (excluding dehydrated)",conventional,0.015608664860983,3009.233632671242,0.0
2122,"Onions and shallots, dry (excluding dehydrated)",organic,0.0212685900626984,2336.008856352495,0.0
2122,Other berries,conventional,0.0,,
2122,Other berries,organic,0.0,,
2122,Other crops for fodder,conventional,84.61996830708105,4495.276926759497,0.0
2122,Other crops for fodder,organic,59.580265870856586,4056.65096242149,0.0
2122,Other fruit,conventional,0.0,,
2122,Other fruit,organic,0.0,,
2122,"Other root, bulb and tuberous vegetables, n.e.c.",conventional,0.0342536066086569,12048.063230542492,0.0
2122,"Other root, bulb and tuberous vegetables, n.e.c.",organic,0.0466744544531517,12048.063230542492,0.0
2122,Other vegetables,conventional,0.0352656989042206,3055.5139067241653,0.0
2122,Other vegetables,organic,0.0480535458957367,2371.935322442827,0.0
2122,"Peas, dry",conventional,3.5181506626263297,1743.4291299478834,8.064988361361172
2122,"Peas, dry",organic,9.851615159436031,1322.9350575067165,2.593813341187863
2122,"Peas, green",conventional,0.0,,
2122,"Peas, green",organic,0.0,,
2122,Potatoes,conventional,2.480502061619703,17248.354924862837,0.0
2122,Potatoes,organic,1.4514979383802975,12260.9506908135,0.0
2122,"Pumpkins, squash and gourds",conventional,0.0010120922955636,12882.953398656027,0.0
2122,"Pumpkins, squash and gourds",organic,0.0013790914425849,6211.423958225877,0.0
2122,Rye,conventional,1.8846331184371328,2674.1565884665915,0.0
2122,Rye,organic,0.6742868815628671,1646.9226887987636,1.8437256218280442
2122,Semi-natural meadows,conventional,336.63910300026174,0.0,0.0
2122,Semi-natural meadows,organic,235.90089699973825,0.0,0.0
2122,Semi-natural pastures,conventional,6.620596464496712,0.0,0.0
2122,Semi-natural pastures,organic,4.639403535503288,0.0,0.0
2122,Short rotation coppice and other energy crops,conventional,0.0,,
2122,Short rotation coppice and other energy crops,organic,0.0,,
2122,Spring rapeseed,conventional,0.0,,
2122,Spring rapeseed,organic,0.0,,
2122,Strawberries,conventional,23.813208994765624,5626.612201872031,0.0
2122,Strawberries,organic,32.44821928703614,5626.612201872031,0.0
2122,Sugar beet,conventional,0.0,,
2122,Sugar beet,organic,0.0,,
2122,Tomatoes,conventional,0.0,,
2122,Tomatoes,organic,0.0,,
2122,"Triticale, spring",conventional,0.0,,
2122,"Triticale, spring",organic,0.0,,
2122,"Triticale, winter",conventional,0.0,,
2122,"Triticale, winter",organic,0.0,,
2122,"Wheat, spring",conventional,118.84350204948862,2589.128135282513,2.8290983892989776
2122,"Wheat, spring",organic,29.192361528386655,1698.860300624031,4.250908612333073
2122,"Wheat, winter",conventional,10.497648361237628,3489.225084144834,2.404820800212837
2122,"Wheat, winter",organic,3.0008770714826523,2277.3461728589136,4.047295859139021
2122,Winter rapeseed,conventional,0.0,,
2122,Winter rapeseed,organic,0.0,,
2211,Apples,conventional,0.0,,
2211,Apples,organic,0.0,,
2211,"Barley, spring",conventional,425.50076803953283,2687.6807655283774,14.337984926857297
2211,"Barley, spring",organic,128.48770678173844,1753.840030808571,9.860823057065177
2211,"Barley, winter",conventional,0.0,,
2211,"Barley, winter",organic,0.0,,
2211,"Beans, dry ",conventional,0.0,,
2211,"Beans, dry ",organic,0.0,,
2211,"Broad beans and horse beans, dry",conventional,0.0,,
2211,"Broad beans and horse beans, dry",organic,0.0,,
2211,"Cabbages, cauliflowers and broccoli",conventional,0.0489892582963435,5918.152326333247,0.0
2211,"Cabbages, cauliflowers and broccoli",organic,0.2253700696286799,4830.849419011508,0.0
2211,Carrots and turnips,conventional,0.2664420860072225,29794.841516766144,0.0
2211,Carrots and turnips,organic,1.225739551152592,29794.841516766144,0.0
2211,Cereals for fodder,conventional,292.9533001143785,2449.772714072779,0.0
2211,Cereals for fodder,organic,41.62737535077598,2287.24975253152,0.0
2211,Cucumbers and gherkins,conventional,0.0,,
2211,Cucumbers and gherkins,organic,0.0,,
2211,Fallow,conventional,606.6014343118827,0.0,0.0
2211,Fallow,organic,181.3805656881174,0.0,0.0
2211,Green manure,conventional,0.0,,
2211,Green manure,organic,0.0,,
2211,Herbs,conventional,0.0,,
2211,Herbs,organic,0.0,,
2211,Lettuce and spinach,conventional,0.0001131635706666,6030.138515997235,0.0
2211,Lettuce and spinach,organic,0.0005205974266093,5463.938696218505,0.0
2211,Ley for fodder,conventional,5781.786584366738,4086.9293341589887,0.0
2211,Ley for fodder,organic,1581.5805682433197,3617.310535274228,0.0
2211,Ley for grazing,conventional,1839.971620228428,3269.543467327192,0.0
2211,Ley for grazing,organic,397.7896754167065,2893.848428219382,0.0
2211,Ley for seed,conventional,1034.965700992138,0.0,99.99999999999996
2211,Ley for seed,organic,76.01185075267254,0.0,99.99999999999993
2211,Maize (corn),conventional,0.0,,
2211,Maize (corn),organic,0.0,,
2211,Maize for forage and silage,conventional,0.0,,
2211,Maize for forage and silage,organic,0.0,,
2211,Mixed grain,conventional,37.137729106947006,1845.7192717568007,19.252310778665326
2211,Mixed grain,organic,1.299741795430009,1220.4502864251422,102.59959177126599
2211,Oats,conventional,85.3259083796996,1858.209537773936,0.0
2211,Oats,organic,45.930148020300386,1292.6043156638912,4.995396050075683
2211,"Onions and shallots, dry (excluding dehydrated)",conventional,0.0,,
2211,"Onions and shallots, dry (excluding dehydrated)",organic,0.0,,
2211,Other berries,conventional,3.162816449881271,358.1990030645144,0.0
2211,Other berries,organic,14.550213420677135,358.1990030645144,0.0
2211,Other crops for fodder,conventional,252.4824091398616,4056.667851648682,0.0
2211,Other crops for fodder,organic,121.1538808601384,3660.8966714753305,0.0
2211,Other fruit,conventional,0.0,,
2211,Other fruit,organic,0.0,,
2211,"Other root, bulb and tuberous vegetables, n.e.c.",conventional,0.0484234404430101,1028.563897714742,0.0
2211,"Other root, bulb and tuberous vegetables, n.e.c.",organic,0.2227670824956331,1028.563897714742,0.0
2211,Other vegetables,conventional,0.096960044456687,4910.788368350858,0.0
2211,Other vegetables,organic,0.4460547624178756,3812.148380768048,0.0
2211,"Peas, dry",conventional,0.0,,
2211,"Peas, dry",organic,0.0,,
2211,"Peas, green",conventional,0.0,,
2211,"Peas, green",organic,0.0,,
2211,Potatoes,conventional,8.628174720307065,20776.15267747202,0.0
2211,Potatoes,organic,0.897825279692934,14768.677049664951,0.0
2211,"Pumpkins, squash and gourds",conventional,0.0,,
2211,"Pumpkins, squash and gourds",organic,0.0,,
2211,Rye,conventional,0.0,,
2211,Rye,organic,0.0,,
2211,Semi-natural meadows,conventional,452.86045040762656,0.0,0.0
2211,Semi-natural meadows,organic,347.2595495923736,0.0,0.0
2211,Semi-natural pastures,conventional,12.295581193640054,0.0,0.0
2211,Semi-natural pastures,organic,9.42841880635995,0.0,0.0
2211,Short rotation coppice and other energy crops,conventional,14.23600045437382,0.0,0.0
2211,Short rotation coppice and other energy crops,organic,4.465999545626181,0.0,0.0
2211,Spring rapeseed,conventional,6.931049227744492,1117.4479139513726,0.0
2211,Spring rapeseed,organic,18.200660772255507,747.4665034800768,1.6375471403451964
2211,Strawberries,conventional,0.5864096949335735,2719.85997505177,0.0
2211,Strawberries,organic,2.697717793126428,2719.85997505177,0.0
2211,Sugar beet,conventional,0.0,,
2211,Sugar beet,organic,0.0,,
2211,Tomatoes,conventional,0.0,,
2211,Tomatoes,organic,0.0,,
2211,"Triticale, spring",conventional,0.0,,
2211,"Triticale, spring",organic,0.0,,
2211,"Triticale, winter",conventional,0.0,,
2211,"Triticale, winter",organic,0.0,,
2211,"Wheat, spring",conventional,2.096308651003816,2237.069664575104,0.0
2211,"Wheat, spring",organic,0.47901376019335556,1563.4575873826432,8.458128631554496
2211,"Wheat, winter",conventional,0.0,,
2211,"Wheat, winter",organic,0.0,,
2211,Winter rapeseed,conventional,0.0,,
2211,Winter rapeseed,organic,0.0,,
2212,Apples,conventional,0.0,,
2212,Apples,organic,0.0,,
2212,"Barley, spring",conventional,894.4591007288373,2872.8173694038073,14.353650774996792
2212,"Barley, spring",organic,269.40780727116265,1874.3956391717452,9.865053513261984
2212,"Barley, winter",conventional,0.0,,
2212,"Barley, winter",organic,0.0,,
2212,"Beans, dry ",conventional,0.0,,
2212,"Beans, dry ",organic,0.0,,
2212,"Broad beans and horse beans, dry",conventional,0.0,,
2212,"Broad beans and horse beans, dry",organic,0.0,,
2212,"Cabbages, cauliflowers and broccoli",conventional,0.062312301035465,5889.81917814807,0.0
2212,"Cabbages, cauliflowers and broccoli",organic,0.2883668611216824,4807.721732378618,0.0
2212,Carrots and turnips,conventional,0.3427176556950577,29849.999999999996,0.0
2212,Carrots and turnips,organic,1.5860177361692531,29850.0,0.0
2212,Cereals for fodder,conventional,507.2019084175021,2448.2873478252004,0.0
2212,Cereals for fodder,organic,75.66161318249789,2292.0026150532626,0.0
2212,Cucumbers and gherkins,conventional,0.0,,
2212,Cucumbers and gherkins,organic,0.0,,
2212,Fallow,conventional,1073.1342983581967,0.0,0.0
2212,Fallow,organic,320.6577016418031,0.0,0.0
2212,Green manure,conventional,0.0,,
2212,Green manure,organic,28.51,0.0,0.0
2212,Herbs,conventional,0.0,,
2212,Herbs,organic,0.0,,
2212,Lettuce and spinach,conventional,0.0,,
2212,Lettuce and spinach,organic,0.0,,
2212,Ley for fodder,conventional,8428.32971367769,4087.507098810746,0.0
2212,Ley for fodder,organic,2302.566152942072,3617.858896640035,0.0
2212,Ley for grazing,conventional,2686.737313372087,3270.0056790485964,0.0
2212,Ley for grazing,organic,579.4106641752703,2894.287117312028,0.0
2212,Ley for seed,conventional,1524.3887868907323,0.0,99.12861592991358
2212,Ley for seed,organic,114.12736894214787,0.0,97.2410483357015
2212,Maize (corn),conventional,0.0,,
2212,Maize (corn),organic,0.0,,
2212,Maize for forage and silage,conventional,0.0,,
2212,Maize for forage and silage,organic,0.0,,
2212,Mixed grain,conventional,55.80152274308688,1972.5353538094987,19.250374969675406
2212,Mixed grain,organic,1.9221016569131313,1304.3365195686742,102.41545893719817
2212,Oats,conventional,128.7500030540991,1984.568549554213,0.0
2212,Oats,organic,69.37719654590092,1380.4527941246188,4.992013763064958
2212,"Onions and shallots, dry (excluding dehydrated)",conventional,0.0,,
2212,"Onions and shallots, dry (excluding dehydrated)",organic,0.0,,
2212,Other berries,conventional,0.043971815836046,356.25,0.0
2212,Other berries,organic,0.2034913540304741,356.25000000000006,0.0
2212,Other crops for fodder,conventional,350.89546135565234,4058.3422155281582,0.0
2212,Other crops for fodder,organic,168.39751864434763,3662.5690942972105,0.0
2212,Other fruit,conventional,0.0,,
2212,Other fruit,organic,0.0,,
2212,"Other root, bulb and tuberous vegetables, n.e.c.",conventional,0.062312301035465,1000.0,0.0
2212,"Other root, bulb and tuberous vegetables, n.e.c.",organic,0.2883668611216824,1000.0,0.0
2212,Other vegetables,conventional,0.12462460207093,4901.761653757411,0.0
2212,Other vegetables,organic,0.5767337222433648,3805.141119847818,0.0
2212,"Peas, dry",conventional,0.0,,
2212,"Peas, dry",organic,0.0,,
2212,"Peas, green",conventional,0.0,,
2212,"Peas, green",organic,0.0,,
2212,Potatoes,conventional,41.35113692494712,22228.39693528339,0.0
2212,Potatoes,organic,4.306863075052879,15801.001309781828,0.0
2212,"Pumpkins, squash and gourds",conventional,0.0,,
2212,"Pumpkins, squash and gourds",organic,0.0,,
2212,Rye,conventional,0.0,,
2212,Rye,organic,0.0,,
2212,Semi-natural meadows,conventional,301.1688068135388,0.0,0.0
2212,Semi-natural meadows,organic,230.90519318646128,0.0,0.0
2212,Semi-natural pastures,conventional,10.84170120266452,0.0,0.0
2212,Semi-natural pastures,organic,8.312298797335481,0.0,0.0
2212,Short rotation coppice and other energy crops,conventional,12.38662056592728,0.0,0.0
2212,Short rotation coppice and other energy crops,organic,3.899379434072722,0.0,0.0
2212,Spring rapeseed,conventional,15.2415408914476,1194.0140758494192,0.0
2212,Spring rapeseed,organic,39.8774791085524,798.6954372180136,1.6392029150604177
2212,Strawberries,conventional,0.0,,
2212,Strawberries,organic,0.0,,
2212,Sugar beet,conventional,0.0,,
2212,Sugar beet,organic,0.0,,
2212,Tomatoes,conventional,0.0,,
2212,Tomatoes,organic,0.0,,
2212,"Triticale, spring",conventional,0.0,,
2212,"Triticale, spring",organic,0.0,,
2212,"Triticale, winter",conventional,13.012218400000002,2550.1647923448704,0.593897194347737
2212,"Triticale, winter",organic,0.0,,
2212,"Wheat, spring",conventional,57.674783593105104,2389.649407664732,0.0
2212,"Wheat, spring",organic,13.039744406894902,1671.5698043648367,8.538977185866049
2212,"Wheat, winter",conventional,0.0,,
2212,"Wheat, winter",organic,0.0,,
2212,Winter rapeseed,conventional,0.0,,
2212,Winter rapeseed,organic,0.0,,
2221,Apples,conventional,0.0,,
2221,Apples,organic,0.0,,
2221,"Barley, spring",conventional,1078.848192154833,3749.293352693535,11.785032571019308
2221,"Barley, spring",organic,291.4676209258511,2491.873997160912,8.86121829592786
2221,"Barley, winter",conventional,0.0,,
2221,"Barley, winter",organic,0.0,,
2221,"Beans, dry ",conventional,0.0,,
2221,"Beans, dry ",organic,0.0,,
2221,"Broad beans and horse beans, dry",conventional,0.0,,
2221,"Broad beans and horse beans, dry",organic,0.0,,
2221,"Cabbages, cauliflowers and broccoli",conventional,0.1138103981446889,6982.185785325824,0.0
2221,"Cabbages, cauliflowers and broccoli",organic,0.3657810456351281,5699.39506193311,0.0
2221,Carrots and turnips,conventional,0.5579197866768808,30696.27177503689,0.0
2221,Carrots and turnips,organic,1.7931268695831426,30696.27177503689,0.0
2221,Cereals for fodder,conventional,425.44636104060714,2502.373627073135,0.0
2221,Cereals for fodder,organic,91.75721692448394,2336.078720410834,0.0
2221,Cucumbers and gherkins,conventional,0.0,,
2221,Cucumbers and gherkins,organic,0.0,,
2221,Fallow,conventional,467.1912176024732,0.0,0.0
2221,Fallow,organic,129.66278239752688,0.0,0.0
2221,Green manure,conventional,0.00681146801187,0.0,0.0
2221,Green manure,organic,3.01718853198813,0.0,0.0
2221,Herbs,conventional,0.0,,
2221,Herbs,organic,0.0,,
2221,Lettuce and spinach,conventional,0.0061852184653552,4790.606941128077,0.0
2221,Lettuce and spinach,organic,0.0198789892190965,4340.792931134498,0.0
2221,Ley for fodder,conventional,7597.663157218443,4186.95265124694,0.0
2221,Ley for fodder,organic,2296.517193217388,3703.023751013422,0.0
2221,Ley for grazing,conventional,2255.6002364847054,3349.5621209975525,0.0
2221,Ley for grazing,organic,605.7114114104278,2962.419000810738,0.0
2221,Ley for seed,conventional,1041.772785032857,0.0,99.7509071324116
2221,Ley for seed,organic,82.98321663617811,0.0,99.14317819334117
2221,Maize (corn),conventional,0.0,,
2221,Maize (corn),organic,0.0,,
2221,Maize for forage and silage,conventional,0.0,,
2221,Maize for forage and silage,organic,0.0,,
2221,Mixed grain,conventional,34.13331703731512,2662.1386509003382,13.582907747884706
2221,Mixed grain,organic,4.167258471997911,1883.8861964007015,62.640305444672265
2221,Oats,conventional,143.5357483520448,2663.0050801624875,0.0
2221,Oats,organic,70.05778277516443,1915.7664001091723,8.136072006135299
2221,"Onions and shallots, dry (excluding dehydrated)",conventional,0.0123704369307105,10831.995994788189,0.0
2221,"Onions and shallots, dry (excluding dehydrated)",organic,0.039757978438193,8408.665349568882,0.0
2221,Other berries,conventional,0.0,,
2221,Other berries,organic,0.0,,
2221,Other crops for fodder,conventional,392.839206718484,4290.755813289313,0.0
2221,Other crops for fodder,organic,206.2192896737647,3871.928651299481,0.0
2221,Other fruit,conventional,0.0,,
2221,Other fruit,organic,0.0,,
2221,"Other root, bulb and tuberous vegetables, n.e.c.",conventional,0.1138103981446889,3817.8947281855753,0.0
2221,"Other root, bulb and tuberous vegetables, n.e.c.",organic,0.3657810456351281,3817.894728185575,0.0
2221,Other vegetables,conventional,0.2028799224279567,4233.386316064053,0.0
2221,Other vegetables,organic,0.65204613439387,3286.294496817983,0.0
2221,"Peas, dry",conventional,2.707895376858982,2202.060380117623,1.968923519392531
2221,"Peas, dry",organic,0.6573846231410184,1780.0808510631812,2.5025853154084796
2221,"Peas, green",conventional,0.0,,
2221,"Peas, green",organic,0.0,,
2221,Potatoes,conventional,80.46313139338949,31042.645274104925,0.0
2221,Potatoes,organic,19.77286860661051,22066.5880703543,0.0
2221,"Pumpkins, squash and gourds",conventional,0.0,,
2221,"Pumpkins, squash and gourds",organic,0.0,,
2221,Rye,conventional,0.0,,
2221,Rye,organic,0.0,,
2221,Semi-natural meadows,conventional,318.4281404581624,0.0,0.0
2221,Semi-natural meadows,organic,246.1018595418377,0.0,0.0
2221,Semi-natural pastures,conventional,13.822826085536152,0.0,0.0
2221,Semi-natural pastures,organic,10.683173914463843,0.0,0.0
2221,Short rotation coppice and other energy crops,conventional,0.0,,
2221,Short rotation coppice and other energy crops,organic,0.0,,
2221,Spring rapeseed,conventional,4.983651988729559,1577.8667389338616,0.0
2221,Spring rapeseed,organic,6.258571619021833,1060.800123708373,2.134288910172716
2221,Strawberries,conventional,1.2879708828202014,3572.602080303826,0.0
2221,Strawberries,organic,4.139475337452349,3572.6020803038264,0.0
2221,Sugar beet,conventional,0.0,,
2221,Sugar beet,organic,0.0,,
2221,Tomatoes,conventional,0.0,,
2221,Tomatoes,organic,0.0,,
2221,"Triticale, spring",conventional,0.0,,
2221,"Triticale, spring",organic,0.0,,
2221,"Triticale, winter",conventional,0.0,,
2221,"Triticale, winter",organic,0.0,,
2221,"Wheat, spring",conventional,355.69071643172725,3459.046918217943,1.4792763907475586
2221,"Wheat, spring",organic,67.87974508597574,2403.9837836404367,8.345231526906574
2221,"Wheat, winter",conventional,92.0157099436289,4646.86634574321,0.0
2221,"Wheat, winter",organic,15.458330856371106,3228.874300070218,7.759202989943175
2221,Winter rapeseed,conventional,0.0,,
2221,Winter rapeseed,organic,0.0,,
2311,Apples,conventional,0.0,,
2311,Apples,organic,0.0,,
2311,"Barley, spring",conventional,789.4282564373792,3628.9023809851856,6.175284589439072
2311,"Barley, spring",organic,545.1607827068025,2544.8106913243355,8.129800837275617
2311,"Barley, winter",conventional,0.0,,
2311,"Barley, winter",organic,0.0,,
2311,"Beans, dry ",conventional,0.0,,
2311,"Beans, dry ",organic,0.0,,
2311,"Broad beans and horse beans, dry",conventional,0.0,,
2311,"Broad beans and horse beans, dry",organic,0.0,,
2311,"Cabbages, cauliflowers and broccoli",conventional,2.5264132371214094,5973.423945732253,0.0
2311,"Cabbages, cauliflowers and broccoli",organic,2.4722586614786435,4875.966350063355,0.0
2311,Carrots and turnips,conventional,0.5102133577016918,9033.779666708002,0.0
2311,Carrots and turnips,organic,0.4992767510264166,9033.779666708002,0.0
2311,Cereals for fodder,conventional,626.130403930367,3114.599254624318,0.0
2311,Cereals for fodder,organic,390.3117303383766,2865.7257328485985,0.0
2311,Cucumbers and gherkins,conventional,0.0,,
2311,Cucumbers and gherkins,organic,0.0,,
2311,Fallow,conventional,418.7841208488788,0.0,0.0
2311,Fallow,organic,159.8098791511213,0.0,0.0
2311,Green manure,conventional,0.5326442497707831,0.0,0.0
2311,Green manure,organic,9.581355750229218,0.0,0.0
2311,Herbs,conventional,0.0,,
2311,Herbs,organic,0.0,,
2311,Lettuce and spinach,conventional,0.5050965828855116,2104.727657965077,0.0
2311,Lettuce and spinach,organic,0.4942696561172122,1907.104267148812,0.0
2311,Ley for fodder,conventional,11104.802406872366,3907.2329415748222,0.0
2311,Ley for fodder,organic,4527.453444917386,3433.07001431999,0.0
2311,Ley for grazing,conventional,1543.0584065699363,3125.786353259858,0.0
2311,Ley for grazing,organic,963.5524148583752,2746.456011455992,0.0
2311,Ley for seed,conventional,974.2414388096945,-0.0,100.00000000000007
2311,Ley for seed,organic,0.3298879722390304,-0.0,100.00000000032739
2311,Maize (corn),conventional,0.0,,
2311,Maize (corn),organic,0.0,,
2311,Maize for forage and silage,conventional,0.0,,
2311,Maize for forage and silage,organic,0.0,,
2311,Mixed grain,conventional,9.546230323902364,2271.8345921998352,38.45177253577043
2311,Mixed grain,organic,1.633174943892584,1739.1914858218204,956.105240807523
2311,Oats,conventional,85.53871773623332,3334.800576108958,0.0
2311,Oats,organic,30.161982663766672,2362.2666420625605,6.705397395608176
2311,"Onions and shallots, dry (excluding dehydrated)",conventional,0.0,,
2311,"Onions and shallots, dry (excluding dehydrated)",organic,0.0,,
2311,Other berries,conventional,23.1474018948933,406.1536651335911,0.0
2311,Other berries,organic,22.651229016904917,406.1536651335911,0.0
2311,Other crops for fodder,conventional,582.1349720560286,3417.4637801334293,0.0
2311,Other crops for fodder,organic,333.08504794397146,3083.8237828294295,0.0
2311,Other fruit,conventional,0.0,,
2311,Other fruit,organic,0.0,,
2311,"Other root, bulb and tuberous vegetables, n.e.c.",conventional,0.0009303226938509,3782.480427706601,0.0
2311,"Other root, bulb and tuberous vegetables, n.e.c.",organic,0.0009103808925826,3782.480427706601,0.0
2311,Other vegetables,conventional,0.5069572282732135,3382.622882063364,0.0
2311,Other vegetables,organic,0.4960904179023775,2625.863583475339,0.0
2311,"Peas, dry",conventional,0.0,,
2311,"Peas, dry",organic,0.0,,
2311,"Peas, green",conventional,0.0,,
2311,"Peas, green",organic,0.0,,
2311,Potatoes,conventional,68.46061799135006,18315.07104607037,0.0
2311,Potatoes,organic,4.727382008649922,13019.223222901102,0.0
2311,"Pumpkins, squash and gourds",conventional,0.0,,
2311,"Pumpkins, squash and gourds",organic,0.0,,
2311,Rye,conventional,0.0017821406896307,5471.195778726913,0.0
2311,Rye,organic,1.0850178593103692,3323.5732672963168,0.48662793471030386
2311,Semi-natural meadows,conventional,2038.4574572039264,0.0,0.0
2311,Semi-natural meadows,organic,1654.9325427960734,0.0,0.0
2311,Semi-natural pastures,conventional,8.00284647152262,0.0,0.0
2311,Semi-natural pastures,organic,6.497153528477377,0.0,0.0
2311,Short rotation coppice and other energy crops,conventional,0.0,,
2311,Short rotation coppice and other energy crops,organic,0.0,,
2311,Spring rapeseed,conventional,0.0007149968588688,1760.9428605955534,0.0
2311,Spring rapeseed,organic,1.595265003141131,1172.5263394306403,1.1864611812289307
2311,Strawberries,conventional,13.65990145320436,5558.97687790418,0.0
2311,Strawberries,organic,13.367096556661329,5558.976877904181,0.0
2311,Sugar beet,conventional,0.0,,
2311,Sugar beet,organic,0.0,,
2311,Tomatoes,conventional,0.0,,
2311,Tomatoes,organic,0.0,,
2311,"Triticale, spring",conventional,0.0,,
2311,"Triticale, spring",organic,0.0,,
2311,"Triticale, winter",conventional,0.0,,
2311,"Triticale, winter",organic,0.0,,
2311,"Wheat, spring",conventional,4.659337381831943,3779.2471969766134,0.0
2311,"Wheat, spring",organic,8.784570737447664,2462.597576601632,1.8165622973441362
2311,"Wheat, winter",conventional,27.7643054821311,4560.2629711086565,0.0
2311,"Wheat, winter",organic,11.031707317868896,2941.5236894661125,0.6354338270600688
2311,Winter rapeseed,conventional,0.0,,
2311,Winter rapeseed,organic,0.0,,
2312,Apples,conventional,0.0,,
2312,Apples,organic,0.0,,
2312,"Barley, spring",conventional,87.45481234788535,3605.300601101295,6.159945005643776
2312,"Barley, spring",organic,60.456429090397734,2528.6023414108045,8.127233123575184
2312,"Barley, winter",conventional,0.0,,
2312,"Barley, winter",organic,0.0,,
2312,"Beans, dry ",conventional,0.0,,
2312,"Beans, dry ",organic,0.0,,
2312,"Broad beans and horse beans, dry",conventional,0.0,,
2312,"Broad beans and horse beans, dry",organic,0.0,,
2312,"Cabbages, cauliflowers and broccoli",conventional,0.0,,
2312,"Cabbages, cauliflowers and broccoli",organic,0.0,,
2312,Carrots and turnips,conventional,0.0,,
2312,Carrots and turnips,organic,0.0,,
2312,Cereals for fodder,conventional,153.25318985714387,3128.3742647308136,0.0
2312,Cereals for fodder,organic,99.54112774715693,2852.75091295205,0.0
2312,Cucumbers and gherkins,conventional,0.0,,
2312,Cucumbers and gherkins,organic,0.0,,
2312,Fallow,conventional,250.8097994097538,0.0,0.0
2312,Fallow,organic,95.7402005902462,0.0,0.0
2312,Green manure,conventional,0.0,,
2312,Green manure,organic,0.0,,
2312,Herbs,conventional,0.0,,
2312,Herbs,organic,0.0,,
2312,Lettuce and spinach,conventional,0.0,,
2312,Lettuce and spinach,organic,0.0,,
2312,Ley for fodder,conventional,5226.529468960579,3907.029198792512,0.0
2312,Ley for fodder,organic,2131.8427719341435,3432.8449496893045,0.0
2312,Ley for grazing,conventional,725.1033152485352,3125.62335903401,0.0
2312,Ley for grazing,organic,453.6146363719012,2746.275959751444,0.0
2312,Ley for seed,conventional,457.97675243068824,-0.0,100.00000000000003
2312,Ley for seed,organic,0.025055054153555,,100.0
2312,Maize (corn),conventional,0.0,,
2312,Maize (corn),organic,0.0,,
2312,Maize for forage and silage,conventional,0.0,,
2312,Maize for forage and silage,organic,0.0,,
2312,Mixed grain,conventional,3.2429889806497982,2256.8630546995064,38.65940254099825
2312,Mixed grain,organic,0.5515673156900078,1727.7301009834896,970.6374695014158
2312,Oats,conventional,11.22324738542889,3314.342761352281,0.0
2312,Oats,organic,3.954952214571114,2347.8538401991527,6.708531117581959
2312,"Onions and shallots, dry (excluding dehydrated)",conventional,0.0,,
2312,"Onions and shallots, dry (excluding dehydrated)",organic,0.0,,
2312,Other berries,conventional,0.0,,
2312,Other berries,organic,0.0,,
2312,Other crops for fodder,conventional,267.3282506834239,3416.579216327187,0.0
2312,Other crops for fodder,organic,152.9917493165761,3083.020468676135,0.0
2312,Other fruit,conventional,0.0,,
2312,Other fruit,organic,0.0,,
2312,"Other root, bulb and tuberous vegetables, n.e.c.",conventional,0.0,,
2312,"Other root, bulb and tuberous vegetables, n.e.c.",organic,0.0,,
2312,Other vegetables,conventional,0.0,,
2312,Other vegetables,organic,0.0,,
2312,"Peas, dry",conventional,0.0,,
2312,"Peas, dry",organic,0.0,,
2312,"Peas, green",conventional,0.0,,
2312,"Peas, green",organic,0.0,,
2312,Potatoes,conventional,39.70603262585527,18199.77278218189,0.0
2312,Potatoes,organic,2.739967374144733,12937.2637354931,0.0
2312,"Pumpkins, squash and gourds",conventional,0.0,,
2312,"Pumpkins, squash and gourds",organic,0.0,,
2312,Rye,conventional,0.0,,
2312,Rye,organic,0.0,,
2312,Semi-natural meadows,conventional,1464.6178659071068,0.0,0.0
2312,Semi-natural meadows,organic,1189.1501340928933,0.0,0.0
2312,Semi-natural pastures,conventional,17.3098306808698,0.0,0.0
2312,Semi-natural pastures,organic,14.054169319130194,0.0,0.0
2312,Short rotation coppice and other energy crops,conventional,0.0,,
2312,Short rotation coppice and other energy crops,organic,0.0,,
2312,Spring rapeseed,conventional,0.0,,
2312,Spring rapeseed,organic,0.0,,
2312,Strawberries,conventional,0.0,,
2312,Strawberries,organic,0.0,,
2312,Sugar beet,conventional,0.0,,
2312,Sugar beet,organic,0.0,,
2312,Tomatoes,conventional,0.0,,
2312,Tomatoes,organic,0.0,,
2312,"Triticale, spring",conventional,0.0,,
2312,"Triticale, spring",organic,0.0,,
2312,"Triticale, winter",conventional,0.0,,
2312,"Triticale, winter",organic,0.0,,
2312,"Wheat, spring",conventional,1.9822500848768576,3756.423817187173,0.0
2312,"Wheat, spring",organic,3.7514349761994525,2447.6512238814416,1.8135780156564463
2312,"Wheat, winter",conventional,0.0,,
2312,"Wheat, winter",organic,0.0,,
2312,Winter rapeseed,conventional,0.0,,
2312,Winter rapeseed,organic,0.0,,
2319,Apples,conventional,0.0,,
2319,Apples,organic,0.0,,
2319,"Barley, spring",conventional,0.0,,
2319,"Barley, spring",organic,0.0,,
2319,"Barley, winter",conventional,0.0,,
2319,"Barley, winter",organic,0.0,,
2319,"Beans, dry ",conventional,0.0,,
2319,"Beans, dry ",organic,0.0,,
2319,"Broad beans and horse beans, dry",conventional,0.0,,
2319,"Broad beans and horse beans, dry",organic,0.0,,
2319,"Cabbages, cauliflowers and broccoli",conventional,0.0,,
2319,"Cabbages, cauliflowers and broccoli",organic,0.0,,
2319,Carrots and turnips,conventional,0.0,,
2319,Carrots and turnips,organic,0.0,,
2319,Cereals for fodder,conventional,21.86432037025537,3139.1394936893576,0.0
2319,Cereals for fodder,organic,14.615015629744631,2841.7652225104302,0.0
2319,Cucumbers and gherkins,conventional,0.0,,
2319,Cucumbers and gherkins,organic,0.0,,
2319,Fallow,conventional,115.81567082412968,0.0,0.0
2319,Fallow,organic,44.21232917587032,0.0,0.0
2319,Green manure,conventional,0.0,,
2319,Green manure,organic,0.0,,
2319,Herbs,conventional,0.0,,
2319,Herbs,organic,0.0,,
2319,Lettuce and spinach,conventional,0.0,,
2319,Lettuce and spinach,organic,0.0,,
2319,Ley for fodder,conventional,1410.2772145816837,3906.990021826181,0.0
2319,Ley for fodder,organic,575.286851853548,3432.8016684407257,0.0
2319,Ley for grazing,conventional,195.59561444662197,3125.5920174609455,0.0
2319,Ley for grazing,organic,122.40499254714187,2746.2413347525808,0.0
2319,Ley for seed,conventional,123.54732657100476,0.0,99.99999999999973
2319,Ley for seed,organic,-9.947598300641405e-14,-0.0,-0.0
2319,Maize (corn),conventional,0.0,,
2319,Maize (corn),organic,0.0,,
2319,Maize for forage and silage,conventional,0.0,,
2319,Maize for forage and silage,organic,0.0,,
2319,Mixed grain,conventional,0.5715640370884713,2256.861899096634,38.699735955851146
2319,Mixed grain,organic,0.09709996291152834,1727.7292163175532,973.4848484848719
2319,Oats,conventional,0.0,,
2319,Oats,organic,0.0,,
2319,"Onions and shallots, dry (excluding dehydrated)",conventional,0.0,,
2319,"Onions and shallots, dry (excluding dehydrated)",organic,0.0,,
2319,Other berries,conventional,0.0,,
2319,Other berries,organic,0.0,,
2319,Other crops for fodder,conventional,47.5041703258886,3416.409077440868,0.0
2319,Other crops for fodder,organic,27.187829674111413,3082.866940355604,0.0
2319,Other fruit,conventional,0.0,,
2319,Other fruit,organic,0.0,,
2319,"Other root, bulb and tuberous vegetables, n.e.c.",conventional,0.0,,
2319,"Other root, bulb and tuberous vegetables, n.e.c.",organic,0.0,,
2319,Other vegetables,conventional,0.0,,
2319,Other vegetables,organic,0.0,,
2319,"Peas, dry",conventional,0.0,,
2319,"Peas, dry",organic,0.0,,
2319,"Peas, green",conventional,0.0,,
2319,"Peas, green",organic,0.0,,
2319,Potatoes,conventional,0.9560359755014588,18197.6057164136,0.0
2319,Potatoes,organic,0.0659640244985412,12935.72328211975,0.0
2319,"Pumpkins, squash and gourds",conventional,0.0,,
2319,"Pumpkins, squash and gourds",organic,0.0,,
2319,Rye,conventional,0.0,,
2319,Rye,organic,0.0,,
2319,Semi-natural meadows,conventional,2116.116504379392,0.0,0.0
2319,Semi-natural meadows,organic,1718.1394956206084,0.0,0.0
2319,Semi-natural pastures,conventional,21.059306831392792,0.0,0.0
2319,Semi-natural pastures,organic,17.098693168607202,0.0,0.0
2319,Short rotation coppice and other energy crops,conventional,0.0,,
2319,Short rotation coppice and other energy crops,organic,0.0,,
2319,Spring rapeseed,conventional,0.0,,
2319,Spring rapeseed,organic,0.0,,
2319,Strawberries,conventional,0.0,,
2319,Strawberries,organic,0.0,,
2319,Sugar beet,conventional,0.0,,
2319,Sugar beet,organic,0.0,,
2319,Tomatoes,conventional,0.0,,
2319,Tomatoes,organic,0.0,,
2319,"Triticale, spring",conventional,0.0,,
2319,"Triticale, spring",organic,0.0,,
2319,"Triticale, winter",conventional,0.0,,
2319,"Triticale, winter",organic,0.0,,
2319,"Wheat, spring",conventional,0.0,,
2319,"Wheat, spring",organic,0.0,,
2319,"Wheat, winter",conventional,0.0,,
2319,"Wheat, winter",organic,0.0,,
2319,Winter rapeseed,conventional,0.0,,
2319,Winter rapeseed,organic,0.0,,
2331,Apples,conventional,0.0,,
2331,Apples,organic,0.0,,
2331,"Barley, spring",conventional,40.298245225959455,3591.4767913161663,6.463409315626323
2331,"Barley, spring",organic,20.964187423868715,2499.4902777553443,7.712953810219594
2331,"Barley, winter",conventional,0.0,,
2331,"Barley, winter",organic,0.0,,
2331,"Beans, dry ",conventional,0.0,,
2331,"Beans, dry ",organic,0.0,,
2331,"Broad beans and horse beans, dry",conventional,0.0,,
2331,"Broad beans and horse beans, dry",organic,0.0,,
2331,"Cabbages, cauliflowers and broccoli",conventional,0.0,,
2331,"Cabbages, cauliflowers and broccoli",organic,0.0,,
2331,Carrots and turnips,conventional,0.0,,
2331,Carrots and turnips,organic,0.0,,
2331,Cereals for fodder,conventional,56.86422395418224,3012.5160979156085,0.0
2331,Cereals for fodder,organic,34.837907069661554,2744.240811279019,0.0
2331,Cucumbers and gherkins,conventional,0.0,,
2331,Cucumbers and gherkins,organic,0.0,,
2331,Fallow,conventional,133.9557286518779,0.0,0.0
2331,Fallow,organic,45.37227134812206,0.0,0.0
2331,Green manure,conventional,0.0,,
2331,Green manure,organic,0.0,,
2331,Herbs,conventional,0.0,,
2331,Herbs,organic,0.0,,
2331,Lettuce and spinach,conventional,0.0,,
2331,Lettuce and spinach,organic,0.0,,
2331,Ley for fodder,conventional,1526.925687607796,4035.753394474788,0.0
2331,Ley for fodder,organic,604.897148654529,3548.150080895586,0.0
2331,Ley for grazing,conventional,253.3774669751052,3228.60271557983,0.0
2331,Ley for grazing,organic,139.87560305201856,2838.5200647164693,0.0
2331,Ley for seed,conventional,118.35645239500757,0.0,99.99999999999997
2331,Ley for seed,organic,1.2836413155436903,-0.0,100.00000000001216
2331,Maize (corn),conventional,0.0,,
2331,Maize (corn),organic,0.0,,
2331,Maize for forage and silage,conventional,0.0,,
2331,Maize for forage and silage,organic,0.0,,
2331,Mixed grain,conventional,3.9077461161520546,2752.532547156777,15.276132740530832
2331,Mixed grain,organic,1.9175032224207025,1909.6886987870666,102.95706901818866
2331,Oats,conventional,11.57645129614259,3281.383782010512,0.7939963035599993
2331,Oats,organic,4.205735691612693,2371.5373682013774,7.327737537119787
2331,"Onions and shallots, dry (excluding dehydrated)",conventional,0.0,,
2331,"Onions and shallots, dry (excluding dehydrated)",organic,0.0,,
2331,Other berries,conventional,2.229205030810739,581.9186025196531,0.0
2331,Other berries,organic,2.5152977351478487,581.9186025196531,0.0
2331,Other crops for fodder,conventional,66.52285592903954,3774.778693121485,0.0
2331,Other crops for fodder,organic,39.18514407096047,3406.249127783024,0.0
2331,Other fruit,conventional,0.0,,
2331,Other fruit,organic,0.0,,
2331,"Other root, bulb and tuberous vegetables, n.e.c.",conventional,0.0,,
2331,"Other root, bulb and tuberous vegetables, n.e.c.",organic,0.0,,
2331,Other vegetables,conventional,0.0,,
2331,Other vegetables,organic,0.0,,
2331,"Peas, dry",conventional,0.0,,
2331,"Peas, dry",organic,0.0,,
2331,"Peas, green",conventional,0.0,,
2331,"Peas, green",organic,0.0,,
2331,Potatoes,conventional,8.72283389629807,19858.40309215335,0.0
2331,Potatoes,organic,1.6691661037019312,14116.297013358611,0.0
2331,"Pumpkins, squash and gourds",conventional,0.0,,
2331,"Pumpkins, squash and gourds",organic,0.0,,
2331,Rye,conventional,0.0,,
2331,Rye,organic,0.0,,
2331,Semi-natural meadows,conventional,1840.8249067672907,0.0,0.0
2331,Semi-natural meadows,organic,1482.1010932327097,0.0,0.0
2331,Semi-natural pastures,conventional,14.225023956588403,0.0,0.0
2331,Semi-natural pastures,organic,11.452976043411594,0.0,0.0
2331,Short rotation coppice and other energy crops,conventional,0.0,,
2331,Short rotation coppice and other energy crops,organic,0.0,,
2331,Spring rapeseed,conventional,0.0,,
2331,Spring rapeseed,organic,0.0,,
2331,Strawberries,conventional,0.0,,
2331,Strawberries,organic,0.0,,
2331,Sugar beet,conventional,0.0,,
2331,Sugar beet,organic,0.0,,
2331,Tomatoes,conventional,0.0,,
2331,Tomatoes,organic,0.0,,
2331,"Triticale, spring",conventional,0.0,,
2331,"Triticale, spring",organic,0.0,,
2331,"Triticale, winter",conventional,0.0,,
2331,"Triticale, winter",organic,0.0,,
2331,"Wheat, spring",conventional,0.0,,
2331,"Wheat, spring",organic,0.0,,
2331,"Wheat, winter",conventional,0.0,,
2331,"Wheat, winter",organic,0.0,,
2331,Winter rapeseed,conventional,0.0,,
2331,Winter rapeseed,organic,0.0,,
2411,Apples,conventional,0.0,,
2411,Apples,organic,0.0,,
2411,"Barley, spring",conventional,1922.1276884313127,3110.678033019547,11.958960859639152
2411,"Barley, spring",organic,199.4446119686871,2125.039256886193,11.506603984777255
2411,"Barley, winter",conventional,0.0,,
2411,"Barley, winter",organic,0.0,,
2411,"Beans, dry ",conventional,0.0,,
2411,"Beans, dry ",organic,0.0,,
2411,"Broad beans and horse beans, dry",conventional,0.0,,
2411,"Broad beans and horse beans, dry",organic,0.0,,
2411,"Cabbages, cauliflowers and broccoli",conventional,0.9322518831292614,10656.372582359301,0.0
2411,"Cabbages, cauliflowers and broccoli",organic,0.7374529821768785,8698.54786758353,0.0
2411,Carrots and turnips,conventional,0.5327153617881494,15500.0,0.0
2411,Carrots and turnips,organic,0.4214017041010734,15500.0,0.0
2411,Cereals for fodder,conventional,330.27854095131,2616.240755384135,0.0
2411,Cereals for fodder,organic,42.69174264868995,2421.9375874071407,0.0
2411,Cucumbers and gherkins,conventional,0.0,,
2411,Cucumbers and gherkins,organic,0.0,,
2411,Fallow,conventional,2140.43507780162,0.0,0.0
2411,Fallow,organic,135.66692219837978,0.0,0.0
2411,Green manure,conventional,0.3181678051651124,0.0,0.0
2411,Green manure,organic,0.3218321948348876,0.0,0.0
2411,Herbs,conventional,0.0,,
2411,Herbs,organic,0.0,,
2411,Lettuce and spinach,conventional,0.0,,
2411,Lettuce and spinach,organic,0.0,,
2411,Ley for fodder,conventional,8762.46865981114,3632.989837609105,0.0
2411,Ley for fodder,organic,831.705948701199,3196.067593222296,0.0
2411,Ley for grazing,conventional,1122.6338075661918,2906.391870087284,0.0
2411,Ley for grazing,organic,218.3672748086967,2556.8540745778373,0.0
2411,Ley for seed,conventional,1145.1188328311518,0.0,99.80872440498581
2411,Ley for seed,organic,408.6514762816199,0.0,99.92911633612131
2411,Maize (corn),conventional,0.0,,
2411,Maize (corn),organic,0.0,,
2411,Maize for forage and silage,conventional,0.0,,
2411,Maize for forage and silage,organic,0.0,,
2411,Mixed grain,conventional,54.845465355858614,2332.989131264917,11.078064419327951
2411,Mixed grain,organic,1.450438644141375,1698.814530461797,121.80094786729838
2411,Oats,conventional,114.13263620741489,2525.503655861182,43.903550682522784
2411,Oats,organic,23.659638992585105,1889.166440308562,11.652686465654046
2411,"Onions and shallots, dry (excluding dehydrated)",conventional,0.0,,
2411,"Onions and shallots, dry (excluding dehydrated)",organic,0.0,,
2411,Other berries,conventional,5.946836182979155,138.88888888888889,0.0
2411,Other berries,organic,4.704213696983512,138.88888888888889,0.0
2411,Other crops for fodder,conventional,531.049986543896,2702.4728045773586,0.0
2411,Other crops for fodder,organic,139.78076345610393,2438.6493226301195,0.0
2411,Other fruit,conventional,0.0,,
2411,Other fruit,organic,0.0,,
2411,"Other root, bulb and tuberous vegetables, n.e.c.",conventional,0.5327153617881494,6000.0,0.0
2411,"Other root, bulb and tuberous vegetables, n.e.c.",organic,0.4214017041010734,6000.0,0.0
2411,Other vegetables,conventional,0.6658942022351868,4161.162484405434,0.0
2411,Other vegetables,organic,0.5267521301263418,3230.2285574497328,0.0
2411,"Peas, dry",conventional,0.0,,
2411,"Peas, dry",organic,0.0,,
2411,"Peas, green",conventional,0.0,,
2411,"Peas, green",organic,0.0,,
2411,Potatoes,conventional,84.83441905385192,25156.36760506557,0.0
2411,Potatoes,organic,4.473580946148087,17882.34206156561,0.0
2411,"Pumpkins, squash and gourds",conventional,0.0,,
2411,"Pumpkins, squash and gourds",organic,0.0,,
2411,Rye,conventional,0.0,,
2411,Rye,organic,0.0,,
2411,Semi-natural meadows,conventional,455.29317877235394,0.0,0.0
2411,Semi-natural meadows,organic,102.380821227646,0.0,0.0
2411,Semi-natural pastures,conventional,14.685665280714366,0.0,0.0
2411,Semi-natural pastures,organic,3.3023347192856334,0.0,0.0
2411,Short rotation coppice and other energy crops,conventional,113.19542623073188,0.0,0.0
2411,Short rotation coppice and other energy crops,organic,6.310573769268127,0.0,0.0
2411,Spring rapeseed,conventional,7.907013837252353,1098.1306125812453,0.6620054597644851
2411,Spring rapeseed,organic,1.3962361627476465,767.0042187388566,4.152960526315787
2411,Strawberries,conventional,0.0,,
2411,Strawberries,organic,0.0,,
2411,Sugar beet,conventional,0.0,,
2411,Sugar beet,organic,0.0,,
2411,Tomatoes,conventional,0.0,,
2411,Tomatoes,organic,0.0,,
2411,"Triticale, spring",conventional,0.0,,
2411,"Triticale, spring",organic,0.0,,
2411,"Triticale, winter",conventional,0.0,,
2411,"Triticale, winter",organic,0.0,,
2411,"Wheat, spring",conventional,8.4992368,2605.6194144264387,1.186511240632806
2411,"Wheat, spring",organic,0.0,,
2411,"Wheat, winter",conventional,0.0,,
2411,"Wheat, winter",organic,0.0,,
2411,Winter rapeseed,conventional,0.0,,
2411,Winter rapeseed,organic,0.0,,
2412,Apples,conventional,0.0,,
2412,Apples,organic,0.0,,
2412,"Barley, spring",conventional,1159.937906881029,3432.512667737523,11.958960859639154
2412,"Barley, spring",organic,120.35795911897092,2344.8984727039897,11.506603984777252
2412,"Barley, winter",conventional,0.0,,
2412,"Barley, winter",organic,0.0,,
2412,"Beans, dry ",conventional,0.0,,
2412,"Beans, dry ",organic,0.0,,
2412,"Broad beans and horse beans, dry",conventional,0.0,,
2412,"Broad beans and horse beans, dry",organic,0.0,,
2412,"Cabbages, cauliflowers and broccoli",conventional,0.3959656078861032,10656.3725823593,0.0
2412,"Cabbages, cauliflowers and broccoli",organic,0.3132265256412458,8698.54786758353,0.0
2412,Carrots and turnips,conventional,0.2262660616492018,15500.0,0.0
2412,Carrots and turnips,organic,0.1789865860807119,15500.0,0.0
2412,Cereals for fodder,conventional,278.372350015452,2615.649164802952,0.0
2412,Cereals for fodder,organic,32.73512598454796,2409.900238633144,0.0
2412,Cucumbers and gherkins,conventional,0.0,,
2412,Cucumbers and gherkins,organic,0.0,,
2412,Fallow,conventional,624.3621348319612,0.0,0.0
2412,Fallow,organic,39.57386516803881,0.0,0.0
2412,Green manure,conventional,0.0,,
2412,Green manure,organic,0.0,,
2412,Herbs,conventional,0.0,,
2412,Herbs,organic,0.0,,
2412,Lettuce and spinach,conventional,0.0,,
2412,Lettuce and spinach,organic,0.0,,
2412,Ley for fodder,conventional,4522.755619213381,3632.989837609104,0.0
2412,Ley for fodder,organic,429.2857297480614,3196.067593222296,0.0
2412,Ley for grazing,conventional,579.4483904719998,2906.391870087284,0.0
2412,Ley for grazing,organic,112.71045381572092,2556.854074577837,0.0
2412,Ley for seed,conventional,589.9235131427007,0.0,99.99999999999987
2412,Ley for seed,organic,210.77629360813756,-0.0,100.00000000000003
2412,Maize (corn),conventional,0.0,,
2412,Maize (corn),organic,0.0,,
2412,Maize for forage and silage,conventional,0.0,,
2412,Maize for forage and silage,organic,0.0,,
2412,Mixed grain,conventional,56.52974113772697,2574.363100827691,11.078064419327951
2412,Mixed grain,organic,1.4949808622730385,1874.5760037037062,121.80094786729842
2412,Oats,conventional,77.49467005566385,2786.7954186007696,43.9035506825228
2412,Oats,organic,16.064606744336157,2084.621959904068,11.652686465654046
2412,"Onions and shallots, dry (excluding dehydrated)",conventional,0.0,,
2412,"Onions and shallots, dry (excluding dehydrated)",organic,0.0,,
2412,Other berries,conventional,0.0,,
2412,Other berries,organic,0.0,,
2412,Other crops for fodder,conventional,462.4257184074709,2702.4830383006656,0.0
2412,Other crops for fodder,organic,121.7587315925292,2438.680717359158,0.0
2412,Other fruit,conventional,0.0,,
2412,Other fruit,organic,0.0,,
2412,"Other root, bulb and tuberous vegetables, n.e.c.",conventional,0.2262660616492018,6000.0,0.0
2412,"Other root, bulb and tuberous vegetables, n.e.c.",organic,0.1789865860807119,6000.0,0.0
2412,Other vegetables,conventional,0.2828325770615023,4161.162484405435,0.0
2412,Other vegetables,organic,0.2237332326008899,3230.228557449734,0.0
2412,"Peas, dry",conventional,0.0,,
2412,"Peas, dry",organic,0.0,,
2412,"Peas, green",conventional,0.0,,
2412,"Peas, green",organic,0.0,,
2412,Potatoes,conventional,1.4666585638369167,22883.09172320056,0.0
2412,Potatoes,organic,0.0773414361630833,16266.389490112822,0.0
2412,"Pumpkins, squash and gourds",conventional,0.0,,
2412,"Pumpkins, squash and gourds",organic,0.0,,
2412,Rye,conventional,0.0,,
2412,Rye,organic,0.0,,
2412,Semi-natural meadows,conventional,119.1655034302663,0.0,0.0
2412,Semi-natural meadows,organic,26.79649656973369,0.0,0.0
2412,Semi-natural pastures,conventional,0.0,,
2412,Semi-natural pastures,organic,0.0,,
2412,Short rotation coppice and other energy crops,conventional,0.0,,
2412,Short rotation coppice and other energy crops,organic,0.0,,
2412,Spring rapeseed,conventional,15.63643698938995,1211.7445773893126,0.6620054597644854
2412,Spring rapeseed,organic,2.7611130106100528,846.3594332434411,4.152960526315786
2412,Strawberries,conventional,0.0,,
2412,Strawberries,organic,0.0,,
2412,Sugar beet,conventional,0.0,,
2412,Sugar beet,organic,0.0,,
2412,Tomatoes,conventional,0.0,,
2412,Tomatoes,organic,0.0,,
2412,"Triticale, spring",conventional,0.0,,
2412,"Triticale, spring",organic,0.0,,
2412,"Triticale, winter",conventional,0.0,,
2412,"Triticale, winter",organic,0.0,,
2412,"Wheat, spring",conventional,14.6675728,2875.200053616533,1.186511240632806
2412,"Wheat, spring",organic,0.0,,
2412,"Wheat, winter",conventional,0.718,5530.219942799468,0.0
2412,"Wheat, winter",organic,2.1430864,3553.082470442228,0.24122219244170465
2412,Winter rapeseed,conventional,0.0,,
2412,Winter rapeseed,organic,0.0,,
2413,Apples,conventional,0.0,,
2413,Apples,organic,0.0,,
2413,"Barley, spring",conventional,2343.816963440148,3725.089608390225,11.958960859639149
2413,"Barley, spring",organic,243.20010975985247,2544.770487083804,11.506603984777254
2413,"Barley, winter",conventional,0.0,,
2413,"Barley, winter",organic,0.0,,
2413,"Beans, dry ",conventional,0.0,,
2413,"Beans, dry ",organic,0.0,,
2413,"Broad beans and horse beans, dry",conventional,0.0,,
2413,"Broad beans and horse beans, dry",organic,0.0,,
2413,"Cabbages, cauliflowers and broccoli",conventional,0.0034085992070539,10656.3725823593,0.0
2413,"Cabbages, cauliflowers and broccoli",organic,0.0026963545966247,8698.54786758353,0.0
2413,Carrots and turnips,conventional,0.0019477709754594,15500.0,0.0
2413,Carrots and turnips,organic,0.0015407740552141,15500.0,0.0
2413,Cereals for fodder,conventional,336.23571907194645,2616.8979717303837,0.0
2413,Cereals for fodder,organic,46.17290532805354,2427.2546774920684,0.0
2413,Cucumbers and gherkins,conventional,0.0,,
2413,Cucumbers and gherkins,organic,0.0,,
2413,Fallow,conventional,2362.020365887301,0.0,0.0
2413,Fallow,organic,149.7116341126983,0.0,0.0
2413,Green manure,conventional,0.0,,
2413,Green manure,organic,0.0,,
2413,Herbs,conventional,0.0,,
2413,Herbs,organic,0.0,,
2413,Lettuce and spinach,conventional,0.0,,
2413,Lettuce and spinach,organic,0.0,,
2413,Ley for fodder,conventional,7614.5691572388305,3632.989837609105,0.0
2413,Ley for fodder,organic,722.750940487667,3196.067593222296,0.0
2413,Ley for grazing,conventional,975.5667150256444,2906.391870087284,0.0
2413,Ley for grazing,organic,189.76076038193045,2556.854074577837,0.0
2413,Ley for seed,conventional,993.2027654166391,-0.0,100.00000000000011
2413,Ley for seed,organic,354.865661449288,0.0,99.99999999999999
2413,Maize (corn),conventional,0.0,,
2413,Maize (corn),organic,0.0,,
2413,Maize for forage and silage,conventional,0.0,,
2413,Maize for forage and silage,organic,0.0,,
2413,Mixed grain,conventional,39.66019301325639,2793.793982248394,11.07806441932795
2413,Mixed grain,organic,1.048850186743616,2034.3591611963504,121.80094786729838
2413,Oats,conventional,208.6697186176131,3023.9804323375456,43.903550682522784
2413,Oats,organic,43.25712938238691,2262.0447749753253,11.652686465654044
2413,"Onions and shallots, dry (excluding dehydrated)",conventional,0.0,,
2413,"Onions and shallots, dry (excluding dehydrated)",organic,0.0,,
2413,Other berries,conventional,0.2698363873450055,138.88888888888886,0.0
2413,Other berries,organic,0.2134526646161984,138.88888888888886,0.0
2413,Other crops for fodder,conventional,524.2267969516306,2702.4874095468313,0.0
2413,Other crops for fodder,organic,138.05106304836934,2438.69412090798,0.0
2413,Other fruit,conventional,0.0,,
2413,Other fruit,organic,0.0,,
2413,"Other root, bulb and tuberous vegetables, n.e.c.",conventional,0.0019477709754594,6000.0,0.0
2413,"Other root, bulb and tuberous vegetables, n.e.c.",organic,0.0015407740552141,5999.999999999999,0.0
2413,Other vegetables,conventional,0.0024347137193242,4161.162484405434,0.0
2413,Other vegetables,organic,0.0019259675690177,3230.228557449733,0.0
2413,"Peas, dry",conventional,0.0,,
2413,"Peas, dry",organic,0.0,,
2413,"Peas, green",conventional,0.0,,
2413,"Peas, green",organic,0.0,,
2413,Potatoes,conventional,91.88083953736373,20415.70330001288,0.0
2413,Potatoes,organic,4.845160462636268,14512.452495914004,0.0
2413,"Pumpkins, squash and gourds",conventional,0.0,,
2413,"Pumpkins, squash and gourds",organic,0.0,,
2413,Rye,conventional,0.0,,
2413,Rye,organic,0.0,,
2413,Semi-natural meadows,conventional,118.9124149136429,0.0,0.0
2413,Semi-natural meadows,organic,26.73958508635708,0.0,0.0
2413,Semi-natural pastures,conventional,1.4303583262070032,0.0,0.0
2413,Semi-natural pastures,organic,0.321641673792997,0.0,0.0
2413,Short rotation coppice and other energy crops,conventional,43.53874250767176,0.0,0.0
2413,Short rotation coppice and other energy crops,organic,2.427257492328241,0.0,0.0
2413,Spring rapeseed,conventional,21.96373939905007,1315.0299999421006,0.6620054597644858
2413,Spring rapeseed,organic,3.878400600949934,918.5005373385184,4.1529605263157885
2413,Strawberries,conventional,5.261910761565442,4666.666666666666,0.0
2413,Strawberries,organic,4.162407020342814,4666.666666666666,0.0
2413,Sugar beet,conventional,0.0,,
2413,Sugar beet,organic,0.0,,
2413,Tomatoes,conventional,0.0,,
2413,Tomatoes,organic,0.0,,
2413,"Triticale, spring",conventional,0.0,,
2413,"Triticale, spring",organic,0.0,,
2413,"Triticale, winter",conventional,0.0,,
2413,"Triticale, winter",organic,0.0,,
2413,"Wheat, spring",conventional,1.1664112,3120.273361971165,1.186511240632806
2413,"Wheat, spring",organic,0.0,,
2413,"Wheat, winter",conventional,0.0,,
2413,"Wheat, winter",organic,0.0,,
2413,Winter rapeseed,conventional,0.0,,
2413,Winter rapeseed,organic,0.0,,
2414,Apples,conventional,0.0,,
2414,Apples,organic,0.0,,
2414,"Barley, spring",conventional,761.5223517026774,3136.7969633638795,11.962166021694449
2414,"Barley, spring",organic,79.25379106695561,2142.7294023023296,11.503514051804345
2414,"Barley, winter",conventional,0.0,,
2414,"Barley, winter",organic,0.0,,
2414,"Beans, dry ",conventional,0.0,,
2414,"Beans, dry ",organic,0.0,,
2414,"Broad beans and horse beans, dry",conventional,0.0,,
2414,"Broad beans and horse beans, dry",organic,0.0,,
2414,"Cabbages, cauliflowers and broccoli",conventional,0.6216894375397783,10661.913008917309,0.0
2414,"Cabbages, cauliflowers and broccoli",organic,0.4932711306975441,8703.070388286444,0.0
2414,Carrots and turnips,conventional,0.3578755530550386,15528.071402942498,0.0
2414,Carrots and turnips,organic,0.2839515488682767,15528.0714029425,0.0
2414,Cereals for fodder,conventional,244.17699596855934,2614.9756510387638,0.0
2414,Cereals for fodder,organic,26.82767313355061,2399.930167526964,0.0
2414,Cucumbers and gherkins,conventional,0.0,,
2414,Cucumbers and gherkins,organic,0.0,,
2414,Fallow,conventional,1647.266206554994,0.0,0.0
2414,Fallow,organic,105.02979344500568,0.0,0.0
2414,Green manure,conventional,1.2205651573546186,0.0,0.0
2414,Green manure,organic,1.2394348426453814,0.0,0.0
2414,Herbs,conventional,0.0,,
2414,Herbs,organic,0.0,,
2414,Lettuce and spinach,conventional,0.0,,
2414,Lettuce and spinach,organic,0.0,,
2414,Ley for fodder,conventional,9333.455338318234,3633.8122466195446,0.0
2414,Ley for fodder,organic,887.9743611628613,3196.978953576964,0.0
2414,Ley for grazing,conventional,1198.5810430420422,2907.049797295635,0.0
2414,Ley for grazing,organic,233.1340041245753,2557.5831628615715,0.0
2414,Ley for seed,conventional,1217.5776696653402,0.0,99.99999999999986
2414,Ley for seed,organic,434.9595836869495,0.0,99.99999999999996
2414,Maize (corn),conventional,0.0,,
2414,Maize (corn),organic,0.0,,
2414,Maize for forage and silage,conventional,0.0,,
2414,Maize for forage and silage,organic,0.0,,
2414,Mixed grain,conventional,53.06762951115249,2352.081094718239,11.088289240874055
2414,Mixed grain,organic,1.4039349450388627,1712.519801212292,121.76374358148432
2414,Oats,conventional,76.81937254782812,2546.073903402193,43.81642938603091
2414,Oats,organic,15.971784878065758,1904.4676766133969,11.64869513535637
2414,"Onions and shallots, dry (excluding dehydrated)",conventional,0.0,,
2414,"Onions and shallots, dry (excluding dehydrated)",organic,0.0,,
2414,Other berries,conventional,0.0,,
2414,Other berries,organic,0.0,,
2414,Other crops for fodder,conventional,644.1426166123412,2705.0229892407906,0.0
2414,Other crops for fodder,organic,169.73901338765884,2440.9343002637315,0.0
2414,Other fruit,conventional,0.0,,
2414,Other fruit,organic,0.0,,
2414,"Other root, bulb and tuberous vegetables, n.e.c.",conventional,0.3554793198516268,6000.125540316409,0.0
2414,"Other root, bulb and tuberous vegetables, n.e.c.",organic,0.2820502898307427,6000.125540316409,0.0
2414,Other vegetables,conventional,0.4447485220151022,4165.830632501076,0.0
2414,Other vegetables,organic,0.3528797387946841,3233.852348961229,0.0
2414,"Peas, dry",conventional,0.0,,
2414,"Peas, dry",organic,0.0,,
2414,"Peas, green",conventional,0.0,,
2414,"Peas, green",organic,0.0,,
2414,Potatoes,conventional,16.1222762469799,20919.23350563743,0.0
2414,Potatoes,organic,0.8517237530200991,14870.385704581842,0.0
2414,"Pumpkins, squash and gourds",conventional,0.0,,
2414,"Pumpkins, squash and gourds",organic,0.0,,
2414,Rye,conventional,0.0,,
2414,Rye,organic,0.0,,
2414,Semi-natural meadows,conventional,362.2591726272118,0.0,0.0
2414,Semi-natural meadows,organic,81.72682737278822,0.0,0.0
2414,Semi-natural pastures,conventional,21.556732286177795,0.0,0.0
2414,Semi-natural pastures,organic,4.863267713822203,0.0,0.0
2414,Short rotation coppice and other energy crops,conventional,0.0,,
2414,Short rotation coppice and other energy crops,organic,0.0,,
2414,Spring rapeseed,conventional,0.6131670002319896,1107.584609064861,0.6575113345232934
2414,Spring rapeseed,organic,0.1092029997680103,773.642489375963,4.152960526315706
2414,Strawberries,conventional,0.0,,
2414,Strawberries,organic,0.0,,
2414,Sugar beet,conventional,0.0,,
2414,Sugar beet,organic,0.0,,
2414,Tomatoes,conventional,0.0,,
2414,Tomatoes,organic,0.0,,
2414,"Triticale, spring",conventional,0.0,,
2414,"Triticale, spring",organic,0.0,,
2414,"Triticale, winter",conventional,0.0,,
2414,"Triticale, winter",organic,0.0,,
2414,"Wheat, spring",conventional,38.95986826221035,2627.3816024332223,1.1843745489777107
2414,"Wheat, spring",organic,0.0105979839612837,1889.1813158535406,11.145855583959769
2414,"Wheat, winter",conventional,0.0,,
2414,"Wheat, winter",organic,0.0,,
2414,Winter rapeseed,conventional,0.0,,
2414,Winter rapeseed,organic,0.0,,
2415,Apples,conventional,0.0,,
2415,Apples,organic,0.0,,
2415,"Barley, spring",conventional,9.970337645461417,3451.706465423105,11.9413677931226
2415,"Barley, spring",organic,1.0561033400767497,2357.982151905958,11.487853070068429
2415,"Barley, winter",conventional,0.0,,
2415,"Barley, winter",organic,0.0,,
2415,"Beans, dry ",conventional,0.0,,
2415,"Beans, dry ",organic,0.0,,
2415,"Broad beans and horse beans, dry",conventional,0.0,,
2415,"Broad beans and horse beans, dry",organic,0.0,,
2415,"Cabbages, cauliflowers and broccoli",conventional,0.0,,
2415,"Cabbages, cauliflowers and broccoli",organic,0.0,,
2415,Carrots and turnips,conventional,0.0,,
2415,Carrots and turnips,organic,0.0,,
2415,Cereals for fodder,conventional,47.34103363014116,2617.019439638904,0.0
2415,Cereals for fodder,organic,4.33996821343481,2364.714563859008,0.0
2415,Cucumbers and gherkins,conventional,0.0,,
2415,Cucumbers and gherkins,organic,0.0,,
2415,Fallow,conventional,256.5592526516764,0.0,0.0
2415,Fallow,organic,16.68874734832366,0.0,0.0
2415,Green manure,conventional,0.0,,
2415,Green manure,organic,0.0,,
2415,Herbs,conventional,0.0,,
2415,Herbs,organic,0.0,,
2415,Lettuce and spinach,conventional,0.0,,
2415,Lettuce and spinach,organic,0.0,,
2415,Ley for fodder,conventional,1950.0053910445256,3635.172901949012,0.0
2415,Ley for fodder,organic,187.48092924130268,3198.2528215195302,0.0
2415,Ley for grazing,conventional,250.53761433945263,2908.138321559209,0.0
2415,Ley for grazing,organic,49.159144573174345,2558.602257215624,0.0
2415,Ley for seed,conventional,253.2621414421877,-0.0,100.00000000000003
2415,Ley for seed,organic,91.1407793593567,-0.0,100.00000000000003
2415,Maize (corn),conventional,0.0,,
2415,Maize (corn),organic,0.0,,
2415,Maize for forage and silage,conventional,0.0,,
2415,Maize for forage and silage,organic,0.0,,
2415,Mixed grain,conventional,11.815642723968447,2586.081463171342,11.07560622255884
2415,Mixed grain,organic,0.3205336056441967,1883.161030312968,122.11035983019612
2415,Oats,conventional,25.711565515432184,2803.626900046398,43.56291082288751
2415,Oats,organic,5.36715180737122,2096.575628679394,11.62584918450661
2415,"Onions and shallots, dry (excluding dehydrated)",conventional,0.0,,
2415,"Onions and shallots, dry (excluding dehydrated)",organic,0.0,,
2415,Other berries,conventional,0.0,,
2415,Other berries,organic,0.0,,
2415,Other crops for fodder,conventional,68.34850136133008,2708.655232400028,0.0
2415,Other crops for fodder,organic,18.099498638669925,2444.21071350224,0.0
2415,Other fruit,conventional,0.0,,
2415,Other fruit,organic,0.0,,
2415,"Other root, bulb and tuberous vegetables, n.e.c.",conventional,0.0,,
2415,"Other root, bulb and tuberous vegetables, n.e.c.",organic,0.0,,
2415,Other vegetables,conventional,0.0,,
2415,Other vegetables,organic,0.0,,
2415,"Peas, dry",conventional,0.0,,
2415,"Peas, dry",organic,0.0,,
2415,"Peas, green",conventional,0.0,,
2415,"Peas, green",organic,0.0,,
2415,Potatoes,conventional,29.14574367811326,22988.937244266886,0.0
2415,Potatoes,organic,1.5422563218867396,16341.629518526606,0.0
2415,"Pumpkins, squash and gourds",conventional,0.0,,
2415,"Pumpkins, squash and gourds",organic,0.0,,
2415,Rye,conventional,0.0,,
2415,Rye,organic,0.0,,
2415,Semi-natural meadows,conventional,215.1151750141389,0.0,0.0
2415,Semi-natural meadows,organic,48.980824985861055,0.0,0.0
2415,Semi-natural pastures,conventional,31.63161390743924,0.0,0.0
2415,Semi-natural pastures,organic,7.202386092560767,0.0,0.0
2415,Short rotation coppice and other energy crops,conventional,0.0,,
2415,Short rotation coppice and other energy crops,organic,0.0,,
2415,Spring rapeseed,conventional,0.0,,
2415,Spring rapeseed,organic,0.0,,
2415,Strawberries,conventional,0.0,,
2415,Strawberries,organic,0.0,,
2415,Sugar beet,conventional,0.0,,
2415,Sugar beet,organic,0.0,,
2415,Tomatoes,conventional,0.0,,
2415,Tomatoes,organic,0.0,,
2415,"Triticale, spring",conventional,0.0,,
2415,"Triticale, spring",organic,0.0,,
2415,"Triticale, winter",conventional,0.0,,
2415,"Triticale, winter",organic,0.0,,
2415,"Wheat, spring",conventional,2.5643594559380403,2892.8610062792504,1.1510483214069847
2415,"Wheat, spring",organic,0.0093040625317908,2080.260234826373,11.123995824915111
2415,"Wheat, winter",conventional,0.0,,
2415,"Wheat, winter",organic,0.0,,
2415,Winter rapeseed,conventional,0.0,,
2415,Winter rapeseed,organic,0.0,,
2419,Apples,conventional,0.0,,
2419,Apples,organic,0.0,,
2419,"Barley, spring",conventional,0.0,,
2419,"Barley, spring",organic,0.0,,
2419,"Barley, winter",conventional,0.0,,
2419,"Barley, winter",organic,0.0,,
2419,"Beans, dry ",conventional,0.0,,
2419,"Beans, dry ",organic,0.0,,
2419,"Broad beans and horse beans, dry",conventional,0.0,,
2419,"Broad beans and horse beans, dry",organic,0.0,,
2419,"Cabbages, cauliflowers and broccoli",conventional,0.0,,
2419,"Cabbages, cauliflowers and broccoli",organic,0.0,,
2419,Carrots and turnips,conventional,0.0,,
2419,Carrots and turnips,organic,0.0,,
2419,Cereals for fodder,conventional,0.5151984772582007,2614.1411437684937,0.0
2419,Cereals for fodder,organic,0.0456119227417993,2366.500566167602,0.0
2419,Cucumbers and gherkins,conventional,0.0,,
2419,Cucumbers and gherkins,organic,0.0,,
2419,Fallow,conventional,18.11765123396316,0.0,0.0
2419,Fallow,organic,1.1483487660368406,0.0,0.0
2419,Green manure,conventional,0.0,,
2419,Green manure,organic,0.0,,
2419,Herbs,conventional,0.0,,
2419,Herbs,organic,0.0,,
2419,Lettuce and spinach,conventional,0.0,,
2419,Lettuce and spinach,organic,0.0,,
2419,Ley for fodder,conventional,204.54821764314667,3632.989837609105,0.0
2419,Ley for fodder,organic,19.41507308212151,3196.067593222296,0.0
2419,Ley for grazing,conventional,26.206398369994645,2906.391870087284,0.0
2419,Ley for grazing,organic,5.097494620274375,2556.854074577837,0.0
2419,Ley for seed,conventional,26.68015106686434,-0.0,100.00000000000009
2419,Ley for seed,organic,9.532665217598398,-0.0,100.00000000000003
2419,Maize (corn),conventional,0.0,,
2419,Maize (corn),organic,0.0,,
2419,Maize for forage and silage,conventional,0.0,,
2419,Maize for forage and silage,organic,0.0,,
2419,Mixed grain,conventional,0.1589850933601921,2588.4066772386163,11.07806441932791
2419,Mixed grain,organic,0.0042045066398077,1884.802125783235,121.80094786729659
2419,Oats,conventional,0.0,,
2419,Oats,organic,0.0,,
2419,"Onions and shallots, dry (excluding dehydrated)",conventional,0.0,,
2419,"Onions and shallots, dry (excluding dehydrated)",organic,0.0,,
2419,Other berries,conventional,0.0,,
2419,Other berries,organic,0.0,,
2419,Other crops for fodder,conventional,0.0,,
2419,Other crops for fodder,organic,0.0,,
2419,Other fruit,conventional,0.0,,
2419,Other fruit,organic,0.0,,
2419,"Other root, bulb and tuberous vegetables, n.e.c.",conventional,0.0,,
2419,"Other root, bulb and tuberous vegetables, n.e.c.",organic,0.0,,
2419,Other vegetables,conventional,0.0,,
2419,Other vegetables,organic,0.0,,
2419,"Peas, dry",conventional,0.0,,
2419,"Peas, dry",organic,0.0,,
2419,"Peas, green",conventional,0.0,,
2419,"Peas, green",organic,0.0,,
2419,Potatoes,conventional,0.0,,
2419,Potatoes,organic,0.0,,
2419,"Pumpkins, squash and gourds",conventional,0.0,,
2419,"Pumpkins, squash and gourds",organic,0.0,,
2419,Rye,conventional,0.0,,
2419,Rye,organic,0.0,,
2419,Semi-natural meadows,conventional,213.8989844461087,0.0,0.0
2419,Semi-natural meadows,organic,48.09901555389135,0.0,0.0
2419,Semi-natural pastures,conventional,53.26778501809483,0.0,0.0
2419,Semi-natural pastures,organic,11.978214981905186,0.0,0.0
2419,Short rotation coppice and other energy crops,conventional,0.0,,
2419,Short rotation coppice and other energy crops,organic,0.0,,
2419,Spring rapeseed,conventional,0.0,,
2419,Spring rapeseed,organic,0.0,,
2419,Strawberries,conventional,0.0,,
2419,Strawberries,organic,0.0,,
2419,Sugar beet,conventional,0.0,,
2419,Sugar beet,organic,0.0,,
2419,Tomatoes,conventional,0.0,,
2419,Tomatoes,organic,0.0,,
2419,"Triticale, spring",conventional,0.0,,
2419,"Triticale, spring",organic,0.0,,
2419,"Triticale, winter",conventional,0.0,,
2419,"Triticale, winter",organic,0.0,,
2419,"Wheat, spring",conventional,0.0,,
2419,"Wheat, spring",organic,0.0,,
2419,"Wheat, winter",conventional,0.0,,
2419,"Wheat, winter",organic,0.0,,
2419,Winter rapeseed,conventional,0.0,,
2419,Winter rapeseed,organic,0.0,,
2511,Apples,conventional,0.0,,
2511,Apples,organic,0.0,,
2511,"Barley, spring",conventional,1965.917166663642,3031.0366091134247,17.667961421949315
2511,"Barley, spring",organic,263.79899263089106,1738.8991850630243,1.4575753660338293
2511,"Barley, winter",conventional,0.0,,
2511,"Barley, winter",organic,0.0,,
2511,"Beans, dry ",conventional,0.0,,
2511,"Beans, dry ",organic,0.0,,
2511,"Broad beans and horse beans, dry",conventional,6.457409024976943,1592.7277432891754,2.2733878764142816
2511,"Broad beans and horse beans, dry",organic,0.002288575023056391,1248.160064594848,3.0606860158311395
2511,"Cabbages, cauliflowers and broccoli",conventional,1.045477002331202,4412.592531449411,0.0
2511,"Cabbages, cauliflowers and broccoli",organic,1.7624047902036368,3601.896147896917,0.0
2511,Carrots and turnips,conventional,2.6129798300174034,44829.84512216253,0.0
2511,Carrots and turnips,organic,4.40481058776009,44829.84512216253,0.0
2511,Cereals for fodder,conventional,135.8526461244324,2844.8209217493704,0.0
2511,Cereals for fodder,organic,94.5271445685175,2618.4752243435114,0.0
2511,Cucumbers and gherkins,conventional,0.0,,
2511,Cucumbers and gherkins,organic,0.0,,
2511,Fallow,conventional,1009.4293525560316,0.0,0.0
2511,Fallow,organic,87.33464744396838,0.0,0.0
2511,Green manure,conventional,1.209202943648194,0.0,0.0
2511,Green manure,organic,0.5707970563518061,0.0,0.0
2511,Herbs,conventional,0.0,,
2511,Herbs,organic,0.0,,
2511,Lettuce and spinach,conventional,0.0,,
2511,Lettuce and spinach,organic,0.0,,
2511,Ley for fodder,conventional,10464.423533523805,3916.5072043558657,0.0
2511,Ley for fodder,organic,755.6092248464676,3669.0009509127813,0.0
2511,Ley for grazing,conventional,1573.586335260215,3133.205763484693,0.0
2511,Ley for grazing,organic,108.60999039589284,2935.2007607302253,0.0
2511,Ley for seed,conventional,638.2307635785255,0.0,94.27885688249123
2511,Ley for seed,organic,684.0821523950958,0.0,99.34804546791811
2511,Maize (corn),conventional,0.0,,
2511,Maize (corn),organic,0.0,,
2511,Maize for forage and silage,conventional,0.0,,
2511,Maize for forage and silage,organic,0.0,,
2511,Mixed grain,conventional,-13.703282536891678,3197.7210906381592,-24.140506991370415
2511,Mixed grain,organic,26.457995467024453,2444.253257030899,3.808914860501937
2511,Oats,conventional,375.0253445100755,3178.7293766342773,59.35649650105616
2511,Oats,organic,40.99106897230836,2131.732997599876,1.4546091677994224
2511,"Onions and shallots, dry (excluding dehydrated)",conventional,0.0746505333375503,2332.5508017402008,0.0
2511,"Onions and shallots, dry (excluding dehydrated)",organic,0.1258415606005612,1810.713289788792,0.0
2511,Other berries,conventional,16.028545731297818,421.4377768165276,0.0
2511,Other berries,organic,27.019997296782485,421.4377768165276,0.0
2511,Other crops for fodder,conventional,571.4550589695365,3095.1874664530037,0.0
2511,Other crops for fodder,organic,163.6438434304635,2793.176267763053,0.0
2511,Other fruit,conventional,0.0,,
2511,Other fruit,organic,0.0,,
2511,"Other root, bulb and tuberous vegetables, n.e.c.",conventional,0.0002111632031409,18797.939126070043,0.0
2511,"Other root, bulb and tuberous vegetables, n.e.c.",organic,0.0003559667404452,18797.939126070043,0.0
2511,Other vegetables,conventional,0.1495650206790268,3492.5557070642503,0.0
2511,Other vegetables,organic,0.2521280796266791,2711.20227237533,0.0
2511,"Peas, dry",conventional,0.0,,
2511,"Peas, dry",organic,0.0,,
2511,"Peas, green",conventional,0.0,,
2511,"Peas, green",organic,0.0,,
2511,Potatoes,conventional,256.2400029062507,16062.082102704811,0.0
2511,Potatoes,organic,7.675997093749272,11417.69157180234,0.0
2511,"Pumpkins, squash and gourds",conventional,0.0,,
2511,"Pumpkins, squash and gourds",organic,0.0,,
2511,Rye,conventional,0.0,,
2511,Rye,organic,0.0,,
2511,Semi-natural meadows,conventional,392.2569026076392,0.0,0.0
2511,Semi-natural meadows,organic,39.77709739236076,0.0,0.0
2511,Semi-natural pastures,conventional,47.90605185978297,0.0,0.0
2511,Semi-natural pastures,organic,4.857948140217027,0.0,0.0
2511,Short rotation coppice and other energy crops,conventional,30.264716519978407,0.0,0.0
2511,Short rotation coppice and other energy crops,organic,3.545283480021595,0.0,0.0
2511,Spring rapeseed,conventional,7.176192169281887,1218.3532077023,0.0
2511,Spring rapeseed,organic,13.241207830718112,816.5490275643878,1.8286549316012677
2511,Strawberries,conventional,4.208839852532596,3502.7886999986085,0.0
2511,Strawberries,organic,7.095019307706907,3502.7886999986085,0.0
2511,Sugar beet,conventional,0.0,,
2511,Sugar beet,organic,0.0,,
2511,Tomatoes,conventional,0.0,,
2511,Tomatoes,organic,0.0,,
2511,"Triticale, spring",conventional,0.0,,
2511,"Triticale, spring",organic,0.0,,
2511,"Triticale, winter",conventional,0.0,,
2511,"Triticale, winter",organic,0.0,,
2511,"Wheat, spring",conventional,47.93580860196693,2552.959723697149,1.1285364497621462
2511,"Wheat, spring",organic,13.536175398033064,1655.0248801705477,1.3918180128336766
2511,"Wheat, winter",conventional,1.8504423880265204,3317.238230873588,0.18038552483600268
2511,"Wheat, winter",organic,0.0004972119734792327,2152.8295841634035,1.301212946494513
2511,Winter rapeseed,conventional,0.0,,
2511,Winter rapeseed,organic,0.0,,
2512,Apples,conventional,0.0,,
2512,Apples,organic,0.0,,
2512,"Barley, spring",conventional,374.5581080461744,2569.455409938465,17.670134534048128
2512,"Barley, spring",organic,50.264567153825716,1473.9969292613905,1.453884597910041
2512,"Barley, winter",conventional,0.0,,
2512,"Barley, winter",organic,0.0,,
2512,"Beans, dry ",conventional,0.0,,
2512,"Beans, dry ",organic,0.0,,
2512,"Broad beans and horse beans, dry",conventional,0.0,,
2512,"Broad beans and horse beans, dry",organic,0.0,,
2512,"Cabbages, cauliflowers and broccoli",conventional,1.560966068142334,4403.7077280077865,0.0
2512,"Cabbages, cauliflowers and broccoli",organic,2.632144616724103,3594.64369051203,0.0
2512,Carrots and turnips,conventional,3.902415170355836,44840.46052631579,0.0
2512,Carrots and turnips,organic,6.580361541810257,44840.46052631579,0.0
2512,Cereals for fodder,conventional,93.85670065656912,2860.9761583918576,0.0
2512,Cereals for fodder,organic,68.62687644343093,2602.960101829516,0.0
2512,Cucumbers and gherkins,conventional,0.0,,
2512,Cucumbers and gherkins,organic,0.0,,
2512,Fallow,conventional,651.9817251008611,0.0,0.0
2512,Fallow,organic,56.4142748991388,0.0,0.0
2512,Green manure,conventional,0.0,,
2512,Green manure,organic,0.0,,
2512,Herbs,conventional,0.0,,
2512,Herbs,organic,0.0,,
2512,Lettuce and spinach,conventional,0.0,,
2512,Lettuce and spinach,organic,0.0,,
2512,Ley for fodder,conventional,6185.283764419575,3916.609178461401,0.0
2512,Ley for fodder,organic,446.5751052209368,3669.2132590617375,0.0
2512,Ley for grazing,conventional,930.1550541821967,3133.287342769121,0.0
2512,Ley for grazing,organic,64.1698709255041,2935.37060724939,0.0
2512,Ley for seed,conventional,370.2707842292315,0.0,96.01343029852102
2512,Ley for seed,organic,403.5474210225558,0.0,99.55323785791491
2512,Maize (corn),conventional,0.0,,
2512,Maize (corn),organic,0.0,,
2512,Maize for forage and silage,conventional,0.0,,
2512,Maize for forage and silage,organic,0.0,,
2512,Mixed grain,conventional,-15.733883521408119,2712.948255454724,-24.117763167639755
2512,Mixed grain,organic,30.34738802140809,2073.4752038980496,3.7982195845697357
2512,Oats,conventional,24.685423288408963,2694.558310073795,59.36060872510793
2512,Oats,organic,2.697496711591034,1806.968460375653,1.4509181591475824
2512,"Onions and shallots, dry (excluding dehydrated)",conventional,0.111497576295881,2326.76026753407,0.0
2512,"Onions and shallots, dry (excluding dehydrated)",organic,0.1880103297660073,1806.218212024914,0.0
2512,Other berries,conventional,18.81041685852331,421.5447154471545,0.0
2512,Other berries,organic,31.71865070162678,421.5447154471545,0.0
2512,Other crops for fodder,conventional,300.3310608934738,3095.34413842725,0.0
2512,Other crops for fodder,organic,85.98493910652623,2793.1473945529106,0.0
2512,Other fruit,conventional,0.0,,
2512,Other fruit,organic,0.0,,
2512,"Other root, bulb and tuberous vegetables, n.e.c.",conventional,0.0,,
2512,"Other root, bulb and tuberous vegetables, n.e.c.",organic,0.0,,
2512,Other vegetables,conventional,0.222995152591762,3490.140401301104,0.0
2512,Other vegetables,organic,0.3760206595320147,2709.327318037371,0.0
2512,"Peas, dry",conventional,0.0,,
2512,"Peas, dry",organic,0.0,,
2512,"Peas, green",conventional,0.0,,
2512,"Peas, green",organic,0.0,,
2512,Potatoes,conventional,120.03710313939678,22980.21306068924,0.0
2512,Potatoes,organic,3.5948968606032152,16335.427954080074,0.0
2512,"Pumpkins, squash and gourds",conventional,0.0,,
2512,"Pumpkins, squash and gourds",organic,0.0,,
2512,Rye,conventional,0.0,,
2512,Rye,organic,0.0,,
2512,Semi-natural meadows,conventional,298.2388544211684,0.0,0.0
2512,Semi-natural meadows,organic,30.231145578831672,0.0,0.0
2512,Semi-natural pastures,conventional,837.5366378638414,0.0,0.0
2512,Semi-natural pastures,organic,84.89736213615858,0.0,0.0
2512,Short rotation coppice and other energy crops,conventional,1.0222294836116264,0.0,0.0
2512,Short rotation coppice and other energy crops,organic,0.1197705163883735,0.0,0.0
2512,Spring rapeseed,conventional,0.0,,
2512,Spring rapeseed,organic,0.0,,
2512,Strawberries,conventional,1.0318644236646697,3500.0,0.0
2512,Strawberries,organic,1.7399586341875717,3500.0,0.0
2512,Sugar beet,conventional,0.0,,
2512,Sugar beet,organic,0.0,,
2512,Tomatoes,conventional,0.0,,
2512,Tomatoes,organic,0.0,,
2512,"Triticale, spring",conventional,0.0,,
2512,"Triticale, spring",organic,0.0,,
2512,"Triticale, winter",conventional,0.0,,
2512,"Triticale, winter",organic,0.0,,
2512,"Wheat, spring",conventional,72.55861678454762,2164.206775168975,1.1295072818290937
2512,"Wheat, spring",organic,20.498706415452386,1402.941290966825,1.388286334056399
2512,"Wheat, winter",conventional,0.0,,
2512,"Wheat, winter",organic,0.0,,
2512,Winter rapeseed,conventional,0.0,,
2512,Winter rapeseed,organic,0.0,,
2519,Apples,conventional,0.0,,
2519,Apples,organic,0.0,,
2519,"Barley, spring",conventional,0.0,,
2519,"Barley, spring",organic,0.0,,
2519,"Barley, winter",conventional,0.0,,
2519,"Barley, winter",organic,0.0,,
2519,"Beans, dry ",conventional,0.0,,
2519,"Beans, dry ",organic,0.0,,
2519,"Broad beans and horse beans, dry",conventional,0.0,,
2519,"Broad beans and horse beans, dry",organic,0.0,,
2519,"Cabbages, cauliflowers and broccoli",conventional,0.0,,
2519,"Cabbages, cauliflowers and broccoli",organic,0.0,,
2519,Carrots and turnips,conventional,0.0,,
2519,Carrots and turnips,organic,0.0,,
2519,Cereals for fodder,conventional,0.0,,
2519,Cereals for fodder,organic,0.0,,
2519,Cucumbers and gherkins,conventional,0.0,,
2519,Cucumbers and gherkins,organic,0.0,,
2519,Fallow,conventional,13.585302400421543,0.0,0.0
2519,Fallow,organic,1.1746975995784563,0.0,0.0
2519,Green manure,conventional,0.0,,
2519,Green manure,organic,0.0,,
2519,Herbs,conventional,0.0,,
2519,Herbs,organic,0.0,,
2519,Lettuce and spinach,conventional,0.0,,
2519,Lettuce and spinach,organic,0.0,,
2519,Ley for fodder,conventional,205.2126886447976,3915.9045520661793,0.0
2519,Ley for fodder,organic,14.827372516277672,3667.747101433943,0.0
2519,Ley for grazing,conventional,30.850239188270557,3132.723641652944,0.0
2519,Ley for grazing,organic,2.135201006948435,2934.197681147154,0.0
2519,Ley for seed,conventional,11.829664698095348,0.0,99.99999999999973
2519,Ley for seed,organic,13.320833945610408,,100.0
2519,Maize (corn),conventional,0.0,,
2519,Maize (corn),organic,0.0,,
2519,Maize for forage and silage,conventional,0.0,,
2519,Maize for forage and silage,organic,0.0,,
2519,Mixed grain,conventional,0.0,,
2519,Mixed grain,organic,0.0,,
2519,Oats,conventional,0.0,,
2519,Oats,organic,0.0,,
2519,"Onions and shallots, dry (excluding dehydrated)",conventional,0.0,,
2519,"Onions and shallots, dry (excluding dehydrated)",organic,0.0,,
2519,Other berries,conventional,0.0,,
2519,Other berries,organic,0.0,,
2519,Other crops for fodder,conventional,0.0,,
2519,Other crops for fodder,organic,0.0,,
2519,Other fruit,conventional,0.0,,
2519,Other fruit,organic,0.0,,
2519,"Other root, bulb and tuberous vegetables, n.e.c.",conventional,0.0,,
2519,"Other root, bulb and tuberous vegetables, n.e.c.",organic,0.0,,
2519,Other vegetables,conventional,0.0,,
2519,Other vegetables,organic,0.0,,
2519,"Peas, dry",conventional,0.0,,
2519,"Peas, dry",organic,0.0,,
2519,"Peas, green",conventional,0.0,,
2519,"Peas, green",organic,0.0,,
2519,Potatoes,conventional,0.0,,
2519,Potatoes,organic,0.0,,
2519,"Pumpkins, squash and gourds",conventional,0.0,,
2519,"Pumpkins, squash and gourds",organic,0.0,,
2519,Rye,conventional,0.0,,
2519,Rye,organic,0.0,,
2519,Semi-natural meadows,conventional,34.36321180638322,0.0,0.0
2519,Semi-natural meadows,organic,3.4927881936170024,0.0,0.0
2519,Semi-natural pastures,conventional,1206.6810301406051,0.0,0.0
2519,Semi-natural pastures,organic,122.65096985939486,0.0,0.0
2519,Short rotation coppice and other energy crops,conventional,0.0,,
2519,Short rotation coppice and other energy crops,organic,0.0,,
2519,Spring rapeseed,conventional,0.0,,
2519,Spring rapeseed,organic,0.0,,
2519,Strawberries,conventional,0.0,,
2519,Strawberries,organic,0.0,,
2519,Sugar beet,conventional,0.0,,
2519,Sugar beet,organic,0.0,,
2519,Tomatoes,conventional,0.0,,
2519,Tomatoes,organic,0.0,,
2519,"Triticale, spring",conventional,0.0,,
2519,"Triticale, spring",organic,0.0,,
2519,"Triticale, winter",conventional,0.0,,
2519,"Triticale, winter",organic,0.0,,
2519,"Wheat, spring",conventional,0.0,,
2519,"Wheat, spring",organic,0.0,,
2519,"Wheat, winter",conventional,0.0,,
2519,"Wheat, winter",organic,0.0,,
2519,Winter rapeseed,conventional,0.0,,
2519,Winter rapeseed,organic,0.0,,
2521,Apples,conventional,0.0,,
2521,Apples,organic,0.0,,
2521,"Barley, spring",conventional,0.0,,
2521,"Barley, spring",organic,0.0,,
2521,"Barley, winter",conventional,0.0,,
2521,"Barley, winter",organic,0.0,,
2521,"Beans, dry ",conventional,0.0,,
2521,"Beans, dry ",organic,0.0,,
2521,"Broad beans and horse beans, dry",conventional,0.0,,
2521,"Broad beans and horse beans, dry",organic,0.0,,
2521,"Cabbages, cauliflowers and broccoli",conventional,0.0,,
2521,"Cabbages, cauliflowers and broccoli",organic,0.0,,
2521,Carrots and turnips,conventional,0.0,,
2521,Carrots and turnips,organic,0.0,,
2521,Cereals for fodder,conventional,16.399100459058186,2844.135483170632,0.0
2521,Cereals for fodder,organic,10.918842331171533,2574.7072789948515,0.0
2521,Cucumbers and gherkins,conventional,0.0,,
2521,Cucumbers and gherkins,organic,0.0,,
2521,Fallow,conventional,93.65310288844924,0.0,0.0
2521,Fallow,organic,7.862897111550765,0.0,0.0
2521,Green manure,conventional,0.0,,
2521,Green manure,organic,0.0,,
2521,Herbs,conventional,0.0,,
2521,Herbs,organic,0.0,,
2521,Lettuce and spinach,conventional,0.0,,
2521,Lettuce and spinach,organic,0.0,,
2521,Ley for fodder,conventional,1188.6318911601093,3885.8903922112636,0.0
2521,Ley for fodder,organic,88.62972763498165,3607.088708081161,0.0
2521,Ley for grazing,conventional,176.17861149859226,3108.7123137690105,0.0
2521,Ley for grazing,organic,13.932337043704647,2885.670966464929,0.0
2521,Ley for seed,conventional,77.14965380352717,-0.0,100.00000000000016
2521,Ley for seed,organic,75.13177885908475,-0.0,100.00000000000003
2521,Maize (corn),conventional,0.0,,
2521,Maize (corn),organic,0.0,,
2521,Maize for forage and silage,conventional,0.0,,
2521,Maize for forage and silage,organic,0.0,,
2521,Mixed grain,conventional,-1.6137410024561356,2671.602679615961,-37.38922855231071
2521,Mixed grain,organic,4.89379821222642,2119.084823601044,7.303363826002994
2521,Oats,conventional,0.0,,
2521,Oats,organic,0.0,,
2521,"Onions and shallots, dry (excluding dehydrated)",conventional,0.0,,
2521,"Onions and shallots, dry (excluding dehydrated)",organic,0.0,,
2521,Other berries,conventional,0.898141225730521,389.5032792381208,0.0
2521,Other berries,organic,1.3899092541152145,389.5032792381208,0.0
2521,Other crops for fodder,conventional,36.13355812480732,3055.468649461911,0.0
2521,Other crops for fodder,organic,10.252441875192686,2757.164927618991,0.0
2521,Other fruit,conventional,0.0,,
2521,Other fruit,organic,0.0,,
2521,"Other root, bulb and tuberous vegetables, n.e.c.",conventional,0.0,,
2521,"Other root, bulb and tuberous vegetables, n.e.c.",organic,0.0,,
2521,Other vegetables,conventional,0.0,,
2521,Other vegetables,organic,0.0,,
2521,"Peas, dry",conventional,0.0,,
2521,"Peas, dry",organic,0.0,,
2521,"Peas, green",conventional,0.0,,
2521,"Peas, green",organic,0.0,,
2521,Potatoes,conventional,0.6935417336240476,21056.88544451224,0.0
2521,Potatoes,organic,0.0224582663759523,14968.235246894195,0.0
2521,"Pumpkins, squash and gourds",conventional,0.0,,
2521,"Pumpkins, squash and gourds",organic,0.0,,
2521,Rye,conventional,0.0,,
2521,Rye,organic,0.0,,
2521,Semi-natural meadows,conventional,71.28620428372125,0.0,0.0
2521,Semi-natural meadows,organic,8.097795716278767,0.0,0.0
2521,Semi-natural pastures,conventional,1751.2821389473795,0.0,0.0
2521,Semi-natural pastures,organic,198.93786105262,0.0,0.0
2521,Short rotation coppice and other energy crops,conventional,14.1857028472831,0.0,0.0
2521,Short rotation coppice and other energy crops,organic,1.562297152716902,0.0,0.0
2521,Spring rapeseed,conventional,0.0,,
2521,Spring rapeseed,organic,0.0,,
2521,Strawberries,conventional,0.0,,
2521,Strawberries,organic,0.0,,
2521,Sugar beet,conventional,0.0,,
2521,Sugar beet,organic,0.0,,
2521,Tomatoes,conventional,0.0,,
2521,Tomatoes,organic,0.0,,
2521,"Triticale, spring",conventional,0.0,,
2521,"Triticale, spring",organic,0.0,,
2521,"Triticale, winter",conventional,0.0,,
2521,"Triticale, winter",organic,0.0,,
2521,"Wheat, spring",conventional,0.0,,
2521,"Wheat, spring",organic,0.0,,
2521,"Wheat, winter",conventional,0.0,,
2521,"Wheat, winter",organic,0.0,,
2521,Winter rapeseed,conventional,0.0,,
2521,Winter rapeseed,organic,0.0,,
311,Apples,conventional,1.1065247849695834,6572.282664112276,0.0
311,Apples,organic,0.3163509953953697,5678.78968879096,0.0
311,"Barley, spring",conventional,10774.567704272458,4507.959254515494,0.655171989886241
311,"Barley, spring",organic,586.3372125718803,3104.684639032237,0.9520826005612505
311,"Barley, winter",conventional,136.20068682364035,5599.89658315488,0.18633264444508307
311,"Barley, winter",organic,14.687505176359643,3489.998998231204,0.9684807377504622
311,"Beans, dry ",conventional,0.0,,
311,"Beans, dry ",organic,0.0,,
311,"Broad beans and horse beans, dry",conventional,29.482802386463764,3545.6318138511488,7.271348015247908
311,"Broad beans and horse beans, dry",organic,140.55935121353622,2587.486413679004,1.225386158204274
311,"Cabbages, cauliflowers and broccoli",conventional,2.9404731960720176,6150.03643446611,0.0
311,"Cabbages, cauliflowers and broccoli",organic,0.8406694862567919,5020.130996653103,0.0
311,Carrots and turnips,conventional,0.6641841897126076,28071.55116126067,0.0
311,Carrots and turnips,organic,0.189887594381563,28071.55116126067,0.0
311,Cereals for fodder,conventional,371.8893083760468,3201.7245595284103,0.0
311,Cereals for fodder,organic,164.49473705202362,2961.1862463543544,0.0
311,Cucumbers and gherkins,conventional,0.0005563050944966,18281.229655210904,0.0
311,Cucumbers and gherkins,organic,0.0001590453939921,8814.164295436509,0.0
311,Fallow,conventional,4484.667723462965,0.0,0.0
311,Fallow,organic,554.8462765370344,0.0,0.0
311,Green manure,conventional,18.580226419367733,0.0,0.0
311,Green manure,organic,87.25977358063227,0.0,0.0
311,Herbs,conventional,0.0016689152834899,1551.9607223990176,0.0
311,Herbs,organic,0.0004771361819763,1406.2393796811264,0.0
311,Lettuce and spinach,conventional,0.9507021524066784,1875.5487594142687,0.0
311,Lettuce and spinach,organic,0.2718019300820636,1699.444119902359,0.0
311,Ley for fodder,conventional,6577.532869231852,4673.903271991401,0.0
311,Ley for fodder,organic,2376.4232485208354,4117.175395802255,0.0
311,Ley for grazing,conventional,1880.5303912970644,3739.122617593121,0.0
311,Ley for grazing,organic,792.2069750998021,3293.740316641804,0.0
311,Ley for seed,conventional,1056.004756734802,0.0,87.27178925479767
311,Ley for seed,organic,76.33975911564602,0.0,39.948082605306254
311,Maize (corn),conventional,0.0,,
311,Maize (corn),organic,0.0,,
311,Maize for forage and silage,conventional,0.0,,
311,Maize for forage and silage,organic,0.0,,
311,Mixed grain,conventional,50.69954844786991,4003.6417819956887,12.091851017910866
311,Mixed grain,organic,38.093519024576196,2818.7220331198027,1.7966744802140098
311,Oats,conventional,1160.1586477715537,4535.166101317963,0.8545949399730914
311,Oats,organic,447.19028961959,3064.060950328488,0.9274948791055936
311,"Onions and shallots, dry (excluding dehydrated)",conventional,0.2848490474105806,5263.653024633565,0.0
311,"Onions and shallots, dry (excluding dehydrated)",organic,0.0814371995185241,4086.0702701224714,0.0
311,Other berries,conventional,1.4692027453559753,749.250004039023,0.0
311,Other berries,organic,0.4200391687961592,749.250004039023,0.0
311,Other crops for fodder,conventional,86.27972919073574,3694.8023053611064,0.0
311,Other crops for fodder,organic,69.79750955101194,3367.7410681345045,0.0
311,Other fruit,conventional,0.0004994088964646,2473.901507465154,0.0
311,Other fruit,organic,0.0001427789993066,2137.577929870597,0.0
311,"Other root, bulb and tuberous vegetables, n.e.c.",conventional,0.5705325524629062,4749.40632723455,0.0
311,"Other root, bulb and tuberous vegetables, n.e.c.",organic,0.1631129671280365,4749.40632723455,0.0
311,Other vegetables,conventional,0.8595538880822118,5151.298140575409,0.0
311,Other vegetables,organic,0.2457430071015016,3998.851384435178,0.0
311,"Peas, dry",conventional,1899.104933938687,3204.940329659482,1.209448595309217
311,"Peas, dry",organic,167.03901555954312,2596.458601287364,1.9621477284191113
311,"Peas, green",conventional,0.0,,
311,"Peas, green",organic,0.0,,
311,Potatoes,conventional,25.33596172860452,23560.7135146375,0.0
311,Potatoes,organic,4.5140382713954805,16748.075274526556,0.0
311,"Pumpkins, squash and gourds",conventional,0.0025033729252349,11756.069155236524,0.0
311,"Pumpkins, squash and gourds",organic,0.0007157042729645,5668.104769595314,0.0
311,Rye,conventional,167.81932234030245,6859.72573381098,1.5021909950086656
311,Rye,organic,74.44815765969753,4142.494780176688,0.891411188729742
311,Semi-natural meadows,conventional,3038.771679497343,0.0,0.0
311,Semi-natural meadows,organic,1432.0843205026567,0.0,0.0
311,Semi-natural pastures,conventional,63.43767634972028,0.0,0.0
311,Semi-natural pastures,organic,29.896323650279715,0.0,0.0
311,Short rotation coppice and other energy crops,conventional,329.4741724673654,0.0,0.0
311,Short rotation coppice and other energy crops,organic,8.55582753263464,0.0,0.0
311,Spring rapeseed,conventional,432.656956296364,1983.920833740292,3.714614618622984
311,Spring rapeseed,organic,2.9552865984593035,1346.864522295508,4.419815008033151
311,Strawberries,conventional,33.00988780837851,6708.337663909972,0.0
311,Strawberries,organic,9.437394451455576,6708.337663909972,0.0
311,Sugar beet,conventional,0.0,,
311,Sugar beet,organic,0.0,,
311,Tomatoes,conventional,0.0,,
311,Tomatoes,organic,0.0,,
311,"Triticale, spring",conventional,5.699680496365254,3498.253419865389,5.176857724659113
311,"Triticale, spring",organic,1.357890703634747,2485.8262033945075,1.5646362322207472
311,"Triticale, winter",conventional,127.63986517916545,5985.590021538205,0.45782808187053065
311,"Triticale, winter",organic,50.388642545110436,4527.344445361684,0.9029361192669103
311,"Wheat, spring",conventional,2430.648124659539,4312.279037416251,1.2428020460497518
311,"Wheat, spring",organic,274.39096419029295,2779.827981456533,0.9486851445812751
311,"Wheat, winter",conventional,13437.470860408313,5707.9740238000095,0.3194921386973836
311,"Wheat, winter",organic,1065.2073326815844,3684.5371601998622,0.9080882220584116
311,Winter rapeseed,conventional,1215.9149436005528,3125.272696948691,3.6431314011076563
311,Winter rapeseed,organic,132.39947166464626,2027.515209194822,4.4198150080331535
312,Apples,conventional,0.0,,
312,Apples,organic,0.0,,
312,"Barley, spring",conventional,3131.3433597620965,3795.8543799841545,0.6550235937867841
312,"Barley, spring",organic,170.4233798784187,2614.2357026318755,0.9514072006038972
312,"Barley, winter",conventional,32.571720455734955,4715.369094297141,0.18637590828511277
312,"Barley, winter",organic,3.513856344265044,2938.717215100382,0.9677959718540763
312,"Beans, dry ",conventional,0.0,,
312,"Beans, dry ",organic,0.0,,
312,"Broad beans and horse beans, dry",conventional,13.266420929659333,2985.589341775333,7.274866924765812
312,"Broad beans and horse beans, dry",organic,63.25138707034067,2178.6880759720684,1.2247091606489762
312,"Cabbages, cauliflowers and broccoli",conventional,0.1109446891548134,6150.33214606394,0.0
312,"Cabbages, cauliflowers and broccoli",organic,0.0317182836118765,5020.372379118745,0.0
312,Carrots and turnips,conventional,0.0250579232110398,28074.409432863144,0.0
312,Carrots and turnips,organic,0.0071638788768277,28074.409432863144,0.0
312,Cereals for fodder,conventional,401.77379703437094,3217.9797366900343,0.0
312,Cereals for fodder,organic,185.66782947598267,2934.723281144804,0.0
312,Cucumbers and gherkins,conventional,1.5895257264545878e-05,18282.96108792172,0.0
312,Cucumbers and gherkins,organic,4.54433900208673e-06,8814.999093350407,0.0
312,Fallow,conventional,2115.795416807546,0.0,0.0
312,Fallow,organic,261.79658319245334,0.0,0.0
312,Green manure,conventional,11.112178998662422,0.0,0.0
312,Green manure,organic,52.199821001337575,0.0,0.0
312,Herbs,conventional,4.768577179363763e-05,1551.780373425357,0.0
312,Herbs,organic,1.363301700626019e-05,1406.0759645732653,0.0
312,Lettuce and spinach,conventional,0.0358503958080165,1874.7901258327088,0.0
312,Lettuce and spinach,organic,0.0102493686764037,1698.756718216387,0.0
312,Ley for fodder,conventional,5270.909134463459,4674.21936053697,0.0
312,Ley for fodder,organic,1904.6055710910755,4117.410102234397,0.0
312,Ley for grazing,conventional,1506.8922810556198,3739.3754884295763,0.0
312,Ley for grazing,organic,634.8744388730345,3293.9280817875174,0.0
312,Ley for seed,conventional,769.2713923337603,0.0,96.01057806308474
312,Ley for seed,organic,34.9091821830531,0.0,70.012135303172
312,Maize (corn),conventional,0.5804120205697041,4292.616983816057,6.703353638446016
312,Maize (corn),organic,0.0035751794302958002,3309.3170982733354,17.725815263771725
312,Maize for forage and silage,conventional,6.951725076308771,7876.692438819452,0.0
312,Maize for forage and silage,organic,0.0682877236912305,5655.153853999187,0.0
312,Mixed grain,conventional,178.0345972406077,3371.1838417862605,12.090250551991193
312,Mixed grain,organic,133.7190077542015,2373.455415205752,1.79524928033778
312,Oats,conventional,678.9172761885285,3327.5717802746417,0.851582081751955
312,Oats,organic,261.7327053789305,2248.2361234408204,0.9268309197473857
312,"Onions and shallots, dry (excluding dehydrated)",conventional,0.010744786825183,5263.1815622467775,0.0
312,"Onions and shallots, dry (excluding dehydrated)",organic,0.0030718567825697,4085.704283148573,0.0
312,Other berries,conventional,0.0,,
312,Other berries,organic,0.0,,
312,Other crops for fodder,conventional,109.89344165473149,3697.6605761106357,0.0
312,Other crops for fodder,organic,80.69874363239035,3345.930251645418,0.0
312,Other fruit,conventional,0.0,,
312,Other fruit,organic,0.0,,
312,"Other root, bulb and tuberous vegetables, n.e.c.",conventional,0.0215134165362628,4749.55045595093,0.0
312,"Other root, bulb and tuberous vegetables, n.e.c.",organic,0.0061505300736426,4749.55045595093,0.0
312,Other vegetables,conventional,0.0323774177909299,5152.553564052959,0.0
312,Other vegetables,organic,0.0092564693987281,3999.825944977833,0.0
312,"Peas, dry",conventional,120.31739192030705,2576.368499273895,1.2091614371011612
312,"Peas, dry",organic,10.582418725684672,2087.227475624166,1.9619413677721016
312,"Peas, green",conventional,0.0,,
312,"Peas, green",organic,0.0,,
312,Potatoes,conventional,36.60464362049604,19835.51872847402,0.0
312,Potatoes,organic,6.523356379503957,14100.029719701612,0.0
312,"Pumpkins, squash and gourds",conventional,7.152865769045645e-05,11751.07725961796,0.0
312,"Pumpkins, squash and gourds",organic,2.0449525509390283e-05,5665.697962779934,0.0
312,Rye,conventional,73.97772257479397,5517.608307169052,1.5029429287980245
312,Rye,organic,32.82310142520602,3331.962368629119,0.8907992744455799
312,Semi-natural meadows,conventional,2618.547228108554,0.0,0.0
312,Semi-natural meadows,organic,1234.1227718914454,0.0,0.0
312,Semi-natural pastures,conventional,32.77508440480257,0.0,0.0
312,Semi-natural pastures,organic,15.446915595197428,0.0,0.0
312,Short rotation coppice and other energy crops,conventional,78.79120297660586,0.0,0.0
312,Short rotation coppice and other energy crops,organic,2.0447970233941595,0.0,0.0
312,Spring rapeseed,conventional,84.81875706931774,1719.242345838531,3.7142379342250185
312,Spring rapeseed,organic,0.5789510133727214,1167.1826722969838,4.419915745989053
312,Strawberries,conventional,0.0,,
312,Strawberries,organic,0.0,,
312,Sugar beet,conventional,0.0,,
312,Sugar beet,organic,0.0,,
312,Tomatoes,conventional,0.0,,
312,Tomatoes,organic,0.0,,
312,"Triticale, spring",conventional,30.692111615435138,2945.6769111132508,5.17721357285699
312,"Triticale, spring",organic,7.313179184564864,2093.140189969532,1.5635803357671811
312,"Triticale, winter",conventional,229.02940534545203,5040.2421688980985,0.4580478967863585
312,"Triticale, winter",organic,90.43207265386751,3812.2751996158654,0.902303797587411
312,"Wheat, spring",conventional,1028.2989875432497,4265.977994235861,1.2432851741808686
312,"Wheat, spring",organic,115.99186762059973,2749.9495869583643,0.9480417733583099
312,"Wheat, winter",conventional,1410.886644459157,5480.286504929898,0.31954572263959397
312,"Wheat, winter",organic,111.85137806453723,3537.5396739183857,0.9074804134335528
312,Winter rapeseed,conventional,135.1417870428279,2407.806446317902,3.6426856014913627
312,Winter rapeseed,organic,14.718700941368134,1562.069104235748,4.4199157459890674
321,Apples,conventional,25.61637538405904,6143.1018322660775,0.0
321,Apples,organic,7.501548090958281,5307.955412927671,0.0
321,"Barley, spring",conventional,9271.114298005277,4961.2654692131855,0.7323422961592726
321,"Barley, spring",organic,473.1414055405168,3426.603725607759,1.3098168581568599
321,"Barley, winter",conventional,388.40868865375387,6120.58879776732,0.17172243854959662
321,"Barley, winter",organic,33.652290946246104,3828.261487506613,1.309826807955947
321,"Beans, dry ",conventional,0.0,,
321,"Beans, dry ",organic,0.0,,
321,"Broad beans and horse beans, dry",conventional,51.03146136467706,3868.207372860879,5.368903915923856
321,"Broad beans and horse beans, dry",organic,230.1562431783747,2891.1808120096102,1.5798092269224073
321,"Cabbages, cauliflowers and broccoli",conventional,3.208241306511255,6037.8933240429615,0.0
321,"Cabbages, cauliflowers and broccoli",organic,0.9395074864170536,4928.591196735608,0.0
321,Carrots and turnips,conventional,0.7637109258195591,26560.160328353188,0.0
321,Carrots and turnips,organic,0.2236465601293005,26560.16032835319,0.0
321,Cereals for fodder,conventional,430.7387790667433,2945.0273344882003,0.0
321,Cereals for fodder,organic,207.94763038855805,2721.51384310463,0.0
321,Cucumbers and gherkins,conventional,0.0860315250111602,17394.04017739903,0.0
321,Cucumbers and gherkins,organic,0.0251936354200723,8386.412225903956,0.0
321,Fallow,conventional,3009.441556468391,0.0,0.0
321,Fallow,organic,350.3284435316083,0.0,0.0
321,Green manure,conventional,42.79218038595008,0.0,0.0
321,Green manure,organic,177.86381961404993,0.0,0.0
321,Herbs,conventional,0.2580945750334809,1638.088819862257,0.0
321,Herbs,organic,0.075580906260217,1484.280479949823,0.0
321,Lettuce and spinach,conventional,1.3693294138373342,2284.343480016239,0.0
321,Lettuce and spinach,organic,0.4009970300738469,2069.855062666175,0.0
321,Ley for fodder,conventional,5109.519515925029,4507.735208157161,0.0
321,Ley for fodder,organic,1716.8491424732877,3992.210223467952,0.0
321,Ley for grazing,conventional,1496.594057133034,3606.188166525729,0.0
321,Ley for grazing,organic,595.5292636235923,3193.7681787743613,0.0
321,Ley for seed,conventional,1095.9603472392193,0.0,62.861383093947396
321,Ley for seed,organic,152.4676736058364,0.0,14.567145863766937
321,Maize (corn),conventional,3.1395368039336375,5608.359118353626,6.687261554064213
321,Maize (corn),organic,0.0152535960663546,4679.676902134248,23.971805198871824
321,Maize for forage and silage,conventional,37.631858250008975,7659.174845260948,0.0
321,Maize for forage and silage,organic,0.2913513499910255,5498.98481895313,0.0
321,Mixed grain,conventional,64.40798278074422,4397.012699158479,12.875449635783514
321,Mixed grain,organic,57.79381953162847,3093.361610406248,2.5993904327763113
321,Oats,conventional,1162.8614480022825,4016.218870396098,2.4297712093489707
321,Oats,organic,411.30937099807795,2679.90549490913,1.2811762747269295
321,"Onions and shallots, dry (excluding dehydrated)",conventional,0.3622327528035978,5550.64855615909,0.0
321,"Onions and shallots, dry (excluding dehydrated)",organic,0.1060769283138847,4308.859254034662,0.0
321,Other berries,conventional,1.8620370317332453,655.3021946136505,0.0
321,Other berries,organic,0.5452824660503871,655.3021946136505,0.0
321,Other crops for fodder,conventional,59.09781728620746,3559.6396873417566,0.0
321,Other crops for fodder,organic,48.936282620578964,3323.621559423382,0.0
321,Other fruit,conventional,1.2056055442814104,2319.3125401275274,0.0
321,Other fruit,organic,0.3530518207029757,2004.0051244111812,0.0
321,"Other root, bulb and tuberous vegetables, n.e.c.",conventional,0.8498355831691102,4685.759056371644,0.0
321,"Other root, bulb and tuberous vegetables, n.e.c.",organic,0.248867468600489,4685.759056371644,0.0
321,Other vegetables,conventional,1.8536275636015844,4481.7729861704975,0.0
321,Other vegetables,organic,0.5428198214075275,3479.1121813171085,0.0
321,"Peas, dry",conventional,1968.5831653074003,3095.6937877985047,1.3600861688692991
321,"Peas, dry",organic,177.8149914745348,2506.754574016603,2.064826466079768
321,"Peas, green",conventional,0.0,,
321,"Peas, green",organic,0.0,,
321,Potatoes,conventional,19.483404633180918,28433.176095699862,0.0
321,Potatoes,organic,3.0545953668190853,20211.653320634887,0.0
321,"Pumpkins, squash and gourds",conventional,0.3871418625502213,14245.51227614944,0.0
321,"Pumpkins, squash and gourds",organic,0.1133713593903255,6868.371988251263,0.0
321,Rye,conventional,214.30866752325645,6759.669703425582,1.1104864028423302
321,Rye,organic,89.48947647674356,4111.627850436434,1.212531319273873
321,Semi-natural meadows,conventional,2369.652166255624,0.0,0.0
321,Semi-natural meadows,organic,1080.9718337443765,0.0,0.0
321,Semi-natural pastures,conventional,10.63884426690133,0.0,0.0
321,Semi-natural pastures,organic,4.853155733098675,0.0,0.0
321,Short rotation coppice and other energy crops,conventional,626.0830311524578,0.0,0.0
321,Short rotation coppice and other energy crops,organic,21.562968847542187,0.0,0.0
321,Spring rapeseed,conventional,494.74997329108817,2169.1763185241416,3.9116092021674502
321,Spring rapeseed,organic,4.6486449465632695,1469.318020739629,4.400187915771393
321,Strawberries,conventional,0.0,,
321,Strawberries,organic,0.0,,
321,Sugar beet,conventional,0.0,,
321,Sugar beet,organic,0.0,,
321,Tomatoes,conventional,0.0,,
321,Tomatoes,organic,0.0,,
321,"Triticale, spring",conventional,37.88379938835736,3829.398319758089,4.998143431568927
321,"Triticale, spring",organic,8.261988211642642,2741.5787496002336,2.114534235184201
321,"Triticale, winter",conventional,146.5919017495509,6543.502078855154,0.3560172946473391
321,"Triticale, winter",organic,51.58250695678179,4971.265524874477,1.239198160249797
321,"Wheat, spring",conventional,1617.6222707908234,4523.013484367409,0.9577480086222692
321,"Wheat, spring",organic,261.989522519489,2934.053843025605,1.2850653181777856
321,"Wheat, winter",conventional,14813.33428646581,6160.351910015138,0.2923351447508762
321,"Wheat, winter",organic,1132.783866003715,3990.328443461098,1.2233389711828313
321,Winter rapeseed,conventional,2202.6700339317204,2807.2072947650527,3.8688808315560834
321,Winter rapeseed,organic,215.13938659885437,1816.531090312532,4.400187915771392
322,Apples,conventional,0.0,,
322,Apples,organic,0.0,,
322,"Barley, spring",conventional,1149.4227745617738,2692.3723392723327,0.7609625332090937
322,"Barley, spring",organic,57.496113072617405,1861.419413922571,1.4376564310084186
322,"Barley, winter",conventional,0.0,,
322,"Barley, winter",organic,0.0,,
322,"Beans, dry ",conventional,0.0,,
322,"Beans, dry ",organic,0.0,,
322,"Broad beans and horse beans, dry",conventional,0.0,,
322,"Broad beans and horse beans, dry",organic,0.0,,
322,"Cabbages, cauliflowers and broccoli",conventional,1.9306320246294209,5926.074466015388,0.0
322,"Cabbages, cauliflowers and broccoli",organic,0.5563351321116183,4837.316076469867,0.0
322,Carrots and turnips,conventional,0.461823189480348,26066.51371408909,0.0
322,Carrots and turnips,organic,0.1330799768438913,26066.51371408909,0.0
322,Cereals for fodder,conventional,148.916431247464,2882.1114759855805,0.0
322,Cereals for fodder,organic,84.04587400298607,2624.558157635265,0.0
322,Cucumbers and gherkins,conventional,0.069747365346508,17060.200684866282,0.0
322,Cucumbers and gherkins,organic,0.0200985528155915,8225.453899194787,0.0
322,Fallow,conventional,1214.918466891071,0.0,0.0
322,Fallow,organic,138.77953310892886,0.0,0.0
322,Green manure,conventional,3.201477631617598,0.0,0.0
322,Green manure,organic,12.766522368382402,0.0,0.0
322,Herbs,conventional,0.2092420960395242,1661.5256693311867,0.0
322,Herbs,organic,0.0602956584467747,1505.5167265784887,0.0
322,Lettuce and spinach,conventional,0.8938992829209171,2360.15863681812,0.0
322,Lettuce and spinach,organic,0.2575879656579021,2138.5515557750346,0.0
322,Ley for fodder,conventional,3921.126641887153,4452.278132836514,0.0
322,Ley for fodder,organic,1287.2207042438015,3948.089164788847,0.0
322,Ley for grazing,conventional,1156.8718260838064,3561.822506269211,0.0
322,Ley for grazing,organic,449.7061330418077,3158.4713318310774,0.0
322,Ley for seed,conventional,529.5827787812756,0.0,97.74745451480817
322,Ley for seed,organic,20.643915962155116,0.0,81.8885766001867
322,Maize (corn),conventional,0.0,,
322,Maize (corn),organic,0.0,,
322,Maize for forage and silage,conventional,0.0,,
322,Maize for forage and silage,organic,0.0,,
322,Mixed grain,conventional,49.86210849762986,2395.987510415729,13.132946208005295
322,Mixed grain,organic,47.66718953088712,1685.6104675038625,2.8871903847766442
322,Oats,conventional,445.0712915213621,2950.008653320465,2.9497446861453582
322,Oats,organic,153.90654143526996,1960.4645593982484,1.4070793946795637
322,"Onions and shallots, dry (excluding dehydrated)",conventional,0.2228339974010448,5544.046472971825,0.0
322,"Onions and shallots, dry (excluding dehydrated)",organic,0.0642123303672361,4303.73418676558,0.0
322,Other berries,conventional,4.0464678491926165,626.941652487574,0.0
322,Other berries,organic,1.1660389948716925,626.941652487574,0.0
322,Other crops for fodder,conventional,55.567452641274066,3568.5564584910167,0.0
322,Other crops for fodder,organic,44.59833723763197,3219.1560026325405,0.0
322,Other fruit,conventional,0.0,,
322,Other fruit,organic,0.0,,
322,"Other root, bulb and tuberous vegetables, n.e.c.",conventional,0.5502890428218519,4631.271119191226,0.0
322,"Other root, bulb and tuberous vegetables, n.e.c.",organic,0.1585724899578595,4631.271119191226,0.0
322,Other vegetables,conventional,1.2962282803217071,4307.152960391572,0.0
322,Other vegetables,organic,0.3735239664420324,3343.5580913031754,0.0
322,"Peas, dry",conventional,50.25396874937096,1793.8629644078028,1.4120741655675566
322,"Peas, dry",organic,4.509636960155207,1452.4420869128026,2.1064671505054036
322,"Peas, green",conventional,0.0,,
322,"Peas, green",organic,0.0,,
322,Potatoes,conventional,22.19774552703447,15751.906846359914,0.0
322,Potatoes,organic,3.288254472965531,11197.204253439397,0.0
322,"Pumpkins, squash and gourds",conventional,0.3138631440592864,14950.547103537732,0.0
322,"Pumpkins, squash and gourds",organic,0.090443487670162,7208.299494212757,0.0
322,Rye,conventional,23.803231428798902,3801.216627303629,1.0039308518131729
322,Rye,organic,9.466680571201096,2317.2335863628296,1.3241909137906436
322,Semi-natural meadows,conventional,2842.8606784476315,0.0,0.0
322,Semi-natural meadows,organic,1281.2173215523678,0.0,0.0
322,Semi-natural pastures,conventional,55.2279350283548,0.0,0.0
322,Semi-natural pastures,organic,24.89006497164521,0.0,0.0
322,Short rotation coppice and other energy crops,conventional,0.0,,
322,Short rotation coppice and other energy crops,organic,0.0,,
322,Spring rapeseed,conventional,0.2342106806896188,1226.9673033964673,3.9802645699182237
322,Spring rapeseed,organic,0.0023937308781805996,830.0642778069653,4.349148744621134
322,Strawberries,conventional,0.0,,
322,Strawberries,organic,0.0,,
322,Sugar beet,conventional,0.0,,
322,Sugar beet,organic,0.0,,
322,Tomatoes,conventional,0.0,,
322,Tomatoes,organic,0.0,,
322,"Triticale, spring",conventional,1.694209639121712,2075.3118708932298,4.946914685023983
322,"Triticale, spring",organic,0.3619995608782877,1489.481222046297,2.3053327874068814
322,"Triticale, winter",conventional,32.1746349767303,3490.1275985881625,0.32263917105508405
322,"Triticale, winter",organic,11.017207691266634,2655.5914033214717,1.3568739794165718
322,"Wheat, spring",conventional,411.2321390015019,2751.707822271809,0.8562844058693271
322,"Wheat, spring",organic,73.3824224602967,1788.9483519256612,1.4010569250584644
322,"Wheat, winter",conventional,270.926864256004,3563.7109578767167,0.2838362356743821
322,"Wheat, winter",organic,20.346286544209953,2311.128993456391,1.3328083880480128
322,Winter rapeseed,conventional,0.0,,
322,Winter rapeseed,organic,0.0,,
411,Apples,conventional,0.0,,
411,Apples,organic,0.0,,
411,"Barley, spring",conventional,4346.095494202489,4524.963434957336,0.8649235351638696
411,"Barley, spring",organic,350.23552570835705,3137.77115256531,1.834529787732906
411,"Barley, winter",conventional,281.8424050382025,5400.973410007725,0.23465651889375003
411,"Barley, winter",organic,5.168088853152989,3392.162685526693,1.7791262144193873
411,"Beans, dry ",conventional,0.0,,
411,"Beans, dry ",organic,0.0,,
411,"Broad beans and horse beans, dry",conventional,259.93541561185697,3113.876068272977,6.284724716583634
411,"Broad beans and horse beans, dry",organic,214.9372030496493,2339.6189574665163,3.0422756280422174
411,"Cabbages, cauliflowers and broccoli",conventional,0.1811671072708227,14945.691709442395,0.0
411,"Cabbages, cauliflowers and broccoli",organic,0.0245709010025806,12199.818816765503,0.0
411,Carrots and turnips,conventional,0.0604990843586442,11339.304229886666,0.0
411,Carrots and turnips,organic,0.008205225743881,11339.304229886666,0.0
411,Cereals for fodder,conventional,469.5722937109074,2057.6328371826753,0.0
411,Cereals for fodder,organic,233.2542582453131,1884.2906333787132,0.0
411,Cucumbers and gherkins,conventional,4.3935753531741445e-06,6964.912404427622,0.0
411,Cucumbers and gherkins,organic,5.958813753582863e-07,3358.082765425473,0.0
411,Fallow,conventional,2231.529193385729,0.0,0.0
411,Fallow,organic,211.9188066142716,0.0,0.0
411,Green manure,conventional,32.090597354673925,0.0,0.0
411,Green manure,organic,31.11940264532607,0.0,0.0
411,Herbs,conventional,0.0241736488835117,1517.6955295754817,0.0
411,Herbs,organic,0.0032785660848467,1375.191516932165,0.0
411,Lettuce and spinach,conventional,0.0362231279347656,2782.4399694330136,0.0
411,Lettuce and spinach,organic,0.0049127841355795,2521.1827851977405,0.0
411,Ley for fodder,conventional,6241.509717898025,4824.148083797994,0.0
411,Ley for fodder,organic,2442.9856570418,4249.127668398925,0.0
411,Ley for grazing,conventional,2093.2171788121555,3859.318467038396,0.0
411,Ley for grazing,organic,724.8538257052896,3399.3021347191407,0.0
411,Ley for seed,conventional,862.8805734928901,0.0,86.04585811346124
411,Ley for seed,organic,288.71704704983824,0.0,84.32707007577211
411,Maize (corn),conventional,6.804010957701379,5062.717598497971,6.770802091802955
411,Maize (corn),organic,8.242298619675964e-06,4758.13042714563,32.56069182369553
411,Maize for forage and silage,conventional,81.7898233679545,6672.537995450592,0.0
411,Maize for forage and silage,organic,0.0001574320454944,4790.618556458957,0.0
411,Mixed grain,conventional,112.92456511304921,3230.4300665065757,9.730191399364756
411,Mixed grain,organic,61.31731867945143,2398.9797475248647,4.397250993302733
411,Oats,conventional,1145.4603345290277,4368.265701803269,4.4996320610798435
411,Oats,organic,297.8851024481691,2870.9893101964026,1.9003921251356723
411,"Onions and shallots, dry (excluding dehydrated)",conventional,0.0483259575438795,3940.733685574,0.0
411,"Onions and shallots, dry (excluding dehydrated)",organic,0.0065542378887274,3059.1140182943655,0.0
411,Other berries,conventional,1.8663593808855508,1429.1903212135123,0.0
411,Other berries,organic,0.2531261456552607,1429.1903212135123,0.0
411,Other crops for fodder,conventional,75.66870309927434,3121.8104333957476,0.0
411,Other crops for fodder,organic,61.89009454641125,2882.7816323239554,0.0
411,Other fruit,conventional,0.0,,
411,Other fruit,organic,0.0,,
411,"Other root, bulb and tuberous vegetables, n.e.c.",conventional,0.084608712572724,8879.320111096917,0.0
411,"Other root, bulb and tuberous vegetables, n.e.c.",organic,0.0114751089858297,8879.320111096917,0.0
411,Other vegetables,conventional,0.2656603315771204,4111.655517887298,0.0
411,Other vegetables,organic,0.0360303468208295,3191.797273490284,0.0
411,"Peas, dry",conventional,315.04643796073407,3308.4957712573414,6.311641979030511
411,"Peas, dry",organic,67.85171410845577,2556.0092331052515,2.5024670504797637
411,"Peas, green",conventional,0.0,,
411,"Peas, green",organic,0.0,,
411,Potatoes,conventional,4.023399080732705,35914.42485694709,0.0
411,Potatoes,organic,1.4806009192672942,25529.680608857056,0.0
411,"Pumpkins, squash and gourds",conventional,0.024151053353124,4265.629287105833,0.0
411,"Pumpkins, squash and gourds",organic,0.0032755015520591,2056.64269138808,0.0
411,Rye,conventional,108.48570075293782,6012.602221991559,3.125656959464446
411,Rye,organic,56.22356203660476,3599.634809843826,1.6775389879103801
411,Semi-natural meadows,conventional,2592.652041304269,0.0,0.0
411,Semi-natural meadows,organic,1605.2019586957322,0.0,0.0
411,Semi-natural pastures,conventional,21.44231161207645,0.0,0.0
411,Semi-natural pastures,organic,13.275688387923546,0.0,0.0
411,Short rotation coppice and other energy crops,conventional,202.0254906485839,0.0,0.0
411,Short rotation coppice and other energy crops,organic,7.326509351416099,0.0,0.0
411,Spring rapeseed,conventional,69.68750973576606,1648.2361023327576,1.9999321645795658
411,Spring rapeseed,organic,4.895138726051297,1135.7276021847,4.1529640367026275
411,Strawberries,conventional,3.337185536201932,2806.855944606962,0.0
411,Strawberries,organic,0.4526078528961942,2806.855944606962,0.0
411,Sugar beet,conventional,0.0,,
411,Sugar beet,organic,0.0,,
411,Tomatoes,conventional,0.0,,
411,Tomatoes,organic,0.0,,
411,"Triticale, spring",conventional,17.57229279699075,3360.2187654142645,4.634132622469324
411,"Triticale, spring",organic,1.6622876030092462,2433.733705809225,2.8721532238100216
411,"Triticale, winter",conventional,990.4071021139782,4928.446361964207,0.0
411,"Triticale, winter",organic,143.09764057502795,3738.8203692414454,1.2982873239671782
411,"Wheat, spring",conventional,507.7948644060595,4466.772563210976,2.356074898785982
411,"Wheat, spring",organic,124.4959345886476,2870.4603069540344,1.7596104957377128
411,"Wheat, winter",conventional,8310.245009518005,6162.384048427756,0.1085005198702441
411,"Wheat, winter",organic,405.83821908061935,4016.542245798674,1.6546405312585573
411,Winter rapeseed,conventional,1384.5534143389134,2908.843072086521,2.0634247896292224
411,Winter rapeseed,organic,53.55836882288739,1912.7046333631847,4.152964036702628
421,Apples,conventional,0.6563372274625451,2570.2097151027297,0.0
421,Apples,organic,0.1044569374581185,2220.793166407,0.0
421,"Barley, spring",conventional,3488.6742474912417,4514.969446141142,0.8953992005914735
421,"Barley, spring",organic,255.11385439281105,3135.397613166549,2.007326644573091
421,"Barley, winter",conventional,92.37421054419627,5396.418918102585,0.23355279823081285
421,"Barley, winter",organic,1.6000490558037272,3394.614713572997,1.9317561744930971
421,"Beans, dry ",conventional,0.0,,
421,"Beans, dry ",organic,0.0,,
421,"Broad beans and horse beans, dry",conventional,102.75812601160087,3183.877077819935,5.820150074015032
421,"Broad beans and horse beans, dry",organic,106.90292988669809,2404.0605363633285,3.041759979327332
421,"Cabbages, cauliflowers and broccoli",conventional,1.325573189960809,14706.786302617194,0.0
421,"Cabbages, cauliflowers and broccoli",organic,0.2109667256498819,12004.805917110163,0.0
421,Carrots and turnips,conventional,0.4205138219718805,12848.714251622636,0.0
421,Carrots and turnips,organic,0.0669253307050875,12848.714251622636,0.0
421,Cereals for fodder,conventional,426.7469732196061,2051.332604880142,0.0
421,Cereals for fodder,organic,229.06053158150465,1876.1846264649735,0.0
421,Cucumbers and gherkins,conventional,0.1280634480903349,7991.559138707206,0.0
421,Cucumbers and gherkins,organic,0.0203814670692384,3853.073155020752,0.0
421,Fallow,conventional,2670.3006805356363,0.0,0.0
421,Fallow,organic,250.80331946436377,0.0,0.0
421,Green manure,conventional,25.318381557386488,0.0,0.0
421,Green manure,organic,28.74361844261351,0.0,0.0
421,Herbs,conventional,0.4755578042055561,1621.6671380159569,0.0
421,Herbs,organic,0.0756856532482073,1469.4007118219515,0.0
421,Lettuce and spinach,conventional,0.8414001543986693,2965.767067740079,0.0
421,Lettuce and spinach,organic,0.1339099469415494,2687.2963867092267,0.0
421,Ley for fodder,conventional,6603.971067225413,4652.643362141951,0.0
421,Ley for fodder,organic,2408.380276605284,4117.413057295837,0.0
421,Ley for grazing,conventional,2180.727376622701,3722.114689713561,0.0
421,Ley for grazing,organic,751.8479993712625,3293.930445836669,0.0
421,Ley for seed,conventional,1336.834037180814,0.0,58.67457355764583
421,Ley for seed,organic,400.4332429945267,0.0,51.465659580329984
421,Maize (corn),conventional,0.3108863999999997,5060.406116194538,6.770833333333309
421,Maize (corn),organic,0.0,,
421,Maize for forage and silage,conventional,3.7371136,6680.418544492235,0.0
421,Maize for forage and silage,organic,0.0,,
421,Mixed grain,conventional,88.96701593937493,3314.5026793330953,10.2055823099307
421,Mixed grain,organic,57.06889828909381,2459.909244688165,4.842565464674589
421,Oats,conventional,1319.662081398802,4088.591299024169,5.1852032645572255
421,Oats,organic,340.9732143951852,2672.375487184442,2.065187915448905
421,"Onions and shallots, dry (excluding dehydrated)",conventional,0.3107983679594374,4330.338865326595,0.0
421,"Onions and shallots, dry (excluding dehydrated)",organic,0.0494639711502223,3361.5568530751825,0.0
421,Other berries,conventional,1.3525740329913056,1387.369776958395,0.0
421,Other berries,organic,0.2152639455145192,1387.3697769583953,0.0
421,Other crops for fodder,conventional,79.39105737457089,3132.678674277382,0.0
421,Other crops for fodder,organic,63.00940423745455,2873.6190425242235,0.0
421,Other fruit,conventional,0.0202750180000179,1110.0563222622222,0.0
421,Other fruit,organic,0.0032267959191922,959.1456604965392,0.0
421,"Other root, bulb and tuberous vegetables, n.e.c.",conventional,0.7680081780871018,8825.743596050692,0.0
421,"Other root, bulb and tuberous vegetables, n.e.c.",organic,0.1222295168840564,8825.743596050692,0.0
421,Other vegetables,conventional,2.541803436364084,4143.170099319469,0.0
421,Other vegetables,organic,0.4045313772762729,3216.2614229436604,0.0
421,"Peas, dry",conventional,275.4418579970286,3066.271053132588,5.545083288862368
421,"Peas, dry",organic,53.43306800529635,2388.261326718682,2.5025853154084796
421,"Peas, green",conventional,0.0,,
421,"Peas, green",organic,0.0,,
421,Potatoes,conventional,8.627460978568891,35527.58458337225,0.0
421,Potatoes,organic,2.6605390214311093,25254.696151488024,0.0
421,"Pumpkins, squash and gourds",conventional,0.6676529763410587,6101.289861748359,0.0
421,"Pumpkins, squash and gourds",organic,0.1062578538520649,2941.6933253284883,0.0
421,Rye,conventional,95.45135103789954,5975.260766892545,2.490678923252439
421,Rye,organic,45.20230496210044,3606.147760078784,1.8253372609804919
421,Semi-natural meadows,conventional,2898.3934549269466,0.0,0.0
421,Semi-natural meadows,organic,1673.9585450730551,0.0,0.0
421,Semi-natural pastures,conventional,133.69743999422224,0.0,0.0
421,Semi-natural pastures,organic,77.21656000577785,0.0,0.0
421,Short rotation coppice and other energy crops,conventional,347.1040896228534,0.0,0.0
421,Short rotation coppice and other energy crops,organic,14.485910377146553,0.0,0.0
421,Spring rapeseed,conventional,191.92914055159858,1472.538769329663,2.470840913813024
421,Spring rapeseed,organic,11.814077528397458,1009.7865541502592,4.152960526315789
421,Strawberries,conventional,13.464619470403791,3207.478822684408,0.0
421,Strawberries,organic,2.1429119895497566,3207.478822684408,0.0
421,Sugar beet,conventional,0.0,,
421,Sugar beet,organic,0.0,,
421,Tomatoes,conventional,0.0,,
421,Tomatoes,organic,0.0,,
421,"Triticale, spring",conventional,53.296145913963976,3364.8938624375955,4.622866616178513
421,"Triticale, spring",organic,5.512449286036026,2443.6067791289915,3.1185531859502915
421,"Triticale, winter",conventional,537.3643215343362,4927.335923090256,0.0
421,"Triticale, winter",organic,85.25333606566363,3753.854032046908,1.7157235752451618
421,"Wheat, spring",conventional,659.9360085396652,4144.673646562916,1.8880854539830128
421,"Wheat, spring",organic,178.07659829119717,2680.342382281268,1.9100824759913828
421,"Wheat, winter",conventional,7749.864562009513,5855.454228570573,0.12579319255646382
421,"Wheat, winter",organic,396.9138460520046,3821.2628662490956,1.794471332682841
421,Winter rapeseed,conventional,1366.2639603671046,3321.80490373598,2.5046988778505677
421,Winter rapeseed,organic,54.90637804024983,2174.4052883714958,4.1529605263157885
422,Apples,conventional,2.8332834709382366,2309.143174632908,0.0
422,Apples,organic,0.4943506847397616,1995.21827045742,0.0
422,"Barley, spring",conventional,3580.576853820863,4973.928728180676,0.8358415943809652
422,"Barley, spring",organic,280.70001232388387,3446.258984965776,1.7247914568095823
422,"Barley, winter",conventional,20.70892403610055,5946.657839475265,0.23341781890817834
422,"Barley, winter",organic,0.42255516389944703,3731.401930203772,1.6861422612452006
422,"Beans, dry ",conventional,0.0,,
422,"Beans, dry ",organic,0.0,,
422,"Broad beans and horse beans, dry",conventional,97.25108138894852,3444.039684553517,6.0111973959519585
422,"Broad beans and horse beans, dry",organic,80.86861759570311,2591.2689759436894,2.8936556483620883
422,"Cabbages, cauliflowers and broccoli",conventional,0.272928234936209,15770.118167205062,0.0
422,"Cabbages, cauliflowers and broccoli",organic,0.0476204591631808,12872.778864917567,0.0
422,Carrots and turnips,conventional,0.123853521851484,12530.61399909926,0.0
422,Carrots and turnips,organic,0.0216099355968913,12530.61399909926,0.0
422,Cereals for fodder,conventional,287.33452251997863,2132.00083694619,0.0
422,Cereals for fodder,organic,131.20939200507624,1957.856971675009,0.0
422,Cucumbers and gherkins,conventional,0.0,,
422,Cucumbers and gherkins,organic,0.0,,
422,Fallow,conventional,2080.0847520193806,0.0,0.0
422,Fallow,organic,199.71724798061965,0.0,0.0
422,Green manure,conventional,34.60557257942483,0.0,0.0
422,Green manure,organic,37.34642742057517,0.0,0.0
422,Herbs,conventional,0.0363904313248278,1610.4727301916805,0.0
422,Herbs,organic,0.0063493945550907,1459.2574028531687,0.0
422,Lettuce and spinach,conventional,0.0545856469872418,3032.4408771374556,0.0
422,Lettuce and spinach,organic,0.0095240918326361,2747.7098591732797,0.0
422,Ley for fodder,conventional,2254.34783150793,4818.69367532087,0.0
422,Ley for fodder,organic,874.1760894664992,4251.720605456366,0.0
422,Ley for grazing,conventional,747.5244065995109,3854.954940256696,0.0
422,Ley for grazing,organic,269.150270304406,3401.376484365093,0.0
422,Ley for seed,conventional,516.9256084097649,0.0,55.35688676128825
422,Ley for seed,organic,167.0577937118896,0.0,48.55773360329432
422,Maize (corn),conventional,0.3588095999999997,5570.029111682501,6.770833333333312
422,Maize (corn),organic,0.0,,
422,Maize for forage and silage,conventional,4.3131904,6853.777006438639,0.0
422,Maize for forage and silage,organic,0.0,,
422,Mixed grain,conventional,15.134388674016026,3503.807923676513,9.844679398021036
422,Mixed grain,organic,8.059315369572225,2593.1544021024747,4.192970999354893
422,Oats,conventional,1245.3970223005183,4500.357893735654,4.182231461488139
422,Oats,organic,322.48777952517787,2964.1581913627783,1.7853025308365893
422,"Onions and shallots, dry (excluding dehydrated)",conventional,0.10565830618907,4434.859595676056,0.0
422,"Onions and shallots, dry (excluding dehydrated)",organic,0.0184352383193459,3442.6942393910585,0.0
422,Other berries,conventional,2.144323954816303,1487.4560237011913,0.0
422,Other berries,organic,0.374141177979724,1487.4560237011913,0.0
422,Other crops for fodder,conventional,17.63049814254355,3118.834637052204,0.0
422,Other crops for fodder,organic,12.034337938771424,3063.4564781219788,0.0
422,Other fruit,conventional,0.0,,
422,Other fruit,organic,0.0,,
422,"Other root, bulb and tuberous vegetables, n.e.c.",conventional,0.176682674946019,9332.71185120535,0.0
422,"Other root, bulb and tuberous vegetables, n.e.c.",organic,0.0308275547565643,9332.71185120535,0.0
422,Other vegetables,conventional,0.4660496316519352,4312.491663999872,0.0
422,Other vegetables,organic,0.0813162385243273,3347.702421864629,0.0
422,"Peas, dry",conventional,417.462787349868,2776.9545207100546,5.930341315059192
422,"Peas, dry",organic,89.34086411555252,2152.3139835317743,2.42185863556573
422,"Peas, green",conventional,0.0,,
422,"Peas, green",organic,0.0,,
422,Potatoes,conventional,19.754217979034763,39698.91012461597,0.0
422,Potatoes,organic,7.221782020965238,28219.872656686064,0.0
422,"Pumpkins, squash and gourds",conventional,0.0363904313248278,4807.576183340979,0.0
422,"Pumpkins, squash and gourds",organic,0.0063493945550907,2317.9385162811755,0.0
422,Rye,conventional,113.50656654225376,6693.949598739532,3.001552696825241
422,Rye,organic,66.70660945774623,4008.930665423528,1.5856076540886004
422,Semi-natural meadows,conventional,1100.3887109561235,0.0,0.0
422,Semi-natural meadows,organic,672.8952890438766,0.0,0.0
422,Semi-natural pastures,conventional,13.898792493472708,0.0,0.0
422,Semi-natural pastures,organic,8.499207506527297,0.0,0.0
422,Short rotation coppice and other energy crops,conventional,316.0906682743962,0.0,0.0
422,Short rotation coppice and other energy crops,organic,11.0733317256038,0.0,0.0
422,Spring rapeseed,conventional,253.50102076997507,1919.913915708218,2.094409570607934
422,Spring rapeseed,organic,16.615427675186453,1325.1275102510324,4.404236535030893
422,Strawberries,conventional,0.0,,
422,Strawberries,organic,0.0,,
422,Sugar beet,conventional,0.0,,
422,Sugar beet,organic,0.0,,
422,Tomatoes,conventional,0.0,,
422,Tomatoes,organic,0.0,,
422,"Triticale, spring",conventional,20.932975203588146,3697.9284576369337,4.649210115574616
422,"Triticale, spring",organic,1.990636796411853,2673.773796530971,2.722043490893212
422,"Triticale, winter",conventional,118.2752535416279,5711.962943033621,0.0
422,"Triticale, winter",organic,17.183072858372093,4343.633184287204,1.5350888736557335
422,"Wheat, spring",conventional,830.0504951076653,4850.881469370961,2.2547266841436615
422,"Wheat, spring",organic,197.0408995920916,3117.778432504567,1.672786373812237
422,"Wheat, winter",conventional,7303.077841047755,6244.394000042097,0.12043764749634252
422,"Wheat, winter",organic,388.4968841134018,4065.849144165591,1.5661241652896503
422,Winter rapeseed,conventional,1063.70056814258,3365.8871939511764,2.12219510617786
422,Winter rapeseed,organic,56.084796880871465,2217.719030869685,4.404236535030893
431,Apples,conventional,2.0586749332699434,2355.0767790943496,0.0
431,Apples,organic,0.3215774974335382,2034.9072632648936,0.0
431,"Barley, spring",conventional,2725.8091873288195,3923.535077441465,0.8643547525351724
431,"Barley, spring",organic,211.14306331877515,2721.176051708056,1.8504451531933999
431,"Barley, winter",conventional,28.360682595452193,4687.813566971716,0.23376139231168513
431,"Barley, winter",organic,0.5311570045478029,2944.759909256586,1.79518925932096
431,"Beans, dry ",conventional,0.0,,
431,"Beans, dry ",organic,0.0,,
431,"Broad beans and horse beans, dry",conventional,45.258887046840144,2726.9106820229244,6.053630357606289
431,"Broad beans and horse beans, dry",organic,40.31433024485143,2052.8407116312737,2.991117837096972
431,"Cabbages, cauliflowers and broccoli",conventional,6.747329468413429,15193.738520407269,0.0
431,"Cabbages, cauliflowers and broccoli",organic,1.053973742889812,12402.293630958016,0.0
431,Carrots and turnips,conventional,2.424331275553992,12223.397526497496,0.0
431,Carrots and turnips,organic,0.3786952334938077,12223.397526497496,0.0
431,Cereals for fodder,conventional,443.787494183979,2088.866898106404,0.0
431,Cereals for fodder,organic,241.96083115681589,1903.3715529749302,0.0
431,Cucumbers and gherkins,conventional,0.2836430653915027,7579.746075626261,0.0
431,Cucumbers and gherkins,organic,0.0443067653172889,3654.520428236983,0.0
431,Fallow,conventional,3258.22347496198,0.0,0.0
431,Fallow,organic,309.5225250380201,0.0,0.0
431,Green manure,conventional,21.32924817075469,0.0,0.0
431,Green manure,organic,22.55275182924531,0.0,0.0
431,Herbs,conventional,1.56147774836863,1584.3004498785838,0.0
431,Herbs,organic,0.2439122847923157,1435.542568643037,0.0
431,Lettuce and spinach,conventional,2.625859687944448,2929.2031749697835,0.0
431,Lettuce and spinach,organic,0.4101751925057626,2654.1656604312143,0.0
431,Ley for fodder,conventional,8527.635393312532,4767.89256295142,0.0
431,Ley for fodder,organic,3254.145236453548,4208.652984251272,0.0
431,Ley for grazing,conventional,2834.560408325825,3814.314050361136,0.0
431,Ley for grazing,organic,994.1692199817012,3366.9223874010177,0.0
431,Ley for seed,conventional,1079.6031669606277,0.0,96.11071659669017
431,Ley for seed,organic,317.6105749657636,0.0,95.1484067533154
431,Maize (corn),conventional,2.484633600000002,4393.620473571964,6.770833333333323
431,Maize (corn),organic,0.0,,
431,Maize for forage and silage,conventional,29.867366399999995,6737.403670728401,0.0
431,Maize for forage and silage,organic,0.0,,
431,Mixed grain,conventional,122.07462428760147,2812.787243261476,9.918329451000393
431,Mixed grain,organic,69.39723918985197,2085.977901675475,4.466055744099337
431,Oats,conventional,1469.1333476704124,4131.822160671348,4.605290166720457
431,Oats,organic,380.71638578005656,2712.912958786508,1.9122421514350916
431,"Onions and shallots, dry (excluding dehydrated)",conventional,1.9272354667611795,4234.3838781151,0.0
431,"Onions and shallots, dry (excluding dehydrated)",organic,0.3010458564149387,3287.0688846091825,0.0
431,Other berries,conventional,2.7719982729811523,1440.2297921224283,0.0
431,Other berries,organic,0.4330029248957113,1440.2297921224283,0.0
431,Other crops for fodder,conventional,57.669564082098745,3166.842468497696,0.0
431,Other crops for fodder,organic,46.56781733213386,2891.4116575621088,0.0
431,Other fruit,conventional,0.0216389218362702,1061.591662344477,0.0
431,Other fruit,organic,0.0033801306941717,917.2697058127146,0.0
431,"Other root, bulb and tuberous vegetables, n.e.c.",conventional,3.813413607021836,9040.270937165487,0.0
431,"Other root, bulb and tuberous vegetables, n.e.c.",organic,0.5956783096772106,9040.270937165487,0.0
431,Other vegetables,conventional,11.66474145279624,4200.378220761911,0.0
431,Other vegetables,organic,1.8221032878859096,3260.670961935221,0.0
431,"Peas, dry",conventional,213.37874694207176,2889.311423456239,5.93700912246807
431,"Peas, dry",organic,44.40520253952259,2240.453478159651,2.4747569574705413
431,"Peas, green",conventional,0.0,,
431,"Peas, green",organic,0.0,,
431,Potatoes,conventional,4.168128534765038,31116.492358639323,0.0
431,Potatoes,organic,1.4498714652349616,22119.08208883206,0.0
431,"Pumpkins, squash and gourds",conventional,1.986942346455884,5009.098157533752,0.0
431,"Pumpkins, squash and gourds",organic,0.3103724327682492,2415.10089666676,0.0
431,Rye,conventional,60.00454335489718,5230.523080584891,2.8747164643922694
431,Rye,organic,31.60479264510283,3139.9937552186498,1.6920639843119638
431,Semi-natural meadows,conventional,4070.3604477299255,0.0,0.0
431,Semi-natural meadows,organic,2455.275552270075,0.0,0.0
431,Semi-natural pastures,conventional,96.06736181999304,0.0,0.0
431,Semi-natural pastures,organic,57.94863818000696,0.0,0.0
431,Short rotation coppice and other energy crops,conventional,290.9170006800512,0.0,0.0
431,Short rotation coppice and other energy crops,organic,10.924999319948853,0.0,0.0
431,Spring rapeseed,conventional,53.22943278067695,1484.655628242581,2.18150878509111
431,Spring rapeseed,organic,3.5064998776380922,1022.039499157032,4.239572249207252
431,Strawberries,conventional,16.435319266747875,3004.294053693532,0.0
431,Strawberries,organic,2.567296445839112,3004.294053693532,0.0
431,Sugar beet,conventional,0.0,,
431,Sugar beet,organic,0.0,,
431,Tomatoes,conventional,0.0,,
431,Tomatoes,organic,0.0,,
431,"Triticale, spring",conventional,16.338736310680265,2918.111206377525,4.636336047534174
431,"Triticale, spring",organic,1.5936344893197365,2114.0403537381712,2.8980847883187013
431,"Triticale, winter",conventional,474.3554169188253,4764.63262248683,0.0
431,"Triticale, winter",organic,70.76707748117467,3622.559121823966,1.5165640246420213
431,"Wheat, spring",conventional,860.2367649178137,4819.264883495703,2.1765462618688605
431,"Wheat, spring",organic,215.1503957865671,3103.2316415174714,1.7772369077325207
431,"Wheat, winter",conventional,4336.812549380672,5682.541706832506,0.11800432430392241
431,"Wheat, winter",organic,221.53407619863495,3703.9474818171952,1.6682108955573614
431,Winter rapeseed,conventional,655.7198555794371,2664.3417998689656,2.223835272861864
431,Winter rapeseed,organic,28.821663574729538,1750.6456570391904,4.239572249207251
511,Apples,conventional,0.0,,
511,Apples,organic,0.0,,
511,"Barley, spring",conventional,489.840253248251,4184.571554325757,0.27111719337678253
511,"Barley, spring",organic,57.898568018727616,2887.5202385106504,0.7605125171783683
511,"Barley, winter",conventional,7.261060448724678,4923.784996726783,0.2599602045725653
511,"Barley, winter",organic,0.037881333352088396,3059.7799103436987,0.7553387857236697
511,"Beans, dry ",conventional,0.0,,
511,"Beans, dry ",organic,0.0,,
511,"Broad beans and horse beans, dry",conventional,40.23048562959156,2865.1622152102364,2.977496249700041
511,"Broad beans and horse beans, dry",organic,31.35903301391489,2173.975939037081,0.6008211824410644
511,"Cabbages, cauliflowers and broccoli",conventional,0.0676213010081075,29983.49382257241,0.0
511,"Cabbages, cauliflowers and broccoli",organic,0.0038447626684226,24474.825203164743,0.0
511,Carrots and turnips,conventional,0.1508247006746349,64341.68658245065,0.0
511,Carrots and turnips,organic,0.0085754809503047,64341.68658245065,0.0
511,Cereals for fodder,conventional,170.47403380988584,3126.2625995761764,0.0
511,Cereals for fodder,organic,129.77092596594267,2838.2148093103933,0.0
511,Cucumbers and gherkins,conventional,0.0052927548504458,37124.76432714835,0.0
511,Cucumbers and gherkins,organic,0.0003009315993442,17899.439938142987,0.0
511,Fallow,conventional,172.1539889203146,0.0,0.0
511,Fallow,organic,19.69201107968542,0.0,0.0
511,Green manure,conventional,0.0,,
511,Green manure,organic,0.0,,
511,Herbs,conventional,0.0299965747696455,2788.891742553048,0.0
511,Herbs,organic,0.0017055233947813,2527.0287691193803,0.0
511,Lettuce and spinach,conventional,0.0014739890695186,5067.167963329852,0.0
511,Lettuce and spinach,organic,8.380699666616421e-05,4591.386257816003,0.0
511,Ley for fodder,conventional,4295.355035447913,5426.003441191062,0.0
511,Ley for fodder,organic,2008.4665804916951,4782.421910161051,0.0
511,Ley for grazing,conventional,1066.0327679893965,4340.80275295285,0.0
511,Ley for grazing,organic,618.0209070868584,3825.937528128841,0.0
511,Ley for seed,conventional,58.384003444802644,-0.0,100.00000000000078
511,Ley for seed,organic,25.810705539333412,0.0,99.99999999999956
511,Maize (corn),conventional,1.7086204401228429,4675.867722197952,6.706847867352267
511,Maize (corn),organic,0.0186795183850809,3441.4275910263573,13.823838480431553
511,Maize for forage and silage,conventional,20.44991185364437,9147.347602665775,0.0
511,Maize for forage and silage,organic,0.3567881878477039,6567.434040478894,0.0
511,Mixed grain,conventional,77.29891824663991,2453.093218021234,3.1235962796067325
511,Mixed grain,organic,36.9737769429144,1919.696651049504,2.6370891262244465
511,Oats,conventional,225.75216204013105,4041.019396543041,1.5939653995329348
511,Oats,organic,73.50474567220118,2706.5737265377725,0.80779137385282
511,"Onions and shallots, dry (excluding dehydrated)",conventional,0.035823414797117,26761.63441432595,0.0
511,"Onions and shallots, dry (excluding dehydrated)",organic,0.0020368216200226,20774.530207160864,0.0
511,Other berries,conventional,0.0,,
511,Other berries,organic,0.0,,
511,Other crops for fodder,conventional,308.63368921054865,1510.159885851518,0.0
511,Other crops for fodder,organic,175.55260843669515,1363.9798490626583,0.0
511,Other fruit,conventional,0.0,,
511,Other fruit,organic,0.0,,
511,"Other root, bulb and tuberous vegetables, n.e.c.",conventional,0.1061088339560905,32449.813908217893,0.0
511,"Other root, bulb and tuberous vegetables, n.e.c.",organic,0.0060330587773713,32449.813908217893,0.0
511,Other vegetables,conventional,0.0392006910155748,7209.909995955077,0.0
511,Other vegetables,organic,0.0022288443307972,5596.911260460936,0.0
511,"Peas, dry",conventional,3.453361300245894,2672.938964378416,0.4016591815926658
511,"Peas, dry",organic,0.6536947412587976,2172.417619935249,1.4769920872460989
511,"Peas, green",conventional,0.0,,
511,"Peas, green",organic,0.0,,
511,Potatoes,conventional,1.156241755252574,26324.00273065321,0.0
511,Potatoes,organic,0.0337582447474259,18712.35261979314,0.0
511,"Pumpkins, squash and gourds",conventional,0.0038901497957923,8162.842913720586,0.0
511,"Pumpkins, squash and gourds",organic,0.0002211833029897,3935.6564036634472,0.0
511,Rye,conventional,41.4178028225229,5138.548849016465,0.44580251317985253
511,Rye,organic,5.667068331206872,3134.356927753482,0.8274330107350397
511,Semi-natural meadows,conventional,6442.9000512903785,0.0,0.0
511,Semi-natural meadows,organic,3578.9139487096213,0.0,0.0
511,Semi-natural pastures,conventional,32.333389462187014,0.0,0.0
511,Semi-natural pastures,organic,17.960610537812983,0.0,0.0
511,Short rotation coppice and other energy crops,conventional,11.429512774211393,0.0,0.0
511,Short rotation coppice and other energy crops,organic,0.7424872257886085,0.0,0.0
511,Spring rapeseed,conventional,0.0,,
511,Spring rapeseed,organic,0.0,,
511,Strawberries,conventional,0.0,,
511,Strawberries,organic,0.0,,
511,Sugar beet,conventional,0.0,,
511,Sugar beet,organic,0.0,,
511,Tomatoes,conventional,0.0,,
511,Tomatoes,organic,0.0,,
511,"Triticale, spring",conventional,5.0238335149053155,3095.5880034961137,4.772884204544934
511,"Triticale, spring",organic,0.4481456850946838,2201.3463804268017,1.2193900078040327
511,"Triticale, winter",conventional,135.39348803163122,5280.901790334255,0.7612293124058999
511,"Triticale, winter",organic,18.20983145953934,3975.0722080975606,0.7261900072730045
511,"Wheat, spring",conventional,91.24676977917186,3942.0490100911934,0.6199951347003048
511,"Wheat, spring",organic,25.360682377597882,2552.317177638416,0.7595002972854994
511,"Wheat, winter",conventional,525.4987870255694,6495.780584781172,0.0
511,"Wheat, winter",organic,59.959265245989926,4189.33286949086,0.6196592841900335
511,Winter rapeseed,conventional,116.27297825560976,2371.9500071718444,0.08018635648010052
511,Winter rapeseed,organic,17.890149412135194,1591.7878391427062,4.185032656816998
512,Apples,conventional,0.0,,
512,Apples,organic,0.0,,
512,"Barley, spring",conventional,575.563472495902,3722.5229365662335,0.2642517511710889
512,"Barley, spring",organic,67.85393057646348,2568.837992173251,0.7594610740052112
512,"Barley, winter",conventional,14.455806484528727,4380.689219117341,0.260062538115086
512,"Barley, winter",organic,0.0725866950438955,2722.266372634207,0.7547702109842441
512,"Beans, dry ",conventional,0.0,,
512,"Beans, dry ",organic,0.0,,
512,"Broad beans and horse beans, dry",conventional,50.10878878603263,2550.4998716232226,2.9868313122013825
512,"Broad beans and horse beans, dry",organic,39.2959338805021,1934.9266534128246,0.5952069298890913
512,"Cabbages, cauliflowers and broccoli",conventional,0.5246352168620162,30068.828224521138,0.0
512,"Cabbages, cauliflowers and broccoli",organic,0.0297279891775017,24544.48168095451,0.0
512,Carrots and turnips,conventional,1.1741230723273444,64383.23093023961,0.0
512,Carrots and turnips,organic,0.0665306423689481,64383.23093023961,0.0
512,Cereals for fodder,conventional,161.33908928479696,3122.7766918605807,0.0
512,Cereals for fodder,organic,119.74132144889164,2838.6882501466393,0.0
512,Cucumbers and gherkins,conventional,0.041553653495112,37207.0937669685,0.0
512,Cucumbers and gherkins,organic,0.0023546009144735,17939.134489473083,0.0
512,Fallow,conventional,531.5539537873333,0.0,0.0
512,Fallow,organic,60.672046212666736,0.0,0.0
512,Green manure,conventional,0.0,,
512,Green manure,organic,0.0,,
512,Herbs,conventional,0.2336203233551717,2788.803030148397,0.0
512,Herbs,organic,0.0132378883863101,2526.948386365431,0.0
512,Lettuce and spinach,conventional,0.011500606225436,5055.748747888702,0.0
512,Lettuce and spinach,organic,0.0006516716499692,4581.039249540185,0.0
512,Ley for fodder,conventional,5745.854880232829,5425.0995374962695,0.0
512,Ley for fodder,organic,2688.7188261699885,4781.560765364754,0.0
512,Ley for grazing,conventional,1423.594212037715,4340.079629997016,0.0
512,Ley for grazing,organic,826.7161933485465,3825.248612291804,0.0
512,Ley for seed,conventional,77.89591622378357,-0.0,100.00000000000028
512,Ley for seed,organic,35.05797198713796,-0.0,100.00000000000098
512,Maize (corn),conventional,3.7744236773259487,4160.368008753193,6.710096478049935
512,Maize (corn),organic,0.0413606804539777,3061.5447145213934,13.813432705551978
512,Maize for forage and silage,conventional,45.19820586128756,9146.570048780944,0.0
512,Maize for forage and silage,organic,0.7900097809325127,6566.875787521494,0.0
512,Mixed grain,conventional,65.04673504181481,2180.045377575299,3.1305650991869367
512,Mixed grain,organic,31.211694852759024,1705.818889265014,2.632621530097745
512,Oats,conventional,268.22905647065204,3595.1925871858025,1.59584395070182
512,Oats,organic,87.4574953306779,2407.886715879119,0.8062508500163067
512,"Onions and shallots, dry (excluding dehydrated)",conventional,0.2796208768460777,26839.418220524876,0.0
512,"Onions and shallots, dry (excluding dehydrated)",organic,0.0158444689443522,20834.91224536113,0.0
512,Other berries,conventional,0.0,,
512,Other berries,organic,0.0,,
512,Other crops for fodder,conventional,183.79407259181286,1505.7808544007148,0.0
512,Other crops for fodder,organic,105.72168930884273,1361.1676042607182,0.0
512,Other fruit,conventional,0.0,,
512,Other fruit,organic,0.0,,
512,"Other root, bulb and tuberous vegetables, n.e.c.",conventional,0.8264457202535003,32500.029715188306,0.0
512,"Other root, bulb and tuberous vegetables, n.e.c.",organic,0.0468298136263895,32500.029715188302,0.0
512,Other vegetables,conventional,0.3046304887546704,7205.603556423706,0.0
512,Other vegetables,organic,0.01726161641798,5593.568256190545,0.0
512,"Peas, dry",conventional,15.04823820155975,2380.6010316650386,0.3975205411943797
512,"Peas, dry",organic,2.856910517183024,1934.8562597767784,1.474671017361203
512,"Peas, green",conventional,0.0,,
512,"Peas, green",organic,0.0,,
512,Potatoes,conventional,1.63470773725938,23424.635106687445,0.0
512,Potatoes,organic,0.0472922627406201,16651.34427280331,0.0
512,"Pumpkins, squash and gourds",conventional,0.0299988167819224,8179.769610080891,0.0
512,"Pumpkins, squash and gourds",organic,0.0016998563420217,3943.8174894061767,0.0
512,Rye,conventional,6.304178202015578,4569.941255921024,0.44634698730927735
512,Rye,organic,0.8481158086554526,2787.5691708754507,0.8295907762702174
512,Semi-natural meadows,conventional,4988.817647688388,0.0,0.0
512,Semi-natural meadows,organic,2774.1663523116117,0.0,0.0
512,Semi-natural pastures,conventional,11.703791608961314,0.0,0.0
512,Semi-natural pastures,organic,6.508208391038687,0.0,0.0
512,Short rotation coppice and other energy crops,conventional,95.63851618238624,0.0,0.0
512,Short rotation coppice and other energy crops,organic,6.177483817613766,0.0,0.0
512,Spring rapeseed,conventional,0.0,,
512,Spring rapeseed,organic,0.0,,
512,Strawberries,conventional,0.0,,
512,Strawberries,organic,0.0,,
512,Sugar beet,conventional,0.0,,
512,Sugar beet,organic,0.0,,
512,Tomatoes,conventional,0.0,,
512,Tomatoes,organic,0.0,,
512,"Triticale, spring",conventional,12.190353188695001,2753.937517541313,4.771801208155316
512,"Triticale, spring",organic,1.0830760113050018,1958.3946547931505,1.2184721225198791
512,"Triticale, winter",conventional,529.1719255524226,5228.160551484599,0.7619634451764015
512,"Triticale, winter",organic,70.84931131633802,3935.322210904665,0.7256556703840296
512,"Wheat, spring",conventional,86.40977223819539,3506.1437694349165,0.6187129919197126
512,"Wheat, spring",organic,23.956617485879452,2270.1031170927763,0.7589604872257221
512,"Wheat, winter",conventional,1019.4743637416412,5823.711179254085,0.0
512,"Wheat, winter",organic,115.93309777332189,3755.4470798531634,0.6078269758988922
512,Winter rapeseed,conventional,127.78543898682359,2107.845655297178,0.08100710750473607
512,Winter rapeseed,organic,19.558927727243322,1414.5400150168666,4.185109137142767
513,Apples,conventional,0.0,,
513,Apples,organic,0.0,,
513,"Barley, spring",conventional,4699.694071806453,6719.085473633096,0.25652645273796576
513,"Barley, spring",organic,555.1326297935459,4636.671491290222,0.751049259995582
513,"Barley, winter",conventional,1064.0271915343612,7546.857731343342,0.2601096583928166
513,"Barley, winter",organic,5.2958036656387835,4689.423352811453,0.7468423942888505
513,"Beans, dry ",conventional,0.0,,
513,"Beans, dry ",organic,0.0,,
513,"Broad beans and horse beans, dry",conventional,558.87888534938,4599.050796937714,2.990832552757507
513,"Broad beans and horse beans, dry",organic,437.53581065062,3488.529580087552,0.5844291379670216
513,"Cabbages, cauliflowers and broccoli",conventional,32.38586951164571,30193.261083728048,0.0
513,"Cabbages, cauliflowers and broccoli",organic,1.8289270440599563,24646.05331555589,0.0
513,Carrots and turnips,conventional,72.5161860804241,64492.53590325019,0.0
513,Carrots and turnips,organic,4.095206207351643,64492.53590325018,0.0
513,Cereals for fodder,conventional,238.77840007456797,3088.3625630999345,0.0
513,Cereals for fodder,organic,194.31755832543206,2886.9620246899954,0.0
513,Cucumbers and gherkins,conventional,2.4641422454513044,36939.2058165929,0.0
513,Cucumbers and gherkins,organic,0.1391574924828228,17809.97422772312,0.0
513,Fallow,conventional,1413.8444894786112,0.0,0.0
513,Fallow,organic,161.87351052138862,0.0,0.0
513,Green manure,conventional,10.683830154607588,0.0,0.0
513,Green manure,organic,2.8921698453924107,0.0,0.0
513,Herbs,conventional,14.432833151929067,2791.3911919670445,0.0
513,Herbs,organic,0.8150653131136764,2529.2935327456457,0.0
513,Lettuce and spinach,conventional,0.7040406415575156,5025.222034402737,0.0
513,Lettuce and spinach,organic,0.0397592835665208,4553.378841633824,0.0
513,Ley for fodder,conventional,2026.472045289197,5423.639172450376,0.0
513,Ley for fodder,organic,953.6051781769823,4780.420655483148,0.0
513,Ley for grazing,conventional,502.6650328416029,4338.9113379603,0.0
513,Ley for grazing,organic,292.9361714061604,3824.3365243865196,0.0
513,Ley for seed,conventional,467.9754542148691,0.0,5.986401924768002
513,Ley for seed,organic,228.03011807118833,0.0,5.074189666421316
513,Maize (corn),conventional,8.948099828837485,7508.227028686668,6.695632390503925
513,Maize (corn),organic,0.0975577711625167,5516.747221402916,13.668341708542686
513,Maize for forage and silage,conventional,106.87293994679032,9141.688280355942,0.0
513,Maize for forage and silage,organic,1.8634024532096831,6563.37087073854,0.0
513,Mixed grain,conventional,19.391353648473192,3929.969204199167,3.1025833143012798
513,Mixed grain,organic,9.365043151526804,3074.982344482276,2.601377199693954
513,Oats,conventional,557.3669054300683,7000.97414732615,1.5704918870872009
513,Oats,organic,182.4164145699318,4689.685685535513,0.7969995311767463
513,"Onions and shallots, dry (excluding dehydrated)",conventional,16.896975397380377,26721.656107854324,0.0
513,"Onions and shallots, dry (excluding dehydrated)",organic,0.9542228055964992,20743.49583450008,0.0
513,Other berries,conventional,5.248687981938073,1357.142857142857,0.0
513,Other berries,organic,0.2964091296837691,1357.142857142857,0.0
513,Other crops for fodder,conventional,43.07809439207077,1467.8971220077833,0.0
513,Other crops for fodder,organic,80.60167560792922,1409.7456344830812,0.0
513,Other fruit,conventional,0.0,,
513,Other fruit,organic,0.0,,
513,"Other root, bulb and tuberous vegetables, n.e.c.",conventional,51.04294651291988,32495.67307692308,0.0
513,"Other root, bulb and tuberous vegetables, n.e.c.",organic,2.882548058572758,32495.67307692308,0.0
513,Other vegetables,conventional,18.657077001274164,7212.502678564258,0.0
513,Other vegetables,organic,1.053621014512801,5598.923908954228,0.0
513,"Peas, dry",conventional,1618.2216152430508,4170.68120758294,0.3897832100859749
513,"Peas, dry",organic,308.5759847569496,3389.871071100514,1.4702154626108996
513,"Peas, green",conventional,0.0,,
513,"Peas, green",organic,0.0,,
513,Potatoes,conventional,1257.133209956914,42190.60478303235,0.0
513,Potatoes,organic,36.32479004308608,29991.08767843688,0.0
513,"Pumpkins, squash and gourds",conventional,1.7601016038937891,8142.052326163166,0.0
513,"Pumpkins, squash and gourds",organic,0.099398208916302,3925.632370379805,0.0
513,Rye,conventional,992.4251644120002,7678.638509016384,0.4475556724353344
513,Rye,organic,133.77217078799993,4683.223117491008,0.8183699760194103
513,Semi-natural meadows,conventional,1470.9192617256822,0.0,0.0
513,Semi-natural meadows,organic,821.8067382743175,0.0,0.0
513,Semi-natural pastures,conventional,24.04435248300718,0.0,0.0
513,Semi-natural pastures,organic,13.433647516992815,0.0,0.0
513,Short rotation coppice and other energy crops,conventional,28.98964760556135,0.0,0.0
513,Short rotation coppice and other energy crops,organic,1.8763523944386504,0.0,0.0
513,Spring rapeseed,conventional,10.516031925791447,2049.013930371249,0.41950947300373853
513,Spring rapeseed,organic,0.6089340742085538,1435.138772207045,4.185256001699584
513,Strawberries,conventional,30.78839900798892,6966.966501240695,0.0
513,Strawberries,organic,1.7387131004394096,6966.966501240695,0.0
513,Sugar beet,conventional,0.0,,
513,Sugar beet,organic,0.0,,
513,Tomatoes,conventional,0.0,,
513,Tomatoes,organic,0.0,,
513,"Triticale, spring",conventional,15.662936302366466,4971.15175966127,4.773436286981714
513,"Triticale, spring",organic,1.393985297633538,3534.5931587582854,1.2056737588652413
513,"Triticale, winter",conventional,344.17757352535574,7159.000087405411,0.7611636408095868
513,"Triticale, winter",organic,46.15575647464431,5388.32780051017,0.7180570221752901
513,"Wheat, spring",conventional,633.2520751113174,6581.422096744621,0.6145550160896712
513,"Wheat, spring",organic,175.62970608868258,4261.074821135375,0.751049259995582
513,"Wheat, winter",conventional,17987.146741210156,8386.27569243955,0.0
513,"Wheat, winter",organic,2052.0645187898463,5406.8010051418905,0.5870976224034508
513,Winter rapeseed,conventional,4569.440270444056,3703.625096894767,0.07866448674019533
513,Winter rapeseed,organic,702.1326975559432,2485.5030277362857,4.185256001699596
514,Apples,conventional,0.0,,
514,Apples,organic,0.0,,
514,"Barley, spring",conventional,3232.726430117156,5299.57497773746,0.25652645273796576
514,"Barley, spring",organic,381.8529242828434,3657.1030851827663,0.7510492599955823
514,"Barley, winter",conventional,526.6268797631806,6591.571999610676,0.2601096583928166
514,"Barley, winter",organic,2.6210914368194533,4095.833360994111,0.746842394288849
514,"Beans, dry ",conventional,0.0,,
514,"Beans, dry ",organic,0.0,,
514,"Broad beans and horse beans, dry",conventional,815.7787474518829,3627.4303430784967,2.990832552757507
514,"Broad beans and horse beans, dry",organic,638.6579005481173,2751.5238709610303,0.5844291379670217
514,"Cabbages, cauliflowers and broccoli",conventional,4.963340621673609,30193.261083728048,0.0
514,"Cabbages, cauliflowers and broccoli",organic,0.2802947096602112,24646.0533155559,0.0
514,Carrots and turnips,conventional,11.113567044182211,64492.535903250195,0.0
514,Carrots and turnips,organic,0.6276164151087338,64492.5359032502,0.0
514,Cereals for fodder,conventional,407.7127917829431,3112.033856877038,0.0
514,Cereals for fodder,organic,318.025379717057,2851.8070697801586,0.0
514,Cucumbers and gherkins,conventional,0.3776454820838616,36939.2058165929,0.0
514,Cucumbers and gherkins,organic,0.0213267713871899,17809.974227723116,0.0
514,Fallow,conventional,1563.667044958196,0.0,0.0
514,Fallow,organic,179.02695504180372,0.0,0.0
514,Green manure,conventional,0.0,,
514,Green manure,organic,0.0,,
514,Herbs,conventional,2.211923537919761,2791.3911919670445,0.0
514,Herbs,organic,0.1249139466963984,2529.2935327456457,0.0
514,Lettuce and spinach,conventional,0.1078987091668176,5025.222034402737,0.0
514,Lettuce and spinach,organic,0.0060933632534828,4553.378841633824,0.0
514,Ley for fodder,conventional,6302.81404055161,5423.639172450376,0.0
514,Ley for fodder,organic,2965.9407935720437,4780.420655483149,0.0
514,Ley for grazing,conventional,1563.4087990768494,4338.9113379603,0.0
514,Ley for grazing,organic,911.101743750278,3824.336524386519,0.0
514,Ley for seed,conventional,518.3898251726533,0.0,16.808399210347904
514,Ley for seed,organic,248.16479787656604,0.0,14.50148936364267
514,Maize (corn),conventional,33.73706070020182,5921.998201175549,6.6956323905039365
514,Maize (corn),organic,0.36782249979813114,4351.249235893566,13.668341708542714
514,Maize for forage and silage,conventional,402.9435222184287,9141.68828035594,0.0
514,Maize for forage and silage,organic,7.02559458157135,6563.370870738541,0.0
514,Mixed grain,conventional,95.98299423983283,3099.702562139188,3.1025833143012815
514,Mixed grain,organic,46.354932160167095,2425.344870779153,2.6013771996939545
514,Oats,conventional,1373.4811279724775,4803.160840309423,1.570491887087201
514,Oats,organic,449.5162888275226,3217.454337654826,0.7969995311767463
514,"Onions and shallots, dry (excluding dehydrated)",conventional,2.5895690200036223,26721.656107854327,0.0
514,"Onions and shallots, dry (excluding dehydrated)",organic,0.1462407180835884,20743.49583450008,0.0
514,Other berries,conventional,0.0,,
514,Other berries,organic,0.0,,
514,Other crops for fodder,conventional,106.74489769562784,1479.9869235316744,0.0
514,Other crops for fodder,organic,104.35456830437212,1378.8680838298844,0.0
514,Other fruit,conventional,0.0,,
514,Other fruit,organic,0.0,,
514,"Other root, bulb and tuberous vegetables, n.e.c.",conventional,7.822656414594276,32495.67307692308,0.0
514,"Other root, bulb and tuberous vegetables, n.e.c.",organic,0.4417688358775068,32495.67307692308,0.0
514,Other vegetables,conventional,2.8593157929206665,7212.502678564258,0.0
514,Other vegetables,organic,0.1614741262172956,5598.923908954228,0.0
514,"Peas, dry",conventional,824.0238369043619,3770.610892939048,0.38978321008597483
514,"Peas, dry",organic,157.13173309563814,3064.6995419144314,1.4702154626109
514,"Peas, green",conventional,0.0,,
514,"Peas, green",organic,0.0,,
514,Potatoes,conventional,346.6359739531962,33277.1884330368,0.0
514,Potatoes,organic,10.016026046803788,23655.00758093996,0.0
514,"Pumpkins, squash and gourds",conventional,0.2697467729170439,8142.052326163164,0.0
514,"Pumpkins, squash and gourds",organic,0.0152334081337071,3925.632370379804,0.0
514,Rye,conventional,581.8941740463488,7072.818374180429,0.4475556724353344
514,Rye,organic,78.43538195365122,4313.731721695545,0.8183699760194101
514,Semi-natural meadows,conventional,4293.77423185247,0.0,0.0
514,Semi-natural meadows,organic,2398.94376814753,0.0,0.0
514,Semi-natural pastures,conventional,58.65390045910798,0.0,0.0
514,Semi-natural pastures,organic,32.770099540892026,0.0,0.0
514,Short rotation coppice and other energy crops,conventional,145.513642286815,0.0,0.0
514,Short rotation coppice and other energy crops,organic,9.418357713185026,0.0,0.0
514,Spring rapeseed,conventional,106.51861662940898,1619.5798731078137,0.4195094730037388
514,Spring rapeseed,organic,6.1679933705910095,1134.3611852175443,4.185256001699595
514,Strawberries,conventional,0.0,,
514,Strawberries,organic,0.0,,
514,Sugar beet,conventional,0.0,,
514,Sugar beet,organic,0.0,,
514,Tomatoes,conventional,0.0,,
514,Tomatoes,organic,0.0,,
514,"Triticale, spring",conventional,20.627306441714214,3920.919235127894,4.773436286981715
514,"Triticale, spring",organic,1.8358091582857814,2787.855807779876,1.2056737588652453
514,"Triticale, winter",conventional,636.8555469359893,6596.410838837377,0.761163640809587
514,"Triticale, winter",organic,85.40518556401067,4964.886642343355,0.7180570221752903
514,"Wheat, spring",conventional,775.3932339398384,4613.207440887561,0.6145550160896714
514,"Wheat, spring",organic,215.0519376601615,2986.7742536622027,0.751049259995582
514,"Wheat, winter",conventional,15609.990097571774,7129.737421010696,0.0
514,"Wheat, winter",organic,1780.8664864282284,4596.685449903751,0.5870976224034506
514,Winter rapeseed,conventional,2593.654941567168,3080.575541587364,0.07866448674019529
514,Winter rapeseed,organic,398.5367644328318,2067.3744332830606,4.185256001699596
515,Apples,conventional,5.760329190646056,19079.5609526657,0.0
515,Apples,organic,0.3253030410584526,16485.720341319404,0.0
515,"Barley, spring",conventional,1916.6098661472545,4793.56977540213,0.2565264527379657
515,"Barley, spring",organic,226.39190105274548,3307.92165188807,0.751049259995582
515,"Barley, winter",conventional,261.1148004002649,5639.026886912296,0.2601096583928166
515,"Barley, winter",organic,1.2996027997350352,3503.946319379097,0.7468423942888449
515,"Beans, dry ",conventional,0.0,,
515,"Beans, dry ",organic,0.0,,
515,"Broad beans and horse beans, dry",conventional,659.5167523677949,3281.082073185656,2.9908325527575075
515,"Broad beans and horse beans, dry",organic,516.3233116322051,2488.8074457939424,0.5844291379670216
515,"Cabbages, cauliflowers and broccoli",conventional,5.302445974917795,30193.261083728048,0.0
515,"Cabbages, cauliflowers and broccoli",organic,0.2994450045476397,24646.05331555589,0.0
515,Carrots and turnips,conventional,11.872868161228975,64492.53590325019,0.0
515,Carrots and turnips,organic,0.6704964232262368,64492.535903250195,0.0
515,Cereals for fodder,conventional,374.73966582250017,3117.003092012198,0.0
515,Cereals for fodder,organic,279.2990847774999,2838.331811441409,0.0
515,Cucumbers and gherkins,conventional,0.403446976352441,36939.2058165929,0.0
515,Cucumbers and gherkins,organic,0.0227838590416682,17809.974227723116,0.0
515,Fallow,conventional,2478.1789850315035,0.0,0.0
515,Fallow,organic,283.7310149684959,0.0,0.0
515,Green manure,conventional,12.297107395101516,0.0,0.0
515,Green manure,organic,3.3288926048984835,0.0,0.0
515,Herbs,conventional,2.363046575778583,2791.391191967044,0.0
515,Herbs,organic,0.1334483172440568,2529.2935327456457,0.0
515,Lettuce and spinach,conventional,0.115270564672126,5025.222034402736,0.0
515,Lettuce and spinach,organic,0.0065096740119052,4553.378841633824,0.0
515,Ley for fodder,conventional,8054.644028724503,5423.639172450376,0.0
515,Ley for fodder,organic,3790.306543837793,4780.420655483147,0.0
515,Ley for grazing,conventional,1997.949053695643,4338.9113379603,0.0
515,Ley for grazing,organic,1164.3370996895856,3824.3365243865182,0.0
515,Ley for seed,conventional,378.5754759919814,0.0,29.413195114505577
515,Ley for seed,organic,177.46379806049572,0.0,25.915218284469972
515,Maize (corn),conventional,5.497008976035076,5356.56382000285,6.695632390503943
515,Maize (corn),organic,0.0599318239649102,3935.790494528655,13.668341708542684
515,Maize for forage and silage,conventional,65.65433124577577,9141.68828035594,0.0
515,Maize for forage and silage,organic,1.1447279542242434,6563.370870738539,0.0
515,Mixed grain,conventional,70.97783782563742,2509.986159098208,3.10258331430128
515,Mixed grain,organic,34.27870617436257,1963.9245813618647,2.6013771996939536
515,Oats,conventional,1877.1836661766054,4466.31005707319,1.570491887087201
515,Oats,organic,614.369297023395,2991.8108396128114,0.7969995311767463
515,"Onions and shallots, dry (excluding dehydrated)",conventional,2.766493552131024,26721.656107854327,0.0
515,"Onions and shallots, dry (excluding dehydrated)",organic,0.1562321762857251,20743.49583450008,0.0
515,Other berries,conventional,2.77269039794126,1357.142857142857,0.0
515,Other berries,organic,0.1565821307276194,1357.142857142857,0.0
515,Other crops for fodder,conventional,135.1356732376201,1482.215012812086,0.0
515,Other crops for fodder,organic,107.44878276237993,1364.3304714295684,0.0
515,Other fruit,conventional,0.0,,
515,Other fruit,organic,0.0,,
515,"Other root, bulb and tuberous vegetables, n.e.c.",conventional,8.357115938729136,32495.673076923085,0.0
515,"Other root, bulb and tuberous vegetables, n.e.c.",organic,0.4719513658631279,32495.67307692308,0.0
515,Other vegetables,conventional,3.054669963811339,7212.502678564258,0.0
515,Other vegetables,organic,0.1725063613154881,5598.923908954228,0.0
515,"Peas, dry",conventional,382.7281974413973,2801.528654099574,0.389783210085975
515,"Peas, dry",organic,72.98180255860267,2277.043117590629,1.4702154626108999
515,"Peas, green",conventional,0.0,,
515,"Peas, green",organic,0.0,,
515,Potatoes,conventional,51.36190089928168,30099.871282709657,0.0
515,Potatoes,organic,1.4840991007183275,21396.41949651446,0.0
515,"Pumpkins, squash and gourds",conventional,0.288176411680315,8142.052326163165,0.0
515,"Pumpkins, squash and gourds",organic,0.016274185029763,3925.632370379804,0.0
515,Rye,conventional,67.28148698595024,5883.529045899307,0.4475556724353344
515,Rye,organic,9.069087414049756,3588.38083181429,0.8183699760194098
515,Semi-natural meadows,conventional,4409.92466012862,0.0,0.0
515,Semi-natural meadows,organic,2463.83733987138,0.0,0.0
515,Semi-natural pastures,conventional,15.067657356740131,0.0,0.0
515,Semi-natural pastures,organic,8.418342643259868,0.0,0.0
515,Short rotation coppice and other energy crops,conventional,60.41560525741396,0.0,0.0
515,Short rotation coppice and other energy crops,organic,3.910394742586037,0.0,0.0
515,Spring rapeseed,conventional,377.8783287497783,1468.2554910245078,0.4195094730037388
515,Spring rapeseed,organic,21.881161250221677,1028.37289265934,4.185256001699597
515,Strawberries,conventional,54.23242951284465,6966.966501240695,0.0
515,Strawberries,organic,3.062667715790369,6966.966501240696,0.0
515,Sugar beet,conventional,0.0,,
515,Sugar beet,organic,0.0,,
515,Tomatoes,conventional,0.0,,
515,Tomatoes,organic,0.0,,
515,"Triticale, spring",conventional,42.17158858467457,3546.548547054638,4.773436286981716
515,"Triticale, spring",organic,3.753228215325426,2521.6703970585727,1.2056737588652473
515,"Triticale, winter",conventional,767.2727566108322,5869.819558398956,0.761163640809587
515,"Triticale, winter",organic,102.89471838916788,4418.006917773671,0.7180570221752904
515,"Wheat, spring",conventional,802.7297548722535,4457.363201802534,0.6145550160896713
515,"Wheat, spring",organic,222.63360272774648,2885.874485584316,0.751049259995582
515,"Wheat, winter",conventional,12018.37629815642,6748.306862189861,0.0
515,"Wheat, winter",organic,1371.117049843581,4350.769479041553,0.5870976224034506
515,Winter rapeseed,conventional,1617.4146999493953,2710.738368791064,0.07866448674019526
515,Winter rapeseed,organic,248.5292900506049,1819.1766841303877,4.185256001699597
521,Apples,conventional,0.0,,
521,Apples,organic,0.0,,
521,"Barley, spring",conventional,1003.4728642631096,4165.722330981047,0.34322907336843006
521,"Barley, spring",organic,112.77546545573027,2876.6770778091486,0.9068546339687473
521,"Barley, winter",conventional,15.200933128336274,4911.257950381904,0.2581125578629316
521,"Barley, winter",organic,0.1051624977151675,3056.4606846532893,0.8984977572295912
521,"Beans, dry ",conventional,0.0,,
521,"Beans, dry ",organic,0.0,,
521,"Broad beans and horse beans, dry",conventional,73.60362612144735,2852.073687922948,3.4661098694662185
521,"Broad beans and horse beans, dry",organic,57.6154270826794,2160.8141086712703,0.9535350981447286
521,"Cabbages, cauliflowers and broccoli",conventional,0.1488039078827309,33540.742658588904,0.0
521,"Cabbages, cauliflowers and broccoli",organic,0.010029817851745,27378.524284427967,0.0
521,Carrots and turnips,conventional,0.3169709117334915,56683.66349461424,0.0
521,Carrots and turnips,organic,0.0213647649058644,56683.66349461423,0.0
521,Cereals for fodder,conventional,276.2029962519496,2957.161223575471,0.0
521,Cereals for fodder,organic,200.91767455573589,2684.5018441193633,0.0
521,Cucumbers and gherkins,conventional,0.0106744520745707,32801.39966572605,0.0
521,Cucumbers and gherkins,organic,0.0007194892358572,15814.960548432002,0.0
521,Fallow,conventional,1337.2429675823598,0.0,0.0
521,Fallow,organic,149.20903241764023,0.0,0.0
521,Green manure,conventional,1.0398326476325308,0.0,0.0
521,Green manure,organic,0.3541673523674691,0.0,0.0
521,Herbs,conventional,0.0636566052809354,3203.5488274492477,0.0
521,Herbs,organic,0.0042906410531326,2902.7516295171936,0.0
521,Lettuce and spinach,conventional,0.0047520652875519,5803.880774750348,0.0
521,Lettuce and spinach,organic,0.0003203030749119,5258.925424228449,0.0
521,Ley for fodder,conventional,7322.25902159138,5335.226873480018,0.0
521,Ley for fodder,organic,3358.570845378264,4701.906572607246,0.0
521,Ley for grazing,conventional,1905.74961111168,4268.181498784014,0.0
521,Ley for grazing,organic,1026.809147037313,3761.525258085797,0.0
521,Ley for seed,conventional,277.05120665524595,0.0,73.02336551926747
521,Ley for seed,organic,117.29416822611891,0.0,69.81528647877727
521,Maize (corn),conventional,0.0,,
521,Maize (corn),organic,0.0,,
521,Maize for forage and silage,conventional,0.0,,
521,Maize for forage and silage,organic,0.0,,
521,Mixed grain,conventional,86.51623621803483,2515.3014739438054,4.22321824687836
521,Mixed grain,organic,42.82647507229571,1952.3527157303718,2.9521091975079896
521,Oats,conventional,1026.3083416024244,4017.518709994,2.006060186829434
521,Oats,organic,325.4374648498704,2683.655362334448,0.9589719916211468
521,"Onions and shallots, dry (excluding dehydrated)",conventional,0.0754658719139558,22936.90524839704,0.0
521,"Onions and shallots, dry (excluding dehydrated)",organic,0.0050866201035298,17805.46821484605,0.0
521,Other berries,conventional,0.0,,
521,Other berries,organic,0.0,,
521,Other crops for fodder,conventional,93.5885188030257,1816.9604936354021,0.0
521,Other crops for fodder,organic,60.41460823145579,1652.0578612887732,0.0
521,Other fruit,conventional,0.0,,
521,Other fruit,organic,0.0,,
521,"Other root, bulb and tuberous vegetables, n.e.c.",conventional,0.2250855010706819,30886.000795139804,0.0
521,"Other root, bulb and tuberous vegetables, n.e.c.",organic,0.0151714199507907,30886.000795139804,0.0
521,Other vegetables,conventional,0.0933038115646965,8400.803903683078,0.0
521,Other vegetables,organic,0.0062889493171439,6521.378767810761,0.0
521,"Peas, dry",conventional,75.46544039890512,2682.484830434058,1.2465456321568555
521,"Peas, dry",organic,14.664244621742048,2164.809304521307,1.6193339967991185
521,"Peas, green",conventional,0.0,,
521,"Peas, green",organic,0.0,,
521,Potatoes,conventional,19.520869201605635,27109.735673288607,0.0
521,Potatoes,organic,1.323130798394366,19270.888950229702,0.0
521,"Pumpkins, squash and gourds",conventional,0.008759423183143,9174.81073785581,0.0
521,"Pumpkins, squash and gourds",organic,0.000590410697295,4423.569461584079,0.0
521,Rye,conventional,152.59644238671956,5168.565469213289,0.7859435723002781
521,Rye,organic,27.31209370735857,3145.4241794272143,0.9387172863198796
521,Semi-natural meadows,conventional,2917.8608070457058,0.0,0.0
521,Semi-natural meadows,organic,1655.2931929542938,0.0,0.0
521,Semi-natural pastures,conventional,10.679534122037223,0.0,0.0
521,Semi-natural pastures,organic,6.058465877962774,0.0,0.0
521,Short rotation coppice and other energy crops,conventional,33.19734430370305,0.0,0.0
521,Short rotation coppice and other energy crops,organic,2.0066556962969546,0.0,0.0
521,Spring rapeseed,conventional,80.58985873991523,1308.062980825805,0.6493054613409358
521,Spring rapeseed,organic,4.807806884366666,914.0125866491024,4.1803775925378615
521,Strawberries,conventional,10.127042068137053,7285.133862072174,0.0
521,Strawberries,organic,0.6825922031592113,7285.133862072174,0.0
521,Sugar beet,conventional,0.0,,
521,Sugar beet,organic,0.0,,
521,Tomatoes,conventional,0.0,,
521,Tomatoes,organic,0.0,,
521,"Triticale, spring",conventional,58.80022423329892,3083.9005357212995,4.75412916841861
521,"Triticale, spring",organic,5.281307766701081,2198.6110057485,1.4505003687190934
521,"Triticale, winter",conventional,756.9931676098616,6260.73410540638,0.6429662816071592
521,"Triticale, winter",organic,102.65322677444748,4724.741405213938,0.8629301808031689
521,"Wheat, spring",conventional,162.2551536167645,3970.594268083424,0.8812653054445168
521,"Wheat, spring",organic,44.20226371604043,2567.7102465934545,0.9013360811981761
521,"Wheat, winter",conventional,1703.8939254231566,6150.534481794353,0.0
521,"Wheat, winter",organic,177.10258087044912,3974.934946594442,0.8262270105832701
521,Winter rapeseed,conventional,345.99426737654966,2428.17488080024,0.3957884901947051
521,Winter rapeseed,organic,46.96420173991296,1624.2938520355628,4.180377592537861
611,Apples,conventional,0.0,,
611,Apples,organic,0.0,,
611,"Barley, spring",conventional,669.3121555631246,3712.548604842164,3.7054131956388794
611,"Barley, spring",organic,134.10503011939912,2501.6933195053725,1.8754788443729538
611,"Barley, winter",conventional,1.9891100955675722,4257.095905788648,0.17691607072783336
611,"Barley, winter",organic,0.14662985348571028,2665.7328668910354,1.427331188022746
611,"Beans, dry ",conventional,0.0,,
611,"Beans, dry ",organic,0.0,,
611,"Broad beans and horse beans, dry",conventional,0.0,,
611,"Broad beans and horse beans, dry",organic,0.0,,
611,"Cabbages, cauliflowers and broccoli",conventional,0.3878457162766917,3092.360398323581,0.0
611,"Cabbages, cauliflowers and broccoli",organic,0.052342687684145,2524.221515411949,0.0
611,Carrots and turnips,conventional,0.1107192920701123,44498.15805122281,0.0
611,Carrots and turnips,organic,0.0149423986967567,44498.15805122281,0.0
611,Cereals for fodder,conventional,492.1751764114122,3313.474793441315,0.0
611,Cereals for fodder,organic,166.4014028779109,3031.6346249897256,0.0
611,Cucumbers and gherkins,conventional,1.3165376613700112e-05,27335.57265139505,0.0
611,Cucumbers and gherkins,organic,1.7767662949858032e-06,13179.651095874677,0.0
611,Fallow,conventional,205.2862440331413,0.0,0.0
611,Fallow,organic,35.35575596685872,0.0,0.0
611,Green manure,conventional,0.0,,
611,Green manure,organic,0.0,,
611,Herbs,conventional,7.711149159452923e-05,2433.592819537148,0.0
611,Herbs,organic,1.0406774013488275e-05,2205.0906363482645,0.0
611,Lettuce and spinach,conventional,4.325766601644323e-05,8402.611186094317,0.0
611,Lettuce and spinach,organic,5.837946397810496e-06,7613.648059191657,0.0
611,Ley for fodder,conventional,6888.888195441168,5917.467527138255,0.0
611,Ley for fodder,organic,1624.6846993291929,5221.048765888405,0.0
611,Ley for grazing,conventional,2671.094130246281,4733.974021710604,0.0
611,Ley for grazing,organic,692.4298555804482,4176.839012710724,0.0
611,Ley for seed,conventional,68.25493078020355,0.0,84.40912415942053
611,Ley for seed,organic,19.4381886227059,0.0,86.71451061048585
611,Maize (corn),conventional,0.0,,
611,Maize (corn),organic,0.0,,
611,Maize for forage and silage,conventional,0.0,,
611,Maize for forage and silage,organic,0.0,,
611,Mixed grain,conventional,101.41566541561416,2973.119436941296,3.3646467231601402
611,Mixed grain,organic,10.948574628393999,2457.4920972447408,8.050290487843373
611,Oats,conventional,314.92681420530135,3555.324771422174,3.035379309256675
611,Oats,organic,44.773171606195625,2390.753131429127,2.6485098141791985
611,"Onions and shallots, dry (excluding dehydrated)",conventional,0.1106628690274821,12323.284804498724,0.0
611,"Onions and shallots, dry (excluding dehydrated)",organic,0.0149347839840639,9566.323508457264,0.0
611,Other berries,conventional,0.3144221976632034,1686.8050913216434,0.0
611,Other berries,organic,0.042433633278823,1686.805091321643,0.0
611,Other crops for fodder,conventional,366.7424015953467,4497.584255764228,0.0
611,Other crops for fodder,organic,154.23159840465323,4058.4875813366034,0.0
611,Other fruit,conventional,0.0,,
611,Other fruit,organic,0.0,,
611,"Other root, bulb and tuberous vegetables, n.e.c.",conventional,0.0001053230129096,18664.202029779244,0.0
611,"Other root, bulb and tuberous vegetables, n.e.c.",organic,1.4214130359886426e-05,18664.202029779244,0.0
611,Other vegetables,conventional,0.2214724379658026,7190.4931606919445,0.0
611,Other vegetables,organic,0.0298893662211291,5581.838353311233,0.0
611,"Peas, dry",conventional,0.0,,
611,"Peas, dry",organic,0.0,,
611,"Peas, green",conventional,0.0,,
611,"Peas, green",organic,0.0,,
611,Potatoes,conventional,7.0927749626343495,24002.93868773649,0.0
611,Potatoes,organic,0.8712250373656488,17062.42995155071,0.0
611,"Pumpkins, squash and gourds",conventional,0.1106797959402711,5345.229239109965,0.0
611,"Pumpkins, squash and gourds",organic,0.0149370683978717,2577.164096664415,0.0
611,Rye,conventional,3.5589078371884826,5121.396086095707,0.0
611,Rye,organic,6.872455519338574,3118.955658042395,0.737865692567671
611,Semi-natural meadows,conventional,6382.937776592998,0.0,0.0
611,Semi-natural meadows,organic,1723.4842234070022,0.0,0.0
611,Semi-natural pastures,conventional,32.28625163992441,0.0,0.0
611,Semi-natural pastures,organic,8.717748360075596,0.0,0.0
611,Short rotation coppice and other energy crops,conventional,0.0,,
611,Short rotation coppice and other energy crops,organic,0.0,,
611,Spring rapeseed,conventional,0.0,,
611,Spring rapeseed,organic,0.0,,
611,Strawberries,conventional,0.0,,
611,Strawberries,organic,0.0,,
611,Sugar beet,conventional,0.0,,
611,Sugar beet,organic,0.0,,
611,Tomatoes,conventional,0.0,,
611,Tomatoes,organic,0.0,,
611,"Triticale, spring",conventional,2.563285643182683,2665.0002105796448,4.9223472637568895
611,"Triticale, spring",organic,0.5184979568173168,1913.1817763962008,2.3042288061963063
611,"Triticale, winter",conventional,49.41491750773994,4038.983174435824,0.39572633008382824
611,"Triticale, winter",organic,18.530518828220128,3071.1222059667466,1.3622484766192107
611,"Wheat, spring",conventional,19.772801453469846,3794.822403632841,1.4916991065398952
611,"Wheat, spring",organic,11.772658668317538,2451.498732905326,1.4094785256052185
611,"Wheat, winter",conventional,94.28378526627046,5287.949710215625,0.4796458332326643
611,"Wheat, winter",organic,20.600440543049675,3424.064145532006,1.375172795391526
611,Winter rapeseed,conventional,0.0,,
611,Winter rapeseed,organic,0.0,,
612,Apples,conventional,60.27096337321904,23421.647617631468,0.0
612,Apples,organic,8.082808590616429,20237.506172973808,0.0
612,"Barley, spring",conventional,1394.6855009117448,4845.808938562639,3.6767714697742955
612,"Barley, spring",organic,278.7652156532495,3265.9947626239004,1.8660159906928653
612,"Barley, winter",conventional,81.87018326820159,5557.884670163923,0.1775057290294159
612,"Barley, winter",organic,5.993929485631651,3480.0929921395646,1.4229485771648502
612,"Beans, dry ",conventional,0.0,,
612,"Beans, dry ",organic,0.0,,
612,"Broad beans and horse beans, dry",conventional,80.76093832473777,2933.0669275282244,2.2688445039282445
612,"Broad beans and horse beans, dry",organic,0.251086323432567,2298.217881269307,3.0428940630997032
612,"Cabbages, cauliflowers and broccoli",conventional,1.9376383334712577,3204.861903214525,0.0
612,"Cabbages, cauliflowers and broccoli",organic,0.2598524876781425,2616.053864356753,0.0
612,Carrots and turnips,conventional,0.5751409736012368,44642.054077564055,0.0
612,Carrots and turnips,organic,0.0771309125001511,44642.054077564055,0.0
612,Cereals for fodder,conventional,1198.910505501823,3312.0699535182534,0.0
612,Cereals for fodder,organic,406.6120838856148,3028.458080547104,0.0
612,Cucumbers and gherkins,conventional,0.0008386097280309,27396.123184591408,0.0
612,Cucumbers and gherkins,organic,0.0001124641375305,13208.84510294284,0.0
612,Fallow,conventional,389.3469281556321,0.0,0.0
612,Fallow,organic,66.90307184436793,0.0,0.0
612,Green manure,conventional,0.0,,
612,Green manure,organic,0.0,,
612,Herbs,conventional,0.0049118569784672,2437.956605563694,0.0
612,Herbs,organic,0.0006587185198216,2209.044684712031,0.0
612,Lettuce and spinach,conventional,0.0002396027794374,8392.541823961197,0.0
612,Lettuce and spinach,organic,3.2132610723009575e-05,7604.524159755611,0.0
612,Ley for fodder,conventional,8560.331046700521,5912.999401582551,0.0
612,Ley for fodder,organic,2030.033138012923,5217.111227156451,0.0
612,Ley for grazing,conventional,3308.7646175494183,4730.39952126604,0.0
612,Ley for grazing,organic,862.9176715620429,4173.68898172516,0.0
612,Ley for seed,conventional,78.09990914240171,0.0,91.62406582017796
612,Ley for seed,organic,22.627617032692672,0.0,92.94489113270387
612,Maize (corn),conventional,2.418869156238774,5116.0831148905945,6.6470472116720565
612,Maize (corn),organic,0.015537243761223899,4390.307120867573,26.042104110725305
612,Maize for forage and silage,conventional,28.96682443650044,9690.481469124474,0.0
612,Maize for forage and silage,organic,0.2967691634995603,6957.3826898642355,0.0
612,Mixed grain,conventional,236.1954082807108,4108.541364447989,3.362084595039934
612,Mixed grain,organic,25.775981399182967,3394.2998464898405,8.001846845907899
612,Oats,conventional,825.8759668363158,4397.429894882698,3.0222942848633667
612,Oats,organic,118.25278857551064,2956.799920746749,2.6280993160377113
612,"Onions and shallots, dry (excluding dehydrated)",conventional,0.55621235402568,12410.954298944547,0.0
612,"Onions and shallots, dry (excluding dehydrated)",organic,0.0745924362530334,9634.379611922914,0.0
612,Other berries,conventional,5.889157427170732,1687.5332393538147,0.0
612,Other berries,organic,0.7897821700487246,1687.5332393538145,0.0
612,Other crops for fodder,conventional,536.3411861279412,4473.8246589921755,0.0
612,Other crops for fodder,organic,226.1828168599199,4040.112051298064,0.0
612,Other fruit,conventional,3.903206669853656,5468.873208069169,0.0
612,Other fruit,organic,0.5234506076613167,4725.387262004378,0.0
612,"Other root, bulb and tuberous vegetables, n.e.c.",conventional,0.0173712015092135,18746.530918083183,0.0
612,"Other root, bulb and tuberous vegetables, n.e.c.",organic,0.0023296142774181,18746.530918083183,0.0
612,Other vegetables,conventional,1.1072732482934553,7197.918071516605,0.0
612,Other vegetables,organic,0.1484940213755221,5587.602165484448,0.0
612,"Peas, dry",conventional,55.983952096024105,2154.041221526154,2.0618311628740225
612,"Peas, dry",organic,0.0632353666467641,1739.4798575542588,2.4951049941337518
612,"Peas, green",conventional,0.0,,
612,"Peas, green",organic,0.0,,
612,Potatoes,conventional,10.37222701972608,31323.46761219548,0.0
612,Potatoes,organic,1.2657729802739193,22266.209938944456,0.0
612,"Pumpkins, squash and gourds",conventional,0.5510608942677754,5346.668829425895,0.0
612,"Pumpkins, squash and gourds",organic,0.0739015851224887,2577.8581848522467,0.0
612,Rye,conventional,15.717039155857798,6679.147174612179,0.0
612,Rye,organic,29.87733289821429,4067.781259459454,0.7414637737401265
612,Semi-natural meadows,conventional,7961.68476660283,0.0,0.0
612,Semi-natural meadows,organic,2162.087233397169,0.0,0.0
612,Semi-natural pastures,conventional,39.87538087639962,0.0,0.0
612,Semi-natural pastures,organic,10.828619123600378,0.0,0.0
612,Short rotation coppice and other energy crops,conventional,0.0,,
612,Short rotation coppice and other energy crops,organic,0.0,,
612,Spring rapeseed,conventional,9.444994727033352,2095.2185331204687,0.0
612,Spring rapeseed,organic,8.778904706191678,1413.22697252523,2.453609120088986
612,Strawberries,conventional,12.732312092949291,8711.517558796553,0.0
612,Strawberries,organic,1.7075028472006897,8711.517558796553,0.0
612,Sugar beet,conventional,0.0,,
612,Sugar beet,organic,0.0,,
612,Tomatoes,conventional,0.0,,
612,Tomatoes,organic,0.0,,
612,"Triticale, spring",conventional,49.704112796648374,3479.367490122497,4.922002079480721
612,"Triticale, spring",organic,10.01366760335164,2497.637551647211,2.297153687071979
612,"Triticale, winter",conventional,162.70158526492742,5272.367614388106,0.39947844399883375
612,"Triticale, winter",organic,60.66901380245549,4008.632778367932,1.3581365092335995
612,"Wheat, spring",conventional,97.14048582297583,4950.431630354939,1.4837658907410818
612,"Wheat, spring",organic,57.52032360136314,3198.1601284554567,1.4053800895326776
612,"Wheat, winter",conventional,963.5389890263546,6909.556849205913,0.47648153447440633
612,"Wheat, winter",organic,209.8398862298655,4474.02424293731,1.3705750862055373
612,Winter rapeseed,conventional,220.2722673116392,3992.019372316513,0.0
612,Winter rapeseed,organic,94.95661815643355,2648.83595749947,3.9237847004657436
621,Apples,conventional,0.1572998350023315,13575.11809475103,0.0
621,Apples,organic,0.0408150749668618,11729.5990754537,0.0
621,"Barley, spring",conventional,1455.715107866014,4744.314684255892,3.3091586356895624
621,"Barley, spring",organic,182.73946280887424,3256.065918438989,3.2606343191926688
621,"Barley, winter",conventional,13.315107773359774,5598.3159915258,0.06805893311461701
621,"Barley, winter",organic,1.2784114266402256,3540.24772361986,2.285997330663545
621,"Beans, dry ",conventional,0.0,,
621,"Beans, dry ",organic,0.0,,
621,"Broad beans and horse beans, dry",conventional,0.0,,
621,"Broad beans and horse beans, dry",organic,0.0,,
621,"Cabbages, cauliflowers and broccoli",conventional,0.4760290587780613,9441.840380178532,0.0
621,"Cabbages, cauliflowers and broccoli",organic,0.1235167329968481,7707.153618204532,0.0
621,Carrots and turnips,conventional,0.1873037413818105,31817.33368022909,0.0
621,Carrots and turnips,organic,0.0486002814049931,31817.33368022909,0.0
621,Cereals for fodder,conventional,850.3248032565638,3246.0989308370963,0.0
621,Cereals for fodder,organic,287.6536816293684,2970.035578820426,0.0
621,Cucumbers and gherkins,conventional,5.799953688260046e-06,20503.760378612424,0.0
621,Cucumbers and gherkins,organic,1.5049319319829655e-06,9885.741608187594,0.0
621,Fallow,conventional,437.1479510373992,0.0,0.0
621,Fallow,organic,60.15604896260077,0.0,0.0
621,Green manure,conventional,0.4440779748303782,0.0,0.0
621,Green manure,organic,0.2499220251696218,0.0,0.0
621,Herbs,conventional,6.379949057086051e-05,1755.0553974332895,0.0
621,Herbs,organic,1.655425125181262e-05,1590.264481421623,0.0
621,Lettuce and spinach,conventional,6.379949057086051e-05,6058.041411966882,0.0
621,Lettuce and spinach,organic,1.655425125181262e-05,5489.2216499385,0.0
621,Ley for fodder,conventional,9641.185222648404,5529.408376938913,0.0
621,Ley for fodder,organic,1901.3937041929469,4921.929062719672,0.0
621,Ley for grazing,conventional,2883.937870318855,4423.52670155113,0.0
621,Ley for grazing,organic,601.1095150021918,3937.5432501757373,0.0
621,Ley for seed,conventional,97.53110362890868,0.0,90.64754755069482
621,Ley for seed,organic,11.150584208695697,0.0,83.70982294896429
621,Maize (corn),conventional,3.4127202006450617,5111.357247446822,6.228201466258621
621,Maize (corn),organic,0.0531319299979286,4366.358463882599,41.837197378274446
621,Maize for forage and silage,conventional,40.66930130693426,9884.800716896178,0.0
621,Maize for forage and silage,organic,1.0148465624227485,7096.896229522907,0.0
621,Mixed grain,conventional,109.71752592328153,3551.329781672319,6.352733589245113
621,Mixed grain,organic,9.161719038551794,3165.3701132214696,17.366583863876336
621,Oats,conventional,926.307148585417,4454.196136844227,3.84398983655517
621,Oats,organic,99.51077224564065,3020.524673003654,4.269982257125026
621,"Onions and shallots, dry (excluding dehydrated)",conventional,0.2468303892739962,8571.273798159267,0.0
621,"Onions and shallots, dry (excluding dehydrated)",organic,0.0640458449442653,6653.711192556515,0.0
621,Other berries,conventional,0.0,,
621,Other berries,organic,0.0,,
621,Other crops for fodder,conventional,502.92700640454746,4543.040217202359,0.0
621,Other crops for fodder,organic,161.34501889222255,4099.863828123448,0.0
621,Other fruit,conventional,0.0288128246085302,6555.38774113831,0.0
621,Other fruit,organic,0.0074761527651111,5664.191607837844,0.0
621,"Other root, bulb and tuberous vegetables, n.e.c.",conventional,0.0003160974760101,13340.276103382284,0.0
621,"Other root, bulb and tuberous vegetables, n.e.c.",organic,8.201879029307161e-05,13340.276103382284,0.0
621,Other vegetables,conventional,0.6724437206036387,7858.412335950698,0.0
621,Other vegetables,organic,0.1744810531239666,6100.330866418993,0.0
621,"Peas, dry",conventional,0.0,,
621,"Peas, dry",organic,0.0,,
621,"Peas, green",conventional,0.0,,
621,"Peas, green",organic,0.0,,
621,Potatoes,conventional,60.69556595500474,33738.06492543664,0.0
621,Potatoes,organic,5.1504340449952535,23982.62050243221,0.0
621,"Pumpkins, squash and gourds",conventional,0.4256713308665248,7346.09235387086,0.0
621,"Pumpkins, squash and gourds",organic,0.1104502574990211,3541.865955281152,0.0
621,Rye,conventional,10.666728010408992,6969.219797817786,0.0
621,Rye,organic,29.45741402095107,4241.179984909872,0.6650899756164883
621,Semi-natural meadows,conventional,6540.725956787129,0.0,0.0
621,Semi-natural meadows,organic,1547.8240432128712,0.0,0.0
621,Semi-natural pastures,conventional,42.60724736363302,0.0,0.0
621,Semi-natural pastures,organic,10.082752636366989,0.0,0.0
621,Short rotation coppice and other energy crops,conventional,12.162107066366485,0.0,0.0
621,Short rotation coppice and other energy crops,organic,1.2458929336335174,0.0,0.0
621,Spring rapeseed,conventional,4.226578626207409,2094.939989808241,0.0
621,Spring rapeseed,organic,3.8368930580467637,1413.6030469448888,2.4925249231343733
621,Strawberries,conventional,0.0,,
621,Strawberries,organic,0.0,,
621,Sugar beet,conventional,0.0,,
621,Sugar beet,organic,0.0,,
621,Tomatoes,conventional,0.0,,
621,Tomatoes,organic,0.0,,
621,"Triticale, spring",conventional,55.85803457093524,3425.974705888387,4.59103774987677
621,"Triticale, spring",organic,7.705649829064761,2503.572467065065,3.6904265417892894
621,"Triticale, winter",conventional,100.46171920376183,5246.1256470029,0.28433693677783284
621,"Triticale, winter",organic,24.433391863054787,4026.915134960344,2.1817616033219704
621,"Wheat, spring",conventional,173.28450168680172,5112.870049137326,1.1041896660443062
621,"Wheat, spring",organic,41.89358219299443,3344.7302390363097,2.2573511973375346
621,"Wheat, winter",conventional,173.15436337135964,6505.505333915849,0.19883389254759445
621,"Wheat, winter",organic,25.296874696955868,4258.086852247939,2.156708143148198
621,Winter rapeseed,conventional,20.26486785869898,3600.519691786447,0.3292360107203162
621,Winter rapeseed,organic,5.897635160276733,2408.8624170636144,4.130078105698417
622,Apples,conventional,0.7779204455017683,21477.94495343421,0.0
622,Apples,organic,0.1200254066406289,18558.04726780668,0.0
622,"Barley, spring",conventional,1558.6029961114345,3690.763090573618,3.6181757150681713
622,"Barley, spring",organic,288.7512718696027,2495.0571523246444,2.1032193889669633
622,"Barley, winter",conventional,10.658542790721754,4256.542249216627,0.16066892237900343
622,"Barley, winter",organic,0.8240222448588751,2669.937698467609,1.5793547125746903
622,"Beans, dry ",conventional,0.0,,
622,"Beans, dry ",organic,0.0,,
622,"Broad beans and horse beans, dry",conventional,0.0,,
622,"Broad beans and horse beans, dry",organic,0.0,,
622,"Cabbages, cauliflowers and broccoli",conventional,0.204668732082982,4571.866784978604,0.0
622,"Cabbages, cauliflowers and broccoli",organic,0.0315783547494202,3731.9079983356696,0.0
622,Carrots and turnips,conventional,0.06250466962121,42297.03489142232,0.0
622,Carrots and turnips,organic,0.0096438503854785,42297.03489142232,0.0
622,Cereals for fodder,conventional,1125.5450975191245,3302.8609016142623,0.0
622,Cereals for fodder,organic,373.3461950700368,3021.9250653591885,0.0
622,Cucumbers and gherkins,conventional,0.0003946377917493,26352.45139749669,0.0
622,Cucumbers and gherkins,organic,6.088869588704267e-05,12705.646205742696,0.0
622,Fallow,conventional,433.8757056730921,0.0,0.0
622,Fallow,organic,71.88229432690787,0.0,0.0
622,Green manure,conventional,0.0,,
622,Green manure,organic,0.0,,
622,Herbs,conventional,2.3304147183379148e-05,2316.0844203361758,0.0
622,Herbs,organic,3.595598699419699e-06,2098.6156875852166,0.0
622,Lettuce and spinach,conventional,2.5620773195555032e-05,8000.229351508236,0.0
622,Lettuce and spinach,organic,3.953031108804853e-06,7249.047864549745,0.0
622,Ley for fodder,conventional,13978.269580176242,5839.871764453004,0.0
622,Ley for fodder,organic,3192.7635324964817,5161.252821054115,0.0
622,Ley for grazing,conventional,5166.038558904233,4671.897411562403,0.0
622,Ley for grazing,organic,1291.7302046082718,4129.002256843292,0.0
622,Ley for seed,conventional,131.48611950198546,0.0,89.92709475826562
622,Ley for seed,organic,35.24200431278127,0.0,91.18799331342295
622,Maize (corn),conventional,1.2712815589197883,3912.471146536874,6.605875868164465
622,Maize (corn),organic,0.010184957123317899,3494.1603208985375,28.90457217686917
622,Maize for forage and silage,conventional,15.239995684832614,9728.520544936904,0.0
622,Maize for forage and silage,organic,0.1945377991242797,6984.693242847497,0.0
622,Mixed grain,conventional,185.930317080311,2952.525671973188,3.848070880446182
622,Mixed grain,organic,19.254443671812467,2462.583116489988,9.331823056524623
622,Oats,conventional,856.4518704189163,3760.5720435291287,3.2073245060183377
622,Oats,organic,115.90579609261718,2531.6640176038127,2.9322206944116935
622,"Onions and shallots, dry (excluding dehydrated)",conventional,0.0682956703174069,11763.05698302473,0.0
622,"Onions and shallots, dry (excluding dehydrated)",organic,0.0105373443377668,9131.429674249845,0.0
622,Other berries,conventional,0.0,,
622,Other berries,organic,0.0,,
622,Other crops for fodder,conventional,791.0729060096323,4514.273119624823,0.0
622,Other crops for fodder,organic,317.3124739341118,4073.6020217597456,0.0
622,Other fruit,conventional,0.0741352161711919,5789.253341209275,0.0
622,Other fruit,organic,0.0114383283262324,5002.212147596125,0.0
622,"Other root, bulb and tuberous vegetables, n.e.c.",conventional,0.0001357240110928,17777.956448346915,0.0
622,"Other root, bulb and tuberous vegetables, n.e.c.",organic,2.094086833236928e-05,17777.956448346915,0.0
622,Other vegetables,conventional,0.1478905926562994,7442.260145626022,0.0
622,Other vegetables,organic,0.0228180511574632,5777.280109696598,0.0
622,"Peas, dry",conventional,0.0,,
622,"Peas, dry",organic,0.0,,
622,"Peas, green",conventional,0.0,,
622,"Peas, green",organic,0.0,,
622,Potatoes,conventional,12.44543951039597,24131.399452299487,0.0
622,Potatoes,organic,1.4405604896040292,17153.745970201315,0.0
622,"Pumpkins, squash and gourds",conventional,0.080763955166891,5866.900935884942,0.0
622,"Pumpkins, squash and gourds",organic,0.0124610769865536,2828.6843789635395,0.0
622,Rye,conventional,5.114050748500949,5148.075449716555,0.0
622,Rye,organic,10.396410456630246,3134.7987983566964,0.7250502499343644
622,Semi-natural meadows,conventional,12516.464299716326,0.0,0.0
622,Semi-natural meadows,organic,3298.3817002836754,0.0,0.0
622,Semi-natural pastures,conventional,57.358651083775385,0.0,0.0
622,Semi-natural pastures,organic,15.115348916224606,0.0,0.0
622,Short rotation coppice and other energy crops,conventional,39.06558248683855,0.0,0.0
622,Short rotation coppice and other energy crops,organic,6.616417513161448,0.0,0.0
622,Spring rapeseed,conventional,3.682953315652228,1605.3427487957688,0.0
622,Spring rapeseed,organic,3.4332802623088616,1082.8144479795628,2.4544357861993378
622,Strawberries,conventional,1.1946415681967255,8153.549268885663,0.0
622,Strawberries,organic,0.18432134139388,8153.549268885663,0.0
622,Sugar beet,conventional,0.0,,
622,Sugar beet,organic,0.0,,
622,Tomatoes,conventional,0.0,,
622,Tomatoes,organic,0.0,,
622,"Triticale, spring",conventional,23.939526248830028,2652.894550557977,4.849413910542148
622,"Triticale, spring",organic,4.553899351169977,1910.752132215947,2.5496497620554193
622,"Triticale, winter",conventional,131.48730321969722,4028.217111427544,0.36450170946975674
622,"Triticale, winter",organic,45.91579348949256,3068.4097138122465,1.507340755760827
622,"Wheat, spring",conventional,112.96115690701698,3804.855300305116,1.3762387211105236
622,"Wheat, spring",organic,58.04222127922877,2464.615310573536,1.5596572400531596
622,"Wheat, winter",conventional,243.8503224300373,5226.044721883037,0.42232278377374416
622,"Wheat, winter",organic,50.18276299996023,3390.766558598345,1.515895481372648
622,Winter rapeseed,conventional,2.777450342310147,3001.93930726006,0.0
622,Winter rapeseed,organic,1.1249361359845103,1995.7084676270638,4.1078364768573215
711,Apples,conventional,0.0,,
711,Apples,organic,0.0,,
711,"Barley, spring",conventional,1519.4919032099506,4535.802722433341,3.0934677683836598
711,"Barley, spring",organic,105.58755279004939,3176.741392626311,4.991394148020654
711,"Barley, winter",conventional,16.118084432967215,5502.875036386671,0.0
711,"Barley, winter",organic,1.964327967032784,3476.9492920365506,2.4161138463904943
711,"Beans, dry ",conventional,0.0,,
711,"Beans, dry ",organic,0.0,,
711,"Broad beans and horse beans, dry",conventional,4.056595733333333,3065.5293608680217,1.8922927428016145
711,"Broad beans and horse beans, dry",organic,1.9657466666666663,2411.706762835688,3.0606860158311338
711,"Cabbages, cauliflowers and broccoli",conventional,0.5374212915447188,10049.244123906434,0.0
711,"Cabbages, cauliflowers and broccoli",organic,0.2275767835462327,8202.963097361913,0.0
711,Carrots and turnips,conventional,0.2687106457723594,18500.0,0.0
711,Carrots and turnips,organic,0.1137883917731163,18500.0,0.0
711,Cereals for fodder,conventional,705.6306533081954,3164.2045258248595,0.0
711,Cereals for fodder,organic,213.32506729180446,2896.2416202945305,0.0
711,Cucumbers and gherkins,conventional,0.0,,
711,Cucumbers and gherkins,organic,0.0,,
711,Fallow,conventional,318.07066714089814,0.0,0.0
711,Fallow,organic,32.98133285910189,0.0,0.0
711,Green manure,conventional,0.2204734848484848,0.0,0.0
711,Green manure,organic,0.1295265151515151,0.0,0.0
711,Herbs,conventional,0.0,,
711,Herbs,organic,0.0,,
711,Lettuce and spinach,conventional,0.0,,
711,Lettuce and spinach,organic,0.0,,
711,Ley for fodder,conventional,9094.795878579222,5233.393703172942,0.0
711,Ley for fodder,organic,1440.7546298914222,4695.862587329853,0.0
711,Ley for grazing,conventional,2101.5204853257724,4186.714962538354,0.0
711,Ley for grazing,organic,329.92500270606,3756.690069863883,0.0
711,Ley for seed,conventional,104.342871881843,0.0,83.86965196493772
711,Ley for seed,organic,2.641131615679285,0.0,0.0
711,Maize (corn),conventional,3.110195146564891,4946.450411333385,5.464709209594315
711,Maize (corn),organic,0.0788480534351142,4259.891415651283,58.29145728643229
711,Maize for forage and silage,conventional,36.82891935725191,10082.152320607904,0.0
711,Maize for forage and silage,organic,1.5060374427480918,7238.586880896181,0.0
711,Mixed grain,conventional,42.6873221849841,3594.399545169763,10.47099944853967
711,Mixed grain,organic,2.390351815015901,2635.2051518970056,38.15789473684215
711,Oats,conventional,1225.2466279964196,4628.573783402917,4.548881175153037
711,Oats,organic,97.72784080358034,3173.04010060934,5.997931747673216
711,"Onions and shallots, dry (excluding dehydrated)",conventional,0.4030659686585391,4820.844753742345,0.0
711,"Onions and shallots, dry (excluding dehydrated)",organic,0.1706825876596745,3742.3269225679646,0.0
711,Other berries,conventional,0.0,,
711,Other berries,organic,0.0,,
711,Other crops for fodder,conventional,526.9337931436814,4588.024623087176,0.0
711,Other crops for fodder,organic,121.72432445631848,4142.400961292735,0.0
711,Other fruit,conventional,0.0,,
711,Other fruit,organic,0.0,,
711,"Other root, bulb and tuberous vegetables, n.e.c.",conventional,0.0,,
711,"Other root, bulb and tuberous vegetables, n.e.c.",organic,0.0,,
711,Other vegetables,conventional,1.2091979059756173,6293.880650719173,0.0
711,Other vegetables,organic,0.5120477629790235,4885.81570446373,0.0
711,"Peas, dry",conventional,0.0,,
711,"Peas, dry",organic,0.0,,
711,"Peas, green",conventional,0.0,,
711,"Peas, green",organic,0.0,,
711,Potatoes,conventional,25.839925468664205,32504.11020155117,0.0
711,Potatoes,organic,1.2400745313357906,23105.466820810805,0.0
711,"Pumpkins, squash and gourds",conventional,0.8061319373170783,6649.373435774324,0.0
711,"Pumpkins, squash and gourds",organic,0.341365175319349,3205.947905584138,0.0
711,Rye,conventional,1.3490087501097925,7089.886756625813,0.0
711,Rye,organic,5.887103249890207,4311.664234408597,0.5971561650571634
711,Semi-natural meadows,conventional,5746.794857978701,0.0,0.0
711,Semi-natural meadows,organic,1170.7971420213007,0.0,0.0
711,Semi-natural pastures,conventional,26.05068254336134,0.0,0.0
711,Semi-natural pastures,organic,5.30731745663866,0.0,0.0
711,Short rotation coppice and other energy crops,conventional,10.347021745932416,0.0,0.0
711,Short rotation coppice and other energy crops,organic,0.2869782540675845,0.0,0.0
711,Spring rapeseed,conventional,23.20445322383009,2030.8492216721813,0.0
711,Spring rapeseed,organic,20.34072677616991,1371.0074936212775,2.538823738613922
711,Strawberries,conventional,0.0,,
711,Strawberries,organic,0.0,,
711,Sugar beet,conventional,0.0,,
711,Sugar beet,organic,0.0,,
711,Tomatoes,conventional,0.0,,
711,Tomatoes,organic,0.0,,
711,"Triticale, spring",conventional,5.405467792816968,3283.13618715371,4.4304886336336295
711,"Triticale, spring",organic,0.4207394071830311,2440.0003427460306,5.141843971631192
711,"Triticale, winter",conventional,206.85268295331312,5081.394523486012,0.3399207347750123
711,"Triticale, winter",organic,27.147749046686933,3932.792478185269,3.039832285115304
711,"Wheat, spring",conventional,405.7946932286968,5187.472977321666,1.135335447939478
711,"Wheat, spring",organic,16.68234377130316,3423.568007936841,3.145336225596529
711,"Wheat, winter",conventional,452.24910348343565,5916.274592282348,0.03767499493476055
711,"Wheat, winter",organic,29.56937651656441,3909.992262252642,2.9405800040559726
711,Winter rapeseed,conventional,70.96140315973608,3161.0747433959514,0.6779587164895167
711,Winter rapeseed,organic,12.148956840263907,2107.9635175205026,4.1529605263157885
731,Apples,conventional,17.53568423433721,11805.697942334722,0.0
731,Apples,organic,4.113294986914534,10200.729209349449,0.0
731,"Barley, spring",conventional,251.1543206452765,4146.098755075444,2.07056327450058
731,"Barley, spring",organic,14.237014251720325,2862.1973516889243,2.5928312342429436
731,"Barley, winter",conventional,13.041725690902867,4771.464543815112,0.10133471858070021
731,"Barley, winter",organic,1.1483490551571933,3010.40657839258,2.0927264114626696
731,"Beans, dry ",conventional,0.0,,
731,"Beans, dry ",organic,0.0,,
731,"Broad beans and horse beans, dry",conventional,4.203175270362827,2779.4434897735346,1.5376465396310466
731,"Broad beans and horse beans, dry",organic,1.9602549804775702,2195.765475446657,3.1146873425002335
731,"Cabbages, cauliflowers and broccoli",conventional,0.606317589660863,17773.373558364194,0.0
731,"Cabbages, cauliflowers and broccoli",organic,0.1422221721549147,14507.989418632515,0.0
731,Carrots and turnips,conventional,0.4255292111207382,43504.07133900632,0.0
731,Carrots and turnips,organic,0.099815162470892,43504.07133900632,0.0
731,Cereals for fodder,conventional,86.86997124164762,3320.520069552356,0.0
731,Cereals for fodder,organic,21.749382986929707,3028.1814188299013,0.0
731,Cucumbers and gherkins,conventional,0.2148651180014203,33442.54239608594,0.0
731,Cucumbers and gherkins,organic,0.0504002923939196,16124.0829361925,0.0
731,Fallow,conventional,173.03044334596987,0.0,0.0
731,Fallow,organic,12.363556654030097,0.0,0.0
731,Green manure,conventional,0.0,,
731,Green manure,organic,0.0,,
731,Herbs,conventional,0.035881426711712,2329.9278702964234,0.0
731,Herbs,organic,0.0084166030047247,2111.159306894508,0.0
731,Lettuce and spinach,conventional,0.3531629184760259,10696.75167772051,0.0
731,Lettuce and spinach,organic,0.0828404094598735,9692.380243121452,0.0
731,Ley for fodder,conventional,6133.237100099704,5642.7496686750965,0.0
731,Ley for fodder,organic,818.7953003273994,5040.249975620583,0.0
731,Ley for grazing,conventional,1436.1239810520046,4514.199734940077,0.0
731,Ley for grazing,organic,232.4042331725728,4032.1999804964667,0.0
731,Ley for seed,conventional,236.321964471326,0.0,95.43451810168631
731,Ley for seed,organic,72.17742087699492,0.0,97.84868526547751
731,Maize (corn),conventional,0.0,,
731,Maize (corn),organic,0.0,,
731,Maize for forage and silage,conventional,0.0,,
731,Maize for forage and silage,organic,0.0,,
731,Mixed grain,conventional,16.083231171566425,3216.4587126434726,11.321586085278291
731,Mixed grain,organic,2.224256117062481,2500.283921295577,10.277644551055696
731,Oats,conventional,131.32036349645472,3978.794147894011,2.5058067849119365
731,Oats,organic,12.596699347838946,2695.077017834321,2.8274062836814333
731,"Onions and shallots, dry (excluding dehydrated)",conventional,0.5652073531130243,19056.034991885525,0.0
731,"Onions and shallots, dry (excluding dehydrated)",organic,0.1325790622743217,14792.8249986002,0.0
731,Other berries,conventional,0.0,,
731,Other berries,organic,0.0,,
731,Other crops for fodder,conventional,241.3208987035134,4645.05694230266,0.0
731,Other crops for fodder,organic,60.35167104564628,4191.860096045295,0.0
731,Other fruit,conventional,3.883438075578257,8735.980228326827,0.0
731,Other fruit,organic,0.910926893687466,7548.335483651161,0.0
731,"Other root, bulb and tuberous vegetables, n.e.c.",conventional,0.1451459886694871,18053.57826294944,0.0
731,"Other root, bulb and tuberous vegetables, n.e.c.",organic,0.0340464768632121,18053.57826294944,0.0
731,Other vegetables,conventional,1.0342622618424473,15056.281006166528,0.0
731,Other vegetables,organic,0.2426039223756712,11687.894682645718,0.0
731,"Peas, dry",conventional,0.0,,
731,"Peas, dry",organic,0.0,,
731,"Peas, green",conventional,0.0,,
731,"Peas, green",organic,0.0,,
731,Potatoes,conventional,1.6674920784014822,30776.999376186955,0.0
731,Potatoes,organic,0.0645079215985178,21877.754336947408,0.0
731,"Pumpkins, squash and gourds",conventional,0.6594743911563754,20290.935928987103,0.0
731,"Pumpkins, squash and gourds",organic,0.1546910101078562,9783.129820005792,0.0
731,Rye,conventional,2.718943376707115,5635.942861695852,0.0
731,Rye,organic,2.0828447736458977,3438.0587305953186,0.903632648839024
731,Semi-natural meadows,conventional,7189.154635093645,0.0,0.0
731,Semi-natural meadows,organic,1251.6513649063534,0.0,0.0
731,Semi-natural pastures,conventional,104.87498075866463,0.0,0.0
731,Semi-natural pastures,organic,18.25901924133536,0.0,0.0
731,Short rotation coppice and other energy crops,conventional,27.341352088771725,0.0,0.0
731,Short rotation coppice and other energy crops,organic,0.4886479112282773,0.0,0.0
731,Spring rapeseed,conventional,0.0,,
731,Spring rapeseed,organic,0.0,,
731,Strawberries,conventional,9.359138434487605,5899.675878686679,0.0
731,Strawberries,organic,2.1953461689869465,5899.675878686679,0.0
731,Sugar beet,conventional,0.0,,
731,Sugar beet,organic,0.0,,
731,Tomatoes,conventional,0.0,,
731,Tomatoes,organic,0.0,,
731,"Triticale, spring",conventional,2.9593517189950362,3043.474567231694,4.5608442062946954
731,"Triticale, spring",organic,0.21183228100496398,2217.575532115835,3.3784173716963823
731,"Triticale, winter",conventional,71.24713649425692,4655.765036998123,0.31858513285220563
731,"Triticale, winter",organic,8.118055025820189,3565.8039977107856,1.9973033518205052
731,"Wheat, spring",conventional,4.526204046203882,4621.139007368444,1.114834782752387
731,"Wheat, spring",organic,0.2100996054750304,3015.998761933926,2.0393699059382686
731,"Wheat, winter",conventional,17.201534698308315,5545.923177729697,0.197087795017083
731,"Wheat, winter",organic,0.6726839750259209,3621.5961190344146,1.9277891940417489
731,Winter rapeseed,conventional,0.0,,
731,Winter rapeseed,organic,0.0,,
811,Apples,conventional,1.3691724628749378,2177.6019694304305,0.0
811,Apples,organic,0.1391718102166048,1881.5599149162163,0.0
811,"Barley, spring",conventional,2352.4531032511786,5016.554952259182,2.286017951813302
811,"Barley, spring",organic,160.10439229272959,3468.0582186018673,2.9459855810656097
811,"Barley, winter",conventional,1294.2640892688128,6473.320791031429,0.2306198672238727
811,"Barley, winter",organic,19.936171055935798,4097.792188738519,2.5452082768467252
811,"Beans, dry ",conventional,382.06665843165206,0.0,0.0
811,"Beans, dry ",organic,22.01534156834793,0.0,0.0
811,"Broad beans and horse beans, dry",conventional,118.64809968130831,4169.824565413837,1.3753801097807428
811,"Broad beans and horse beans, dry",organic,135.42237311869167,3297.7598074662537,3.0606860158311338
811,"Cabbages, cauliflowers and broccoli",conventional,7.049288486353118,8259.509038779825,0.0
811,"Cabbages, cauliflowers and broccoli",organic,0.7165366423780068,6742.044178851207,0.0
811,Carrots and turnips,conventional,8.654940246315428,39741.41691812539,0.0
811,Carrots and turnips,organic,0.879745783717452,39741.41691812539,0.0
811,Cereals for fodder,conventional,917.3864610756114,3938.8547491351355,0.0
811,Cereals for fodder,organic,112.73492855828756,3657.656828642178,0.0
811,Cucumbers and gherkins,conventional,19.884765530125936,70009.84868031635,0.0
811,Cucumbers and gherkins,organic,2.021220035896348,33754.748460865405,0.0
811,Fallow,conventional,1196.6034606061653,0.0,0.0
811,Fallow,organic,47.96853939383474,0.0,0.0
811,Green manure,conventional,1.4372223314150134,0.0,0.0
811,Green manure,organic,0.2507776685849864,0.0,0.0
811,Herbs,conventional,0.9643647595699496,2021.6815423550045,0.0
811,Herbs,organic,0.098024458523389,1831.8557660656704,0.0
811,Lettuce and spinach,conventional,1.3147062193393573,8606.599180779493,0.0
811,Lettuce and spinach,organic,0.1336354983829381,7798.482602339798,0.0
811,Ley for fodder,conventional,9082.90920448747,5776.772219930646,0.0
811,Ley for fodder,organic,878.2442395119745,5094.161516930673,0.0
811,Ley for grazing,conventional,1932.0683746704417,4621.417775944517,0.0
811,Ley for grazing,organic,342.1216454823536,4075.3292135445386,0.0
811,Ley for seed,conventional,368.5519185465635,0.0,37.66074905562491
811,Ley for seed,organic,267.99861730119414,0.0,88.79117551446639
811,Maize (corn),conventional,64.60986603796255,6061.346142303425,13.570734937781733
811,Maize (corn),organic,2.526767963330755,4772.4436685333285,46.58114846369734
811,Maize for forage and silage,conventional,1797.1068281664443,10184.89936474395,0.0
811,Maize for forage and silage,organic,48.26253783226231,7312.355197628893,0.0
811,Mixed grain,conventional,76.01323372781465,3828.5609522314494,9.403232213960981
811,Mixed grain,organic,5.991335896852398,3131.379493535976,12.88224750740749
811,Oats,conventional,393.106666237967,4630.641889361624,7.103361248330659
811,Oats,organic,46.10870325118573,3009.2948962216065,3.492469375977307
811,"Onions and shallots, dry (excluding dehydrated)",conventional,73.1435269476924,39483.56516277568,0.0
811,"Onions and shallots, dry (excluding dehydrated)",organic,7.434795343139458,30650.31471775105,0.0
811,Other berries,conventional,28.210566305161464,1431.0734812318622,0.0
811,Other berries,organic,2.8675098911067547,1431.0734812318622,0.0
811,Other crops for fodder,conventional,431.5265385054728,7532.620829703392,0.0
811,Other crops for fodder,organic,69.43974424783923,6918.58804662365,0.0
811,Other fruit,conventional,0.0002066931771554,3433.424881202681,0.0
811,Other fruit,organic,2.1009671465163105e-05,2966.655393426491,0.0
811,"Other root, bulb and tuberous vegetables, n.e.c.",conventional,6.082976319598039,28322.352320891165,0.0
811,"Other root, bulb and tuberous vegetables, n.e.c.",organic,0.6183142364151737,28322.352320891165,0.0
811,Other vegetables,conventional,32.2910311231316,5233.946328835025,0.0
811,Other vegetables,organic,3.2822755182576584,4063.0095467127194,0.0
811,"Peas, dry",conventional,459.30864405879623,3781.3936823085432,2.0613521222825644
811,"Peas, dry",organic,12.641371941203747,3053.8853728007275,2.5025853154084796
811,"Peas, green",conventional,0.0,,
811,"Peas, green",organic,0.0,,
811,Potatoes,conventional,951.9348648342304,46671.39746636779,0.0
811,Potatoes,organic,35.12913516576947,33176.24814072198,0.0
811,"Pumpkins, squash and gourds",conventional,17.90053490620984,12435.396466880322,0.0
811,"Pumpkins, squash and gourds",organic,1.819529616825416,5995.637580469385,0.0
811,Rye,conventional,307.3510870075367,6729.355423627713,0.118737667741882
811,Rye,organic,68.79954454145592,4185.191954424558,2.4152289067941037
811,Semi-natural meadows,conventional,24648.671456061504,0.0,0.0
811,Semi-natural meadows,organic,3121.366543938492,0.0,0.0
811,Semi-natural pastures,conventional,202.3780084136277,0.0,0.0
811,Semi-natural pastures,organic,25.62799158637233,0.0,0.0
811,Short rotation coppice and other energy crops,conventional,4.8451265001340165,0.0,0.0
811,Short rotation coppice and other energy crops,organic,0.1708734998659834,0.0,0.0
811,Spring rapeseed,conventional,8.456404130312357,2218.0137908441484,0.0
811,Spring rapeseed,organic,2.5699645858191453,1502.1293286246123,2.8482310400665325
811,Strawberries,conventional,359.60841211908337,5825.224574344925,0.0
811,Strawberries,organic,36.55299463052604,5825.224574344925,0.0
811,Sugar beet,conventional,53.33118777570967,60269.868674260746,0.0
811,Sugar beet,organic,0.0048122242903158,47193.70561137005,0.0
811,Tomatoes,conventional,0.0,,
811,Tomatoes,organic,0.0,,
811,"Triticale, spring",conventional,6.118794783580207,3646.512956993449,4.502581619527376
811,"Triticale, spring",organic,0.33996241641979263,2678.843445287461,4.108886766079665
811,"Triticale, winter",conventional,938.2408937846819,6122.0405767988905,1.0185973821970662
811,"Triticale, winter",organic,80.06160811048231,4676.489659576445,2.429153182462205
811,"Wheat, spring",conventional,297.7723965465738,4660.592823400531,1.769385618098637
811,"Wheat, spring",organic,74.29985393603114,3036.308729706747,2.513462186625752
811,"Wheat, winter",conventional,8431.690928192773,7416.665823194631,0.4405887722239403
811,"Wheat, winter",organic,300.30184606409296,4851.962953588334,2.343203702662234
811,Winter rapeseed,conventional,2724.219165010868,4095.755207080627,0.563253052614511
811,Winter rapeseed,organic,78.54369471968806,2734.409718086633,4.1529605263157885
812,Apples,conventional,2.0239019671345333,2160.457962789665,0.0
812,Apples,organic,0.2059277027085252,1866.7466128852861,0.0
812,"Barley, spring",conventional,1810.681873728879,4577.122598202652,2.287743248584192
812,"Barley, spring",organic,123.39338947112164,3164.348656556414,2.950152594099694
812,"Barley, winter",conventional,904.1339327081649,5718.884959384332,0.2309713260969513
812,"Barley, winter",organic,13.773552091834974,3620.306146571908,2.5480505216913785
812,"Beans, dry ",conventional,185.5562582624781,0.0,0.0
812,"Beans, dry ",organic,10.203741737521913,0.0,0.0
812,"Broad beans and horse beans, dry",conventional,16.52267646381484,3806.1628709250026,1.3735384490195754
812,"Broad beans and horse beans, dry",organic,18.897289136185158,3010.2094524518798,3.0606860158311333
812,"Cabbages, cauliflowers and broccoli",conventional,2.7155865289653334,8239.805564886274,0.0
812,"Cabbages, cauliflowers and broccoli",organic,0.2763051296440965,6725.960693641197,0.0
812,Carrots and turnips,conventional,3.332765285548364,39658.33333333333,0.0
812,Carrots and turnips,organic,0.3391017500177548,39658.333333333336,0.0
812,Cereals for fodder,conventional,649.5273371896471,3942.9784089493082,0.0
812,Cereals for fodder,organic,83.89226721035304,3654.668026483475,0.0
812,Cucumbers and gherkins,conventional,7.653016581629576,69941.72224984245,0.0
812,Cucumbers and gherkins,organic,0.7786780926333627,33721.90178903951,0.0
812,Fallow,conventional,602.3960771538749,0.0,0.0
812,Fallow,organic,24.1439228461252,0.0,0.0
812,Green manure,conventional,0.0,,
812,Green manure,organic,0.0,,
812,Herbs,conventional,0.3703072539498182,2017.4943516046335,0.0
812,Herbs,organic,0.0376779722241949,1828.0617315656823,0.0
812,Lettuce and spinach,conventional,0.4937430052664243,8574.350994319693,0.0
812,Lettuce and spinach,organic,0.0502372962989266,7769.262359154151,0.0
812,Ley for fodder,conventional,11719.30703239501,5776.87151627686,0.0
812,Ley for fodder,organic,1133.3879639645802,5094.141492520691,0.0
812,Ley for grazing,conventional,2496.67578640538,4621.497213021488,0.0
812,Ley for grazing,organic,441.9626156170446,4075.313194016553,0.0
812,Ley for seed,conventional,177.00150301755184,,100.0
812,Ley for seed,organic,306.94509860043127,0.0,99.99999999999997
812,Maize (corn),conventional,77.99694431843,5532.8883499090425,13.608680946420867
812,Maize (corn),organic,3.06445568157023,4354.446074657356,46.63316582914573
812,Maize for forage and silage,conventional,2176.4459565545303,10187.24741685569,0.0
812,Maize for forage and silage,organic,58.53264344546957,7314.041006241103,0.0
812,Mixed grain,conventional,94.63479994546469,3493.2078093302903,9.404924227261878
812,Mixed grain,organic,7.441850054535273,2858.4367478567,12.924791086350973
812,Oats,conventional,118.88229597143301,4291.9929201139885,7.120966994092049
812,Oats,organic,13.954153628567013,2788.8857941471124,3.499245852187028
812,"Onions and shallots, dry (excluding dehydrated)",conventional,28.26678705150279,39452.76201891435,0.0
812,"Onions and shallots, dry (excluding dehydrated)",organic,2.8760852131135497,30626.402843284966,0.0
812,Other berries,conventional,22.18361835706782,1427.3255813953488,0.0
812,Other berries,organic,2.2571357902781197,1427.3255813953488,0.0
812,Other crops for fodder,conventional,781.7623908394222,7548.732523823386,0.0
812,Other crops for fodder,organic,113.61194516057768,6823.162641154286,0.0
812,Other fruit,conventional,0.0,,
812,Other fruit,organic,0.0,,
812,"Other root, bulb and tuberous vegetables, n.e.c.",conventional,2.345279275015516,28300.000000000004,0.0
812,"Other root, bulb and tuberous vegetables, n.e.c.",organic,0.2386271574199015,28300.0,0.0
812,Other vegetables,conventional,12.467010882977211,5186.997378515116,0.0
812,Other vegetables,organic,1.2684917315478974,4026.5640003938693,0.0
812,"Peas, dry",conventional,72.17644001298191,3450.0544585071693,2.061321826812302
812,"Peas, dry",organic,1.9915759870180918,2786.2938880521806,2.502585315408477
812,"Peas, green",conventional,0.0,,
812,"Peas, green",organic,0.0,,
812,Potatoes,conventional,39.880574922194896,42581.4199408588,0.0
812,Potatoes,organic,1.4734250778051006,30268.897672503357,0.0
812,"Pumpkins, squash and gourds",conventional,6.9124020737299405,12368.397722473548,0.0
812,"Pumpkins, squash and gourds",organic,0.7033221481849729,5963.33461442569,0.0
812,Rye,conventional,131.21791308340218,6140.67734058939,0.11706125610896026
812,Rye,organic,29.460134916597802,3819.244707648862,2.4179260031266283
812,Semi-natural meadows,conventional,17313.43955976876,0.0,0.0
812,Semi-natural meadows,organic,2193.874440231236,0.0,0.0
812,Semi-natural pastures,conventional,384.1148443190695,0.0,0.0
812,Semi-natural pastures,organic,48.67315568093056,0.0,0.0
812,Short rotation coppice and other energy crops,conventional,2.623246785925313,0.0,0.0
812,Short rotation coppice and other energy crops,organic,0.0927532140746867,0.0,0.0
812,Spring rapeseed,conventional,0.0,,
812,Spring rapeseed,organic,0.0,,
812,Strawberries,conventional,32.32358593996972,5817.196709233792,0.0
812,Strawberries,organic,3.288855835909709,5817.196709233792,0.0
812,Sugar beet,conventional,0.0,,
812,Sugar beet,organic,0.0,,
812,Tomatoes,conventional,0.0,,
812,Tomatoes,organic,0.0,,
812,"Triticale, spring",conventional,11.747434929888085,3326.9092123714427,4.50231226715561
812,"Triticale, spring",organic,0.6522318701119139,2444.1763006598626,4.113475177304959
812,"Triticale, winter",conventional,301.13979039979927,4370.539726896336,1.0199466906072718
812,"Triticale, winter",organic,25.680309600200694,3338.6047031343483,2.431865828092243
812,"Wheat, spring",conventional,201.18023006725878,4619.219336296103,1.771028212601894
812,"Wheat, spring",organic,50.377705132741255,3009.3908253403697,2.516268980477223
812,"Wheat, winter",conventional,1676.8678274740735,6247.230124370474,0.44037530825726584
812,"Wheat, winter",organic,59.784970525926646,4087.0388270906906,2.345803842264914
812,Winter rapeseed,conventional,467.17108093932364,3802.1332067295857,0.5629514795901032
812,Winter rapeseed,organic,13.454601460676402,2538.3893800287588,4.152960526315789
813,Apples,conventional,0.0,,
813,Apples,organic,0.0,,
813,"Barley, spring",conventional,776.1376975937435,4690.950196469612,2.2877432485841926
813,"Barley, spring",organic,52.89182080625638,3243.042246235777,2.950152594099695
813,"Barley, winter",conventional,123.07459216251854,5961.053582796614,0.23097132609695126
813,"Barley, winter",organic,1.874915037481465,3773.609554853917,2.548050521691375
813,"Beans, dry ",conventional,0.0,,
813,"Beans, dry ",organic,0.0,,
813,"Broad beans and horse beans, dry",conventional,15.237188222298565,3900.8176172017143,1.3735384490195754
813,"Broad beans and horse beans, dry",organic,17.427052577701428,3085.069783347899,3.060686015831134
813,"Cabbages, cauliflowers and broccoli",conventional,0.0470978178958372,8239.805564886274,0.0
813,"Cabbages, cauliflowers and broccoli",organic,0.0047921023840921,6725.960693641198,0.0
813,Carrots and turnips,conventional,0.0578018674176184,39658.333333333336,0.0
813,Carrots and turnips,organic,0.0058812165622949,39658.333333333336,0.0
813,Cereals for fodder,conventional,438.9481833997784,3959.263690435793,0.0
813,Cereals for fodder,organic,75.59975260022169,3623.96457421348,0.0
813,Cucumbers and gherkins,conventional,0.1327302140700868,69941.72224984247,0.0
813,Cucumbers and gherkins,organic,0.0135050158097143,33721.90178903951,0.0
813,Fallow,conventional,374.2155118162739,0.0,0.0
813,Fallow,organic,14.998488183726137,0.0,0.0
813,Green manure,conventional,0.0,,
813,Green manure,organic,0.0,,
813,Herbs,conventional,0.0064224297130687,2017.4943516046333,0.0
813,Herbs,organic,0.0006534685069216,1828.0617315656825,0.0
813,Lettuce and spinach,conventional,0.0085632396174249,8574.350994319691,0.0
813,Lettuce and spinach,organic,0.0008712913425622,7769.262359154149,0.0
813,Ley for fodder,conventional,4851.945823416211,5776.87151627686,0.0
813,Ley for fodder,organic,469.2373860388839,5094.141492520691,0.0
813,Ley for grazing,conventional,1033.6563092671463,4621.497213021488,0.0
813,Ley for grazing,organic,182.978281994118,4075.3131940165536,0.0
813,Ley for seed,conventional,90.08527789893539,0.0,81.34617601285439
813,Ley for seed,organic,129.2769213847057,0.0,98.30004396851177
813,Maize (corn),conventional,8.047017258337576,5670.484706317914,13.608680946420906
813,Maize (corn),organic,0.316162741662425,4462.735972475665,46.633165829145746
813,Maize for forage and silage,conventional,224.5459527584981,10187.247416855687,0.0
813,Maize for forage and silage,organic,6.038867241501902,7314.041006241099,0.0
813,Mixed grain,conventional,85.75169562241467,3580.079735229675,9.40492422726188
813,Mixed grain,organic,6.743304377585275,2929.5226719991547,12.924791086350973
813,Oats,conventional,401.54596121265286,4418.715592126127,7.120966994092049
813,Oats,organic,47.13261958734719,2871.2286745639863,3.4992458521870287
813,"Onions and shallots, dry (excluding dehydrated)",conventional,0.4902454680975788,39452.76201891434,0.0
813,"Onions and shallots, dry (excluding dehydrated)",organic,0.0498814293616867,30626.402843284966,0.0
813,Other berries,conventional,0.0,,
813,Other berries,organic,0.0,,
813,Other crops for fodder,conventional,705.9281531009203,7549.047171276456,0.0
813,Other crops for fodder,organic,102.79607809907958,6822.265041549575,0.0
813,Other fruit,conventional,0.0,,
813,Other fruit,organic,0.0,,
813,"Other root, bulb and tuberous vegetables, n.e.c.",conventional,0.0406753881827685,28299.999999999996,0.0
813,"Other root, bulb and tuberous vegetables, n.e.c.",organic,0.0041386338771705,28300.0,0.0
813,Other vegetables,conventional,0.2162218003399802,5186.997378515117,0.0
813,Other vegetables,organic,0.0220001063996958,4026.564000393869,0.0
813,"Peas, dry",conventional,0.0,,
813,"Peas, dry",organic,0.0,,
813,"Peas, green",conventional,0.0,,
813,"Peas, green",organic,0.0,,
813,Potatoes,conventional,202.3172020621249,43640.36923895454,0.0
813,Potatoes,organic,7.474797937875119,31021.64917747777,0.0
813,"Pumpkins, squash and gourds",conventional,0.1198853546439494,12368.397722473552,0.0
813,"Pumpkins, squash and gourds",organic,0.0121980787958709,5963.334614425692,0.0
813,Rye,conventional,7.262001775061737,6293.388686727708,0.11706125610895941
813,Rye,organic,1.6304142249382625,3914.224783654732,2.417926003126627
813,Semi-natural meadows,conventional,4480.037539523552,0.0,0.0
813,Semi-natural meadows,organic,567.6884604764476,0.0,0.0
813,Semi-natural pastures,conventional,101.49326900760389,0.0,0.0
813,Semi-natural pastures,organic,12.86073099239612,0.0,0.0
813,Short rotation coppice and other energy crops,conventional,28.032811014247528,0.0,0.0
813,Short rotation coppice and other energy crops,organic,0.9911889857524696,0.0,0.0
813,Spring rapeseed,conventional,17.769428805028042,2074.17235320398,0.0
813,Spring rapeseed,organic,5.395483994971954,1404.7171939948507,2.848448816514352
813,Strawberries,conventional,13.544252112322528,5817.196709233792,0.0
813,Strawberries,organic,1.3780987259696993,5817.196709233792,0.0
813,Sugar beet,conventional,0.0,,
813,Sugar beet,organic,0.0,,
813,Tomatoes,conventional,0.0,,
813,Tomatoes,organic,0.0,,
813,"Triticale, spring",conventional,8.40106998046819,3409.6454898408665,4.50231226715561
813,"Triticale, spring",organic,0.4664376195318093,2504.960059905111,4.113475177304954
813,"Triticale, winter",conventional,562.4209286286288,5087.629696231521,1.0199466906072718
813,"Triticale, winter",organic,47.96159137137126,3886.3814295326288,2.4318658280922434
813,"Wheat, spring",conventional,149.0344807822267,5042.943727862363,1.7710282126018935
813,"Wheat, spring",organic,37.31984561777329,3285.444462030181,2.516268980477223
813,"Wheat, winter",conventional,929.8663822454772,6270.620372272235,0.4403753082572658
813,"Wheat, winter",organic,33.15230535452289,4102.341104971707,2.3458038422649143
813,Winter rapeseed,conventional,268.40063423007877,3265.791680372861,0.5629514795901033
813,Winter rapeseed,organic,7.729980969921206,2180.315751213588,4.152960526315789
814,Apples,conventional,0.9617918696356894,2175.02491075993,0.0
814,Apples,organic,0.0978129318214583,1879.3332039006723,0.0
814,"Barley, spring",conventional,612.3586377012437,4245.0106372966375,2.2852290698495032
814,"Barley, spring",organic,41.77262040082253,2934.7325165728957,2.9471989337604576
814,"Barley, winter",conventional,9.02830053877101,5393.8846843553,0.23101178300571076
814,"Barley, winter",organic,0.1374903731592353,3414.4897803040194,2.545896028820022
814,"Beans, dry ",conventional,0.0,,
814,"Beans, dry ",organic,0.0,,
814,"Broad beans and horse beans, dry",conventional,0.0,,
814,"Broad beans and horse beans, dry",organic,0.0,,
814,"Cabbages, cauliflowers and broccoli",conventional,0.0430587840232025,8256.753962540182,0.0
814,"Cabbages, cauliflowers and broccoli",organic,0.0043790200759044,6739.795274511184,0.0
814,Carrots and turnips,conventional,0.0530109171261296,39686.78456175863,0.0
814,Carrots and turnips,organic,0.0053911385470695,39686.78456175863,0.0
814,Cereals for fodder,conventional,282.6613532408083,3957.9515845398396,0.0
814,Cereals for fodder,organic,49.118199556477094,3626.1286371546908,0.0
814,Cucumbers and gherkins,conventional,0.1207651712112843,69932.40588145415,0.0
814,Cucumbers and gherkins,organic,0.0122816545148904,33717.40996856791,0.0
814,Fallow,conventional,412.0550690624663,0.0,0.0
814,Fallow,organic,16.55293093753372,0.0,0.0
814,Green manure,conventional,0.0,,
814,Green manure,organic,0.0,,
814,Herbs,conventional,0.0059261386417443,2018.6202327731569,0.0
814,Herbs,organic,0.0006026802817006,1829.0818981286427,0.0
814,Lettuce and spinach,conventional,0.0077944491713567,8574.190353033817,0.0
814,Lettuce and spinach,organic,0.0007926849347068,7769.116801280848,0.0
814,Ley for fodder,conventional,7872.260277194955,5776.446704551767,0.0
814,Ley for fodder,organic,763.4172052248238,5093.7391267095245,0.0
814,Ley for grazing,conventional,1677.3534300275328,4621.157363641413,0.0
814,Ley for grazing,organic,297.6061809840294,4074.9913013676196,0.0
814,Ley for seed,conventional,118.4580642620156,-0.0,100.00000000000078
814,Ley for seed,organic,206.44284230664405,0.0,99.99999999999997
814,Maize (corn),conventional,2.277812281925001,5130.22353446678,13.589940929037637
814,Maize (corn),organic,0.0893104107001999,4038.4201087944703,46.59373536162101
814,Maize for forage and silage,conventional,63.45900358339762,10186.092011618524,0.0
814,Maize for forage and silage,organic,1.7058737239771826,7313.211470946862,0.0
814,Mixed grain,conventional,59.75681608611151,3238.8396408323106,9.396595185560123
814,Mixed grain,organic,4.713689863365875,2650.005895473011,12.907406979144056
814,Oats,conventional,221.51250841910797,3980.681967062632,7.114396116584568
814,Oats,organic,26.03961585626811,2586.6760466425426,3.4952690357558125
814,"Onions and shallots, dry (excluding dehydrated)",conventional,0.4461040646676019,39451.62642611607,0.0
814,"Onions and shallots, dry (excluding dehydrated)",organic,0.0453681797904318,30625.521304940725,0.0
814,Other berries,conventional,0.0,,
814,Other berries,organic,0.0,,
814,Other crops for fodder,conventional,822.8404882708029,7541.514177096168,0.0
814,Other crops for fodder,organic,118.835511729197,6805.240300499492,0.0
814,Other fruit,conventional,3.397131359269197e-06,3435.3530339209115,0.0
814,Other fruit,organic,3.45483662862111e-07,2968.3214163799007,0.0
814,"Other root, bulb and tuberous vegetables, n.e.c.",conventional,0.037299099106153,28309.577879159275,0.0
814,"Other root, bulb and tuberous vegetables, n.e.c.",organic,0.0037932679127906,28309.577879159275,0.0
814,Other vegetables,conventional,0.1968290063338213,5190.010166718864,0.0
814,Other vegetables,organic,0.0200172436312109,4028.9027685938036,0.0
814,"Peas, dry",conventional,0.0,,
814,"Peas, dry",organic,0.0,,
814,"Peas, green",conventional,0.0,,
814,"Peas, green",organic,0.0,,
814,Potatoes,conventional,1.2189639189667472,39476.11672610063,0.0
814,Potatoes,organic,0.0450360810332526,28061.50051712058,0.0
814,"Pumpkins, squash and gourds",conventional,0.109082571593773,12367.937318539083,0.0
814,"Pumpkins, squash and gourds",organic,0.0110935499405423,5963.112633957353,0.0
814,Rye,conventional,1.8216046607597722,5694.561029327545,0.1174256308903894
814,Rye,organic,0.4088944863520485,3541.707527492345,2.41631265877902
814,Semi-natural meadows,conventional,7269.022784897088,0.0,0.0
814,Semi-natural meadows,organic,923.7532151029131,0.0,0.0
814,Semi-natural pastures,conventional,32.909796769422584,0.0,0.0
814,Semi-natural pastures,organic,4.182203230577432,0.0,0.0
814,Short rotation coppice and other energy crops,conventional,0.6760635033348262,0.0,0.0
814,Short rotation coppice and other energy crops,organic,0.0239364966651737,0.0,0.0
814,Spring rapeseed,conventional,0.0,,
814,Spring rapeseed,organic,0.0,,
814,Strawberries,conventional,0.4635718884921921,5819.87817371186,0.0
814,Strawberries,organic,0.0471446338391348,5819.87817371186,0.0
814,Sugar beet,conventional,0.0,,
814,Sugar beet,organic,0.0,,
814,Tomatoes,conventional,0.0,,
814,Tomatoes,organic,0.0,,
814,"Triticale, spring",conventional,22.79220003771781,3085.576741346981,4.502524591840576
814,"Triticale, spring",organic,1.2666283622821914,2266.78960665106,4.109997046525975
814,"Triticale, winter",conventional,262.4319638525738,4804.643252961993,1.0194937366818768
814,"Triticale, winter",organic,22.400182882644593,3670.1515613451406,2.4298295893251427
814,"Wheat, spring",conventional,43.52822693623071,4283.746174931074,1.7694176535855575
814,"Wheat, spring",organic,10.902785365725705,2790.8185835178765,2.514192176074736
814,"Wheat, winter",conventional,24.413392374808506,5848.875545223156,0.43975092321302306
814,"Wheat, winter",organic,0.8728890047694825,3826.3758824839697,2.3438401378063944
814,Winter rapeseed,conventional,0.0,,
814,Winter rapeseed,organic,0.0,,
821,Apples,conventional,0.6214406899615321,7766.719731739305,0.0
821,Apples,organic,0.0512229594357428,6710.844645980824,0.0
821,"Barley, spring",conventional,1696.2045797237981,3874.317131902324,1.3686749257839292
821,"Barley, spring",organic,150.00873896333212,2676.306217805467,1.9580752371072627
821,"Barley, winter",conventional,50.845750026192164,4775.325262455112,0.24766623608750202
821,"Barley, winter",organic,0.5545169214208203,2999.393749936112,1.7977890871438778
821,"Beans, dry ",conventional,0.0,,
821,"Beans, dry ",organic,0.0,,
821,"Broad beans and horse beans, dry",conventional,115.86617091590179,2992.4623605038796,2.238828719218114
821,"Broad beans and horse beans, dry",organic,113.28058524517225,2321.049964622343,2.0224805708044102
821,"Cabbages, cauliflowers and broccoli",conventional,0.1557436435071134,15835.429933793765,0.0
821,"Cabbages, cauliflowers and broccoli",organic,0.0128373478959568,12926.091333452005,0.0
821,Carrots and turnips,conventional,0.3069563663359236,50002.5818199409,0.0
821,Carrots and turnips,organic,0.0253012294742742,50002.581819940904,0.0
821,Cereals for fodder,conventional,692.4470088354775,3593.59024389646,0.0
821,Cereals for fodder,organic,233.9095141927437,3285.1017101051743,0.0
821,Cucumbers and gherkins,conventional,0.1250558755300941,63078.99642550997,0.0
821,Cucumbers and gherkins,organic,0.0103078735315446,30413.08755328816,0.0
821,Fallow,conventional,1456.9622708653046,0.0,0.0
821,Fallow,organic,101.74372913469564,0.0,0.0
821,Green manure,conventional,0.0,,
821,Green manure,organic,0.0,,
821,Herbs,conventional,0.056638693189116,2385.314818483521,0.0
821,Herbs,organic,0.0046685090477406,2161.3456979139,0.0
821,Lettuce and spinach,conventional,0.009994503324042,7924.472739129607,0.0
821,Lettuce and spinach,organic,0.0008238083643661,7180.4044188358685,0.0
821,Ley for fodder,conventional,12741.694662918417,5622.888692027641,0.0
821,Ley for fodder,organic,2679.91372569354,4948.730233259179,0.0
821,Ley for grazing,conventional,2825.493582239369,4498.310953622113,0.0
821,Ley for grazing,organic,939.6532068918848,3958.984186607344,0.0
821,Ley for seed,conventional,37.90725273690606,0.0,72.29411098792843
821,Ley for seed,organic,400.31156951988186,0.0,99.32416176918687
821,Maize (corn),conventional,6.804871160804808,4459.831303962621,9.421124904607906
821,Maize (corn),organic,0.1481886118980377,4093.089103030077,32.902250529537916
821,Maize for forage and silage,conventional,122.88046327340548,9767.293069072217,0.0
821,Maize for forage and silage,organic,2.8304769538916714,7012.530382737902,0.0
821,Mixed grain,conventional,153.04321003893676,2938.8089436977266,6.718315213254016
821,Mixed grain,organic,29.418886020898753,2334.9912288559635,7.662826288411577
821,Oats,conventional,1116.7500371246565,3711.561895455217,4.830734626533616
821,Oats,organic,212.24482510024887,2438.502562308672,2.205380005817142
821,"Onions and shallots, dry (excluding dehydrated)",conventional,0.4894512078636958,37590.89787933556,0.0
821,"Onions and shallots, dry (excluding dehydrated)",organic,0.0403435754548505,29181.074347630612,0.0
821,Other berries,conventional,0.0,,
821,Other berries,organic,0.0,,
821,Other crops for fodder,conventional,414.67334954564245,4855.209640116517,0.0
821,Other crops for fodder,organic,125.35257119705024,4399.019273278662,0.0
821,Other fruit,conventional,0.0,,
821,Other fruit,organic,0.0,,
821,"Other root, bulb and tuberous vegetables, n.e.c.",conventional,0.216052410455515,31313.45469423516,0.0
821,"Other root, bulb and tuberous vegetables, n.e.c.",organic,0.0178083669697302,31313.454694235163,0.0
821,Other vegetables,conventional,0.2554715137229533,6143.064566213287,0.0
821,Other vegetables,organic,0.0210575316290098,4768.740145669905,0.0
821,"Peas, dry",conventional,97.93775549200684,2739.247876246062,1.3838355141594205
821,"Peas, dry",organic,8.759884196965636,2217.649714595742,2.0676163099156644
821,"Peas, green",conventional,0.0,,
821,"Peas, green",organic,0.0,,
821,Potatoes,conventional,2.2562417771982344,31202.458400036285,0.0
821,Potatoes,organic,0.0757582228017654,22180.1908379994,0.0
821,"Pumpkins, squash and gourds",conventional,0.1113082424603876,11681.035820167712,0.0
821,"Pumpkins, squash and gourds",organic,0.0091747091565008,5631.927983054999,0.0
821,Rye,conventional,22.090825927876928,5008.1207057561005,0.2830517984962375
821,Rye,organic,3.968169561686953,3090.9452774386696,1.8269259612397135
821,Semi-natural meadows,conventional,8574.472547359659,0.0,0.0
821,Semi-natural meadows,organic,2347.329452640341,0.0,0.0
821,Semi-natural pastures,conventional,39.53027547145183,0.0,0.0
821,Semi-natural pastures,organic,10.821724528548168,0.0,0.0
821,Short rotation coppice and other energy crops,conventional,318.5476357503072,0.0,0.0
821,Short rotation coppice and other energy crops,organic,15.096364249692792,0.0,0.0
821,Spring rapeseed,conventional,23.50596603882732,1495.8640953812278,0.0
821,Spring rapeseed,organic,4.3696672539797445,1026.6271936704522,4.132109628797586
821,Strawberries,conventional,0.0,,
821,Strawberries,organic,0.0,,
821,Sugar beet,conventional,1.626,46709.85007422069,0.0
821,Sugar beet,organic,0.0,,
821,Tomatoes,conventional,0.0,,
821,Tomatoes,organic,0.0,,
821,"Triticale, spring",conventional,160.58963512624894,2838.489402575959,4.591185508439388
821,"Triticale, spring",organic,11.114797273751062,2057.4204614585296,2.9022818507881363
821,"Triticale, winter",conventional,932.1085828640696,5415.896791671686,0.8935652527907935
821,"Triticale, winter",organic,98.31763872095856,4112.463710228206,1.721074576917992
821,"Wheat, spring",conventional,263.2544412607615,4070.8567432114414,1.234687632687196
821,"Wheat, spring",organic,69.14062299642873,2646.8644978745074,1.788780229657393
821,"Wheat, winter",conventional,2273.5610876101728,4959.992546283294,0.22931239353017413
821,"Wheat, winter",organic,152.7371317103392,3229.012028271684,1.6570470800749568
821,Winter rapeseed,conventional,186.8601052248116,2690.272683601555,0.37241283879437176
821,Winter rapeseed,organic,14.621944889642016,1799.7757539372992,4.1661558380653
831,Apples,conventional,0.6882001077452431,5899.313058801887,0.0
831,Apples,organic,0.1244550635079288,5097.30939483246,0.0
831,"Barley, spring",conventional,581.9380959996007,3617.007472241432,2.456682235997077
831,"Barley, spring",organic,38.22937433351229,2502.91487552077,3.208226623065138
831,"Barley, winter",conventional,22.42493605114381,4456.475425475543,0.13089557582284433
831,"Barley, winter",organic,1.2870168220065574,2825.1070058389078,2.587095231283694
831,"Beans, dry ",conventional,0.0,,
831,"Beans, dry ",organic,0.0,,
831,"Broad beans and horse beans, dry",conventional,0.0,,
831,"Broad beans and horse beans, dry",organic,0.0,,
831,"Cabbages, cauliflowers and broccoli",conventional,0.480452856967881,11902.433183250483,0.0
831,"Cabbages, cauliflowers and broccoli",organic,0.0868857620822085,9715.678011916578,0.0
831,Carrots and turnips,conventional,0.3568575340247371,37700.543625686034,0.0
831,Carrots and turnips,organic,0.0645346121869137,37700.543625686034,0.0
831,Cereals for fodder,conventional,269.73981821693195,3591.6076901991264,0.0
831,Cereals for fodder,organic,56.899170637123106,3282.530034211637,0.0
831,Cucumbers and gherkins,conventional,0.4601111044032865,50035.18986690482,0.0
831,Cucumbers and gherkins,organic,0.0832071312903831,24124.109392966933,0.0
831,Fallow,conventional,234.43454960195197,0.0,0.0
831,Fallow,organic,14.085450398048046,0.0,0.0
831,Green manure,conventional,0.0,,
831,Green manure,organic,0.0,,
831,Herbs,conventional,0.0258881464302337,1972.42172107452,0.0
831,Herbs,organic,0.0046816483633419,1787.2211954087577,0.0
831,Lettuce and spinach,conventional,0.0821392598268642,8652.56085176331,0.0
831,Lettuce and spinach,organic,0.0148541778520483,7840.128702502359,0.0
831,Ley for fodder,conventional,9695.585500244932,5594.002145821778,0.0
831,Ley for fodder,organic,1097.184738041457,4959.6609264103845,0.0
831,Ley for grazing,conventional,1928.310638128899,4475.201716657422,0.0
831,Ley for grazing,organic,337.5483706174957,3967.7287411283082,0.0
831,Ley for seed,conventional,237.54519992885088,0.0,92.05500045117627
831,Ley for seed,organic,192.445553038364,0.0,98.65466626974406
831,Maize (corn),conventional,2.233845002199473,4110.598843529356,8.565584224812838
831,Maize (corn),organic,0.0587291456693572,3423.936447974793,47.3477428760563
831,Maize for forage and silage,conventional,38.72966965771295,10017.670467093743,0.0
831,Maize for forage and silage,organic,1.121756194418224,7192.291458642999,0.0
831,Mixed grain,conventional,58.47085586187616,2796.3180080204984,9.67626904269507
831,Mixed grain,organic,5.206641363294619,2308.023719575854,13.931891856458803
831,Oats,conventional,270.9221191962185,3477.9836148081845,5.299744716616213
831,Oats,organic,27.158319306694267,2309.0018671760818,3.6971471652294063
831,"Onions and shallots, dry (excluding dehydrated)",conventional,1.447842415106905,26054.811244040684,0.0
831,"Onions and shallots, dry (excluding dehydrated)",organic,0.2618298336394707,20225.837288227933,0.0
831,Other berries,conventional,2.7358788621188084,1877.057324032068,0.0
831,Other berries,organic,0.4947601340118357,1877.057324032068,0.0
831,Other crops for fodder,conventional,561.1249014294876,6069.996615633514,0.0
831,Other crops for fodder,organic,101.48705301019355,5477.5918090089035,0.0
831,Other fruit,conventional,0.0619285565570721,5375.197576632505,0.0
831,Other fruit,organic,0.011199246196744,4644.446706480452,0.0
831,"Other root, bulb and tuberous vegetables, n.e.c.",conventional,0.1232925126883565,21324.132953266926,0.0
831,"Other root, bulb and tuberous vegetables, n.e.c.",organic,0.0222963892681657,21324.13295326693,0.0
831,Other vegetables,conventional,1.3194136575106024,9381.43951235588,0.0
831,Other vegetables,organic,0.238604598707062,7282.626894856584,0.0
831,"Peas, dry",conventional,0.0,,
831,"Peas, dry",organic,0.0,,
831,"Peas, green",conventional,0.0,,
831,"Peas, green",organic,0.0,,
831,Potatoes,conventional,6.905828581153355,30683.118931470577,0.0
831,Potatoes,organic,0.2621714188466461,21811.01965363915,0.0
831,"Pumpkins, squash and gourds",conventional,0.8087255882080537,14616.885885570353,0.0
831,"Pumpkins, squash and gourds",organic,0.1462510588245633,7047.427121311865,0.0
831,Rye,conventional,12.451026961827468,5030.646547930194,0.0
831,Rye,organic,7.143532865814769,3084.4783721640383,1.4069005055041055
831,Semi-natural meadows,conventional,9874.74759110484,0.0,0.0
831,Semi-natural meadows,organic,1436.000408895159,0.0,0.0
831,Semi-natural pastures,conventional,138.1762109140937,0.0,0.0
831,Semi-natural pastures,organic,20.093789085906323,0.0,0.0
831,Short rotation coppice and other energy crops,conventional,16.69734547944681,0.0,0.0
831,Short rotation coppice and other energy crops,organic,0.462654520553187,0.0,0.0
831,Spring rapeseed,conventional,0.0,,
831,Spring rapeseed,organic,0.0,,
831,Strawberries,conventional,0.0,,
831,Strawberries,organic,0.0,,
831,Sugar beet,conventional,0.0,,
831,Sugar beet,organic,0.0,,
831,Tomatoes,conventional,0.0,,
831,Tomatoes,organic,0.0,,
831,"Triticale, spring",conventional,2.1986285020519,2632.120529353682,4.50167075868056
831,"Triticale, spring",organic,0.1426498979481004,1935.0217553896669,4.176507461141465
831,"Triticale, winter",conventional,117.10012766550798,4069.0051202484633,0.744270561469403
831,"Triticale, winter",organic,11.961104070626103,3118.1138588257113,2.469130197152836
831,"Wheat, spring",conventional,76.64058202212664,3952.86559627557,1.4269375939968163
831,"Wheat, spring",organic,9.950075556918684,2585.3093531772543,2.5548266898956675
831,"Wheat, winter",conventional,92.19219544748343,4939.453920784946,0.3450162763313025
831,"Wheat, winter",organic,3.843729221292975,3235.86113474536,2.38490005292779
831,Winter rapeseed,conventional,8.347157250138451,2744.381687493812,0.6147531642467795
831,Winter rapeseed,organic,0.6048883101802527,1831.2562595958038,4.1529605263157885
911,Apples,conventional,0.0,,
911,Apples,organic,0.0,,
911,"Barley, spring",conventional,1907.2530251255064,4257.53926908932,0.6696706049394074
911,"Barley, spring",organic,172.69916047449368,2949.374977929722,1.5426497277676954
911,"Barley, winter",conventional,985.2060758285555,5451.108897435271,0.12566482969556506
911,"Barley, winter",organic,26.416501371444443,3417.459764779796,1.4936847885777038
911,"Beans, dry ",conventional,23.180619355024785,0.0,0.0
911,"Beans, dry ",organic,3.1173806449752184,0.0,0.0
911,"Broad beans and horse beans, dry",conventional,20.379382317120864,3027.6497175986738,1.574444302853065
911,"Broad beans and horse beans, dry",organic,18.105940082879137,2389.62304766697,3.0606860158311338
911,"Cabbages, cauliflowers and broccoli",conventional,0.4756144745612751,16380.90172684053,0.0
911,"Cabbages, cauliflowers and broccoli",organic,0.1657378515056322,13371.347208803863,0.0
911,Carrots and turnips,conventional,24.731952677186307,67763.48454073572,0.0
911,Carrots and turnips,organic,8.618368278292875,67763.48454073572,0.0
911,Cereals for fodder,conventional,231.8202328506548,3149.008506364125,0.0
911,Cereals for fodder,organic,87.29573128267853,2933.298572742296,0.0
911,Cucumbers and gherkins,conventional,0.0559546440660323,7504.251214724624,0.0
911,Cucumbers and gherkins,organic,0.0194985707653684,3618.1211203130497,0.0
911,Fallow,conventional,710.0407874999044,0.0,0.0
911,Fallow,organic,61.37321250009568,0.0,0.0
911,Green manure,conventional,0.8662109192966507,0.0,0.0
911,Green manure,organic,1.965789080703349,0.0,0.0
911,Herbs,conventional,0.1119092881320647,2562.169199469851,0.0
911,Herbs,organic,0.0389971415307369,2321.5943378586444,0.0
911,Lettuce and spinach,conventional,0.0559546440660323,6661.639918621612,0.0
911,Lettuce and spinach,organic,0.0194985707653684,6036.145278432475,0.0
911,Ley for fodder,conventional,6631.588773072216,5920.727904509071,0.0
911,Ley for fodder,organic,1491.6225359747857,5216.912541482014,0.0
911,Ley for grazing,conventional,1216.830620009016,4736.5823236072565,0.0
911,Ley for grazing,organic,385.86754078970574,4173.530033185612,0.0
911,Ley for seed,conventional,114.45058750170013,0.0,84.25691144035868
911,Ley for seed,organic,4.257942652577583,0.0,0.0
911,Maize (corn),conventional,10.301625245019522,6398.137503926441,28.687020019056387
911,Maize (corn),organic,0.9643931549805806,4268.946734479496,27.33668341708542
911,Maize for forage and silage,conventional,589.325587720195,10612.722202565725,0.0
911,Maize for forage and silage,organic,18.42039387980496,7619.515085986714,0.0
911,Mixed grain,conventional,47.50241178869829,3527.1470078655357,8.48232698982523
911,Mixed grain,organic,8.963373811301715,2729.629262954587,6.99228791773779
911,Oats,conventional,172.6477240601276,4568.442337443525,13.064942375150892
911,Oats,organic,94.55268553987247,2722.9523005028627,1.52912075556555
911,"Onions and shallots, dry (excluding dehydrated)",conventional,1.3429114575847767,36205.67665603834,0.0
911,"Onions and shallots, dry (excluding dehydrated)",organic,0.4679656983688439,28105.754368983005,0.0
911,Other berries,conventional,8.540543488976603,1182.0512820512824,0.0
911,Other berries,organic,2.976131729083942,1182.0512820512824,0.0
911,Other crops for fodder,conventional,139.34159673563667,2602.35014249962,0.0
911,Other crops for fodder,organic,51.329108064363346,2370.7399302224894,0.0
911,Other fruit,conventional,0.0,,
911,Other fruit,organic,0.0,,
911,"Other root, bulb and tuberous vegetables, n.e.c.",conventional,12.477885626725218,31370.84751255874,0.0
911,"Other root, bulb and tuberous vegetables, n.e.c.",organic,4.348181280677174,31370.847512558736,0.0
911,Other vegetables,conventional,3.66502918632512,6343.166512146312,0.0
911,Other vegetables,organic,1.2771563851316363,4924.075348891723,0.0
911,"Peas, dry",conventional,376.08702548126786,3787.650766075365,0.6987197425662875
911,"Peas, dry",organic,36.474902518732286,3101.6217205030152,2.5064733298808908
911,"Peas, green",conventional,0.0,,
911,"Peas, green",organic,0.0,,
911,Potatoes,conventional,31.60935141998989,36915.13465130917,0.0
911,Potatoes,organic,19.262648580010108,26241.032705792484,0.0
911,"Pumpkins, squash and gourds",conventional,0.2238185762641295,19626.50317697209,0.0
911,"Pumpkins, squash and gourds",organic,0.0779942830614739,9462.7783146649,0.0
911,Rye,conventional,160.3283629053107,5362.943828736596,0.758236004886991
911,Rye,organic,46.51697376135599,3285.610799483252,1.5713460427498553
911,Semi-natural meadows,conventional,5786.4012177517925,0.0,0.0
911,Semi-natural meadows,organic,3194.378782248208,0.0,0.0
911,Semi-natural pastures,conventional,59.21074774228454,0.0,0.0
911,Semi-natural pastures,organic,32.68725225771546,0.0,0.0
911,Short rotation coppice and other energy crops,conventional,0.0,,
911,Short rotation coppice and other energy crops,organic,0.0,,
911,Spring rapeseed,conventional,38.96798653321308,1994.8749209282198,1.7411308363042233
911,Spring rapeseed,organic,1.3243390667869204,1414.0010914953418,6.578947368421051
911,Strawberries,conventional,7.492951088741789,5954.670329670329,0.0
911,Strawberries,organic,2.6110761579121324,5954.670329670329,0.0
911,Sugar beet,conventional,0.0,,
911,Sugar beet,organic,0.0,,
911,Tomatoes,conventional,0.0,,
911,Tomatoes,organic,0.0,,
911,"Triticale, spring",conventional,0.0,,
911,"Triticale, spring",organic,0.0,,
911,"Triticale, winter",conventional,260.7271287403218,4780.52132284025,0.5613453833333195
911,"Triticale, winter",organic,13.225435259678223,3631.2529189074635,1.425576519916142
911,"Wheat, spring",conventional,471.51314230787034,3578.4943313301947,0.5670727165886114
911,"Wheat, spring",organic,44.38544089212958,2334.877332065936,1.4698730072953254
911,"Wheat, winter",conventional,1645.5577709582774,5468.163902740559,0.06104991802331172
911,"Wheat, winter",organic,135.36082304172234,3555.528024735102,1.371797458140004
911,Winter rapeseed,conventional,703.7353864083367,3264.947645894266,1.4962942746175039
911,Winter rapeseed,organic,60.74233279166326,2215.365692975013,6.578947368421052
912,Apples,conventional,5.561854871697205,1767.450804946355,0.0
912,Apples,organic,1.9381451283027944,1527.168248770132,0.0
912,"Barley, spring",conventional,5054.001527504935,4590.369481433761,0.6696706049394074
912,"Barley, spring",organic,457.6329460950652,3179.940344012113,1.5426497277676954
912,"Barley, winter",conventional,2099.1708437168218,5958.800301240931,0.12566482969556503
912,"Barley, winter",organic,56.28543188317835,3735.746369959657,1.4936847885777045
912,"Beans, dry ",conventional,68.00811870551304,0.0,0.0
912,"Beans, dry ",organic,9.145881294486957,0.0,0.0
912,"Broad beans and horse beans, dry",conventional,167.4671412302614,3264.334157770262,1.574444302853065
912,"Broad beans and horse beans, dry",organic,148.78517796973858,2576.4301905047373,3.0606860158311338
912,"Cabbages, cauliflowers and broccoli",conventional,4.901378597904366,16380.901726840528,0.0
912,"Cabbages, cauliflowers and broccoli",organic,1.7079883007801533,13371.347208803862,0.0
912,Carrots and turnips,conventional,254.871687091027,67763.48454073572,0.0
912,Carrots and turnips,organic,88.81539164056795,67763.48454073572,0.0
912,Cereals for fodder,conventional,706.6273560317107,3138.033172540576,0.0
912,Cereals for fodder,organic,213.2424949682893,2930.831192116705,0.0
912,Cucumbers and gherkins,conventional,0.5766327762240431,7504.251214724621,0.0
912,Cucumbers and gherkins,organic,0.2009398000917827,3618.121120313049,0.0
912,Fallow,conventional,1808.837038248965,0.0,0.0
912,Fallow,organic,156.34896175103518,0.0,0.0
912,Green manure,conventional,26.939404282475927,0.0,0.0
912,Green manure,organic,61.13659571752407,0.0,0.0
912,Herbs,conventional,1.1532655524480862,2562.1691994698504,0.0
912,Herbs,organic,0.4018796001835654,2321.594337858644,0.0
912,Lettuce and spinach,conventional,0.5766327762240431,6661.63991862161,0.0
912,Lettuce and spinach,organic,0.2009398000917827,6036.145278432473,0.0
912,Ley for fodder,conventional,9864.903029873238,5920.727904509071,0.0
912,Ley for fodder,organic,2218.881806169049,5216.912541482014,0.0
912,Ley for grazing,conventional,1810.111646082728,4736.5823236072565,0.0
912,Ley for grazing,organic,574.0020985201478,4173.530033185612,0.0
912,Ley for seed,conventional,197.03607311973087,0.0,72.80363290008845
912,Ley for seed,organic,12.66334623510835,0.0,0.0
912,Maize (corn),conventional,23.318499901159385,6898.307515158364,28.68702001905634
912,Maize (corn),organic,2.182976098840875,4602.668717607051,27.33668341708546
912,Maize for forage and silage,conventional,1333.9825835392248,10612.722202565725,0.0
912,Maize for forage and silage,organic,41.69594046077477,7619.515085986715,0.0
912,Mixed grain,conventional,99.46412121364835,3802.879306125478,8.482326989825227
912,Mixed grain,organic,18.768185986351682,2943.0161584805346,6.992287917737795
912,Oats,conventional,384.8182911743808,4470.964904923392,13.064942375150892
912,Oats,organic,210.75055042561922,2664.852322540498,1.5291207555655495
912,"Onions and shallots, dry (excluding dehydrated)",conventional,13.839186629377032,36205.67665603833,0.0
912,"Onions and shallots, dry (excluding dehydrated)",organic,4.822555202202785,28105.754368983,0.0
912,Other berries,conventional,7.162112858811316,1182.0512820512827,0.0
912,Other berries,organic,2.495788629131217,1182.0512820512824,0.0
912,Other crops for fodder,conventional,193.16483434942145,2588.0999824373366,0.0
912,Other crops for fodder,organic,70.28684445057856,2407.8098979638885,0.0
912,Other fruit,conventional,1.4831612991192549,1554.6164148219243,0.0
912,Other fruit,organic,0.5168387008807451,1343.2684072951947,0.0
912,"Other root, bulb and tuberous vegetables, n.e.c.",conventional,128.5891090979616,31370.847512558743,0.0
912,"Other root, bulb and tuberous vegetables, n.e.c.",organic,44.809575420467546,31370.847512558747,0.0
912,Other vegetables,conventional,37.76944684267482,6343.166512146312,0.0
912,Other vegetables,organic,13.161556906011768,4924.075348891723,0.0
912,"Peas, dry",conventional,1426.007266745493,3986.4614394029136,0.6987197425662877
912,"Peas, dry",organic,138.30170285450708,3264.4232934947854,2.5064733298808908
912,"Peas, green",conventional,0.0,,
912,"Peas, green",organic,0.0,,
912,Potatoes,conventional,392.2114570044759,33557.07652174318,0.0
912,Potatoes,organic,239.0125429955241,23853.965340652365,0.0
912,"Pumpkins, squash and gourds",conventional,2.3065311048961723,19626.503176972088,0.0
912,"Pumpkins, squash and gourds",organic,0.8037592003671309,9462.778314664896,0.0
912,Rye,conventional,281.7462055571396,5782.18828439408,0.7582360048869912
912,Rye,organic,81.7446184428604,3542.461170309571,1.5713460427498553
912,Semi-natural meadows,conventional,3282.547775410468,0.0,0.0
912,Semi-natural meadows,organic,1812.128224589532,0.0,0.0
912,Semi-natural pastures,conventional,55.097476358938366,0.0,0.0
912,Semi-natural pastures,organic,30.4165236410616,0.0,0.0
912,Short rotation coppice and other energy crops,conventional,24.668,0.0,0.0
912,Short rotation coppice and other energy crops,organic,0.0,,
912,Spring rapeseed,conventional,405.00525754104797,2370.2300320587483,1.7411308363042228
912,Spring rapeseed,organic,13.764228858952086,1680.059144192682,6.578947368421054
912,Strawberries,conventional,10.387003249633754,5954.670329670329,0.0
912,Strawberries,organic,3.619569408110032,5954.670329670329,0.0
912,Sugar beet,conventional,0.0,,
912,Sugar beet,organic,0.0,,
912,Tomatoes,conventional,0.0,,
912,Tomatoes,organic,0.0,,
912,"Triticale, spring",conventional,0.0,,
912,"Triticale, spring",organic,0.0,,
912,"Triticale, winter",conventional,404.75093179680164,5906.1880426744665,0.5613453833333195
912,"Triticale, winter",organic,20.531071203198444,4486.3020413923805,1.425576519916142
912,"Wheat, spring",conventional,3045.715383875197,4465.338578659852,0.5670727165886115
912,"Wheat, spring",organic,286.7055189248027,2913.520844795321,1.4698730072953259
912,"Wheat, winter",conventional,7650.844852246924,6524.560503213573,0.06104991802331173
912,"Wheat, winter",organic,629.3456689530751,4242.421794750705,1.3717974581400039
912,Winter rapeseed,conventional,2766.5951901723633,3691.219210542221,1.496294274617504
912,Winter rapeseed,organic,238.79635582763677,2504.603837849831,6.578947368421052
913,Apples,conventional,0.0,,
913,Apples,organic,0.0,,
913,"Barley, spring",conventional,1895.9074535587442,4075.619649919685,0.6696706049394073
913,"Barley, spring",organic,171.6718344412558,2823.351672244937,1.542649727767695
913,"Barley, winter",conventional,384.57291376822764,4395.272591512743,0.12566482969556508
913,"Barley, winter",organic,10.311620231772341,2755.525071935619,1.4936847885777045
913,"Beans, dry ",conventional,0.0,,
913,"Beans, dry ",organic,0.0,,
913,"Broad beans and horse beans, dry",conventional,12.60658527003675,2898.281824834079,1.5744443028530644
913,"Broad beans and horse beans, dry",organic,11.20024512996325,2287.5172801531594,3.0606860158311338
913,"Cabbages, cauliflowers and broccoli",conventional,0.9264424487911926,16380.901726840526,0.0
913,"Cabbages, cauliflowers and broccoli",organic,0.3228383264573816,13371.34720880386,0.0
913,Carrots and turnips,conventional,48.17500733714201,67763.48454073572,0.0
913,Carrots and turnips,organic,16.787592975783845,67763.48454073572,0.0
913,Cereals for fodder,conventional,253.25437508612507,3158.0474408490227,0.0
913,Cereals for fodder,organic,106.34378424720828,2927.9471613651763,0.0
913,Cucumbers and gherkins,conventional,0.108993229269552,7504.251214724622,0.0
913,Cucumbers and gherkins,organic,0.0379809795832213,3618.121120313049,0.0
913,Fallow,conventional,735.2663833825593,0.0,0.0
913,Fallow,organic,63.553616617440746,0.0,0.0
913,Green manure,conventional,0.0,,
913,Green manure,organic,0.0,,
913,Herbs,conventional,0.2179864585391041,2562.1691994698504,0.0
913,Herbs,organic,0.0759619591664427,2321.594337858644,0.0
913,Lettuce and spinach,conventional,0.108993229269552,6661.639918621611,0.0
913,Lettuce and spinach,organic,0.0379809795832213,6036.145278432475,0.0
913,Ley for fodder,conventional,7522.646936233088,5920.727904509071,0.0
913,Ley for fodder,organic,1692.0454636496738,5216.912541482012,0.0
913,Ley for grazing,conventional,1380.3309355813326,4736.5823236072565,0.0
913,Ley for grazing,organic,437.7149085751768,4173.530033185611,0.0
913,Ley for seed,conventional,115.28145688183794,0.0,94.8892900207294
913,Ley for seed,organic,1.3922990788909717,0.0,0.0
913,Maize (corn),conventional,8.196606321328147,6124.752653066762,28.687020019056476
913,Maize (corn),organic,0.7673304786719086,4086.53968780108,27.336683417085418
913,Maize for forage and silage,conventional,468.9036654641611,10612.722202565728,0.0
913,Maize for forage and silage,organic,14.656397735838814,7619.5150859867135,0.0
913,Mixed grain,conventional,68.94484196002543,3376.436186456375,8.482326989825232
913,Mixed grain,organic,13.00941083997457,2612.9954318596606,6.992287917737793
913,Oats,conventional,237.22862247344793,4348.793189498159,13.064942375150892
913,Oats,organic,129.92122232655205,2592.033683494332,1.5291207555655497
913,"Onions and shallots, dry (excluding dehydrated)",conventional,2.6158375024692493,36205.67665603834,0.0
913,"Onions and shallots, dry (excluding dehydrated)",organic,0.9115435099973128,28105.754368983,0.0
913,Other berries,conventional,0.2413276177440706,1182.0512820512824,0.0
913,Other berries,organic,0.0840956762528508,1182.0512820512824,0.0
913,Other crops for fodder,conventional,176.69096125404968,2606.9588562092886,0.0
913,Other crops for fodder,organic,66.33170554595033,2361.6384672953227,0.0
913,Other fruit,conventional,0.0,,
913,Other fruit,organic,0.0,,
913,"Other root, bulb and tuberous vegetables, n.e.c.",conventional,24.305490127110108,31370.847512558743,0.0
913,"Other root, bulb and tuberous vegetables, n.e.c.",organic,8.469758447058364,31370.847512558743,0.0
913,Other vegetables,conventional,7.139056517155661,6343.166512146312,0.0
913,Other vegetables,organic,2.487754162701,4924.075348891723,0.0
913,"Peas, dry",conventional,175.07797786876444,3580.9958441823424,0.6987197425662877
913,"Peas, dry",organic,16.979985331235586,2932.3966694151086,2.5064733298808908
913,"Peas, green",conventional,0.0,,
913,"Peas, green",organic,0.0,,
913,Potatoes,conventional,145.91923467080647,41581.668056206814,0.0
913,Potatoes,organic,88.92276532919355,29558.22650333019,0.0
913,"Pumpkins, squash and gourds",conventional,0.4359729170782083,19626.503176972088,0.0
913,"Pumpkins, squash and gourds",organic,0.1519239183328854,9462.778314664898,0.0
913,Rye,conventional,164.21556034890696,5133.791579681571,0.7582360048869913
913,Rye,organic,47.64478831775966,3145.2205346837727,1.5713460427498553
913,Semi-natural meadows,conventional,7673.989445006237,0.0,0.0
913,Semi-natural meadows,organic,4236.420554993762,0.0,0.0
913,Semi-natural pastures,conventional,38.585114358249925,0.0,0.0
913,Semi-natural pastures,organic,21.300885641750067,0.0,0.0
913,Short rotation coppice and other energy crops,conventional,0.0,,
913,Short rotation coppice and other energy crops,organic,0.0,,
913,Spring rapeseed,conventional,79.67749490834856,1690.2291417849497,1.7411308363042228
913,Spring rapeseed,organic,2.707864291651441,1198.0630095089307,6.578947368421051
913,Strawberries,conventional,2.142723199734399,5954.670329670328,0.0
913,Strawberries,organic,0.7466768958678953,5954.670329670328,0.0
913,Sugar beet,conventional,0.0,,
913,Sugar beet,organic,0.0,,
913,Tomatoes,conventional,0.0,,
913,Tomatoes,organic,0.0,,
913,"Triticale, spring",conventional,0.0,,
913,"Triticale, spring",organic,0.0,,
913,"Triticale, winter",conventional,196.34716705170447,4963.722054820501,0.5613453833333195
913,"Triticale, winter",organic,9.959748948295562,3770.4110039411767,1.4255765199161419
913,"Wheat, spring",conventional,474.3437249087243,4617.813554516529,0.5670727165886115
913,"Wheat, spring",organic,44.651895091275655,3013.0069224224785,1.4698730072953259
913,"Wheat, winter",conventional,1050.4544173809907,5635.829575454387,0.06104991802331171
913,"Wheat, winter",organic,86.40861901900922,3664.5481654483865,1.3717974581400036
913,Winter rapeseed,conventional,364.55676717053035,3254.499813427405,1.4962942746175036
913,Winter rapeseed,organic,31.466413229469694,2208.276522757493,6.578947368421052
